{"type":"FeatureCollection","features":[{"type":"Feature","properties":{"kind":"lakes","name":"兴凯湖","source":"Natural Earth 1:10m"},"geometry":{"type":"Polygon","coordinates":[[[132.820483,45.148212],[132.836085,45.10759],[132.838145,45.066967],[132.819012,45.024579],[132.742477,44.924495],[132.709214,44.895059],[132.667414,44.869743],[132.648575,44.854731],[132.640921,44.836775],[132.638566,44.827061],[132.629441,44.806455],[132.627086,44.795564],[132.629147,44.785261],[132.638566,44.7623],[132.640921,44.751703],[132.631207,44.710492],[132.60442,44.683411],[132.491384,44.626304],[132.475783,44.620417],[132.429862,44.610703],[132.418382,44.603933],[132.410434,44.591569],[132.401603,44.566254],[132.394244,44.552419],[132.385413,44.54241],[132.370695,44.532108],[132.353622,44.527987],[132.320653,44.54241],[132.282386,44.548298],[132.260014,44.560661],[132.242647,44.567137],[132.236171,44.573319],[132.232344,44.585093],[132.235287,44.590392],[132.24088,44.592158],[132.24353,44.593335],[132.244707,44.602755],[132.247356,44.606582],[132.247356,44.609525],[132.239997,44.617179],[132.231755,44.622183],[132.224102,44.625127],[132.218509,44.629248],[132.216448,44.638079],[132.224985,44.643672],[132.284446,44.634252],[132.232049,44.663688],[132.107533,44.693714],[132.065439,44.72992],[132.044245,44.775841],[132.039241,44.795858],[132.037475,44.816758],[132.104001,44.859735],[132.120191,44.867683],[132.1093,44.905656],[132.114598,44.949222],[132.114304,44.991316],[132.086045,45.024579],[132.061613,45.031644],[132.034531,45.035765],[132.012454,45.045479],[132.003329,45.069322],[132.012454,45.090516],[132.030116,45.101702],[132.041302,45.112888],[132.030704,45.134377],[132.022757,45.14203],[132.015397,45.147034],[132.008921,45.152627],[132.003329,45.161753],[132.001562,45.171761],[132.000091,45.202964],[131.983017,45.2115],[131.992731,45.230928],[132.013926,45.251828],[132.030704,45.26478],[132.109005,45.308935],[132.151099,45.32483],[132.195843,45.333956],[132.420148,45.337194],[132.50934,45.315116],[132.57204,45.307757],[132.722166,45.250356],[132.754251,45.232106],[132.781039,45.207968],[132.7987,45.189717],[132.820483,45.148212]]]}},{"type":"Feature","properties":{"kind":"lakes","name":"查干湖","source":"Natural Earth 1:10m"},"geometry":{"type":"Polygon","coordinates":[[[124.376354,45.244469],[124.420214,45.240642],[124.433461,45.232106],[124.424924,45.216504],[124.414327,45.197665],[124.39431,45.185007],[124.369584,45.177943],[124.345446,45.175588],[124.283629,45.178826],[124.251249,45.187068],[124.232116,45.202964],[124.238297,45.205613],[124.241535,45.209145],[124.243596,45.212972],[124.246834,45.216504],[124.222402,45.230339],[124.205034,45.247707],[124.194437,45.26949],[124.190905,45.295983],[124.174715,45.313644],[124.102007,45.308935],[124.081401,45.32012],[124.134387,45.34102],[124.188844,45.339843],[124.241535,45.323947],[124.299525,45.293628],[124.311005,45.290095],[124.321897,45.285091],[124.340147,45.266546],[124.351039,45.257421],[124.363402,45.249767],[124.376354,45.244469]]]}},{"type":"Feature","properties":{"kind":"lakes","name":null,"source":"Natural Earth 1:10m"},"geometry":{"type":"Polygon","coordinates":[[[124.339264,46.14905],[124.334849,46.156115],[124.33426,46.165829],[124.338675,46.167889],[124.344857,46.167595],[124.349273,46.16995],[124.360458,46.196442],[124.368995,46.202918],[124.383419,46.197031],[124.395193,46.192321],[124.393427,46.181135],[124.382536,46.167006],[124.376354,46.152877],[124.382536,46.151405],[124.424924,46.17672],[124.427279,46.15376],[124.410795,46.13757],[124.385479,46.134037],[124.362813,46.149344],[124.354571,46.146106],[124.346329,46.145812],[124.339264,46.14905]]]}},{"type":"Feature","properties":{"kind":"lakes","name":null,"source":"Natural Earth 1:10m"},"geometry":{"type":"Polygon","coordinates":[[[124.261846,45.3525],[124.252721,45.344553],[124.235942,45.340432],[124.236237,45.3525],[124.250366,45.374283],[124.270089,45.386058],[124.286867,45.367219],[124.289222,45.359271],[124.294521,45.354267],[124.272443,45.357799],[124.261846,45.3525]]]}},{"type":"Feature","properties":{"kind":"lakes","name":"松花湖","source":"Natural Earth 1:10m"},"geometry":{"type":"Polygon","coordinates":[[[126.939088,43.61693],[126.969408,43.626055],[126.987069,43.627527],[126.952923,43.598385],[126.933495,43.587493],[126.911418,43.58661],[126.920838,43.568065],[126.924959,43.545105],[126.920543,43.523911],[126.904942,43.510664],[126.899643,43.540689],[126.898171,43.572775],[126.892579,43.565122],[126.889046,43.562472],[126.877272,43.558645],[126.893756,43.603389],[126.898171,43.606332],[126.892579,43.617813],[126.883748,43.620756],[126.857255,43.613692],[126.858727,43.634003],[126.84077,43.641067],[126.821048,43.632825],[126.816338,43.606332],[126.800148,43.610159],[126.782781,43.610159],[126.770123,43.615163],[126.767768,43.633708],[126.735977,43.60957],[126.718021,43.600445],[126.707129,43.606332],[126.71125,43.618696],[126.74363,43.643422],[126.755405,43.654903],[126.742159,43.661379],[126.745985,43.667855],[126.754522,43.676097],[126.755405,43.689049],[126.748929,43.696702],[126.738332,43.703767],[126.725674,43.706711],[126.713311,43.703178],[126.708012,43.694642],[126.715077,43.673742],[126.713311,43.661084],[126.701536,43.645483],[126.69506,43.652548],[126.689173,43.678452],[126.682403,43.684045],[126.67887,43.685516],[126.677987,43.687871],[126.679165,43.696408],[126.67887,43.708477],[126.679165,43.71407],[126.682403,43.71613],[126.726852,43.723489],[126.737449,43.719957],[126.757171,43.717602],[126.80162,43.751748],[126.823109,43.75116],[126.827818,43.757636],[126.833706,43.761168],[126.851073,43.7647],[126.84813,43.755575],[126.844008,43.748216],[126.83871,43.742917],[126.842242,43.745272],[126.798971,43.712892],[126.784253,43.694347],[126.78543,43.678452],[126.796027,43.670209],[126.807507,43.666088],[126.843125,43.660495],[126.863437,43.661084],[126.870207,43.658729],[126.883748,43.650781],[126.890812,43.648132],[126.889929,43.664617],[126.896405,43.673447],[126.909063,43.676391],[126.925547,43.674625],[126.922309,43.660495],[126.929668,43.65137],[126.943209,43.646955],[126.959694,43.648132],[126.959694,43.641067],[126.948802,43.639007],[126.94056,43.633708],[126.925547,43.620756],[126.939088,43.61693]]]}},{"type":"Feature","properties":{"kind":"lakes","name":"月亮泡","source":"Natural Earth 1:10m"},"geometry":{"type":"Polygon","coordinates":[[[123.942167,45.744593],[124.005161,45.733113],[124.041368,45.709859],[124.030771,45.705737],[124.010459,45.705443],[123.999568,45.703677],[123.990443,45.699556],[123.965422,45.683071],[123.963067,45.694257],[123.95924,45.703088],[123.953058,45.710742],[123.945111,45.717218],[123.930687,45.70927],[123.906549,45.689547],[123.88977,45.683071],[123.869165,45.682777],[123.850325,45.688076],[123.814707,45.703677],[123.831192,45.721044],[123.8412,45.723694],[123.855624,45.717218],[123.882411,45.740767],[123.942167,45.744593]]]}},{"type":"Feature","properties":{"kind":"rivers","name":"Selemdzha","source":"Natural Earth 1:10m"},"geometry":{"type":"MultiLineString","coordinates":[[[134.499278,52.556708],[134.487641,52.57213],[134.457937,52.600531],[134.417654,52.653591],[134.385265,52.683661],[134.322195,52.711127],[134.312999,52.724311],[134.314708,52.74669],[134.312022,52.75495],[134.302745,52.765245],[134.270112,52.780219],[134.265147,52.786078],[134.25823,52.797227],[134.21339,52.833848],[134.204275,52.839464],[134.16448,52.85456],[134.144216,52.872016],[134.134858,52.878241],[134.151378,52.893622],[134.154796,52.902859],[134.153331,52.913601],[134.155284,52.933458],[134.165131,52.947943],[134.180105,52.963243],[134.187511,52.979071],[134.175222,52.99494],[134.180186,53.011786],[134.170014,53.027655],[134.155772,53.045233],[134.148529,53.066962],[134.142589,53.095242],[134.127208,53.120876],[134.105398,53.139512],[134.08017,53.146999],[134.026541,53.142279],[133.997569,53.144477],[133.950043,53.171902],[133.92571,53.173407],[133.857514,53.156114],[133.733897,53.139472],[133.726573,53.140692],[133.71339,53.145819],[133.706554,53.146999],[133.70045,53.145046],[133.694347,53.136013],[133.689138,53.133328],[133.501882,53.141791],[133.47698,53.146999],[133.438894,53.167263],[133.384288,53.215196],[133.34669,53.222032],[133.198985,53.227891],[133.154796,53.208441],[133.129975,53.189561],[133.121349,53.180487],[133.11907,53.175971],[133.118582,53.17121],[133.117279,53.166083],[133.113292,53.160671],[133.105479,53.15644],[133.089854,53.15412],[133.071381,53.143988],[133.060069,53.143419],[133.038097,53.146999],[133.027599,53.143256],[132.996593,53.119656],[132.956472,53.095974],[132.825776,53.043972],[132.785818,53.019355],[132.725108,52.963202],[132.681814,52.947699],[132.668224,52.946885],[132.654389,52.947699],[132.646658,52.950466],[132.632823,52.959784],[132.627208,52.961982],[132.615001,52.960273],[132.593191,52.950059],[132.58253,52.947699],[132.506928,52.94599],[132.413585,52.91946],[132.397878,52.910183],[132.380056,52.906562],[132.31544,52.908881],[132.291433,52.906765],[132.266775,52.889838],[132.257335,52.886298],[132.24407,52.887722],[132.230154,52.891913],[132.217052,52.89411],[132.205658,52.889716],[132.196788,52.884711],[132.184011,52.881456],[132.172781,52.882392],[132.167898,52.889716],[132.162852,52.894395],[132.151785,52.885688],[132.1338,52.86579],[132.123057,52.860378],[132.114268,52.859483],[132.104991,52.860053],[132.092052,52.858954],[132.059255,52.846991],[132.036713,52.8428],[132.023692,52.838243],[132.010916,52.836371],[132.000011,52.841579],[131.991303,52.846747],[131.955577,52.858954],[131.929617,52.86225],[131.831635,52.847764],[131.814545,52.837104],[131.784272,52.811143],[131.756602,52.803331],[131.671397,52.817979],[131.591401,52.818386],[131.565115,52.811143],[131.527924,52.791775],[131.497813,52.767279],[131.413097,52.668565],[131.375662,52.641628],[131.331716,52.62755],[131.230154,52.623806],[131.051687,52.562364],[130.977794,52.554999],[130.833018,52.518907],[130.807628,52.516303],[130.797455,52.514106],[130.777192,52.504259],[130.766368,52.502061],[130.753347,52.504462],[130.731537,52.514675],[130.715424,52.516303],[130.674571,52.502061],[130.636974,52.482245],[130.626964,52.478949],[130.608409,52.464423],[130.602143,52.461046],[130.590912,52.459662],[130.535167,52.442247],[130.48349,52.435329],[130.398204,52.433376],[130.37672,52.428738],[130.128429,52.412706],[130.027273,52.423529],[129.997081,52.430691],[129.967052,52.433946],[129.940847,52.426378],[129.933523,52.418158],[129.925792,52.395941],[129.920421,52.385443],[129.912039,52.37641],[129.885671,52.3581],[129.893077,52.350653],[129.877859,52.335964],[129.858409,52.332587],[129.820974,52.336982],[129.708751,52.326768],[129.693126,52.317816],[129.687022,52.29975],[129.6845,52.286566],[129.677745,52.26671],[129.667898,52.248725],[129.656261,52.24079],[129.526866,52.185818],[129.51295,52.175605],[129.494314,52.166693],[129.449229,52.166083],[129.433849,52.158881],[129.433604,52.151882],[129.44044,52.134467],[129.437511,52.130927],[129.427175,52.127143],[129.430105,52.118598],[129.439138,52.109565],[129.447358,52.104275],[129.425792,52.092719],[129.428966,52.074815],[129.437022,52.053534],[129.430431,52.031928],[129.398367,52.017524],[129.395925,52.014838],[129.384939,52.012397],[129.374115,52.006415],[129.34962,51.987494],[129.342052,51.979926],[129.335948,51.970771],[129.331391,51.959581],[129.337901,51.945665],[129.33782,51.936876],[129.327647,51.932929],[129.303152,51.928087],[129.281749,51.915961],[129.177175,51.826768],[129.160167,51.816718],[129.119233,51.805691],[129.098074,51.795722],[129.092052,51.789496],[129.086192,51.780788],[129.079112,51.772732],[129.070079,51.7685],[129.059988,51.771186],[129.042247,51.785712],[129.031261,51.786689],[128.986501,51.770372],[128.958018,51.765815],[128.94866,51.759548],[128.941335,51.752468],[128.934093,51.747341],[128.921641,51.743476],[128.907481,51.741075],[128.892589,51.740302],[128.878917,51.741156]]]}},{"type":"Feature","properties":{"kind":"rivers","name":"Nemor","source":"Natural Earth 1:10m"},"geometry":{"type":"MultiLineString","coordinates":[[[127.741791,47.732123],[127.730398,47.746894],[127.683116,47.783637],[127.669526,47.802314],[127.664073,47.818874],[127.658621,47.862413],[127.652843,47.886298],[127.646576,47.897895],[127.562429,47.971706],[127.473725,48.075954],[127.381847,48.160102],[127.362315,48.173529],[127.354096,48.181708],[127.350678,48.194525],[127.350678,48.239814],[127.343679,48.256659],[127.332042,48.269965],[127.299571,48.296942],[127.285492,48.31269],[127.190684,48.472195],[127.165131,48.499294],[127.126882,48.518866],[127.077078,48.531521],[126.973399,48.540229],[126.874034,48.526638],[126.848237,48.527533],[126.836843,48.530585],[126.826671,48.537177],[126.815522,48.541571],[126.803722,48.539252],[126.792247,48.535102],[126.782237,48.534003],[126.776541,48.536811],[126.772472,48.541083],[126.767833,48.547065],[126.741222,48.554511],[126.719819,48.56448],[126.710867,48.570421],[126.707123,48.578437],[126.6928,48.584052],[126.554698,48.613959],[126.506358,48.61876],[126.458507,48.615017],[126.411632,48.601671],[126.401134,48.596951],[126.377533,48.581855],[126.347341,48.569525],[126.331065,48.557725],[126.323009,48.554958],[126.298757,48.554511],[126.29005,48.551785],[126.254487,48.534003],[126.207286,48.526557],[126.164073,48.5303],[126.075776,48.554511],[126.025401,48.561103],[125.870372,48.547065],[125.806163,48.555976],[125.798269,48.558173],[125.792654,48.562771],[125.784434,48.571601],[125.765717,48.576239],[125.742198,48.567939],[125.706554,48.547065],[125.682872,48.539415],[125.660818,48.537787],[125.616791,48.540229],[125.514171,48.534003],[125.314871,48.526638],[125.04127,48.485622],[125.013927,48.478095],[124.984467,48.461534],[124.97047,48.461005],[124.941905,48.465155],[124.92864,48.459784],[124.917979,48.449571],[124.906261,48.443874],[124.890229,48.451483],[124.877533,48.446397],[124.866628,48.449408],[124.854584,48.455268],[124.838878,48.458319],[124.827891,48.455878],[124.794037,48.437812],[124.770844,48.432563],[124.718272,48.429267],[124.691824,48.42414],[124.671316,48.414862],[124.615896,48.37641],[124.60491,48.372016],[124.595876,48.369737],[124.587901,48.366523],[124.579112,48.358995],[124.565359,48.343573],[124.54835,48.327948]]]}},{"type":"Feature","properties":{"kind":"rivers","name":"Muling","source":"Natural Earth 1:10m"},"geometry":{"type":"MultiLineString","coordinates":[[[130.079845,43.89643],[130.100027,43.921088],[130.109304,43.946357],[130.115896,43.97248],[130.128184,43.999823],[130.136485,44.009955],[130.155854,44.028184],[130.163829,44.038438],[130.17213,44.058417],[130.183523,44.099555],[130.194021,44.119452],[130.25172,44.179958],[130.255382,44.190253],[130.257498,44.211941],[130.263438,44.221137],[130.274099,44.22724],[130.297781,44.235867],[130.307872,44.243109],[130.314545,44.254218],[130.321381,44.280707],[130.326752,44.293158],[130.342052,44.310614],[130.358816,44.324164],[130.373139,44.339545],[130.381602,44.362494],[130.380789,44.386298],[130.371511,44.402615],[130.355398,44.411689],[130.334076,44.413845],[130.305919,44.409044],[130.295665,44.410834],[130.28004,44.420193],[130.273204,44.432685],[130.26946,44.447089],[130.262218,44.461982],[130.253429,44.468573],[130.24171,44.473985],[130.232351,44.480984],[130.230479,44.49197],[130.234955,44.498114],[130.251069,44.505723],[130.257335,44.511664],[130.273204,44.55504],[130.279796,44.568183],[130.291515,44.580024],[130.376231,44.628363],[130.385671,44.636786],[130.39267,44.652655],[130.393077,44.668809],[130.391531,44.685492],[130.392833,44.702663],[130.403819,44.724555],[130.439464,44.761542],[130.4546,44.781684],[130.48821,44.867947],[130.505056,44.897244],[130.509369,44.909003],[130.515554,44.946234],[130.519135,44.958319],[130.544037,45.004421],[130.560313,45.025092],[130.594656,45.056993],[130.610444,45.067898],[130.627452,45.07628],[130.647065,45.082058],[130.667654,45.093126],[130.671153,45.110867],[130.6692,45.131456],[130.674083,45.151475],[130.684093,45.160712],[130.711925,45.173936],[130.723888,45.181667],[130.736827,45.196479],[130.807546,45.30744],[130.823009,45.325507],[130.853526,45.343207],[130.891205,45.348415],[130.929779,45.343451],[130.963145,45.330593],[130.997162,45.309678],[131.014171,45.30268],[131.036062,45.299384],[131.115001,45.299628],[131.158214,45.288845],[131.198741,45.272528],[131.241628,45.264594],[131.441417,45.282538],[131.546641,45.32807],[131.602794,45.338243],[131.626231,45.334581],[131.668956,45.32099],[131.692312,45.319648],[131.722667,45.328477],[131.749766,45.345323],[131.939708,45.511094],[132.027192,45.550482],[132.062755,45.574001],[132.082123,45.582465],[132.095307,45.584581],[132.137543,45.58454],[132.170909,45.595404],[132.269135,45.66588],[132.294444,45.690619],[132.311046,45.698269],[132.323416,45.699246],[132.427664,45.687567],[132.495535,45.669501],[132.686941,45.672553],[132.880382,45.719916],[133.056244,45.738959],[133.104747,45.753038],[133.267019,45.835476],[133.345307,45.860175],[133.427338,45.872748],[133.510183,45.873358]]]}},{"type":"Feature","properties":{"kind":"rivers","name":"Liao","source":"Natural Earth 1:10m"},"geometry":{"type":"MultiLineString","coordinates":[[[123.553966,43.483466],[123.603119,43.439643],[123.609304,43.425116],[123.614838,43.403632],[123.625987,43.387315],[123.6338,43.370185],[123.628998,43.346381],[123.616303,43.333441],[123.598074,43.323554],[123.581635,43.31212],[123.574474,43.294786],[123.572032,43.273953],[123.547944,43.184882],[123.54713,43.174994],[123.550141,43.177191],[123.551199,43.17829],[123.55185,43.17947],[123.553966,43.18183],[123.560802,43.174994],[123.551199,43.157986],[123.539643,43.085639],[123.531261,43.072618],[123.520274,43.060167],[123.515147,43.047553],[123.527192,43.025214],[123.524425,43.001166],[123.526541,42.990058],[123.526541,42.996283],[123.530935,42.984076],[123.549734,42.967841],[123.553966,42.958686],[123.558523,42.953681],[123.58017,42.946885],[123.588145,42.942247],[123.589936,42.935126],[123.583751,42.923204],[123.589122,42.898871],[123.592784,42.835801],[123.601736,42.818712],[123.590424,42.802273],[123.584727,42.777167],[123.570974,42.760362],[123.566173,42.746039],[123.571381,42.730048],[123.573822,42.714708],[123.560802,42.702012],[123.570323,42.69123],[123.573334,42.685981],[123.574474,42.678168],[123.579031,42.674262],[123.600841,42.675564],[123.609304,42.67475],[123.615489,42.668158],[123.625255,42.647081],[123.632416,42.637519],[123.649506,42.620144],[123.654552,42.617703],[123.667979,42.613308],[123.694021,42.597235],[123.695323,42.590766],[123.683686,42.579169],[123.70517,42.570136],[123.762218,42.534491],[123.773692,42.520819],[123.768972,42.498155],[123.766775,42.496609],[123.773529,42.489285],[123.780935,42.487006],[123.788097,42.486151],[123.793549,42.482937],[123.800955,42.469672],[123.804698,42.455146],[123.802989,42.440863],[123.793549,42.42829],[123.807628,42.411811],[123.831147,42.411485],[123.853282,42.41706],[123.863048,42.417792],[123.867686,42.411973],[123.889659,42.405788],[123.897227,42.400417],[123.899425,42.389187],[123.894623,42.379462],[123.862071,42.344916],[123.831635,42.326117],[123.818126,42.314765],[123.798757,42.304999],[123.757091,42.305976],[123.738862,42.291124],[123.727306,42.301459],[123.706716,42.306505],[123.683604,42.3074],[123.663829,42.304796],[123.647634,42.298163],[123.635183,42.28738],[123.626882,42.273261],[123.622813,42.256415],[123.612641,42.262722],[123.603608,42.263536],[123.595714,42.26085],[123.588145,42.256415],[123.557384,42.209906],[123.533295,42.196479],[123.485769,42.18126],[123.442882,42.173407],[123.422455,42.16706],[123.407237,42.157416],[123.399913,42.150255],[123.392345,42.144721],[123.3838,42.141059],[123.372813,42.139716],[123.366466,42.141669],[123.363373,42.146348],[123.361746,42.152208],[123.35906,42.157416],[123.351736,42.161241],[123.345307,42.159125],[123.339854,42.155341],[123.33546,42.153998],[123.272472,42.172471],[123.249278,42.174506],[123.239838,42.172309],[123.217784,42.16295],[123.195567,42.158637],[123.19044,42.152655],[123.186453,42.143988],[123.177257,42.13349],[123.160574,42.124538],[123.141368,42.120551],[123.098399,42.1199],[123.089692,42.117621],[123.073741,42.107856],[123.051687,42.101752],[123.046641,42.092637],[123.042654,42.08161],[123.033214,42.072089],[123.020518,42.068793],[122.991222,42.068427],[122.977957,42.065253],[122.968191,42.060492],[122.960378,42.054999],[122.95989,42.049425],[122.97169,42.044135],[122.95045,42.009223],[122.936941,41.992703],[122.924571,41.982693],[122.926524,41.979071],[122.930756,41.969021],[122.919688,41.969835],[122.908946,41.969306],[122.898936,41.966905],[122.889903,41.962226],[122.906749,41.950751],[122.924571,41.941677],[122.914236,41.923692],[122.894786,41.902289],[122.872976,41.885077],[122.854991,41.879665],[122.862641,41.872829],[122.85377,41.860663],[122.842784,41.849677],[122.8296,41.840033],[122.814708,41.831855],[122.805593,41.831081],[122.793956,41.831977],[122.78419,41.830349],[122.78004,41.821601],[122.77825,41.814643],[122.773367,41.807969],[122.766612,41.802029],[122.7588,41.797065],[122.778738,41.791083],[122.786794,41.79088],[122.769054,41.77204],[122.766205,41.766954],[122.772634,41.750515],[122.774425,41.740587],[122.769623,41.736274],[122.743744,41.734198],[122.738455,41.72724],[122.741222,41.714423],[122.739024,41.694648],[122.729015,41.684516],[122.697276,41.669704],[122.690684,41.663926],[122.694347,41.636176],[122.694835,41.618679],[122.690684,41.605292],[122.694835,41.601264],[122.699718,41.591986],[122.704194,41.585395],[122.662364,41.552598],[122.643647,41.53144],[122.635916,41.506293],[122.6338,41.492987],[122.624522,41.470771],[122.622325,41.458197],[122.624115,41.44538],[122.628998,41.437812],[122.635509,41.431179],[122.642833,41.420966],[122.630463,41.415147],[122.636241,41.405219],[122.648692,41.392768],[122.656342,41.37934],[122.654226,41.379218],[122.645437,41.364569],[122.642833,41.358913],[122.639089,41.333197],[122.635916,41.324774],[122.641775,41.305732],[122.620697,41.28502],[122.567149,41.256456],[122.540294,41.24962],[122.533376,41.245063],[122.523448,41.232978],[122.519216,41.229193],[122.477143,41.199571],[122.467784,41.195014],[122.453298,41.192816],[122.430186,41.182969],[122.412852,41.180732],[122.397634,41.176703],[122.39088,41.166287],[122.388764,41.152045],[122.388927,41.136664],[122.401541,41.098212],[122.405935,41.091986],[122.414806,41.086005],[122.414236,41.071845],[122.408702,41.055528],[122.402599,41.042914],[122.407807,41.035956],[122.409679,41.026394],[122.409434,41.002631],[122.341807,40.995795],[122.343761,40.983507],[122.343028,40.96251],[122.339936,40.940945],[122.334972,40.926866],[122.323253,40.94245],[122.318614,40.936835],[122.313731,40.906358],[122.304698,40.892157],[122.292084,40.877875],[122.278331,40.865912],[122.266124,40.858588],[122.260509,40.859809],[122.252615,40.863593],[122.24407,40.86579],[122.235362,40.862006],[122.228933,40.85574],[122.223643,40.852484],[122.216319,40.851508],[122.203868,40.851752],[122.194428,40.863308],[122.186941,40.869452],[122.180431,40.868842],[122.173595,40.861111],[122.170095,40.854926],[122.170909,40.849718],[122.177257,40.844916],[122.125499,40.825141],[122.110362,40.808539],[122.115245,40.783515],[122.144542,40.759467],[122.163992,40.750556],[122.18157,40.725287],[122.190929,40.715277],[122.242117,40.702663],[122.258474,40.693468],[122.23878,40.680487],[122.20989,40.682685],[122.165457,40.710028],[122.156261,40.701606]]]}},{"type":"Feature","properties":{"kind":"rivers","name":"Xiliao","source":"Natural Earth 1:10m"},"geometry":{"type":"MultiLineString","coordinates":[[[120.758474,43.423448],[120.775076,43.431667],[120.803396,43.457465],[120.819753,43.468288],[120.97462,43.516628],[121.019054,43.524482],[121.118175,43.524482],[121.127859,43.526557],[121.147634,43.535997],[121.159272,43.538153],[121.360362,43.534003],[121.408783,43.524482],[121.43214,43.51557],[121.47169,43.493964],[121.495128,43.489691],[121.50058,43.48668],[121.505463,43.480048],[121.511974,43.473497],[121.522472,43.470486],[121.574636,43.470486],[121.772634,43.442491],[121.873464,43.444932],[121.919363,43.45307],[121.963796,43.470486],[121.995046,43.490546],[122.014578,43.500067],[122.036388,43.503974],[122.053315,43.509589],[122.107839,43.544949],[122.17628,43.568671],[122.19394,43.582831],[122.25172,43.641181],[122.361501,43.7237],[122.378429,43.720282],[122.468272,43.741482],[122.540294,43.77086],[122.586192,43.7803],[122.632498,43.784491],[122.652192,43.790391],[122.687592,43.815253],[122.711029,43.819281],[122.722341,43.816433],[122.745128,43.807074],[122.7588,43.805609],[122.771007,43.808173],[122.789968,43.817247],[122.79713,43.819281],[122.944428,43.803982],[122.962413,43.7956],[122.981619,43.78144],[122.988455,43.778835],[122.996593,43.777655],[123.00351,43.774929],[123.006602,43.767768],[123.006277,43.757025],[123.007091,43.75198],[123.009369,43.747341],[123.01767,43.737087],[123.024913,43.731269],[123.033702,43.727607],[123.142507,43.703192],[123.209483,43.674831],[123.231944,43.668484],[123.226085,43.653835],[123.23463,43.648505],[123.248627,43.646308],[123.259776,43.641181],[123.266612,43.648017],[123.280284,43.642117],[123.291596,43.642768],[123.302419,43.646023],[123.314382,43.648017],[123.372813,43.641181],[123.380626,43.637966],[123.3956,43.623847],[123.418386,43.618191],[123.451671,43.599555],[123.489675,43.591376],[123.500011,43.586534],[123.509532,43.57746],[123.510753,43.571845],[123.50823,43.565701],[123.506114,43.554877],[123.510916,43.536811],[123.523204,43.51793],[123.553966,43.483466]]]}},{"type":"Feature","properties":{"kind":"rivers","name":"Songhua","source":"Natural Earth 1:10m"},"geometry":{"type":"MultiLineString","coordinates":[[[132.517833,47.70661],[132.514415,47.693874],[132.511322,47.688096],[132.506602,47.683458],[132.499522,47.680365],[132.49171,47.679511],[132.475841,47.679755],[132.470144,47.678982],[132.464773,47.677191],[132.460134,47.674018],[132.45696,47.669053],[132.455577,47.660956],[132.457937,47.654364],[132.466238,47.641425],[132.467296,47.636908],[132.467052,47.631903],[132.465912,47.626776],[132.462494,47.618232],[132.451264,47.60102],[132.379487,47.520128],[132.351003,47.500556],[132.322195,47.473822],[132.313406,47.467312],[132.080496,47.371446],[132.062999,47.36046],[132.050792,47.349433],[132.040294,47.336737],[132.036062,47.329372],[132.034597,47.325548],[132.03004,47.30744],[132.008718,47.269232],[132.000092,47.259874],[131.988862,47.253607],[131.976329,47.250067],[131.963471,47.248725],[131.791515,47.261746],[131.780365,47.260769],[131.726573,47.245307],[131.624278,47.233832],[131.531668,47.245307],[131.466889,47.245144],[131.453624,47.242499],[131.320567,47.188585],[131.300304,47.185492],[131.149913,47.206244],[131.131602,47.205146],[131.066742,47.188585],[131.05421,47.188178],[131.041596,47.189643],[131.029389,47.193061],[130.996755,47.208197],[130.985362,47.211697],[130.972179,47.212714],[130.959402,47.211005],[130.907156,47.196885],[130.853282,47.18891],[130.829112,47.180487],[130.806244,47.168321],[130.784679,47.152899],[130.774343,47.1435],[130.765391,47.133572],[130.744233,47.10045],[130.689138,47.044135],[130.678722,47.035956],[130.667003,47.029486],[130.654307,47.024848],[130.641368,47.022528],[130.589122,47.01907],[130.559255,47.009467],[130.544851,47.001573],[130.533946,46.991563],[130.531261,46.986884],[130.529796,46.981757],[130.529307,46.946804],[130.527843,46.938503],[130.526785,46.934638],[130.524913,46.931586],[130.519949,46.925849],[130.518077,46.922878],[130.516775,46.92003],[130.515229,46.913275],[130.512299,46.905382],[130.508311,46.898139],[130.503429,46.891384],[130.497813,46.885199],[130.488373,46.877061],[130.478038,46.870185],[130.455577,46.859809],[130.405854,46.850938],[130.347992,46.833523],[130.339285,46.833564],[130.330089,46.837226]],[[124.674571,45.450466],[124.722341,45.450466],[124.73463,45.453721],[124.755463,45.468085],[124.767345,45.470893],[124.771902,45.467597],[124.776134,45.460557],[124.780365,45.450466],[124.785574,45.450019],[124.796479,45.451117],[124.82545,45.445176],[124.84905,45.442979],[124.861095,45.444281],[124.872162,45.448513],[124.8803,45.456],[124.883393,45.467231],[124.882416,45.470323],[124.879975,45.472113],[124.877859,45.474718],[124.87672,45.480577],[124.878673,45.488349],[124.882823,45.492743],[124.887543,45.495551],[124.890229,45.498236],[124.894542,45.518663],[124.897553,45.527167],[124.903901,45.532416],[124.915294,45.532742],[124.926362,45.527615],[124.934662,45.518866],[124.93808,45.508165],[124.950857,45.494818],[124.979747,45.493435],[125.027599,45.498236],[125.041433,45.492865],[125.044037,45.488471],[125.042084,45.482245],[125.04184,45.470893],[125.043468,45.451443],[125.047293,45.444892],[125.058604,45.433132],[125.073741,45.423041],[125.079682,45.416571],[125.082042,45.405463],[125.081635,45.389838],[125.082612,45.386013],[125.088634,45.38935],[125.103119,45.395209],[125.232514,45.413682],[125.24879,45.413398],[125.2671,45.408881],[125.27589,45.404731],[125.280528,45.401475],[125.285492,45.400336],[125.295014,45.402045],[125.30071,45.406562],[125.302419,45.412665],[125.30714,45.416856],[125.321707,45.415635],[125.355968,45.40058],[125.374522,45.398383],[125.397472,45.408881],[125.411062,45.424913],[125.422374,45.46129],[125.43214,45.477118],[125.451101,45.484809],[125.473562,45.481024],[125.497488,45.4737],[125.521007,45.470893],[125.542898,45.475898],[125.603526,45.504462],[125.618663,45.508083],[125.658132,45.504462],[125.667654,45.505968],[125.687266,45.511908],[125.699148,45.511908],[125.722992,45.517646],[125.79835,45.511908],[125.810802,45.509304],[125.832612,45.498847],[125.842459,45.498236],[125.850352,45.504828],[125.870372,45.539252],[125.886974,45.556505],[125.898367,45.563666],[125.923106,45.56977],[125.926768,45.577826],[125.925141,45.597235],[125.930919,45.622178],[125.9463,45.628485],[125.968354,45.62873],[125.993907,45.635443],[125.986339,45.643988],[125.966807,45.649604],[125.959727,45.6553],[125.959239,45.668728],[125.971202,45.674872],[125.986908,45.676459],[125.997325,45.676378],[126.003022,45.680691],[126.015229,45.699408],[126.024343,45.703721],[126.038097,45.703437],[126.046641,45.701768],[126.069021,45.690701],[126.109467,45.679307],[126.151134,45.681464],[126.240245,45.696845],[126.355724,45.695746],[126.358897,45.69835],[126.377208,45.717231],[126.385265,45.723497],[126.395274,45.727729],[126.461192,45.74018],[126.483979,45.750312],[126.493663,45.768581],[126.504242,45.767646],[126.556407,45.753974],[126.576101,45.751532],[126.593028,45.756659],[126.637625,45.785671],[126.670909,45.79503],[126.684988,45.801134],[126.6928,45.813544],[126.691905,45.83039],[126.685802,45.844062],[126.683197,45.857856],[126.6928,45.875067],[126.708995,45.883734],[126.729096,45.889838],[126.743175,45.898708],[126.741222,45.915961],[126.786143,45.925482],[126.820567,45.948269],[126.852631,45.975369],[126.890717,45.997911],[126.935313,46.013292],[126.983002,46.024034],[127.031179,46.026882],[127.076427,46.018378],[127.165701,45.981472],[127.188894,45.976589],[127.274994,45.978054],[127.326752,45.969265],[127.353038,45.960476],[127.36435,45.947333],[127.369884,45.924669],[127.384369,45.91828],[127.484467,45.926378],[127.51116,45.934027],[127.528331,45.950751],[127.529307,45.957546],[127.526866,45.963406],[127.523692,45.968817],[127.522065,45.974311],[127.524018,45.98074],[127.533132,45.991278],[127.535655,45.997911],[127.535737,46.020372],[127.539236,46.030463],[127.549327,46.038845],[127.574636,46.040798],[127.666026,46.011542],[127.692312,46.008246],[127.697358,46.003974],[127.706391,45.991726],[127.711681,45.982245],[127.714692,45.974229],[127.718679,45.966254],[127.72755,45.956895],[127.753917,45.968695],[127.763927,45.959988],[127.770112,45.944648],[127.785818,45.936469],[127.797781,45.934434],[127.825043,45.925401],[127.837413,45.923407],[127.892019,45.929633],[127.917654,45.925849],[127.943126,45.919257],[127.967865,45.91706],[128.013438,45.936103],[128.037608,45.93655],[128.061941,45.93122],[128.083751,45.923407],[128.128347,45.916124],[128.173839,45.924587],[128.288259,45.975653],[128.309662,45.979315],[128.36142,45.978054],[128.385753,45.974392],[128.44752,45.943915],[128.575857,45.909532],[128.590831,45.902289],[128.622,45.916205],[128.639171,45.921413],[128.655772,45.923407],[128.67335,45.92768],[128.706147,45.946479],[128.717377,45.950751],[128.730398,45.953559],[128.758311,45.96662],[128.77589,45.970567],[128.81894,45.972683],[128.841238,45.970649],[128.858409,45.964382],[128.878022,45.940497],[128.888438,45.913357],[128.904389,45.891059],[128.970144,45.874701],[128.981944,45.875067],[128.990896,45.878607],[129.007416,45.89057],[129.016043,45.895535],[129.03419,45.899522],[129.073985,45.902777],[129.090587,45.909735],[129.090587,45.902289],[129.165701,45.943793],[129.19866,45.970893],[129.254405,46.037299],[129.271983,46.053168],[129.286632,46.060004],[129.298839,46.070909],[129.323985,46.141913],[129.354991,46.204657],[129.375662,46.22956],[129.389903,46.254096],[129.395925,46.259223],[129.433849,46.27912],[129.456554,46.299994],[129.467865,46.305732],[129.503184,46.311103],[129.531749,46.329698],[129.546397,46.334784],[129.55714,46.343695],[129.564057,46.368476],[129.561697,46.397773],[129.564057,46.409451],[129.569021,46.420111],[129.582042,46.439399],[129.604096,46.465155],[129.637543,46.495917],[129.652843,46.506293],[129.69337,46.521796],[129.782644,46.543972],[129.824718,46.566474],[129.848399,46.587917],[129.858979,46.594346],[129.888682,46.606228],[129.896251,46.611151],[129.904796,46.621649],[129.910167,46.62995],[129.912852,46.63935],[129.915619,46.666205],[129.921316,46.67475],[129.963878,46.708441],[129.968842,46.717312],[129.969737,46.728339],[129.967865,46.752631],[129.971934,46.762274],[129.990326,46.774115],[130.010916,46.775417],[130.057546,46.765692],[130.083507,46.763373],[130.09547,46.7685],[130.098562,46.781562],[130.098562,46.803534],[130.107026,46.82453],[130.127615,46.832465],[130.152599,46.831855],[130.199148,46.820258],[130.217214,46.818671],[130.233328,46.82392],[130.252452,46.837714],[130.27296,46.849229],[130.29127,46.849433],[130.33196,46.834581]]]}},{"type":"Feature","properties":{"kind":"rivers","name":"Zeya","source":"Natural Earth 1:10m"},"geometry":{"type":"MultiLineString","coordinates":[[[130.668386,55.569159],[130.63616,55.542589],[130.62851,55.530626],[130.625987,55.51081],[130.622976,55.498358],[130.608816,55.479315],[130.605561,55.47016],[130.605154,55.458197],[130.603608,55.446479],[130.59962,55.43537],[130.591889,55.425116],[130.581554,55.420478],[130.545665,55.410468],[130.532725,55.404649],[130.5088,55.385321],[130.504812,55.37934],[130.492686,55.372504],[130.416026,55.35578],[130.396088,55.341986],[130.385834,55.327989],[130.381847,55.311957],[130.381277,55.291693],[130.387543,55.27029],[130.419932,55.212226],[130.434255,55.194648],[130.503673,55.152777],[130.544444,55.138373],[130.545909,55.118435],[130.530528,55.07864],[130.536632,55.058539],[130.549571,55.0456],[130.557384,55.032742],[130.547374,55.013129],[130.543875,54.994412],[130.558197,54.976386],[130.591889,54.954413],[130.581554,54.950792],[130.560313,54.946072],[130.550385,54.940782],[130.565359,54.929999],[130.584076,54.921332],[130.604096,54.915595],[130.639903,54.909857],[130.677745,54.892279],[130.695567,54.886176],[130.695567,54.87934],[130.675873,54.873603],[130.668386,54.872504],[130.675385,54.868232],[130.680186,54.863349],[130.688243,54.851996],[130.666026,54.849433],[130.63616,54.842068],[130.609874,54.830146],[130.589122,54.798285],[130.54127,54.748725],[130.523692,54.735297],[130.499034,54.729315],[130.33546,54.720893],[130.317556,54.714871],[130.314138,54.70836],[130.309093,54.688341],[130.303966,54.68004],[130.294932,54.675971],[130.268077,54.667507],[130.262299,54.663357],[130.25172,54.65058],[130.227306,54.642401],[130.181082,54.632921],[130.109467,54.590888],[130.053803,54.580675],[130.033702,54.569159],[129.995535,54.536689],[129.956065,54.515163],[129.915294,54.503363],[129.872,54.499579],[129.824718,54.50198],[129.779063,54.513454],[129.701752,54.549506],[129.576752,54.574327],[129.564057,54.574286],[129.266612,54.622667],[129.241954,54.632921]],[[127.323416,53.755235],[127.314708,53.731309],[127.294526,53.721503],[127.270844,53.715766],[127.251394,53.704372],[127.231619,53.684109],[127.212576,53.671454],[127.191335,53.66413],[127.115733,53.654649],[127.092052,53.648301],[127.038829,53.607856],[127.014903,53.570339],[127.015147,53.559394],[127.020844,53.541693],[127.021088,53.529364],[127.017589,53.524848],[127.010509,53.519721],[127.003835,53.511827],[126.997813,53.488837],[126.990245,53.481309],[126.980154,53.476426],[126.9699,53.474718],[126.945974,53.439968],[126.938406,53.443874],[126.931733,53.444607],[126.925548,53.439968],[126.924897,53.436347],[126.931163,53.431708],[126.932384,53.426947],[126.927826,53.402655],[126.92864,53.39057],[126.935802,53.385362],[126.959972,53.37873],[126.974701,53.363064],[126.986339,53.344672],[127.00058,53.330105],[127.013601,53.326239],[127.04005,53.324042],[127.049083,53.317084],[127.051768,53.304633],[127.047944,53.294745],[127.045665,53.284735],[127.052257,53.27204],[127.071218,53.262071],[127.124278,53.252265],[127.144623,53.24197],[127.156993,53.220038],[127.16155,53.197821],[127.170502,53.180609],[127.209565,53.170437],[127.215343,53.162299],[127.218354,53.151923],[127.223725,53.142035],[127.230968,53.135443],[127.240164,53.128933],[127.250499,53.122992],[127.261241,53.118476],[127.286794,53.112128],[127.361257,53.111029],[127.404796,53.119737],[127.417654,53.115302],[127.425792,53.091132],[127.425792,53.081651],[127.423595,53.061876],[127.425792,53.050157],[127.428803,53.043891],[127.434662,53.034491],[127.442149,53.025946],[127.449474,53.022244],[127.470144,53.017849],[127.54892,52.973741],[127.583425,52.948269],[127.590343,52.936835],[127.600352,52.9289],[127.683849,52.897773],[127.699148,52.889431],[127.712169,52.879828],[127.724132,52.868272],[127.740245,52.857123],[127.757498,52.850898],[127.772553,52.842149],[127.782156,52.823594],[127.782156,52.751573],[127.787527,52.737169],[127.813731,52.712673],[127.82366,52.70071],[127.828054,52.690294],[127.829845,52.681993],[127.830577,52.665961],[127.824311,52.647406],[127.822683,52.636583],[127.827078,52.631863],[127.844656,52.62519],[127.85906,52.609565],[127.865245,52.591376],[127.857921,52.577216],[127.876964,52.564276],[127.903087,52.563259],[127.957123,52.57038],[127.983165,52.565863],[128.050222,52.529405],[128.099294,52.514594],[128.122488,52.502509],[128.132091,52.484442],[128.124115,52.415839],[128.117931,52.399034],[128.102957,52.387722],[128.086029,52.378933],[128.08253,52.373155],[128.107351,52.371161],[128.119314,52.372992],[128.12672,52.375841],[128.132904,52.375515],[128.1421,52.367743],[128.146576,52.356798],[128.14503,52.344591],[128.138927,52.322699],[128.140147,52.303046],[128.1421,52.295681],[128.145112,52.289171],[128.15504,52.279975],[128.164073,52.277289],[128.170665,52.272813],[128.178722,52.233222],[128.192149,52.215196],[128.208018,52.198839],[128.220876,52.179307],[128.223888,52.169053],[128.227794,52.138373],[128.232514,52.128363],[128.246104,52.107489],[128.24879,52.100857],[128.258311,52.088935],[128.323334,52.06269],[128.334483,52.052802],[128.340343,52.0456],[128.34669,52.040066],[128.358002,52.035346],[128.372081,52.034613],[128.404226,52.036933],[128.416108,52.031928],[128.424571,52.026679],[128.443777,52.017646],[128.44752,52.01142],[128.450043,52.002997],[128.467296,51.967068],[128.480398,51.953192],[128.520437,51.919542],[128.528819,51.908718],[128.525401,51.887966],[128.52003,51.871772],[128.518972,51.857774],[128.528819,51.843573],[128.546153,51.836778],[128.568858,51.837714],[128.588634,51.84748],[128.597097,51.867133],[128.611257,51.875678],[128.643158,51.879259],[128.700694,51.877712],[128.712332,51.874091],[128.74171,51.857204],[128.753673,51.842108],[128.761974,51.833604],[128.772472,51.829901],[128.792003,51.825263],[128.841319,51.80036],[128.858409,51.788275],[128.873464,51.770697],[128.879242,51.752753],[128.878917,51.71015],[128.884532,51.701728],[128.896251,51.69656],[128.905203,51.691107],[128.902761,51.682196],[128.893891,51.675645],[128.858409,51.659247],[128.834483,51.642646],[128.824229,51.637478],[128.797781,51.628933],[128.787039,51.621121],[128.782725,51.607367],[128.770925,51.599392],[128.693858,51.590277],[128.646495,51.592719],[128.626475,51.584337],[128.618175,51.559272],[128.614268,51.551093],[128.604991,51.54328],[128.593679,51.53738],[128.583751,51.53502],[128.571218,51.538601],[128.546153,51.553168],[128.536225,51.555528],[128.523204,51.549587],[128.508067,51.529568],[128.495209,51.52204],[128.476166,51.52204],[128.45574,51.525499],[128.439708,51.522895],[128.433197,51.504665],[128.425304,51.469428],[128.404877,51.458197],[128.377371,51.45307],[128.329845,51.425605],[128.311046,51.425564],[128.272065,51.432685],[128.252208,51.430691],[128.242686,51.424913],[128.227794,51.404731],[128.180593,51.379462],[128.173269,51.37405],[128.17685,51.349066],[128.181163,51.334052],[128.186697,51.322821],[128.171886,51.306098],[128.150645,51.293769],[128.13616,51.281317],[128.1421,51.264472],[128.166026,51.254014],[128.188975,51.252753],[128.196544,51.247911],[128.173269,51.22724],[128.168793,51.225287],[128.157481,51.22309],[128.151947,51.220404],[128.150401,51.21662],[128.146658,51.202826],[128.145112,51.199286],[128.134369,51.194525],[128.120046,51.191026],[128.105154,51.190741],[128.057221,51.210761],[128.044444,51.218329],[128.037364,51.227403],[128.028412,51.232978],[128.014903,51.22724],[128.009532,51.211046],[128.007253,51.183051],[128.007904,51.15644],[128.011485,51.144639],[128.015229,51.139228],[128.022065,51.115302],[128.025645,51.109931],[128.033702,51.105292],[128.030691,51.094835],[128.022472,51.083564],[128.014903,51.076361],[127.990326,51.069525],[127.957449,51.071112],[127.925222,51.079535],[127.902436,51.093451],[127.891368,51.097724],[127.878917,51.092882],[127.868744,51.083197],[127.864757,51.072618],[127.863455,50.945339],[127.855072,50.901923],[127.847585,50.884223],[127.837413,50.870307],[127.788829,50.827419],[127.782156,50.811957],[127.780935,50.807481],[127.774994,50.795518],[127.768321,50.785712],[127.77003,50.781114],[127.773855,50.776719],[127.77589,50.771023],[127.777436,50.737128],[127.77589,50.726915],[127.7706,50.716742],[127.748057,50.692816],[127.728038,50.640733],[127.718435,50.5928],[127.71282,50.582139],[127.69337,50.562445],[127.66627,50.522895],[127.667979,50.488837],[127.727061,50.384141],[127.732188,50.366523],[127.734386,50.346462],[127.725108,50.330756],[127.703298,50.321357],[127.677257,50.316677],[127.63144,50.31448],[127.609793,50.310004],[127.592703,50.29975],[127.583507,50.281277],[127.585948,50.262885],[127.593191,50.243964],[127.595714,50.224799],[127.583507,50.205593]]]}},{"type":"Feature","properties":{"kind":"rivers","name":"Ussuri","source":"Natural Earth 1:10m"},"geometry":{"type":"MultiLineString","coordinates":[[[134.31601,43.64879],[134.292084,43.612616],[134.279552,43.606309],[134.15504,43.597968],[134.132091,43.601508],[134.112315,43.610175],[134.033621,43.657904],[133.987071,43.677436],[133.846772,43.746649],[133.836681,43.754462],[133.834972,43.769639],[133.867279,43.832343],[133.870128,43.8581],[133.874115,43.867051],[133.8803,43.873155],[133.887136,43.875312],[133.89446,43.876776],[133.902192,43.880723],[133.931651,43.915554],[133.943126,43.921698],[133.931407,43.935981],[133.908295,43.983751],[133.918224,44.008612],[133.908702,44.026557],[133.862071,44.061835],[133.844249,44.07038],[133.836681,44.075995],[133.831472,44.087755],[133.835134,44.099555],[133.842459,44.110785],[133.847341,44.120917],[133.84962,44.134955],[133.848888,44.142401],[133.822276,44.197292],[133.819591,44.206326],[133.821788,44.228583],[133.828624,44.2414],[133.860444,44.26435],[133.893077,44.298936],[133.908946,44.320665],[133.915701,44.33629],[133.925222,44.35224],[133.947032,44.366278],[133.991466,44.387234],[134.011241,44.405707],[134.018158,44.408962],[134.030365,44.407904],[134.046967,44.397284],[134.056407,44.394639],[134.063975,44.405707],[134.062511,44.430854],[134.052989,44.47663],[134.050141,44.485053],[134.047374,44.489285],[134.045665,44.494086],[134.046153,44.504503],[134.048106,44.506537],[134.058442,44.527655],[134.059825,44.531846],[134.072358,44.543728],[134.11378,44.573432],[134.125255,44.584906],[134.13144,44.596503],[134.128917,44.610053],[134.11378,44.627468],[134.101329,44.63642],[134.085948,44.642646],[134.070893,44.641303],[134.059825,44.627468],[134.022227,44.645941],[133.987722,44.67182],[133.967377,44.682318],[133.954112,44.675238],[133.941905,44.662299],[133.92571,44.655341],[133.847341,44.668402],[133.810069,44.667019],[133.791433,44.668524],[133.771658,44.675238],[133.698416,44.741889],[133.663992,44.754665],[133.657481,44.76199],[133.648204,44.778266],[133.649099,44.780951],[133.652273,44.784939],[133.654063,44.789903],[133.651378,44.795681],[133.647227,44.798611],[133.633881,44.80622],[133.630463,44.812201],[133.628429,44.817491],[133.625499,44.822211],[133.620372,44.826687],[133.592214,44.842475],[133.586192,44.847195],[133.580007,44.866889],[133.579845,44.933051],[133.569021,44.96015],[133.556407,44.973822],[133.544688,44.989447],[133.540131,45.005723],[133.548595,45.021552],[133.545502,45.030341],[133.522553,45.067165],[133.510916,45.079901],[133.568126,45.098415],[133.590831,45.111762],[133.586192,45.134548],[133.594737,45.149359],[133.595876,45.168158],[133.591401,45.186469],[133.582774,45.199734],[133.581391,45.207221],[133.586436,45.226833],[133.582774,45.23074],[133.569835,45.233425],[133.561615,45.23961],[133.554698,45.246446],[133.545095,45.251166],[133.506847,45.247341],[133.487315,45.251776],[133.500255,45.283718],[133.47877,45.309394],[133.484386,45.326361],[133.45753,45.34866],[133.449718,45.360622],[133.456554,45.374783],[133.437104,45.412624],[133.423269,45.433702],[133.407156,45.446234],[133.399343,45.453966],[133.391775,45.463202],[133.388194,45.470893],[133.388682,45.478868],[133.392833,45.485419],[133.401378,45.491645],[133.414806,45.498236],[133.394949,45.518378],[133.407807,45.536689],[133.424327,45.554511],[133.414806,45.57331]]]}},{"type":"Feature","properties":{"kind":"rivers","name":"Shilka","source":"Natural Earth 1:10m"},"geometry":{"type":"MultiLineString","coordinates":[[[115.828624,51.722439],[115.850841,51.718207],[115.870942,51.721503],[115.889089,51.73489],[115.890636,51.741482],[115.892182,51.776435],[115.897472,51.7862],[115.909679,51.794989],[115.977794,51.825629],[116.224701,51.879584],[116.274343,51.883897],[116.375011,51.864122],[116.425304,51.862331],[116.473399,51.870551],[116.558116,51.905341],[116.701589,51.93004],[116.826752,51.981228],[116.872325,51.991523],[116.913992,51.990424],[116.927419,51.991523],[116.938243,51.995958],[116.961436,52.010199],[116.986827,52.018866],[117.0442,52.054226],[117.085134,52.072048],[117.107026,52.078437],[117.216075,52.083075],[117.242768,52.088324],[117.420909,52.156602],[117.432384,52.159247],[117.456716,52.160915],[117.468761,52.163398],[117.480072,52.169867],[117.501557,52.187201],[117.510346,52.190741],[117.535248,52.193183],[117.653819,52.219428],[117.673839,52.227566],[117.71575,52.258002],[117.738292,52.256619],[117.784109,52.238552],[117.8296,52.240749],[117.917247,52.280707],[117.962169,52.293158],[118.0171,52.296332],[118.045909,52.30329],[118.058442,52.317979],[118.072276,52.324408],[118.160737,52.327948],[118.211681,52.338568],[118.322276,52.348415],[118.334565,52.351874],[118.355398,52.369167],[118.366791,52.375759],[118.424897,52.383002],[118.481944,52.378933],[118.536062,52.381903],[118.585948,52.410468],[118.611095,52.442003],[118.62672,52.453681],[118.676199,52.465033],[118.676768,52.481391],[118.654307,52.51911],[118.650401,52.538845],[118.65797,52.550076],[118.692149,52.571234],[118.707042,52.589179],[118.736257,52.650702],[118.761811,52.684923],[118.779552,52.69892],[118.822765,52.708441],[118.844493,52.717475],[118.91684,52.76435],[118.930186,52.781562],[118.935476,52.804023],[118.939708,52.814724],[118.959076,52.828315],[118.96339,52.838446],[118.970225,52.883409],[118.975515,52.888983],[119.004405,52.910712],[119.013438,52.921169],[119.017996,52.924384],[119.02532,52.925727],[119.040945,52.924343],[119.056733,52.931708],[119.069347,52.935899],[119.080658,52.941107],[119.085704,52.94831],[119.088471,52.959418],[119.095632,52.968614],[119.141775,53.013251],[119.155528,53.031033],[119.168224,53.069119],[119.185069,53.082221],[119.223399,53.102566],[119.232921,53.11164],[119.246755,53.129584],[119.257498,53.136664],[119.269623,53.139716],[119.315929,53.1435],[119.339692,53.149604],[119.357921,53.163601],[119.373139,53.179633],[119.38795,53.191352],[119.404307,53.196153],[119.418875,53.195339],[119.433197,53.19245],[119.471121,53.19005],[119.477306,53.191352],[119.479584,53.195339],[119.483328,53.209337],[119.489838,53.214911],[119.521414,53.229112],[119.581716,53.266913],[119.630626,53.297431],[119.650076,53.313788],[119.65797,53.322781],[119.661062,53.331855],[119.663178,53.344428],[119.669037,53.351386],[119.750662,53.395046],[119.767833,53.407294],[119.789073,53.419135],[119.814382,53.421332],[119.963796,53.417182],[120.00823,53.427924],[120.045828,53.458808],[120.05128,53.46894],[120.052989,53.475531],[120.056082,53.480577],[120.066335,53.486151],[120.078298,53.489325],[120.124604,53.492987],[120.153819,53.488593],[120.203543,53.467149],[120.230235,53.458808],[120.34905,53.442247],[120.409679,53.44184],[120.463634,53.451361],[120.556651,53.485134],[120.606293,53.493232],[120.711681,53.479275],[120.758311,53.484158],[120.888194,53.513292],[120.902354,53.513454],[120.947358,53.501736],[120.96046,53.499783],[121.042898,53.51081],[121.066905,53.506619],[121.082042,53.492214],[121.085378,53.473822],[121.086192,53.455186],[121.094249,53.439968],[121.115326,53.428656],[121.137543,53.426337],[121.158702,53.430935],[121.176768,53.439968],[121.19394,53.452216],[121.200694,53.460639],[121.203298,53.4713],[121.200613,53.482733],[121.195079,53.490668],[121.192393,53.498358],[121.197195,53.508857],[121.215587,53.51557],[121.241303,53.509833],[121.285818,53.488349],[121.377371,53.416124],[121.384288,53.39997],[121.381602,53.378485],[121.376964,53.372992],[121.370128,53.368923],[121.36378,53.363796],[121.361095,53.354926],[121.366954,53.3463],[121.379893,53.346218],[121.401947,53.351833],[121.424083,53.350043],[121.44337,53.345974],[121.460867,53.337917],[121.477794,53.32392]]]}},{"type":"Feature","properties":{"kind":"rivers","name":"Song’acha","source":"Natural Earth 1:10m"},"geometry":{"type":"MultiLineString","coordinates":[[[132.839447,45.059394],[132.92099,45.028144],[132.953054,45.024685],[132.965831,45.02912],[132.992442,45.048774],[133.023692,45.058621],[133.049408,45.081977],[133.073009,45.090847],[133.098399,45.108018],[133.115164,45.123318],[133.121104,45.131537],[133.124929,45.141628],[133.126964,45.155626],[133.120372,45.183702],[133.106293,45.214952],[133.09726,45.24376],[133.106456,45.264919],[133.101573,45.287462],[133.126964,45.385321],[133.128429,45.40294],[133.132904,45.419867],[133.139903,45.435655],[133.179454,45.494086],[133.188975,45.504462],[133.201834,45.511542],[133.240652,45.523546],[133.271251,45.528632],[133.298595,45.542304],[133.330007,45.549506],[133.362315,45.568183],[133.374522,45.57331],[133.413178,45.573594]]]}},{"type":"Feature","properties":{"kind":"rivers","name":"Ussuri","source":"Natural Earth 1:10m"},"geometry":{"type":"MultiLineString","coordinates":[[[133.413178,45.573594],[133.424815,45.580634],[133.414806,45.600653],[133.427338,45.615546],[133.441742,45.620876],[133.4581,45.62287],[133.47698,45.627997],[133.471446,45.632676],[133.461925,45.644232],[133.456554,45.649115],[133.482514,45.663153],[133.491222,45.673651],[133.487641,45.686957],[133.476492,45.693793],[133.451264,45.699408],[133.442882,45.709906],[133.470714,45.729112],[133.48463,45.768744],[133.510916,45.778835],[133.503184,45.787909],[133.483409,45.796902],[133.47698,45.806098],[133.477061,45.820339],[133.48463,45.828681],[133.493663,45.833564],[133.498057,45.83747],[133.502371,45.862331],[133.514089,45.879462],[133.531261,45.888454],[133.552013,45.888699],[133.558849,45.885525],[133.563894,45.880805],[133.569835,45.876654],[133.579275,45.875067],[133.585704,45.876573],[133.585704,45.880072],[133.584239,45.884385],[133.586192,45.888699],[133.602794,45.898871],[133.605886,45.905341],[133.606619,45.919704],[133.609793,45.929999],[133.617442,45.93655],[133.627533,45.938056],[133.649506,45.928087],[133.657807,45.93476],[133.694428,46.023017],[133.719737,46.064032],[133.719005,46.079535],[133.695974,46.115261],[133.687022,46.142035],[133.698416,46.149278],[133.719737,46.150458],[133.740733,46.159288],[133.765717,46.178249],[133.774832,46.186876],[133.781342,46.196967],[133.786225,46.206895],[133.793224,46.214545],[133.805919,46.217637],[133.812918,46.214423],[133.820974,46.200385],[133.829845,46.19713],[133.836355,46.20071],[133.85255,46.217719],[133.860444,46.223822],[133.85491,46.236884],[133.869314,46.244737],[133.889659,46.251044],[133.902192,46.259223],[133.901785,46.278347],[133.893891,46.291571],[133.893484,46.30211],[133.915701,46.313259],[133.906668,46.322699],[133.896007,46.327501],[133.884858,46.32685],[133.874115,46.320014],[133.863292,46.339545],[133.880626,46.353949],[133.92571,46.371527],[133.933604,46.390977],[133.921153,46.410427],[133.899913,46.426825],[133.881602,46.437364],[133.870209,46.440741],[133.861339,46.44127],[133.854015,46.444892],[133.847341,46.457221],[133.84547,46.470893],[133.84905,46.480536],[133.891612,46.529161],[133.896007,46.53852],[133.898692,46.563544],[133.902192,46.57392],[133.920095,46.590644],[133.967214,46.611436],[133.987722,46.625434],[134.005056,46.646064],[134.014334,46.665229],[134.025645,46.711046],[134.041515,46.752997],[134.044363,46.772284],[134.035574,46.789903],[134.021251,46.806423],[134.016368,46.819688],[134.020274,46.834296],[134.062511,46.907091],[134.066498,46.927069],[134.066498,46.968044],[134.068777,46.981472],[134.073985,46.988389],[134.080577,46.992947],[134.087006,46.999091],[134.114024,47.056098],[134.124034,47.070746],[134.145437,47.081407],[134.196788,47.085395],[134.216807,47.094672],[134.226736,47.117987],[134.215831,47.137966],[134.198416,47.155829],[134.189464,47.173163],[134.195323,47.193956],[134.196869,47.205593],[134.192882,47.210761],[134.18629,47.213935],[134.168061,47.23078],[134.161632,47.238634],[134.153901,47.258124],[134.159679,47.271918],[134.169688,47.287055],[134.175222,47.310655],[134.183442,47.327704],[134.202647,47.33869],[134.244721,47.355333],[134.257335,47.367499],[134.279307,47.398017],[134.292491,47.40998],[134.312511,47.420356],[134.332449,47.426581],[134.353608,47.429633],[134.37794,47.430487],[134.388682,47.433051],[134.401541,47.437567],[134.414643,47.43948],[134.436127,47.43004],[134.47169,47.4289],[134.484386,47.430487],[134.500092,47.439154],[134.534923,47.465766],[134.55657,47.471381],[134.560313,47.482123],[134.60377,47.528022],[134.614675,47.536892],[134.624034,47.549913],[134.667898,47.574286],[134.682384,47.58808],[134.686046,47.609076],[134.686453,47.631415],[134.692556,47.649197],[134.713634,47.656358],[134.72519,47.66352],[134.772227,47.711005],[134.764903,47.718451],[134.769542,47.741278],[134.696218,47.795356],[134.675955,47.824571],[134.673839,47.840766],[134.66741,47.864936],[134.657481,47.88699],[134.645437,47.896593],[134.622569,47.900458],[134.598888,47.910956],[134.587413,47.926134],[134.601085,47.944403],[134.566742,47.985785],[134.559093,48.009792],[134.566905,48.040595],[134.586192,48.061469],[134.647634,48.102362],[134.662364,48.108222],[134.682628,48.135769],[134.687104,48.220079],[134.702891,48.252875],[134.718354,48.263617],[134.759939,48.283474],[134.79127,48.292304],[134.822358,48.318305],[134.840587,48.327948],[134.960541,48.349921],[134.998139,48.362738],[135.052013,48.392605],[135.070079,48.406358],[135.078136,48.414374],[135.084402,48.423651],[135.087901,48.431952],[135.090343,48.441433],[135.090017,48.45071],[135.085704,48.458523],[135.076427,48.466417],[135.054454,48.479438],[135.043386,48.483751]]]}},{"type":"Feature","properties":{"kind":"rivers","name":"Di’er Songhua","source":"Natural Earth 1:10m"},"geometry":{"type":"MultiLineString","coordinates":[[[126.90504,43.51081],[126.910574,43.541205],[126.908702,43.556586],[126.906749,43.582221],[126.904877,43.595811],[126.906749,43.609483],[126.903738,43.623806],[126.871023,43.639757],[126.84962,43.648017],[126.822358,43.649685],[126.791433,43.650458],[126.773855,43.662543],[126.770274,43.68769],[126.761974,43.704169],[126.737885,43.711249],[126.711843,43.711127],[126.698253,43.702582],[126.685802,43.69892],[126.679698,43.702582],[126.678803,43.703803]]]}},{"type":"Feature","properties":{"kind":"rivers","name":"Di’er Songhua","source":"Natural Earth 1:10m"},"geometry":{"type":"MultiLineString","coordinates":[[[126.679698,43.702582],[126.661388,43.731472],[126.646658,43.751247],[126.62794,43.765408],[126.604015,43.77086],[126.579519,43.772488],[126.55128,43.778591],[126.532237,43.791083],[126.535167,43.811835],[126.5442,43.818142],[126.567556,43.821479],[126.576101,43.825507],[126.578705,43.833808],[126.581065,43.861192],[126.579519,43.867051],[126.564871,43.873481],[126.500987,43.915554],[126.494884,43.916042],[126.477631,43.91413],[126.473074,43.915554],[126.47226,43.921332],[126.474864,43.926296],[126.478038,43.929307],[126.47991,43.929145],[126.482921,43.934882],[126.488048,43.949001],[126.490001,43.963487],[126.483653,43.97016],[126.475352,43.980902],[126.459402,44.045233],[126.453543,44.051378],[126.43214,44.06627],[126.408214,44.09988],[126.394216,44.109442],[126.401785,44.13113],[126.418468,44.154364],[126.43214,44.168728],[126.467703,44.197577],[126.481863,44.212714],[126.493663,44.23078],[126.469493,44.242458],[126.455577,44.262274],[126.457286,44.283474],[126.47991,44.29914],[126.467296,44.314521],[126.458425,44.332099],[126.455984,44.349392],[126.46282,44.363959],[126.469819,44.37519],[126.472667,44.387315],[126.47405,44.398139],[126.476492,44.405219],[126.478038,44.414252],[126.468354,44.4206],[126.445811,44.428778],[126.442475,44.429023],[126.437511,44.428575],[126.43157,44.429958],[126.425304,44.435614],[126.427419,44.436957],[126.429779,44.443386],[126.431651,44.451117],[126.43214,44.456122],[126.430186,44.461249],[126.427419,44.465399],[126.425548,44.469997],[126.425304,44.47663],[126.43214,44.493964],[126.432384,44.508083],[126.431163,44.51203],[126.42628,44.513943],[126.41505,44.521918],[126.408946,44.530544],[126.403738,44.549872],[126.39796,44.55976],[126.38323,44.568956],[126.365164,44.575222],[126.349864,44.584784],[126.337332,44.618516],[126.288829,44.668402],[126.268321,44.696357],[126.22755,44.704535],[126.22047,44.706855],[126.214773,44.713446],[126.201427,44.716376],[126.175548,44.716824],[126.161143,44.720811],[126.160655,44.730414],[126.16505,44.741889],[126.165945,44.751573],[126.135753,44.773057],[126.084239,44.785183],[126.028738,44.788845],[125.98642,44.785102],[125.940684,44.773464],[125.920421,44.778388],[125.911794,44.802436],[125.901947,44.817491],[125.878673,44.831732],[125.851085,44.842475],[125.828868,44.847195],[125.813569,44.845038],[125.805593,44.846706],[125.794688,44.8546],[125.786225,44.864447],[125.772472,44.88703],[125.741628,44.92418],[125.728445,44.934597],[125.706554,44.943386],[125.682872,44.949286],[125.670339,44.950629],[125.658132,44.94953],[125.648936,44.943956],[125.634288,44.926093],[125.616791,44.917996],[125.59669,44.899237],[125.586192,44.894965],[125.534597,44.888129],[125.493663,44.888129],[125.480561,44.890163],[125.452078,44.899115],[125.438731,44.90115],[125.429454,44.899848],[125.419363,44.896308],[125.409679,44.891181],[125.401134,44.884711],[125.393077,44.882758],[125.368175,44.887478],[125.356456,44.888129],[125.345225,44.884792],[125.33782,44.879462],[125.330984,44.873236],[125.321707,44.867621],[125.310151,44.864529],[125.2671,44.86876],[125.247976,44.873887],[125.236339,44.875067],[125.224539,44.872748],[125.212006,44.868109],[125.198822,44.86518],[125.185151,44.867621],[125.149018,44.930487],[125.14088,44.939968],[125.099701,44.943386],[125.09433,44.948676],[125.075857,44.98371],[125.046153,45.017849],[125.009939,45.043647],[124.931814,45.087348],[124.917084,45.098741],[124.87322,45.145372],[124.863699,45.152655],[124.85377,45.156277],[124.828217,45.161811],[124.816824,45.166368],[124.787852,45.182318],[124.741303,45.201687],[124.729747,45.217637],[124.725841,45.247748],[124.727143,45.252143],[124.730154,45.25788],[124.733653,45.262763],[124.736095,45.264919],[124.740815,45.267849],[124.739024,45.274482],[124.732595,45.285346],[124.726329,45.308214],[124.725841,45.318061],[124.732595,45.326361],[124.722179,45.339464],[124.687999,45.371039],[124.678315,45.386257],[124.668956,45.419989],[124.651296,45.447943]],[[127.376069,42.56745],[127.34905,42.580349],[127.337006,42.595893],[127.331391,42.610541],[127.316987,42.627509],[127.298106,42.637397],[127.278819,42.630683],[127.262706,42.614814],[127.249604,42.605333],[127.233979,42.600775],[127.210134,42.599636],[127.194021,42.605333],[127.192882,42.618964],[127.199474,42.634792],[127.206716,42.647406],[127.228038,42.674669],[127.232188,42.688056],[127.227143,42.708848],[127.218272,42.725531],[127.199718,42.749945],[127.193126,42.763495],[127.185313,42.820624],[127.179454,42.832384],[127.195323,42.84455],[127.207937,42.856716],[127.218191,42.870388],[127.227143,42.88703],[127.165538,42.928534],[127.141531,42.93476],[127.134939,42.938015],[127.113455,42.952094],[127.087169,42.958604],[127.0796,42.966498],[127.074799,42.975531],[127.069591,42.982611],[126.990733,43.034125],[126.987804,43.042344],[126.986908,43.066921],[126.983897,43.071967],[126.975841,43.07685],[126.970225,43.088446],[126.968761,43.10224],[126.973399,43.113593],[126.932384,43.113593],[126.949799,43.128201],[126.991222,43.14529],[127.00058,43.161322],[126.996349,43.179714],[126.986257,43.19538],[126.97991,43.212836],[126.987071,43.236518],[127.000906,43.247382],[127.021007,43.249701],[127.097992,43.242458],[127.116466,43.248643],[127.152192,43.278022],[127.135671,43.277289],[127.120372,43.280707],[127.107351,43.287787],[127.096934,43.297919],[127.088634,43.310329],[127.086925,43.318874],[127.090017,43.327175],[127.096934,43.338894],[127.130951,43.373603],[127.125255,43.380683],[127.111501,43.384833],[127.018077,43.39411],[127.004975,43.400499],[126.987641,43.428656],[126.977061,43.435085],[126.962983,43.439399],[126.931814,43.458686],[126.92213,43.462999],[126.914806,43.468614],[126.90504,43.51081]]]}},{"type":"Feature","properties":{"kind":"rivers","name":"Tao’er","source":"Natural Earth 1:10m"},"geometry":{"type":"MultiLineString","coordinates":[[[123.835134,45.724189],[123.845632,45.718573],[123.860444,45.708686],[123.882335,45.706977],[123.903819,45.716132],[123.937918,45.724066],[123.967296,45.727322],[123.992117,45.721869],[124.014415,45.71365],[124.038015,45.709906]]]}},{"type":"Feature","properties":{"kind":"rivers","name":"Tao’er","source":"Natural Earth 1:10m"},"geometry":{"type":"MultiLineString","coordinates":[[[120.165294,46.995673],[120.181814,46.982937],[120.217459,46.962185],[120.232432,46.947537],[120.244884,46.923611],[120.250499,46.898057],[120.250011,46.845242],[120.263438,46.797878],[120.30421,46.781684],[120.406993,46.784857],[120.428152,46.78144],[120.441498,46.773383],[120.467459,46.750067],[120.514903,46.732856],[120.561615,46.736884],[120.608653,46.749091],[120.655935,46.75613],[120.679861,46.74962],[120.724701,46.721015],[120.747813,46.714545],[120.847179,46.700873],[120.95045,46.698513],[120.998546,46.690375],[121.076427,46.661404],[121.105479,46.655219],[121.199799,46.651679],[121.231456,46.646267],[121.258311,46.634141],[121.271983,46.631944],[121.285818,46.63878]],[[121.285818,46.631944],[121.299571,46.616156],[121.314708,46.612413],[121.330984,46.61164],[121.347341,46.604682],[121.355072,46.592393],[121.358897,46.574571],[121.358653,46.55622],[121.35434,46.542548],[121.370535,46.530097],[121.384288,46.514472],[121.399425,46.501085],[121.419444,46.495429],[121.424734,46.492133],[121.441417,46.477607],[121.447032,46.474311],[121.457042,46.472683],[121.565929,46.433661],[121.591075,46.429877],[121.615733,46.433173],[121.626964,46.432563],[121.679861,46.409735],[121.690033,46.402615],[121.695404,46.395372],[121.71046,46.368476],[121.758474,46.332221],[121.779877,46.324083],[121.803396,46.320095],[121.873953,46.320136],[121.92099,46.313178],[121.963959,46.299384],[121.997976,46.27912],[122.031261,46.248358],[122.046641,46.228095],[122.058442,46.184516],[122.0713,46.16828],[122.087332,46.153754],[122.101573,46.135688],[122.100841,46.124864],[122.101573,46.121405],[122.107839,46.107774],[122.121511,46.091335],[122.12672,46.082628],[122.132091,46.044949],[122.141694,46.030707],[122.211029,45.989366],[122.237071,45.964708],[122.293549,45.883246],[122.310802,45.868109],[122.332123,45.8581],[122.35849,45.854519],[122.377452,45.847724],[122.384532,45.831122],[122.38795,45.810818],[122.395112,45.792426],[122.423106,45.765163],[122.425304,45.758002],[122.429454,45.736599],[122.433604,45.727891],[122.445242,45.710232],[122.470876,45.6553],[122.529796,45.551459],[122.560313,45.52558],[122.600352,45.504218],[122.620535,45.489447],[122.629242,45.474066],[122.635265,45.47016],[122.663992,45.464138],[122.673595,45.460395],[122.679698,45.452663],[122.685802,45.437079],[122.690684,45.429999],[122.724701,45.408881],[122.752615,45.398993],[122.78476,45.377305],[122.805919,45.370917],[122.828543,45.370714],[122.882742,45.376288],[122.919688,45.364447],[122.94752,45.361111],[122.970714,45.362901],[123.058116,45.38935],[123.068777,45.393988],[123.111339,45.419745],[123.145844,45.448188],[123.149913,45.453884],[123.148448,45.486884],[123.149913,45.498236],[123.160574,45.519639],[123.214773,45.562812],[123.226492,45.578315],[123.233165,45.58454],[123.242442,45.586982],[123.245128,45.589057],[123.248464,45.59394],[123.251069,45.599677],[123.252371,45.604438],[123.254893,45.608669],[123.260916,45.608344],[123.267996,45.607001],[123.273448,45.6081],[123.320567,45.66002],[123.328054,45.672675],[123.337901,45.681464],[123.403819,45.696845],[123.474864,45.728542],[123.511729,45.736884],[123.651785,45.72309],[123.683686,45.724189],[123.727143,45.731147],[123.748627,45.731635],[123.766775,45.724189],[123.783214,45.731147],[123.799897,45.730577],[123.835134,45.724189]],[[124.038015,45.709906],[124.087901,45.717841]]]}},{"type":"Feature","properties":{"kind":"rivers","name":"Amur","source":"Natural Earth 1:10m"},"geometry":{"type":"MultiLineString","coordinates":[[[140.706635,53.111029],[140.660248,53.096055],[140.594249,53.084052],[140.583751,53.084906],[140.577159,53.086737],[140.558442,53.094672],[140.501557,53.110622],[140.48406,53.119696],[140.45574,53.138943],[140.441173,53.146674],[140.40919,53.157172],[140.338145,53.20071],[140.30421,53.213568],[140.263194,53.221747],[139.990326,53.214911],[139.966238,53.217719],[139.915701,53.212999],[139.890391,53.203966],[139.869884,53.188422],[139.85906,53.165798],[139.858002,53.142524],[139.855886,53.135443],[139.854503,53.133409],[139.850515,53.129584],[139.848725,53.127387],[139.847341,53.123887],[139.8449,53.112738],[139.831716,53.084093],[139.819835,53.065741],[139.805105,53.049628],[139.798595,53.045356],[139.792247,53.043036],[139.777924,53.040229],[139.771088,53.036689],[139.752859,53.017605],[139.72519,52.997341],[139.712332,52.985419],[139.703543,52.971625],[139.70224,52.961493],[139.706391,52.953192],[139.713634,52.946601],[139.75294,52.925116],[139.871674,52.881619],[139.935313,52.865912],[140.000418,52.837022],[140.031261,52.812079],[140.052745,52.799506],[140.058197,52.794786],[140.067475,52.784247],[140.073416,52.780056],[140.093761,52.772569],[140.099701,52.76789],[140.106537,52.758246],[140.109386,52.752712],[140.11085,52.747382],[140.106619,52.732123],[140.087332,52.707709],[140.087983,52.692654],[140.127859,52.62698],[140.135265,52.618923],[140.149832,52.608588],[140.166515,52.601589],[140.201752,52.594184],[140.221202,52.593329],[140.259939,52.595811],[140.279063,52.594794],[140.30421,52.582953],[140.32252,52.561103],[140.353282,52.513454],[140.373057,52.494086],[140.384776,52.486029],[140.397227,52.481147],[140.399425,52.475694],[140.403331,52.470811],[140.408295,52.466905],[140.413829,52.464626],[140.416921,52.458523],[140.427989,52.448513],[140.432384,52.443142],[140.437999,52.429633],[140.44101,52.41531],[140.440115,52.387519],[140.44101,52.378445],[140.444753,52.3699],[140.449799,52.363715],[140.453868,52.357245],[140.454112,52.347602],[140.449229,52.333848],[140.441173,52.319037],[140.431244,52.305284],[140.411143,52.286444],[140.404877,52.278998],[140.401134,52.270087],[140.398936,52.25727],[140.398855,52.233222],[140.395518,52.223578],[140.375987,52.197781],[140.372325,52.188259],[140.370535,52.168158],[140.367686,52.158759],[140.36085,52.151231],[140.351085,52.147284],[140.330577,52.1435],[140.319753,52.139919],[140.310476,52.134874],[140.251964,52.092963],[140.225515,52.066352],[140.174408,52.026801],[140.163829,52.00906],[140.16505,51.99433],[140.205089,51.940863],[140.211518,51.928656],[140.221202,51.901475],[140.241791,51.859809],[140.242931,51.845079],[140.236746,51.830756],[140.225108,51.819607],[140.114024,51.763699]],[[139.857595,51.578803],[139.823171,51.57628],[139.781993,51.562445],[139.651947,51.537055],[139.539154,51.536811],[139.517345,51.532823],[139.496186,51.52265],[139.481375,51.507432],[139.473237,51.489366],[139.467296,51.469997],[139.458751,51.45071],[139.444347,51.433621],[139.42628,51.421332],[139.234874,51.357856],[139.208018,51.353217],[139.178396,51.353583],[139.011241,51.389024],[138.932384,51.380235],[138.897553,51.314399],[138.895274,51.292019],[138.888438,51.274278],[138.875255,51.261013],[138.854421,51.251776],[138.674571,51.207099],[138.655284,51.201687],[138.637218,51.193386],[138.621593,51.181505],[138.599539,51.148546],[138.587901,51.136176],[138.573741,51.126899],[138.554861,51.119452],[138.449718,51.101264],[138.440929,51.097846],[138.432872,51.092719],[138.377615,51.034288],[138.361339,51.021674],[138.276378,50.9713],[138.25172,50.962185],[138.207774,50.952745],[138.194347,50.947048],[138.182709,50.937445],[138.158946,50.898261],[138.149343,50.886054],[138.138438,50.87641],[138.125499,50.869737],[138.110606,50.866278],[138.06544,50.863471],[138.050792,50.860053],[138.038585,50.8546],[137.917572,50.762234],[137.865896,50.738959],[137.688487,50.689073],[137.590994,50.676459],[137.496755,50.682318],[137.408783,50.67121],[137.367768,50.670681],[137.233165,50.640204],[137.210704,50.62934],[137.190522,50.614814],[137.153901,50.577501],[137.112071,50.5456],[137.056407,50.514757],[137.048757,50.506374],[137.046316,50.495063],[137.049897,50.484442],[137.063975,50.46544],[137.069835,50.454047]],[[136.810557,49.759304],[136.82545,49.753119],[136.841238,49.744696],[136.850108,49.733466],[136.853282,49.719102],[136.846121,49.669216],[136.847341,49.653876],[136.854096,49.61994],[136.852468,49.604438],[136.846609,49.589871],[136.836681,49.57571],[136.815929,49.553412],[136.792003,49.532579],[136.765636,49.515082],[136.737804,49.502753],[136.71933,49.498358],[136.644135,49.490546],[136.531261,49.465888],[136.45045,49.428778],[136.435151,49.418524],[136.425873,49.406114],[136.421397,49.390977],[136.420095,49.355658],[136.416026,49.343329],[136.407237,49.333604],[136.378429,49.312934],[136.368907,49.300076],[136.354584,49.268744],[136.343272,49.254584],[136.327647,49.246853],[136.292979,49.236029],[136.26946,49.213487],[136.272472,49.185085],[136.299815,49.124945],[136.302419,49.107733],[136.302745,49.090155],[136.299083,49.07331],[136.290701,49.057929],[136.276541,49.043647],[136.149669,48.964789],[136.113862,48.954454],[136.008311,48.940253],[135.99407,48.934516],[135.980724,48.925971],[135.971446,48.913642],[135.967784,48.899522],[135.965831,48.88463],[135.960704,48.870063],[135.940033,48.847764],[135.912364,48.834988],[135.817556,48.817165],[135.802745,48.80976],[135.789561,48.798041],[135.781505,48.784288],[135.77589,48.771186],[135.768321,48.760199],[135.754405,48.753119],[135.720307,48.746527],[135.683604,48.743679],[135.647227,48.745917],[135.613699,48.754991],[135.58074,48.767849],[135.547455,48.776801],[135.513601,48.779079],[135.47877,48.771755],[135.423839,48.749457],[135.37379,48.735663],[135.357351,48.734198],[135.34075,48.736396],[135.307872,48.745307],[135.290945,48.747178],[135.27296,48.745551],[135.255463,48.741238],[135.23878,48.734442],[135.153494,48.678534],[135.046397,48.635199],[135.023041,48.614854],[135.004405,48.583116],[134.997325,48.548611],[135.0088,48.519965],[135.037608,48.488227],[135.042979,48.485867],[135.047455,48.472602],[135.049571,48.459255],[135.046397,48.447089],[135.035574,48.437445],[135.019216,48.433214],[134.965912,48.436591],[134.924571,48.433417],[134.883881,48.424384],[134.769135,48.373806],[134.751475,48.371609],[134.734386,48.373358],[134.598074,48.416449],[134.58017,48.417833],[134.505056,48.413682],[134.496186,48.411689],[134.447276,48.395128],[134.366954,48.377305],[134.20574,48.35989],[134.115733,48.335476],[134.056733,48.32746],[134.040294,48.322699],[134.024506,48.315375],[133.982188,48.285346],[133.966238,48.278876],[133.936615,48.273505],[133.877208,48.275499],[133.867279,48.274604],[133.849213,48.269558],[133.814708,48.255439],[133.796316,48.250841],[133.737722,48.251329],[133.720876,48.244981],[133.707612,48.23196],[133.685151,48.202419],[133.670014,48.190253],[133.654307,48.184149],[133.621104,48.177558],[133.605154,48.171902],[133.593354,48.164374],[133.584483,48.155585],[133.577566,48.14529],[133.571788,48.133002],[133.559662,48.113552],[133.543549,48.101833],[133.524018,48.09573],[133.46339,48.089708],[133.450613,48.09162],[133.412852,48.103298],[133.395925,48.106147],[133.379242,48.106553],[133.323253,48.100409],[133.301199,48.101508],[133.290538,48.1046],[133.272472,48.115343],[133.262543,48.119696],[133.223399,48.126247],[133.184825,48.125067],[133.091726,48.107001],[133.075043,48.101142],[133.060639,48.092108],[133.050792,48.078803],[133.047293,48.071845],[133.043793,48.066474],[133.039073,48.061794],[133.032481,48.057074],[133.024425,48.05268],[132.940522,48.026923],[132.940033,48.022813],[132.864513,47.985907],[132.853282,47.976386],[132.8331,47.95185],[132.820323,47.942572],[132.805593,47.936469],[132.789236,47.932969],[132.774669,47.933946],[132.762218,47.939643],[132.737804,47.954413],[132.72226,47.959174],[132.705496,47.960557],[132.688894,47.958035],[132.674408,47.950873],[132.667898,47.94538],[132.663015,47.93891],[132.660167,47.931586],[132.660574,47.923285],[132.663829,47.916083],[132.667898,47.909613],[132.671153,47.902777],[132.671967,47.894721],[132.667654,47.881537],[132.658621,47.870063],[132.607188,47.827826],[132.581065,47.800971],[132.576182,47.794501],[132.573416,47.788642],[132.573416,47.782497],[132.580577,47.765001],[132.582042,47.756415],[132.580089,47.748236],[132.573822,47.739814],[132.55657,47.7237],[132.546886,47.717068],[132.536143,47.71129],[132.524343,47.707709],[132.475597,47.707099],[132.453054,47.710761],[132.40032,47.730089],[132.366222,47.735622],[132.332042,47.736762],[132.264171,47.729071],[132.250499,47.725613],[132.201915,47.700751],[132.188731,47.695868],[132.161388,47.690253],[132.11671,47.689724],[132.088878,47.695014],[132.024994,47.698065],[131.965994,47.690253],[131.957042,47.687201],[131.932628,47.672471],[131.924083,47.669216],[131.913666,47.667914],[131.90325,47.668402],[131.894054,47.670233],[131.864675,47.68183],[131.85434,47.684353],[131.835704,47.684841],[131.798839,47.679633],[131.78004,47.679307],[131.702647,47.696397],[131.683197,47.694892],[131.630382,47.6671],[131.621511,47.664089],[131.612315,47.662218],[131.602957,47.661729],[131.593679,47.662624],[131.584483,47.664903],[131.577159,47.668809],[131.537608,47.703477],[131.507416,47.721788],[131.47462,47.734687],[131.440522,47.7414],[131.418061,47.742865],[131.209972,47.709418],[131.166921,47.697374],[131.128917,47.681505],[131.103608,47.676785],[131.084076,47.67536],[131.043875,47.677517],[131.023204,47.682563],[130.983328,47.700263],[130.965343,47.704169],[130.941742,47.718207],[130.93808,47.751329],[130.942149,47.790066],[130.941417,47.820868],[130.906668,47.884467],[130.857026,47.928046],[130.68214,48.050605],[130.674571,48.064236],[130.670665,48.086859],[130.66448,48.102322],[130.663097,48.116645],[130.674571,48.136176],[130.707042,48.163642],[130.72934,48.178249],[130.746104,48.184638],[130.752452,48.189887],[130.763276,48.225531],[130.768565,48.236925],[130.773529,48.244452],[130.819021,48.282172],[130.823741,48.294379],[130.824718,48.318061],[130.821788,48.334052],[130.814138,48.340196],[130.803152,48.342963],[130.79005,48.348456],[130.779552,48.356716],[130.773448,48.364529],[130.763276,48.383165],[130.742931,48.411892],[130.738048,48.43004],[130.746104,48.448065],[130.759288,48.468207],[130.758718,48.485948],[130.74407,48.497585],[130.715424,48.499294],[130.639089,48.477484],[130.625987,48.482489],[130.624278,48.488593],[130.615489,48.508368],[130.613048,48.519802],[130.614513,48.530382],[130.620616,48.549506],[130.619884,48.560736],[130.607432,48.576972],[130.586192,48.583686],[130.562022,48.588406],[130.540538,48.598578],[130.529552,48.616482],[130.53297,48.636094],[130.627452,48.796332],[130.666433,48.841742],[130.676199,48.857693],[130.674083,48.871039],[130.650401,48.876654],[130.624766,48.874579],[130.564708,48.856228],[130.540619,48.853705],[130.511241,48.85578],[130.486339,48.863959],[130.475841,48.879747],[130.465017,48.891628],[130.439464,48.896755],[130.386485,48.896552],[130.337901,48.885606],[130.293224,48.870388],[130.249034,48.864814],[130.201589,48.88288],[130.03712,48.972235],[129.996593,49.002631],[129.97405,49.015408],[129.926199,49.025946],[129.913097,49.039822],[129.911388,49.059516],[129.920421,49.082099],[129.882904,49.100043],[129.862234,49.106757],[129.841238,49.109442],[129.845144,49.154324],[129.841238,49.167426],[129.824474,49.174425],[129.775645,49.177802],[129.755382,49.184516],[129.741628,49.19599],[129.737315,49.205756],[129.734793,49.239122],[129.710948,49.274441],[129.668875,49.279405],[129.618907,49.274482],[129.571544,49.280097],[129.551524,49.290717],[129.538666,49.304023],[129.53183,49.321804],[129.53004,49.369574],[129.527599,49.385118],[129.51946,49.397325],[129.501964,49.411078],[129.480398,49.421495],[129.4546,49.427558],[129.403087,49.430935],[129.378429,49.42532],[129.371186,49.410834],[129.372976,49.370144],[129.361746,49.350124],[129.34075,49.341376],[129.315929,49.344346],[129.271983,49.375515],[129.245209,49.386176],[129.217703,49.391059],[129.193614,49.38996],[129.170909,49.380642],[129.135753,49.354438],[129.115001,49.348985],[129.087494,49.352362],[129.066742,49.361925],[129.050304,49.377021],[129.014415,49.431342],[128.997813,49.441514],[128.946788,49.449774],[128.901785,49.471991],[128.878917,49.480007],[128.853282,49.48078],[128.809581,49.46894],[128.786388,49.465684],[128.759776,49.471137],[128.749929,49.484809],[128.753835,49.502753],[128.769054,49.520941],[128.779063,49.525336],[128.790131,49.527371],[128.799327,49.532091],[128.803152,49.544501],[128.802989,49.555365],[128.801524,49.565375],[128.796641,49.572699],[128.786388,49.575548],[128.759207,49.57807],[128.733979,49.584581],[128.686453,49.603461],[128.671479,49.61168],[128.665701,49.609687],[128.634939,49.578437],[128.628429,49.575548],[128.550955,49.58869],[128.38323,49.579617],[128.371674,49.575548],[128.364675,49.570014],[128.35255,49.554755],[128.344493,49.548204],[128.320079,49.54503],[128.267833,49.559027],[128.245128,49.551622],[128.224864,49.5421],[128.198171,49.539252],[128.092296,49.541815],[128.066905,49.546942],[128.046479,49.558458],[128.012218,49.587714],[127.991222,49.598985],[127.967784,49.603461],[127.955089,49.603298],[127.94752,49.601426],[127.94044,49.596137],[127.929779,49.585517],[127.920421,49.581366],[127.906993,49.580512],[127.854503,49.585069],[127.830577,49.594102],[127.809255,49.607367],[127.789561,49.623358],[127.769786,49.634101],[127.72169,49.648871],[127.703217,49.660915],[127.689708,49.681708],[127.686697,49.699164],[127.686046,49.717108],[127.679698,49.739366],[127.644054,49.767401],[127.538259,49.790229],[127.507823,49.822577],[127.506358,49.84455],[127.511322,49.86933],[127.520518,49.892035],[127.531993,49.907904],[127.533702,49.922716],[127.521251,49.941474],[127.494151,49.973456],[127.486339,50.025906],[127.506277,50.063747],[127.569835,50.130439],[127.580333,50.149359],[127.586518,50.167426],[127.589692,50.186591],[127.590343,50.209011]]]}},{"type":"Feature","properties":{"kind":"rivers","name":"Hailar","source":"Natural Earth 1:10m"},"geometry":{"type":"MultiLineString","coordinates":[[[117.873464,49.513495],[117.867931,49.488796],[117.873953,49.468044],[117.901378,49.430935],[117.905772,49.428656],[117.91212,49.42711],[117.917979,49.425076],[117.920502,49.421007],[117.920421,49.409939],[117.921479,49.404975],[117.924571,49.400499],[117.955496,49.380072],[117.964122,49.363471],[118.060476,49.307481],[118.100597,49.292426],[118.143647,49.290473],[118.188731,49.308051],[118.195974,49.316352],[118.199799,49.325263],[118.205658,49.332465],[118.219493,49.335313],[118.222341,49.338568],[118.227631,49.345567],[118.235606,49.352647],[118.246755,49.355821],[118.253184,49.360663],[118.264415,49.38996],[118.27296,49.396267],[118.372325,49.447699],[118.397634,49.452012],[118.419688,49.445014],[118.445242,49.431179],[118.470144,49.420925],[118.490326,49.42475],[118.504893,49.413764],[118.545909,49.399726],[118.56544,49.38996],[118.564382,49.376003],[118.597585,49.347602],[118.606456,49.332221],[118.60434,49.32331],[118.594493,49.313747],[118.592214,49.304958],[118.596202,49.29682],[118.603608,49.291815],[118.607188,49.287218],[118.59962,49.280097],[118.624278,49.274604],[118.634207,49.270087],[118.640636,49.260281],[118.6338,49.260688],[118.620046,49.259711],[118.613292,49.260281],[118.621593,49.249864],[118.631114,49.241319],[118.636974,49.232001],[118.6338,49.219306],[118.815684,49.219306],[118.820567,49.222357],[118.823741,49.229193],[118.828054,49.236029],[118.836029,49.239122],[118.84547,49.23546],[118.853526,49.228624],[118.861339,49.224473],[118.870616,49.229193],[118.879649,49.235541],[118.888927,49.236762],[118.908132,49.232937],[118.943451,49.220282],[118.949718,49.215888],[118.951264,49.203315],[118.956554,49.196072],[118.965831,49.192735],[119.058442,49.189236],[119.085704,49.191962],[119.155365,49.200466],[119.180593,49.210232],[119.192393,49.21247],[119.203705,49.210517],[119.229747,49.201239],[119.243256,49.198188],[119.255951,49.197821],[119.268647,49.199042],[119.280854,49.201687],[119.291596,49.205634],[119.351573,49.245632],[119.360606,49.256863],[119.368093,49.260077],[119.415294,49.260281],[119.427745,49.265326],[119.456716,49.287543],[119.506114,49.299262],[119.557872,49.29918],[119.754242,49.273871],[119.778819,49.275987],[119.823416,49.285427],[119.846609,49.287543],[119.896902,49.284003],[120.116466,49.235175],[120.145518,49.232937],[120.158376,49.228135],[120.164236,49.217353],[120.168386,49.205634],[120.175548,49.198188],[120.187755,49.197292],[120.195079,49.202338],[120.201101,49.208848],[120.209727,49.21247],[120.22462,49.212022],[120.232839,49.208808],[120.247813,49.195095],[120.259695,49.190619],[120.271983,49.192206],[120.284109,49.196072],[120.321788,49.200629],[120.344493,49.207587],[120.426199,49.251776],[120.559825,49.280097],[120.623139,49.307318],[120.638601,49.31863],[120.65919,49.329047],[120.685964,49.327908],[120.713634,49.323065],[120.737315,49.322333],[120.775076,49.345893],[120.783214,49.349636],[120.795421,49.35281],[120.866222,49.358466],[120.888764,49.364569],[120.943289,49.397773],[120.98406,49.414374],[121.028331,49.425645],[121.073009,49.430935],[121.083018,49.429023],[121.094819,49.425116],[121.107026,49.423367],[121.118175,49.427802],[121.143891,49.448798],[121.152273,49.452012],[121.17571,49.455105],[121.312918,49.503974],[121.337169,49.506659],[121.357351,49.512519],[121.375255,49.526313],[121.392182,49.542344],[121.408783,49.55504],[121.476573,49.585232],[121.495128,49.589219],[121.506114,49.592882],[121.532319,49.616523],[121.542247,49.621039],[121.624441,49.642157],[121.811534,49.644965],[121.824636,49.64997],[121.845307,49.666327],[121.868907,49.676215],[121.878429,49.678005],[121.978038,49.691677],[121.997976,49.699897],[122.032725,49.726833],[122.059011,49.735419],[122.094737,49.75373],[122.174734,49.784206],[122.28712,49.849311]]]}},{"type":"Feature","properties":{"kind":"rivers","name":"Nanweng","source":"Natural Earth 1:10m"},"geometry":{"type":"MultiLineString","coordinates":[[[124.639903,51.310614],[124.651296,51.306179],[124.862641,51.309272],[124.917654,51.300727],[124.99464,51.275987],[125.0206,51.272773],[125.046316,51.275702],[125.109955,51.300727],[125.136485,51.305121],[125.215831,51.300727],[125.241466,51.294989],[125.252615,51.280829],[125.259939,51.262641],[125.273936,51.244818],[125.293224,51.241889],[125.323253,51.242865],[125.351085,51.240668],[125.363292,51.228339],[125.371755,51.213324],[125.391775,51.202094],[125.43214,51.190212],[125.483816,51.187038],[125.505382,51.179633],[125.517589,51.149034],[125.52589,51.145575],[125.536143,51.143826],[125.545421,51.138699],[125.557384,51.133857],[125.563975,51.145046],[125.569347,51.169745],[125.58839,51.178087],[125.611095,51.179389],[125.651296,51.175889],[125.661794,51.178168],[125.677013,51.187934],[125.689057,51.190212],[125.727631,51.185329],[125.740001,51.186225],[125.799327,51.209906],[125.818858,51.213568],[125.843272,51.206122],[125.851085,51.188056],[125.855724,51.165473],[125.870372,51.144639],[125.888194,51.138983],[125.911632,51.134589],[125.928233,51.126492],[125.925141,51.109931],[125.956554,51.111436],[125.965912,51.109931],[125.980561,51.10574],[125.98406,51.104112],[125.982026,51.099555],[125.980154,51.08629],[125.98878,51.070258],[126.026378,51.051052],[126.034923,51.03852],[126.035818,51.029161],[126.040538,51.018744]]]}},{"type":"Feature","properties":{"kind":"rivers","name":"Amgun’","source":"Natural Earth 1:10m"},"geometry":{"type":"MultiLineString","coordinates":[[[134.331147,51.207302],[134.34075,51.191677],[134.345632,51.171658],[134.345876,51.151394],[134.341319,51.134955],[134.326427,51.114691],[134.306733,51.099921],[134.283702,51.090847],[134.232921,51.084052],[134.216319,51.073839],[134.190522,51.039374],[134.173839,51.023546],[134.13616,51.002468],[134.118256,50.98786],[134.108979,50.98253],[134.087332,50.97956],[134.077891,50.974473],[134.04713,50.943183],[134.030691,50.93244],[133.990815,50.9171],[133.974864,50.905951],[133.965587,50.902533],[133.953054,50.902411],[133.941905,50.900702],[133.937266,50.892279],[133.935802,50.882188],[133.923595,50.847602],[133.901296,50.815131],[133.86964,50.795925],[133.691824,50.738959],[133.649913,50.709784],[133.628184,50.669379],[133.625499,50.655585],[133.625092,50.649604],[133.635753,50.635321],[133.67628,50.597846],[133.691987,50.570828],[133.714692,50.57099],[133.740001,50.579413],[133.758067,50.589179],[133.785492,50.611151],[133.861908,50.635321],[134.119233,50.828803],[134.1963,50.870307],[134.265391,50.884589],[134.281993,50.894558],[134.297944,50.908555],[134.404389,50.956855],[134.42685,50.971706],[134.444021,51.009467],[134.462576,51.021064],[134.504812,51.035427],[134.546397,51.06269],[134.581554,51.074042],[134.608897,51.089667],[134.655365,51.101345],[134.675955,51.109931],[134.692393,51.123358],[134.700206,51.137763],[134.702647,51.154608],[134.702891,51.17536],[134.707286,51.203233],[134.718435,51.229926],[134.73406,51.252753],[134.751231,51.269355],[134.826671,51.314521],[135.11321,51.427558],[135.19866,51.441718],[135.29713,51.444932],[135.350678,51.440253],[135.402436,51.44184],[135.450125,51.459988],[135.465994,51.479315],[135.483653,51.532335],[135.497325,51.555935],[135.516043,51.575059],[135.527273,51.583075],[135.550955,51.589911],[135.560069,51.598904],[135.576427,51.621121],[135.611501,51.642849],[135.788503,51.685085],[135.91627,51.700141],[135.97877,51.723334],[135.995046,51.726874],[136.011729,51.733466],[136.044526,51.764838],[136.060313,51.775255],[136.053396,51.782091],[136.083018,51.799018],[136.091563,51.80626],[136.097097,51.816352],[136.093761,51.831122],[136.098155,51.840155],[136.116222,51.857123],[136.123057,51.865261],[136.129242,51.877712],[136.131277,51.888129],[136.130382,51.894721],[136.130463,51.901313],[136.135834,51.911811],[136.168468,51.954047],[136.175955,51.975898],[136.16684,51.998114],[136.165131,52.01557],[136.205984,52.050605],[136.218435,52.069444],[136.206554,52.076117],[136.202647,52.084174],[136.204845,52.104275],[136.207042,52.110053],[136.215831,52.113227],[136.218435,52.117947],[136.217784,52.123847],[136.211925,52.13227],[136.20989,52.161933],[136.211029,52.171942],[136.215831,52.182807],[136.221609,52.191718],[136.22405,52.200954],[136.218435,52.212836],[136.225027,52.224392],[136.236095,52.232856],[136.250255,52.23489],[136.266368,52.227118],[136.282725,52.238715],[136.310557,52.241726],[136.340017,52.239203],[136.380056,52.231269],[136.402192,52.231147],[136.426199,52.234402],[136.450613,52.24079],[136.47934,52.259589],[136.484874,52.264716],[136.488292,52.273546],[136.497081,52.276394],[136.508474,52.277655],[136.519542,52.281806],[136.53297,52.295274],[136.559011,52.331326],[136.574148,52.344428],[136.561941,52.351671],[136.536225,52.381659],[136.52589,52.387763],[136.515066,52.390326],[136.5053,52.394599],[136.498546,52.40587],[136.541515,52.404405],[136.562918,52.405951],[136.581554,52.412136],[136.638438,52.462266],[136.653331,52.463935],[136.668793,52.456366],[136.722748,52.441962],[136.742442,52.439399],[136.784597,52.440538],[136.801687,52.446601],[136.793875,52.460517],[136.811615,52.464667],[136.832286,52.457302],[136.854096,52.446153],[136.875255,52.439399],[136.937266,52.432563],[136.949229,52.435085],[136.971283,52.44477],[136.981944,52.446845],[137.026541,52.461982],[137.095795,52.531195],[137.135834,52.550482],[137.132742,52.554877],[137.130951,52.558376],[137.128429,52.561469],[137.122813,52.564765],[137.141368,52.57038],[137.204682,52.577582],[137.222179,52.574327],[137.230968,52.567206],[137.244314,52.559394],[137.258393,52.553046],[137.27003,52.550482],[137.285248,52.55329],[137.288829,52.560167],[137.288666,52.569159],[137.293549,52.577745],[137.30364,52.582628],[137.325694,52.586615],[137.335053,52.591417],[137.342459,52.599311],[137.341807,52.603624],[137.337576,52.609687],[137.335053,52.622748],[137.346934,52.623358],[137.401785,52.648505],[137.417654,52.660346],[137.417654,52.670478],[137.412364,52.678778],[137.413015,52.684638],[137.430675,52.687608],[137.438975,52.684638],[137.486095,52.657904],[137.498464,52.659044],[137.508393,52.666042],[137.512706,52.677436],[137.508067,52.685736],[137.499278,52.693793],[137.493744,52.703192],[137.499034,52.715603],[137.520274,52.72248],[137.547781,52.714057],[137.575694,52.701117],[137.598643,52.694444],[137.620372,52.697699],[137.662039,52.712104],[137.684581,52.715603],[137.793875,52.708808],[137.8213,52.713935],[137.838959,52.72602],[137.854584,52.739691],[137.876394,52.749701],[137.930186,52.750067],[137.959727,52.75373],[137.985037,52.776068],[138.014171,52.782172],[138.046153,52.784532],[138.068126,52.783271],[138.112397,52.763617],[138.138601,52.757636],[138.161062,52.766181],[138.176199,52.777696],[138.197276,52.789374],[138.2199,52.798774],[138.239513,52.803738],[138.254405,52.803331],[138.280203,52.797309],[138.294037,52.796902],[138.306244,52.801093],[138.329112,52.814968],[138.358328,52.822537],[138.424408,52.852118],[138.46046,52.860867],[138.472179,52.86579],[138.503673,52.886298],[138.523448,52.889594],[138.581065,52.917589],[138.630789,52.933458],[138.68214,52.94245],[138.724539,52.944037],[138.885509,52.931464],[138.979421,52.913601],[139.030528,52.910956],[139.058197,52.914374],[139.079275,52.924425],[139.088308,52.927191],[139.105886,52.920111],[139.113373,52.922919],[139.129242,52.941514],[139.138113,52.948269],[139.150645,52.953966],[139.215912,52.959744],[139.226329,52.957099],[139.232921,52.947374],[139.24822,52.949571],[139.280935,52.96015],[139.290538,52.95836],[139.295014,52.954169],[139.297781,52.949652],[139.302175,52.94656],[139.342377,52.940294],[139.418224,52.919216],[139.493907,52.919216],[139.514578,52.923448],[139.546967,52.942247],[139.565929,52.94656],[139.590912,52.943142],[139.605724,52.93476],[139.618337,52.923855],[139.63795,52.913031],[139.660818,52.909369],[139.676524,52.917019],[139.706391,52.953192]]]}},{"type":"Feature","properties":{"kind":"rivers","name":"Chaor","source":"Natural Earth 1:10m"},"geometry":{"type":"MultiLineString","coordinates":[[[121.826752,48.784206],[121.877452,48.762478],[121.892507,48.750556],[121.920339,48.721747],[121.937266,48.707546],[121.95574,48.697821],[122.017507,48.684434],[122.037608,48.677069],[122.040457,48.663031],[122.069835,48.617214],[122.135753,48.526557],[122.143321,48.509345],[122.151134,48.47016],[122.159679,48.454901],[122.179779,48.440985],[122.187755,48.433132],[122.193614,48.411811],[122.199636,48.402655],[122.206472,48.395087],[122.211436,48.390692],[122.222992,48.385281],[122.248139,48.380805],[122.259288,48.37641],[122.265717,48.368964],[122.275483,48.34809],[122.29892,48.321234],[122.298106,48.308905],[122.288829,48.295111],[122.279714,48.273383],[122.278331,48.249701],[122.29005,48.21251],[122.293386,48.194525],[122.297374,48.181464],[122.307221,48.173407],[122.350515,48.15766],[122.362315,48.15058],[122.371755,48.140977],[122.383311,48.126573],[122.420909,48.101874],[122.467784,48.100694],[122.559093,48.122382],[122.603526,48.118598],[122.650076,48.096462],[122.69101,48.0633],[122.718435,48.026231],[122.72047,48.001776],[122.718028,47.969997],[122.723399,47.94245],[122.775645,47.918891],[122.778819,47.890896],[122.766205,47.831407],[122.773041,47.776475],[122.793793,47.724677],[122.832612,47.684394],[122.845795,47.660671],[122.834565,47.636542],[122.843028,47.618109],[122.847667,47.590399],[122.846609,47.565009],[122.83489,47.548774],[122.833914,47.536933],[122.835134,47.524197],[122.83839,47.51614],[122.876069,47.485704],[122.889252,47.469102],[122.906993,47.431016],[122.977957,47.355333],[123.050304,47.296698],[123.070811,47.265977],[123.077647,47.26203],[123.100352,47.241278],[123.108328,47.231879],[123.114024,47.213162],[123.115245,47.187812],[123.112234,47.165635],[123.105154,47.156114],[123.121104,47.149522],[123.163585,47.101508],[123.393077,46.973456],[123.42864,46.961371],[123.452403,46.957872],[123.491954,46.957384],[123.507335,46.955268],[123.519135,46.950019]]]}},{"type":"Feature","properties":{"kind":"rivers","name":"Bikin","source":"Natural Earth 1:10m"},"geometry":{"type":"MultiLineString","coordinates":[[[136.999278,47.067328],[137.010916,47.0987],[137.040457,47.125678],[137.142345,47.185411],[137.162039,47.194159],[137.182709,47.19953],[137.206147,47.199286],[137.231293,47.19363],[137.276866,47.17536],[137.299246,47.164374],[137.309825,47.157172],[137.318126,47.148546],[137.323416,47.134955],[137.326589,47.119656],[137.331391,47.105414],[137.341889,47.094672],[137.314708,47.05032],[137.321707,47.041571],[137.35377,47.021999],[137.363048,47.012763],[137.365652,46.985297],[137.356456,46.927069],[137.363048,46.902899],[137.35255,46.885525],[137.338959,46.875556],[137.32366,46.867133],[137.307872,46.854438],[137.285492,46.82921],[137.271902,46.81745],[137.253835,46.806667],[137.222341,46.794135],[137.215343,46.789903],[137.205658,46.780341],[137.203054,46.77615],[137.20574,46.748847],[137.210541,46.731472],[137.211681,46.721015],[137.214447,46.714911],[137.220795,46.710639],[137.227794,46.707384],[137.232026,46.704291],[137.240164,46.690294],[137.238862,46.673204],[137.235444,46.668077],[137.218272,46.653835],[137.211681,46.649604],[137.061453,46.607449],[137.044444,46.607123],[137.023448,46.610663],[137.004324,46.610216],[136.991791,46.597846],[136.999522,46.593207],[137.006358,46.586982],[137.01116,46.579291],[137.01295,46.570583],[137.007335,46.564032],[136.988455,46.563747],[136.991791,46.556912],[136.970714,46.548529],[136.947195,46.532253],[136.922781,46.520697],[136.899425,46.526435],[136.877615,46.537421],[136.747813,46.570665],[136.72698,46.581326],[136.707937,46.613064],[136.683197,46.619574],[136.52589,46.624579],[136.430186,46.643378],[136.396495,46.6553],[136.382335,46.65766],[136.340912,46.656684],[136.33074,46.660753],[136.313731,46.674506],[136.291921,46.687608],[136.267996,46.69831],[136.245128,46.704861],[136.14446,46.705024],[136.118582,46.715684],[136.09669,46.7296],[136.062999,46.743964],[136.028901,46.751736],[136.004893,46.745795],[135.982188,46.755154],[135.96046,46.749376],[135.939708,46.738593],[135.919688,46.732733],[135.875662,46.728949],[135.834402,46.719102],[135.790538,46.708441],[135.742442,46.704861],[135.717296,46.711046],[135.69752,46.723904],[135.67685,46.734076],[135.649343,46.732733],[135.64267,46.726833],[135.635753,46.716417],[135.627045,46.706163],[135.615245,46.700873],[135.60255,46.701036],[135.572276,46.706732],[135.560151,46.711127],[135.53476,46.714911],[135.509858,46.706366],[135.487885,46.691514],[135.454682,46.661485],[135.44866,46.653835],[135.443289,46.642157],[135.441417,46.629747],[135.442149,46.618923],[135.440929,46.608507],[135.433442,46.597764],[135.382823,46.547675],[135.361339,46.532986],[135.310313,46.517279],[135.048432,46.570176],[135.037201,46.567939],[135.032481,46.55683],[135.026134,46.549587],[135.011811,46.549587],[134.98463,46.553412],[134.965261,46.545722],[134.929454,46.52379],[134.905528,46.519314],[134.876475,46.520697],[134.85255,46.524726],[134.806407,46.53974],[134.758474,46.549994],[134.709565,46.549343],[134.579194,46.52322],[134.456065,46.47488],[134.444591,46.477973],[134.428966,46.492011],[134.424897,46.498562],[134.418956,46.513943],[134.416026,46.519314],[134.409923,46.523464],[134.394623,46.529486],[134.389334,46.532986],[134.394054,46.542914],[134.393077,46.551622],[134.388194,46.559394],[134.381358,46.566474],[134.366954,46.57449],[134.356375,46.572537],[134.347748,46.567572],[134.340343,46.566474],[134.327566,46.579291],[134.331391,46.595771],[134.354015,46.629177],[134.362071,46.64997],[134.364268,46.669704],[134.36142,46.711046],[134.362071,46.72252],[134.36378,46.731757],[134.364268,46.739081],[134.36142,46.745185],[134.348725,46.752875],[134.33782,46.7508],[134.326427,46.745958],[134.312999,46.745185],[134.296886,46.753607],[134.250987,46.800482],[134.229015,46.813788],[134.210053,46.818671],[134.191173,46.817694],[134.114757,46.798896],[134.093842,46.800482],[134.052989,46.820909],[134.047293,46.828559],[134.039236,46.854438]]]}},{"type":"Feature","properties":{"kind":"rivers","name":"Argun’","source":"Natural Earth 1:10m"},"geometry":{"type":"MultiLineString","coordinates":[[[121.405365,53.317084],[121.357432,53.324327],[121.340587,53.32392],[121.328054,53.320258],[121.299571,53.302802],[121.253184,53.287177],[121.203136,53.276964],[121.151541,53.274726],[121.054698,53.290229],[120.873953,53.280463],[120.84547,53.273749],[120.825694,53.262152],[120.830089,53.245063],[120.82366,53.235541],[120.750906,53.207221],[120.713796,53.18537],[120.651785,53.123114],[120.61435,53.097357],[120.527436,53.056016],[120.450043,53.008612],[120.391612,52.957099],[120.361827,52.939643],[120.35377,52.933458],[120.346202,52.923774],[120.342214,52.915717],[120.337006,52.907904],[120.326427,52.899359],[120.302013,52.891466],[120.290294,52.885606],[120.285492,52.875108],[120.279877,52.866156],[120.267019,52.858425],[120.252045,52.852973],[120.21933,52.845242],[120.177013,52.818183],[120.155691,52.809353],[120.065684,52.783515],[120.032725,52.760932],[120.045828,52.734239],[120.043793,52.723741],[120.05128,52.704901],[120.052664,52.693305],[120.036388,52.668402],[120.032237,52.659125],[120.029877,52.639716],[120.033376,52.625596],[120.042247,52.613715],[120.056082,52.600775],[120.079112,52.590196],[120.112722,52.584784],[120.175548,52.584052],[120.197846,52.589423],[120.24171,52.607489],[120.260834,52.611396],[120.367279,52.61754],[120.389171,52.622504],[120.429617,52.636339],[120.453624,52.639268],[120.463634,52.636298],[120.491466,52.61754],[120.539236,52.603868],[120.608409,52.574286],[120.654226,52.567247],[120.707042,52.550605],[120.723643,52.542426],[120.707774,52.518419],[120.7046,52.509467],[120.703705,52.498114],[120.701671,52.488959],[120.692312,52.474921],[120.690115,52.470404],[120.690115,52.439399],[120.681244,52.423285],[120.660085,52.399034],[120.655935,52.381659],[120.651866,52.372748],[120.642833,52.366563],[120.633311,52.362087],[120.628022,52.3581],[120.625987,52.347113],[120.628917,52.341132],[120.633311,52.335761],[120.635509,52.326443],[120.654552,52.299384],[120.73878,52.256903],[120.757823,52.237657],[120.756765,52.228095],[120.752045,52.212022],[120.750906,52.203233],[120.753429,52.19477],[120.766368,52.179796],[120.771495,52.171942],[120.777192,52.165229],[120.78297,52.162218],[120.783946,52.158271],[120.775076,52.148627],[120.770925,52.141221],[120.770925,52.132758],[120.773936,52.124538],[120.778901,52.117947],[120.766368,52.10871],[120.752615,52.086615],[120.74464,52.076931],[120.731863,52.070502],[120.717784,52.06684],[120.705496,52.061347],[120.696869,52.049018],[120.695974,52.034735],[120.700857,52.023139],[120.707286,52.012722],[120.711192,52.001817],[120.710541,51.988593],[120.705577,51.980251],[120.683442,51.959581],[120.661713,51.92532],[120.64739,51.911322],[120.624604,51.905585],[120.578543,51.908026],[120.56601,51.905585],[120.555756,51.898627],[120.549083,51.890733],[120.540945,51.883328],[120.526296,51.877712],[120.511485,51.87641],[120.501882,51.877509],[120.492931,51.875922],[120.480561,51.867133],[120.475841,51.859402],[120.471202,51.849311],[120.464692,51.840522],[120.453624,51.836737],[120.427257,51.83393],[120.40797,51.826361],[120.374115,51.802558],[120.319021,51.776231],[120.181163,51.683214],[120.165294,51.668809],[120.153575,51.664252],[120.122,51.667426],[120.107921,51.665391],[120.10019,51.660224],[120.085541,51.644639],[120.064708,51.61518],[120.056407,51.596706],[120.053233,51.577257],[120.052664,51.552436],[120.041921,51.538764],[119.991954,51.503485],[119.977061,51.487331],[119.973888,51.464423],[119.980235,51.45307],[119.982432,51.44245],[119.966889,51.422146],[119.95989,51.412543],[119.956635,51.404853],[119.952647,51.397976],[119.9428,51.391059],[119.89503,51.384223],[119.899832,51.370469],[119.912364,51.349921],[119.915457,51.331],[119.891612,51.322821],[119.882904,51.318305],[119.860362,51.289252],[119.850352,51.284532],[119.828543,51.279975],[119.819347,51.27501],[119.815929,51.269314],[119.805675,51.244249],[119.809093,51.232937],[119.814464,51.223009],[119.814708,51.216132],[119.802257,51.213568],[119.771983,51.218777],[119.761974,51.215399],[119.757823,51.199286],[119.785167,51.171942],[119.772472,51.16295],[119.766775,51.15998],[119.757823,51.158311],[119.765066,51.142686],[119.761485,51.128485],[119.754405,51.114569],[119.750499,51.100287],[119.747976,51.083686],[119.740733,51.071845],[119.728119,51.064805],[119.709972,51.06269],[119.709972,51.038886],[119.682872,51.016303],[119.603933,50.978461],[119.593679,50.969794],[119.572846,50.946072],[119.517589,50.905056],[119.529796,50.887315],[119.527843,50.867011],[119.515554,50.848415],[119.497081,50.836208],[119.513764,50.813585],[119.514659,50.792263],[119.504487,50.7508],[119.496511,50.737331],[119.45696,50.69656],[119.442475,50.685329],[119.417572,50.676581],[119.403738,50.673529],[119.391368,50.672309],[119.382823,50.666856],[119.373546,50.643012],[119.364024,50.637519],[119.348643,50.634955],[119.340831,50.628363],[119.335053,50.619493],[119.325857,50.610216],[119.313569,50.604844],[119.302826,50.602973],[119.293224,50.599433],[119.28476,50.589179],[119.286225,50.577948],[119.264415,50.52029],[119.260265,50.514268],[119.253998,50.509833],[119.25058,50.504828],[119.254242,50.49726],[119.258881,50.493476],[119.262136,50.492214],[119.263927,50.489814],[119.264415,50.483018],[119.260916,50.479519],[119.243256,50.445746],[119.215831,50.425157],[119.206472,50.415351],[119.198253,50.413357],[119.167491,50.414374],[119.154552,50.411566],[119.146414,50.404486],[119.137218,50.392768],[119.13323,50.381781],[119.14088,50.376899],[119.171641,50.375922],[119.180186,50.370063],[119.174897,50.356391],[119.187755,50.355007],[119.21339,50.356798],[119.223399,50.356391],[119.232921,50.352973],[119.246104,50.344428],[119.250499,50.342719],[119.314057,50.351996],[119.333344,50.350165],[119.35255,50.345771],[119.356375,50.34101],[119.363455,50.31977],[119.365326,50.311103],[119.362071,50.304389],[119.350108,50.301785],[119.338308,50.294257],[119.333507,50.276435],[119.331391,50.217597],[119.333995,50.211371],[119.343272,50.20246],[119.346934,50.19538],[119.348074,50.184882],[119.343679,50.142686],[119.337494,50.124376],[119.328298,50.108222],[119.315929,50.092882],[119.300955,50.080024],[119.250662,50.048529],[119.222992,50.025214],[119.208344,50.015408],[119.189382,50.007514],[119.091319,49.986884],[118.990164,49.9796],[118.962332,49.982286],[118.94752,49.98546],[118.935476,49.989854],[118.923595,49.991889],[118.912608,49.987982],[118.902273,49.982449],[118.891124,49.9796],[118.791433,49.96662],[118.741222,49.953396],[118.712494,49.949734],[118.670339,49.962348],[118.644135,49.954861],[118.59962,49.93122],[118.570323,49.921007],[118.554291,49.91002],[118.520925,49.894232],[118.497651,49.877021],[118.490326,49.869737],[118.486095,49.860948],[118.480724,49.842719],[118.476654,49.836249],[118.455577,49.828925],[118.393565,49.820258],[118.380463,49.811713],[118.372651,49.786566],[118.353282,49.776719],[118.328543,49.773301],[118.304779,49.767361],[118.241466,49.729438],[118.229096,49.729438],[118.223074,49.712348],[118.207774,49.695665],[118.18808,49.681505],[118.168224,49.671739],[118.105968,49.652045],[118.088878,49.640448],[118.070893,49.625352],[118.054617,49.614325],[118.016775,49.596015],[117.930431,49.567654],[117.893565,49.546902],[117.873464,49.513495]]]}},{"type":"Feature","properties":{"kind":"rivers","name":"Heilong Jiang","source":"Natural Earth 1:10m"},"geometry":{"type":"MultiLineString","coordinates":[[[127.590343,50.209011],[127.578136,50.220811],[127.404389,50.276231],[127.35434,50.298896],[127.33017,50.328437],[127.331554,50.340399],[127.337332,50.352973],[127.34547,50.364691],[127.354503,50.373806],[127.358409,50.381619],[127.359304,50.393134],[127.358165,50.415351],[127.348888,50.426459],[127.304291,50.451728],[127.288666,50.466254],[127.302419,50.477891],[127.309988,50.488634],[127.323416,50.514024],[127.333425,50.525255],[127.356456,50.544867],[127.36435,50.554999],[127.36671,50.57807],[127.358409,50.605292],[127.343435,50.627997],[127.326752,50.637519],[127.294526,50.666693],[127.288666,50.675401],[127.286794,50.682196],[127.283376,50.688544],[127.282156,50.695095],[127.285655,50.702745],[127.289561,50.708604],[127.292979,50.715644],[127.295339,50.72309],[127.296153,50.730333],[127.28712,50.751288],[127.26588,50.76435],[127.240815,50.77497],[127.220307,50.788398],[127.143972,50.903754],[127.110444,50.931749],[127.046804,50.967475],[127.031993,50.972724],[126.980886,51.02794],[126.945974,51.048651],[126.93157,51.064032],[126.925548,51.08629],[126.922781,51.108222],[126.909272,51.146308],[126.90504,51.164496],[126.903575,51.19363],[126.904796,51.20836],[126.908702,51.221951],[126.915945,51.233018],[126.946707,51.258368],[126.967703,51.281806],[126.97755,51.29682],[126.980886,51.309149],[126.971772,51.324286],[126.954275,51.329861],[126.934174,51.329047],[126.917003,51.325019],[126.908132,51.321479],[126.899018,51.316759],[126.891043,51.310736],[126.884939,51.303168],[126.884532,51.295925],[126.888764,51.289618],[126.892589,51.282253],[126.890391,51.271755],[126.86964,51.252021],[126.84547,51.251736],[126.823416,51.265896],[126.808686,51.289374],[126.806814,51.308417],[126.813731,51.325222],[126.826752,51.339219],[126.843028,51.349636],[126.860444,51.354193],[126.879893,51.356472],[126.897227,51.36225],[126.908702,51.377265],[126.909109,51.391384],[126.901785,51.401231],[126.88974,51.407294],[126.876557,51.410183],[126.825694,51.412299],[126.800141,51.419257],[126.788992,51.436103],[126.79241,51.459337],[126.80128,51.477484],[126.830089,51.508368],[126.80714,51.534451],[126.77532,51.545966],[126.700206,51.563015],[126.676524,51.576931],[126.674815,51.58865],[126.703624,51.613878],[126.723399,51.636176],[126.724132,51.649848],[126.715424,51.663438],[126.707123,51.685858],[126.710541,51.686306],[126.717459,51.69123],[126.724539,51.697821],[126.72755,51.703315],[126.725352,51.709052],[126.715424,51.7178],[126.71339,51.723456],[126.66212,51.73371],[126.647634,51.741523],[126.445811,51.982856],[126.438975,51.998114],[126.447032,52.01907],[126.466726,52.031928],[126.491303,52.039089],[126.514089,52.042792],[126.514089,52.049018],[126.51946,52.061591],[126.550955,52.113227],[126.555675,52.130927],[126.530854,52.15294],[126.493663,52.161485],[126.453054,52.16588],[126.350352,52.192003],[126.33253,52.19363],[126.316417,52.200019],[126.309093,52.214138],[126.311697,52.228217],[126.391775,52.264594],[126.438975,52.27558],[126.420665,52.287543],[126.344249,52.302924],[126.31544,52.316474],[126.344005,52.357856],[126.350515,52.377224],[126.343272,52.391669],[126.312429,52.41767],[126.295909,52.435492],[126.288829,52.450263],[126.275808,52.463568],[126.246593,52.466132],[126.216401,52.465033],[126.200043,52.467353],[126.20045,52.486762],[126.210053,52.511746],[126.211925,52.533271],[126.170095,52.547878],[126.082286,52.593614],[126.068451,52.595649],[126.062266,52.58747],[126.058849,52.575751],[126.050385,52.571479],[126.039236,52.569892],[126.027761,52.566677],[126.008881,52.568671],[125.990652,52.586737],[125.977061,52.611029],[125.972748,52.631863],[125.982514,52.653388],[126.002371,52.665717],[126.027273,52.671454],[126.052257,52.672797],[126.068451,52.680203],[126.061534,52.696967],[126.034923,52.727403],[126.048595,52.737372],[126.065684,52.744452],[126.10377,52.754706],[126.08782,52.775662],[126.066417,52.783474],[126.017507,52.78266],[126.007091,52.778876],[125.984955,52.764838],[125.976573,52.765245],[125.867198,52.849636],[125.860769,52.856309],[125.856619,52.864569],[125.857188,52.874701],[125.86142,52.881659],[125.863455,52.888861],[125.856619,52.899359],[125.837006,52.906928],[125.736257,52.896064],[125.691335,52.881537],[125.668386,52.878241],[125.646251,52.885118],[125.646902,52.90119],[125.660655,52.919623],[125.67864,52.933458],[125.688243,52.936713],[125.710704,52.941474],[125.719656,52.94656],[125.72405,52.95307],[125.733165,52.981879],[125.678233,53.005927],[125.649913,53.023627],[125.637706,53.046454],[125.621023,53.062364],[125.583751,53.05919],[125.521007,53.04267],[125.499278,53.050849],[125.476166,53.083767],[125.456065,53.091132],[125.427745,53.094997],[125.127045,53.206855],[125.073416,53.21251],[125.019054,53.211005],[124.918956,53.194159],[124.897472,53.185818],[124.879975,53.172797],[124.878835,53.15412],[124.891531,53.134467],[124.895925,53.117865],[124.869884,53.108222],[124.847748,53.113959],[124.821788,53.147528],[124.800955,53.155382],[124.747,53.147976],[124.719737,53.149115],[124.698009,53.162869],[124.695323,53.17003],[124.696544,53.176581],[124.695974,53.184027],[124.687999,53.193915],[124.678396,53.199571],[124.651378,53.209052],[124.639903,53.210639],[124.527843,53.210639],[124.500255,53.213935],[124.453624,53.228461],[124.40797,53.235948],[124.383393,53.246405],[124.35963,53.259711],[124.342214,53.272732],[124.32545,53.30622],[124.320974,53.310004],[124.304454,53.329291],[124.293224,53.351589],[124.275076,53.364936],[124.252615,53.3758],[124.232351,53.381944],[124.208507,53.382921],[124.182058,53.37877],[124.157481,53.370307],[124.139903,53.3581],[124.121593,53.352973],[124.100108,53.363593],[124.068451,53.389919],[124.055431,53.395209],[124.029714,53.400255],[124.0171,53.407294],[124.009776,53.414984],[123.98935,53.441718],[123.970307,53.45543],[123.876394,53.488959],[123.849864,53.495307],[123.731944,53.504014],[123.701427,53.510321],[123.677419,53.52029],[123.639171,53.551581],[123.614024,53.563666],[123.591563,53.558132],[123.560639,53.524482],[123.541596,53.51435],[123.519135,53.52029],[123.532319,53.532782],[123.539154,53.53738],[123.54713,53.540798],[123.535085,53.554958],[123.514171,53.56269],[123.494558,53.56037],[123.485769,53.544216],[123.485037,53.526313],[123.481293,53.518337],[123.471202,53.519232],[123.431407,53.536078],[123.419688,53.538764],[123.379893,53.543077],[123.367605,53.546088],[123.339854,53.561713],[123.309255,53.567735],[123.277192,53.56977],[123.252371,53.568061],[123.234386,53.560614],[123.203054,53.538601],[123.179698,53.530707],[123.163992,53.516628],[123.153331,53.513454],[123.002208,53.507636],[122.859304,53.474229],[122.470876,53.465033],[122.424897,53.452704],[122.401378,53.451239],[122.379405,53.461941],[122.357595,53.479804],[122.337413,53.491563],[122.316742,53.496283],[122.293386,53.492987],[122.225515,53.474189],[122.168468,53.469346],[122.147553,53.461371],[122.107839,53.438341],[122.081391,53.429755],[121.888682,53.430935],[121.640717,53.385199],[121.511811,53.330105],[121.458507,53.320746],[121.405365,53.317084]]]}},{"type":"Feature","properties":{"kind":"rivers","name":"Nen","source":"Natural Earth 1:10m"},"geometry":{"type":"MultiLineString","coordinates":[[[126.040538,51.018744],[126.043875,50.999864],[126.048595,50.992214],[126.053315,50.986355],[126.056082,50.98017],[126.053803,50.960557],[126.044932,50.943061],[126.031179,50.928534],[126.014415,50.918158],[126.020518,50.911322],[126.018158,50.90766],[126.000662,50.901679],[125.994558,50.89411],[125.992931,50.884223],[125.990001,50.875108],[125.980154,50.870307],[125.962983,50.885688],[125.951427,50.892524],[125.946218,50.887722],[125.944021,50.878119],[125.939057,50.869574],[125.932221,50.86225],[125.925141,50.856635],[125.917003,50.861151],[125.908376,50.862494],[125.899913,50.860867],[125.89088,50.856635],[125.898448,50.852322],[125.903575,50.847439],[125.911794,50.836208],[125.895844,50.82807],[125.846609,50.794542],[125.836355,50.784695],[125.823741,50.766669],[125.767833,50.767768],[125.753673,50.754218],[125.761811,50.743964],[125.799571,50.713406],[125.808442,50.695868],[125.802745,50.690619],[125.782481,50.675482],[125.784434,50.672309],[125.79005,50.666815],[125.802013,50.637519],[125.809581,50.596788],[125.809093,50.56212],[125.793061,50.534247],[125.753673,50.514024],[125.741222,50.511664],[125.72169,50.510443],[125.71282,50.507188],[125.705496,50.50019],[125.694021,50.482733],[125.689057,50.479315],[125.680186,50.477484],[125.667654,50.473212],[125.656749,50.467841],[125.651866,50.462836],[125.646495,50.452582],[125.633718,50.448065],[125.586436,50.440985],[125.574474,50.436225],[125.569347,50.428738],[125.572683,50.405341],[125.572032,50.393907],[125.565929,50.394232],[125.54184,50.406521],[125.530528,50.39293],[125.521007,50.342719],[125.513276,50.324897],[125.506114,50.314032],[125.497081,50.30919],[125.487315,50.306749],[125.474864,50.300482],[125.464122,50.292426],[125.459483,50.284369],[125.456716,50.272284],[125.45045,50.266628],[125.443614,50.262274],[125.438975,50.253974],[125.442882,50.246161],[125.451182,50.238715],[125.453298,50.231879],[125.438975,50.22602],[125.442556,50.211046],[125.434011,50.200629],[125.418061,50.194525],[125.384776,50.189805],[125.342784,50.164618],[125.359304,50.144477],[125.342377,50.128974],[125.31544,50.124457],[125.30128,50.137274],[125.288015,50.12934],[125.274425,50.117743],[125.264171,50.105658],[125.260265,50.0963],[125.263438,50.09516],[125.277924,50.074083],[125.280772,50.069037],[125.292654,50.06623],[125.316905,50.066352],[125.329112,50.062201],[125.311046,50.051134],[125.29184,50.049669],[125.250011,50.054755],[125.243337,50.050971],[125.251475,50.042914],[125.26295,50.035712],[125.2671,50.034247],[125.274832,50.029161],[125.281993,50.026231],[125.288666,50.022284],[125.295014,50.014431],[125.288259,50.004421],[125.280284,49.997911],[125.269786,49.99433],[125.256847,49.993272],[125.247813,49.988837],[125.232595,49.967231],[125.225515,49.959093],[125.199311,49.956366],[125.18629,49.951606],[125.188243,49.941759],[125.197846,49.934272],[125.217459,49.92414],[125.225515,49.918158],[125.223643,49.90058],[125.237071,49.888007],[125.24464,49.87698],[125.225515,49.863593],[125.234386,49.847927],[125.216319,49.840522],[125.190684,49.833564],[125.177745,49.818874],[125.182628,49.811103],[125.193858,49.806342],[125.206635,49.80268],[125.215831,49.798041],[125.222992,49.786892],[125.223562,49.776231],[125.219249,49.75373],[125.219249,49.668036],[125.215587,49.66116],[125.206716,49.653144],[125.196544,49.646552],[125.188243,49.643866],[125.178966,49.646837],[125.162039,49.660712],[125.150971,49.664333],[125.124929,49.656521],[125.130382,49.63642],[125.147634,49.61933],[125.163015,49.620551],[125.174734,49.614325],[125.195079,49.599799],[125.201264,49.591986],[125.206472,49.578315],[125.212413,49.568142],[125.220144,49.562323],[125.228282,49.559597],[125.235362,49.554267],[125.239757,49.540798],[125.233328,49.5421],[125.222992,49.532091],[125.218272,49.519599],[125.22934,49.513495],[125.230072,49.502143],[125.2671,49.438341],[125.263764,49.426866],[125.245535,49.400946],[125.239757,49.38996],[125.240489,49.378607],[125.251069,49.35456],[125.253429,49.3428],[125.244884,49.321072],[125.230398,49.30154],[125.222179,49.285427],[125.232921,49.273871],[125.227061,49.264187],[125.222097,49.258734],[125.219249,49.260281],[125.218435,49.258979],[125.218028,49.239814],[125.219249,49.239122],[125.219493,49.23432],[125.225352,49.231024],[125.225515,49.22545],[125.222667,49.219916],[125.214122,49.211615],[125.208995,49.203396],[125.200287,49.195136],[125.190033,49.187771],[125.181407,49.184516],[125.173432,49.180487],[125.164073,49.159695],[125.157807,49.150987],[125.135265,49.13878],[125.112641,49.135037],[125.062266,49.136746],[125.050385,49.140977],[125.041026,49.150417],[125.030935,49.164008],[124.954682,49.165554],[124.902354,49.177191],[124.87322,49.17829],[124.86378,49.17532],[124.856049,49.16767],[124.851085,49.157538],[124.849294,49.147284],[124.845714,49.136501],[124.837006,49.129584],[124.827891,49.123562],[124.822032,49.115668],[124.823009,49.081488],[124.8213,49.060818],[124.811534,49.044257],[124.797537,49.030544],[124.786143,49.014757],[124.698009,48.849392],[124.674897,48.83157],[124.669363,48.821845],[124.657481,48.794135],[124.632498,48.761908],[124.621593,48.741889],[124.624034,48.725857],[124.618256,48.714871],[124.615896,48.699164],[124.615896,48.667507],[124.613292,48.652371],[124.606863,48.638617],[124.589366,48.615912],[124.53769,48.571601],[124.531342,48.55919],[124.533376,48.547553],[124.54835,48.519802],[124.533295,48.501532],[124.53712,48.484198],[124.543875,48.466742],[124.53769,48.448065],[124.53004,48.431464],[124.526134,48.388536],[124.520437,48.368964],[124.54713,48.352159],[124.559093,48.314765],[124.561941,48.236151],[124.54835,48.205105],[124.543875,48.201239],[124.527843,48.190863],[124.526134,48.183905],[124.526541,48.178575],[124.527761,48.174506],[124.527843,48.170966],[124.524669,48.142646],[124.520274,48.128607],[124.510509,48.122504],[124.494151,48.119249],[124.482026,48.111518],[124.471283,48.102484],[124.458914,48.095242],[124.406668,48.083319],[124.381114,48.07156],[124.370209,48.050482],[124.365733,48.029242],[124.354991,48.01793],[124.341563,48.010077],[124.329112,47.998969],[124.325776,47.990261],[124.322358,47.969306],[124.31837,47.961493],[124.291515,47.941677],[124.283946,47.934434],[124.28183,47.920762],[124.288259,47.902777],[124.298839,47.88581],[124.308116,47.875515],[124.245535,47.804389],[124.230154,47.778144],[124.219249,47.765652],[124.246674,47.75255],[124.239187,47.736762],[124.230724,47.726589],[124.2199,47.719062],[124.205089,47.711005],[124.205333,47.708848],[124.204112,47.704169],[124.199229,47.69949],[124.159272,47.690009],[124.153575,47.687445],[124.106537,47.64289],[124.089692,47.615831],[124.095225,47.58808],[124.080577,47.579454],[124.04127,47.546495],[124.032644,47.543036],[124.013276,47.54031],[123.985932,47.526679],[123.94752,47.50141],[123.933686,47.488145],[123.931163,47.486396],[123.928396,47.483954],[123.924571,47.478217],[123.922862,47.470974],[123.924571,47.454698],[123.921153,47.447821],[123.893647,47.432196],[123.881602,47.422065],[123.87672,47.406277],[123.88087,47.397895],[123.899099,47.389716],[123.903412,47.379584],[123.901378,47.372504],[123.896495,47.366482],[123.891775,47.36168],[123.889659,47.358466],[123.891043,47.352484],[123.896007,47.339219],[123.897227,47.331488],[123.891043,47.320421],[123.878917,47.308621],[123.870942,47.296942],[123.87672,47.286444],[123.859874,47.253445],[123.848888,47.243232],[123.828298,47.231879],[123.82073,47.248725],[123.8095,47.250678],[123.763682,47.226101],[123.751231,47.221788],[123.690115,47.208848],[123.677419,47.204535],[123.644542,47.181586],[123.628998,47.176581],[123.608328,47.176459],[123.598237,47.178656],[123.595225,47.17475],[123.604991,47.04621],[123.597585,47.018134],[123.574474,47.026394],[123.51295,46.937038],[123.472992,46.85753],[123.465831,46.834581]]]}},{"type":"Feature","properties":{"kind":"rivers","name":"Di’er Songhua","source":"Natural Earth 1:10m"},"geometry":{"type":"MultiLineString","coordinates":[[[123.465831,46.834581],[123.476654,46.823676],[123.489187,46.817206],[123.503998,46.814276],[123.52296,46.813503],[123.54184,46.815782],[123.548106,46.822455],[123.549815,46.83336],[123.553966,46.848253],[123.562999,46.86518],[123.570404,46.873236],[123.579112,46.875556],[123.591563,46.875556],[123.593761,46.869208],[123.613048,46.84101],[123.612315,46.834581],[123.604747,46.832058],[123.599294,46.825751],[123.595876,46.817735],[123.5949,46.810085],[123.598399,46.806749],[123.655935,46.806098],[123.671153,46.800238],[123.677419,46.783067],[123.685069,46.784857],[123.701752,46.775702],[123.751882,46.738471],[123.773692,46.717312],[123.766612,46.703803],[123.762218,46.690253],[123.759939,46.675808],[123.759044,46.63935],[123.759369,46.635321],[123.762543,46.628119],[123.771658,46.615058],[123.773692,46.611151],[123.776378,46.59455],[123.78297,46.587104],[123.79184,46.582343],[123.800955,46.57392],[123.810476,46.555365],[123.808442,46.544013],[123.787364,46.519314],[123.803233,46.497911],[123.836355,46.425157],[123.852143,46.409451],[123.855154,46.402208],[123.842052,46.357611],[123.846772,46.342231],[123.854015,46.326117],[123.853608,46.312771],[123.842052,46.305732],[123.872651,46.303168],[123.884776,46.297146],[123.895274,46.26907],[123.907237,46.266669],[123.919037,46.272284],[123.924571,46.282782],[123.926768,46.28616],[123.932546,46.28974],[123.939138,46.292507],[123.945079,46.293321],[123.954031,46.292304],[123.956472,46.290635],[123.956554,46.286811],[123.958588,46.27912],[123.959565,46.267849],[123.957286,46.25434],[123.957286,46.239325],[123.965424,46.223822],[123.956635,46.209744],[123.958344,46.192572],[123.965343,46.175645],[123.972992,46.162421],[123.976085,46.161241],[123.980398,46.162421],[123.984304,46.162869],[123.985932,46.159288],[123.985606,46.148261],[123.986501,46.143134],[123.993175,46.133002],[123.99822,46.122423],[124.000906,46.112331],[123.996186,46.107774],[123.996349,46.098171],[124.001475,46.077012],[124.010916,46.055976],[124.023936,46.046332],[124.034679,46.042751],[124.038666,46.034369],[124.037527,46.02501],[124.033783,46.018378],[124.02239,46.014228],[124.011322,46.016547],[124.001394,46.016547],[123.992768,46.005398],[124.006358,45.996283],[124.000987,45.989325],[123.988292,45.983466],[123.979096,45.978054],[123.973725,45.964952],[123.972667,45.95185],[123.974864,45.939765],[123.979096,45.929633],[123.997569,45.914618],[124.05071,45.888739],[124.061697,45.871649],[124.058523,45.856757],[124.044444,45.841254],[124.04127,45.830349],[124.046153,45.820868],[124.054861,45.815497],[124.059581,45.808946],[124.051199,45.796169],[124.040294,45.790351],[124.027843,45.787218],[124.017589,45.781684],[124.013276,45.768581],[124.021658,45.762519],[124.061453,45.74787],[124.074718,45.744656],[124.070242,45.739122],[124.067882,45.735541],[124.063975,45.733181],[124.054861,45.731635],[124.087901,45.717841],[124.102794,45.709581],[124.116222,45.696845],[124.119151,45.690253],[124.12379,45.672553],[124.125987,45.668972],[124.146088,45.668524],[124.155284,45.666693],[124.164806,45.662706],[124.147878,45.647162],[124.140717,45.632107],[124.148936,45.622138],[124.177745,45.621772],[124.199636,45.629462],[124.214692,45.637763],[124.223399,45.635443],[124.226085,45.611192],[124.233328,45.601915],[124.261648,45.589952],[124.263438,45.58393],[124.261322,45.574327],[124.266043,45.561469],[124.274506,45.550238],[124.283946,45.545437],[124.332042,45.547146],[124.352061,45.541775],[124.362804,45.52558],[124.36085,45.521593],[124.351329,45.510443],[124.349132,45.504462],[124.350108,45.498481],[124.352306,45.494493],[124.355968,45.49079],[124.358165,45.481472],[124.361501,45.472764],[124.367117,45.464789],[124.376475,45.457302],[124.395274,45.451361],[124.414236,45.454291],[124.434093,45.460232],[124.455496,45.463446],[124.477143,45.456],[124.502533,45.423163],[124.524099,45.415635],[124.549246,45.414374],[124.562918,45.415147],[124.572195,45.419135],[124.577566,45.429633],[124.577403,45.439805],[124.578705,45.449246],[124.589366,45.457302],[124.611501,45.447821],[124.631114,45.446397],[124.674571,45.450466]]]}}]}