{"type":"FeatureCollection","features":[{"type":"Feature","properties":{"kind":"lakes","name":"东平湖","source":"Natural Earth 1:10m"},"geometry":{"type":"Polygon","coordinates":[[[116.156236,35.997903],[116.145933,36.020863],[116.165655,36.036465],[116.177724,36.064135],[116.187733,36.116532],[116.196269,36.110939],[116.200979,36.102991],[116.207749,36.082974],[116.204511,36.034698],[116.208044,36.020863],[116.23277,36.000847],[116.240718,35.989366],[116.229238,35.979947],[116.24896,35.95051],[116.244839,35.920779],[116.225411,35.904589],[116.170071,35.926667],[116.13563,35.931671],[116.109432,35.944623],[116.105605,35.979947],[116.122678,35.972588],[116.143872,35.980241],[116.156236,35.997903]]]}},{"type":"Feature","properties":{"kind":"lakes","name":null,"source":"Natural Earth 1:10m"},"geometry":{"type":"Polygon","coordinates":[[[116.310483,32.217384],[116.298708,32.235929],[116.295764,32.250353],[116.30018,32.262128],[116.32108,32.275963],[116.326084,32.284205],[116.324906,32.300101],[116.336681,32.289209],[116.347867,32.287737],[116.355815,32.295097],[116.360524,32.32571],[116.36494,32.333953],[116.379658,32.347199],[116.400852,32.37222],[116.414687,32.378402],[116.430877,32.371631],[116.438531,32.360445],[116.434704,32.352792],[116.424696,32.344844],[116.41351,32.333953],[116.37642,32.271253],[116.359053,32.252119],[116.354048,32.248881],[116.342568,32.239167],[116.33462,32.228865],[116.341685,32.224155],[116.356698,32.217973],[116.356992,32.203549],[116.34875,32.187654],[116.338447,32.176468],[116.337858,32.193247],[116.328733,32.201783],[116.317842,32.208259],[116.310483,32.217384]]]}},{"type":"Feature","properties":{"kind":"lakes","name":null,"source":"Natural Earth 1:10m"},"geometry":{"type":"Polygon","coordinates":[[[114.232566,33.00157],[114.215493,33.019232],[114.204307,33.037483],[114.213727,33.053967],[114.245518,33.070452],[114.269362,33.055733],[114.280548,33.023059],[114.273188,32.964186],[114.268479,32.956238],[114.25847,32.960948],[114.241691,32.988324],[114.232566,33.00157]]]}},{"type":"Feature","properties":{"kind":"lakes","name":null,"source":"Natural Earth 1:10m"},"geometry":{"type":"Polygon","coordinates":[[[112.626516,33.349803],[112.637996,33.35569],[112.633286,33.334496],[112.634463,33.306826],[112.629459,33.282983],[112.607087,33.27268],[112.589131,33.281805],[112.576768,33.300056],[112.563227,33.313302],[112.541739,33.306826],[112.53438,33.318895],[112.523782,33.329198],[112.510536,33.33744],[112.495818,33.344799],[112.484043,33.354513],[112.47639,33.366876],[112.474329,33.3813],[112.480217,33.396607],[112.488459,33.37659],[112.499939,33.3604],[112.515246,33.346565],[112.534968,33.334496],[112.54586,33.350392],[112.548509,33.35569],[112.548509,33.341561],[112.555868,33.341561],[112.557929,33.347154],[112.559989,33.350392],[112.561755,33.354513],[112.562933,33.361872],[112.567054,33.349509],[112.571175,33.340972],[112.576179,33.333908],[112.582655,33.327137],[112.588837,33.323016],[112.604144,33.317423],[112.61062,33.313596],[112.617979,33.313596],[112.617685,33.328315],[112.62004,33.340384],[112.626516,33.349803]]]}},{"type":"Feature","properties":{"kind":"lakes","name":"丹江口水库","source":"Natural Earth 1:10m"},"geometry":{"type":"Polygon","coordinates":[[[111.679252,32.66629],[111.689849,32.658047],[111.692204,32.648922],[111.683962,32.642741],[111.669832,32.642152],[111.623617,32.649511],[111.604189,32.648922],[111.520884,32.636853],[111.505283,32.627139],[111.490859,32.607123],[111.482028,32.579452],[111.476435,32.566795],[111.465838,32.557669],[111.456124,32.557081],[111.445821,32.560319],[111.43493,32.562674],[111.423155,32.558258],[111.406965,32.549721],[111.386654,32.542657],[111.366637,32.53883],[111.351919,32.539419],[111.343088,32.5456],[111.337201,32.554726],[111.329842,32.562085],[111.316301,32.564145],[111.303937,32.559141],[111.292752,32.54825],[111.274501,32.524995],[111.254779,32.507922],[111.250363,32.51793],[111.25625,32.541185],[111.268614,32.56444],[111.284509,32.58534],[111.284509,32.590932],[111.271557,32.592699],[111.248008,32.602413],[111.213862,32.64068],[111.193257,32.650394],[111.174123,32.629494],[111.157344,32.560319],[111.139388,32.53412],[111.105536,32.533531],[111.091701,32.542068],[111.082281,32.553843],[111.080221,32.5665],[111.089052,32.576803],[111.09906,32.576214],[111.109952,32.569444],[111.121432,32.565323],[111.133206,32.571799],[111.137327,32.584456],[111.132323,32.596525],[111.124375,32.6083],[111.119371,32.620663],[111.120843,32.633615],[111.134972,32.670411],[111.116722,32.663052],[111.077571,32.686601],[111.053434,32.688661],[111.028118,32.701319],[111.006041,32.723985],[110.999859,32.740764],[111.023114,32.736054],[111.030768,32.728401],[111.034006,32.719864],[111.03901,32.712505],[111.052551,32.709267],[111.066386,32.713977],[111.078749,32.723985],[111.091701,32.731639],[111.108185,32.730167],[111.123787,32.724868],[111.153223,32.718687],[111.165881,32.711916],[111.167647,32.707795],[111.169413,32.693666],[111.172062,32.688367],[111.180893,32.681597],[111.39313,32.591816],[111.411086,32.589755],[111.421683,32.595054],[111.420211,32.60359],[111.416385,32.612715],[111.419623,32.618603],[111.43228,32.616248],[111.457007,32.597408],[111.469959,32.595937],[111.478201,32.604768],[111.481733,32.618897],[111.481439,32.634498],[111.479084,32.646567],[111.471725,32.660402],[111.451414,32.685423],[111.446115,32.699553],[111.445527,32.711033],[111.447882,32.723102],[111.454063,32.730167],[111.465249,32.72634],[111.489093,32.711622],[111.493214,32.717803],[111.484088,32.753421],[111.490859,32.778148],[111.516763,32.836727],[111.517351,32.864397],[111.50646,32.878821],[111.486149,32.894716],[111.445232,32.920032],[111.317773,32.968602],[111.25625,33.00422],[111.225048,33.0575],[111.241827,33.049552],[111.303643,33.003337],[111.324837,32.991268],[111.344854,32.984203],[111.38842,32.974195],[111.421389,32.961831],[111.439345,32.957121],[111.454063,32.960065],[111.459362,32.96919],[111.458773,32.991268],[111.463483,32.996566],[111.471136,32.992445],[111.511759,32.953295],[111.510581,32.947113],[111.504105,32.942992],[111.500278,32.938577],[111.505577,32.920032],[111.529126,32.894422],[111.541195,32.875583],[111.547965,32.851739],[111.549437,32.836432],[111.558268,32.826424],[111.610076,32.810234],[111.630387,32.79581],[111.644517,32.775499],[111.64746,32.750772],[111.639513,32.733699],[111.626855,32.713977],[111.623028,32.702496],[111.640984,32.709856],[111.648049,32.709856],[111.650993,32.701025],[111.652759,32.68925],[111.657469,32.679242],[111.679252,32.66629]]]}},{"type":"Feature","properties":{"kind":"rivers","name":"Fen","source":"Natural Earth 1:10m"},"geometry":{"type":"MultiLineString","coordinates":[[[112.075613,38.861274],[112.07724,38.85163],[112.089285,38.822781],[112.09669,38.789252],[112.100352,38.783271],[112.104747,38.778591],[112.108816,38.771674],[112.110362,38.758857],[112.119884,38.738389],[112.123953,38.726345],[112.120372,38.720974],[112.115326,38.715522],[112.106293,38.688992],[112.101573,38.668769],[112.100352,38.652696],[112.09669,38.645209],[112.089285,38.638861],[112.068614,38.628119],[112.012706,38.579169],[112.000499,38.5633],[111.99822,38.559027],[111.994721,38.547146],[111.983328,38.460273],[111.963145,38.415473],[111.867117,38.284939],[111.84962,38.241156],[111.837494,38.185899],[111.837413,38.139228],[111.856944,38.097235],[111.904307,38.05622],[111.940847,38.037706],[111.952647,38.028876],[111.97991,38.002753],[111.995616,37.995917],[112.014171,38.001003],[112.023529,37.983181],[112.040538,37.96544],[112.060557,37.951768],[112.09962,37.939643],[112.14796,37.911241],[112.172374,37.906033],[112.212576,37.925238],[112.23406,37.930691],[112.277273,37.934353],[112.296479,37.93948],[112.316417,37.947943],[112.336925,37.960028],[112.350841,37.974066],[112.378673,38.008368],[112.394216,38.015245],[112.405528,38.013861],[112.415457,38.009589],[112.422374,38.002061],[112.425141,37.991034],[112.429779,37.983913],[112.441173,37.980414],[112.454845,37.977851],[112.466075,37.97366],[112.492442,37.944892],[112.511811,37.905056],[112.523529,37.860053],[112.528087,37.815985],[112.526785,37.80504],[112.521088,37.7862],[112.5206,37.774441],[112.523448,37.764228],[112.53297,37.742865],[112.534923,37.730333],[112.528087,37.710273],[112.511485,37.699164],[112.472992,37.686306],[112.408376,37.646186],[112.397634,37.634467],[112.3956,37.625271],[112.390066,37.619574],[112.373546,37.607449],[112.370616,37.599148],[112.370372,37.562771],[112.36085,37.545518],[112.334727,37.518866],[112.32252,37.478298],[112.305919,37.460639],[112.268077,37.431749],[112.240245,37.402167],[112.226329,37.382636],[112.220225,37.367255],[112.218272,37.359158],[112.212983,37.350938],[112.205333,37.342963],[112.195893,37.335313],[112.158702,37.309516],[112.131114,37.275092],[112.086192,37.201361],[112.062511,37.17239],[112.047781,37.163642],[112.000662,37.147325],[111.964692,37.139675],[111.918956,37.114691],[111.904307,37.103461],[111.857188,37.04975],[111.84962,37.038601],[111.842459,37.018826],[111.826182,37.003526],[111.807872,36.991278],[111.795014,36.980536],[111.790701,36.971991],[111.785492,36.952948],[111.781342,36.945828],[111.774832,36.940945],[111.758474,36.934353],[111.75058,36.929023],[111.740245,36.909735],[111.746186,36.891628],[111.755056,36.872341],[111.753998,36.849555],[111.740001,36.838162],[111.695323,36.82331],[111.685802,36.812323],[111.682546,36.8039],[111.666921,36.780097],[111.656505,36.769151],[111.658214,36.755805],[111.665294,36.733507],[111.671804,36.614814],[111.674897,36.609971],[111.686615,36.606879],[111.696544,36.598822],[111.703136,36.587917],[111.705658,36.575873],[111.702647,36.567328],[111.689464,36.544786],[111.685802,36.534247],[111.686046,36.522162],[111.690847,36.501085],[111.691987,36.49018],[111.689708,36.480251],[111.683686,36.47016],[111.67628,36.462348],[111.668468,36.459174],[111.66155,36.45421],[111.659109,36.44245],[111.657644,36.405341],[111.657807,36.404568],[111.656505,36.399726],[111.653331,36.395575],[111.651541,36.390937],[111.649669,36.37755],[111.654389,36.324978],[111.659679,36.306586],[111.662364,36.289903],[111.657807,36.274237],[111.604584,36.22309],[111.599539,36.213406],[111.500255,36.130805],[111.494151,36.123236],[111.490001,36.115098],[111.487885,36.105333],[111.485606,36.082546],[111.481049,36.072577],[111.473399,36.064968],[111.448416,36.058295],[111.441987,36.049384],[111.438243,36.038031],[111.432546,36.027167],[111.402761,36.001003],[111.395763,35.98371],[111.40797,35.962592],[111.412608,35.952094],[111.405528,35.930243],[111.40797,35.921658],[111.4192,35.910915],[111.422455,35.904568],[111.405935,35.827989],[111.404552,35.804958],[111.411143,35.785224],[111.412852,35.773139],[111.40797,35.767768],[111.399669,35.762397],[111.3956,35.750027],[111.393321,35.736029],[111.390391,35.726142],[111.355724,35.685126],[111.353119,35.678331],[111.316905,35.675116],[111.296641,35.669867],[111.287852,35.660956],[111.284434,35.645087],[111.275483,35.630927],[111.263194,35.620795],[111.249766,35.616889],[111.229584,35.614203],[111.218842,35.607123],[111.20224,35.585557],[111.192149,35.575792],[111.18629,35.571601],[111.178722,35.568468],[111.167491,35.566677],[111.164561,35.569037],[111.163259,35.572943],[111.158214,35.575954],[111.088634,35.588935],[110.990001,35.57864],[110.958995,35.588935],[110.94394,35.579291],[110.921153,35.572943],[110.794444,35.561632],[110.80071,35.561632],[110.782481,35.557888],[110.767833,35.560818],[110.754242,35.565782],[110.739268,35.568468],[110.721609,35.564032],[110.704112,35.553819],[110.677826,35.534369],[110.581554,35.481879],[110.554861,35.458604]]]}},{"type":"Feature","properties":{"kind":"rivers","name":"Quan","source":"Natural Earth 1:10m"},"geometry":{"type":"MultiLineString","coordinates":[[[115.556407,33.197699],[115.407156,33.219591],[115.382498,33.228705],[115.353282,33.245551],[115.300385,33.284206],[115.192556,33.338813],[115.137787,33.352607],[114.998953,33.406928],[114.982432,33.411404],[114.9699,33.416775],[114.949229,33.435004],[114.908214,33.447862],[114.894786,33.461453],[114.884044,33.4796],[114.865164,33.501003],[114.810151,33.540229],[114.656668,33.605007],[114.592784,33.615261],[114.583995,33.614773],[114.575125,33.610541],[114.5595,33.598009],[114.552013,33.59573],[114.524506,33.602729],[114.478038,33.631171],[114.453054,33.64289],[114.379975,33.655626],[114.363699,33.664333],[114.347667,33.677802],[114.329031,33.687079],[114.2671,33.708197],[114.253429,33.708564],[114.153087,33.657782],[114.096446,33.637397],[114.079112,33.626899],[114.068126,33.613552],[114.052257,33.582302],[114.040701,33.568793],[114.018891,33.56269],[113.985362,33.563666],[113.951671,33.568712],[113.871511,33.593817],[113.840424,33.59752],[113.800141,33.594306],[113.784272,33.5963],[113.768891,33.600165],[113.758311,33.605292],[113.746023,33.608751],[113.689464,33.60989],[113.670665,33.620307],[113.657725,33.638495],[113.648204,33.655707],[113.640147,33.663113],[113.6303,33.665595],[113.628673,33.672309],[113.630056,33.679551],[113.629649,33.683702],[113.622162,33.685126],[113.607839,33.683417],[113.598643,33.683702],[113.50294,33.710232],[113.473562,33.708319],[113.439464,33.698188],[113.411794,33.680447],[113.402192,33.655585],[113.385509,33.67239],[113.37322,33.666531],[113.362315,33.651394],[113.34962,33.640163],[113.327403,33.637397],[113.305675,33.642157],[113.285655,33.651313],[113.210704,33.702908],[113.185476,33.726426],[113.176362,33.730821],[113.166515,33.731309],[113.140147,33.719184],[113.124766,33.716986],[113.001964,33.735175],[112.875987,33.728868],[112.831635,33.72838],[112.806651,33.734809],[112.759288,33.755072],[112.731619,33.756781],[112.720714,33.753445],[112.701671,33.742296],[112.691905,33.738471],[112.67685,33.736029],[112.670421,33.738064],[112.664561,33.743028],[112.651378,33.74962],[112.616466,33.756415],[112.54184,33.759101],[112.463471,33.778835],[112.443126,33.780382],[112.400076,33.772569],[112.378835,33.771064],[112.33489,33.775743]]]}},{"type":"Feature","properties":{"kind":"rivers","name":"Ying","source":"Natural Earth 1:10m"},"geometry":{"type":"MultiLineString","coordinates":[[[116.521902,32.498847],[116.480235,32.497667],[116.461925,32.507921],[116.445811,32.522406],[116.419444,32.533881],[116.410655,32.533881],[116.39503,32.529324],[116.385346,32.529812],[116.372488,32.535224],[116.356049,32.545233],[116.341319,32.556952],[116.333425,32.567572],[116.326264,32.590847],[116.318126,32.608018],[116.304128,32.619452],[116.278901,32.625067],[116.260916,32.639472],[116.241222,32.727607],[116.222097,32.757392],[116.202891,32.771796],[116.180919,32.773953],[116.127452,32.760199],[116.11671,32.763373],[116.109304,32.774766],[116.094249,32.793036],[116.067393,32.812364],[116.046804,32.815985],[116.025076,32.814317],[115.995372,32.818142],[115.929861,32.838731],[115.90089,32.852484],[115.871349,32.871527],[115.847992,32.891425],[115.80657,32.939765],[115.788829,32.96544],[115.775076,32.998155],[115.766775,33.00788],[115.753429,33.01321],[115.737234,33.015245],[115.72226,33.019151],[115.713145,33.030097],[115.706065,33.054063],[115.697846,33.071723],[115.684174,33.085761],[115.660818,33.098822],[115.622081,33.114773],[115.604096,33.125556],[115.589692,33.141669],[115.58546,33.153022],[115.580333,33.1789],[115.574311,33.18891],[115.556407,33.197699]]]}},{"type":"Feature","properties":{"kind":"rivers","name":"Yangtze","source":"Natural Earth 1:10m"},"geometry":{"type":"MultiLineString","coordinates":[[[119.606375,32.196885],[119.58782,32.19245],[119.572358,32.191759],[119.557384,32.200141],[119.54005,32.222113],[119.530365,32.231716],[119.517345,32.238064],[119.504812,32.239529],[119.452566,32.233466],[119.385753,32.237413],[119.365326,32.234402],[119.346202,32.226752],[119.324474,32.214626],[119.303722,32.206163],[119.278331,32.20128],[119.252208,32.200019],[119.229421,32.202663],[119.129242,32.228542],[119.078705,32.232733],[119.027843,32.2213],[118.96339,32.187771],[118.927745,32.176825],[118.909679,32.173896],[118.883474,32.173204],[118.820404,32.188992],[118.793224,32.192816],[118.78655,32.192694],[118.780284,32.191107],[118.774343,32.187079],[118.769054,32.18122],[118.764659,32.174506],[118.761485,32.168036],[118.759532,32.162909],[118.758474,32.160997],[118.747488,32.147244],[118.73406,32.124864],[118.706391,32.09337],[118.689464,32.062445],[118.668956,32.039496],[118.658376,32.030585],[118.645925,32.016181],[118.614838,31.990017],[118.586355,31.949571],[118.553315,31.916287],[118.540538,31.892442],[118.53476,31.884467],[118.504812,31.859198],[118.498627,31.851264],[118.448009,31.756415],[118.426199,31.724473],[118.41505,31.699774],[118.403819,31.623236],[118.379649,31.556179],[118.347992,31.507595],[118.31601,31.4713],[118.309825,31.460069],[118.305186,31.448798],[118.302175,31.438341],[118.301768,31.427802],[118.304861,31.416449],[118.31544,31.400824],[118.318614,31.394965],[118.322358,31.383165],[118.324474,31.371039],[118.32545,31.356391],[118.324474,31.338324],[118.3213,31.320828],[118.315115,31.308051],[118.306163,31.300401],[118.296641,31.29739],[118.220144,31.291124],[118.210053,31.287787],[118.173839,31.265896],[118.155935,31.259141],[118.112722,31.252509],[118.060557,31.233222],[118.040457,31.233344],[118.027843,31.243679],[118.014171,31.237616],[118.002371,31.223253],[117.995942,31.208604],[117.993582,31.19127],[117.992931,31.138983],[117.988699,31.122829],[117.980398,31.109971],[117.968272,31.100287],[117.952729,31.093573],[117.937266,31.088935],[117.921886,31.086005],[117.907156,31.087673],[117.894542,31.096788],[117.879242,31.12226],[117.870372,31.133328],[117.856863,31.140937],[117.839366,31.143663],[117.822765,31.141181],[117.807546,31.134385],[117.793386,31.124457],[117.781505,31.113959],[117.77239,31.103868],[117.766531,31.092108],[117.763276,31.076483],[117.763682,31.058702],[117.768891,31.023749],[117.768077,31.006659],[117.747162,30.943468],[117.732026,30.874457],[117.697276,30.803738],[117.687429,30.796658],[117.642589,30.789496],[117.608653,30.780137],[117.593354,30.773708],[117.552338,30.747829],[117.53712,30.740831],[117.466075,30.726264],[117.457937,30.722235],[117.436534,30.706366],[117.42921,30.70246],[117.421641,30.700507],[117.345876,30.698757],[117.326671,30.69477],[117.276947,30.673367],[117.260753,30.669623],[117.252371,30.670681],[117.234304,30.674913],[117.226003,30.673367],[117.2199,30.6671],[117.217703,30.658474],[117.217784,30.648953],[117.218842,30.640245],[117.220714,30.634304],[117.225678,30.623074],[117.22755,30.617377],[117.228038,30.611762],[117.224132,30.597235],[117.22405,30.586208],[117.232839,30.555121],[117.231293,30.543484],[117.225678,30.532497],[117.217865,30.522528],[117.209565,30.514024],[117.183116,30.499376],[117.150645,30.494249],[117.033295,30.490587],[117.007498,30.48371],[116.984386,30.471747],[116.94866,30.443427],[116.936127,30.435858],[116.925222,30.432929],[116.913259,30.431952],[116.901866,30.429755],[116.89267,30.423285],[116.888276,30.402615],[116.899099,30.380683],[116.913992,30.358588],[116.921397,30.33747],[116.920014,30.32453],[116.90683,30.270697],[116.896902,30.244208],[116.822276,30.115424],[116.808523,30.102078],[116.790538,30.090888],[116.716075,30.05976],[116.690522,30.0539],[116.662608,30.052761],[116.650076,30.050605],[116.636485,30.043321],[116.605072,30.017686],[116.593761,30.010565],[116.591726,30.005683],[116.587901,30.00198],[116.579112,29.995225],[116.575206,29.99079],[116.567149,29.976752],[116.548839,29.954128],[116.536632,29.923204],[116.526947,29.906684],[116.51295,29.89411],[116.492198,29.88463],[116.466563,29.880316],[116.414236,29.880561],[116.389171,29.876003],[116.356537,29.858262],[116.297537,29.808702],[116.265229,29.788886],[116.235932,29.781277],[116.206554,29.781317],[116.146983,29.788682],[116.110281,29.786444],[116.077647,29.776394],[116.012787,29.748155],[115.99879,29.744005],[115.888682,29.731757],[115.855724,29.738471],[115.743337,29.808783],[115.73642,29.816352],[115.72519,29.842637],[115.718191,29.854071],[115.704845,29.860704],[115.621104,29.862372],[115.534923,29.85456],[115.50644,29.857611],[115.46339,29.871283],[115.450043,29.87755],[115.437511,29.885362],[115.426687,29.895331],[115.417247,29.909369],[115.396088,29.956081],[115.386729,29.969672],[115.375906,29.980496],[115.338471,30.008002],[115.330496,30.018175],[115.301524,30.06741],[115.283376,30.10932],[115.275401,30.120958],[115.189952,30.208767],[115.164561,30.221055],[115.145518,30.222357],[115.106944,30.21955],[115.087983,30.224148],[115.072032,30.236029],[115.063569,30.25198],[115.061453,30.270453],[115.064138,30.289862],[115.072846,30.324246],[115.072765,30.341132],[115.064952,30.357367],[115.052989,30.369005],[114.987397,30.407416],[114.966075,30.41352],[114.94394,30.416042],[114.8803,30.414984],[114.860769,30.418891],[114.842703,30.428046],[114.829275,30.441107],[114.820567,30.457139],[114.810802,30.493191],[114.808035,30.511054],[114.808523,30.526313],[114.814057,30.539903],[114.826589,30.552802],[114.839936,30.563788],[114.851573,30.576931],[114.855398,30.591132],[114.844737,30.605658],[114.826671,30.613796],[114.806082,30.616278],[114.731456,30.609442],[114.714854,30.605414],[114.688487,30.590766],[114.67685,30.58629],[114.613048,30.573594],[114.600841,30.574286],[114.58017,30.581651],[114.56601,30.593329],[114.502371,30.673163],[114.484386,30.684353],[114.45753,30.690741],[114.429128,30.690294],[114.401378,30.683905],[114.375987,30.672675],[114.354015,30.656521],[114.311127,30.609646],[114.296397,30.586859]],[[116.19752,29.75141],[116.20753,29.779486]],[[113.127615,29.462755],[113.145437,29.471991],[113.16212,29.493109],[113.186046,29.531684],[113.415538,29.764472],[113.445974,29.780056],[113.497325,29.819403],[113.519216,29.84162],[113.590017,29.87991],[113.607026,29.890204],[113.629975,29.9088],[113.65032,29.929389],[113.664236,29.954617],[113.675955,29.961127],[113.687755,29.963446],[113.693126,29.959581],[113.703624,29.934149],[113.706716,29.9289],[113.748627,29.919989],[113.79241,29.933417],[113.831065,29.958279],[113.889659,30.013007],[113.92335,30.033555],[114.043956,30.07921],[114.062266,30.088935],[114.069835,30.103339],[114.064382,30.124376],[114.050873,30.136339],[114.015147,30.154853],[113.983409,30.185167],[113.964285,30.197943],[113.940115,30.203233],[113.918061,30.198065],[113.895274,30.188747],[113.874441,30.184841],[113.858165,30.195828],[113.857595,30.231065],[113.885509,30.265204],[113.927175,30.28852],[113.968028,30.291368],[113.983409,30.282579],[113.996755,30.268622],[114.018565,30.240505],[114.039073,30.2296],[114.053966,30.24018],[114.086029,30.31741],[114.106619,30.352322],[114.24171,30.497423],[114.287364,30.575995],[114.303233,30.593044]]]}},{"type":"Feature","properties":{"kind":"rivers","name":"Han","source":"Natural Earth 1:10m"},"geometry":{"type":"MultiLineString","coordinates":[[[111.477631,32.567816],[111.465017,32.577948],[111.447846,32.581122],[111.433035,32.578803],[111.41448,32.573676],[111.389659,32.572374],[111.364757,32.574897],[111.344493,32.582546],[111.32252,32.598456],[111.269135,32.620795],[111.247976,32.635118],[111.229421,32.649359],[111.204275,32.660997],[111.158376,32.679023],[111.138764,32.689073],[111.115164,32.695014],[111.094168,32.695339],[111.045828,32.703966],[111.028575,32.715359],[111.020925,32.723904],[111.000011,32.740668]]]}},{"type":"Feature","properties":{"kind":"rivers","name":"Han","source":"Natural Earth 1:10m"},"geometry":{"type":"MultiLineString","coordinates":[[[106.398448,33.067694],[106.421153,33.072292],[106.434174,33.08336],[106.444021,33.096788],[106.456554,33.10871],[106.473399,33.115261],[106.665619,33.143988],[106.67628,33.142198],[106.682872,33.137274],[106.686127,33.130642],[106.69044,33.124823],[106.70045,33.122341],[106.805756,33.124376],[106.841319,33.133816],[106.864268,33.136013],[106.883556,33.131415],[106.899913,33.120307],[106.929454,33.095038],[106.980398,33.064154],[106.99464,33.05036],[107.015636,33.038398],[107.038259,33.037706],[107.058849,33.033881],[107.073416,33.012478],[107.086925,33.01911],[107.102468,33.038357],[107.11435,33.046658],[107.126557,33.04739],[107.142589,33.045966],[107.156261,33.047471],[107.16212,33.057196],[107.169688,33.076239],[107.188243,33.088935],[107.212576,33.096747],[107.261729,33.103298],[107.323253,33.101264],[107.332123,33.106635],[107.34669,33.130561],[107.357595,33.136013],[107.368582,33.134345],[107.389903,33.128526],[107.402436,33.129177],[107.420828,33.136827],[107.490245,33.187445],[107.513601,33.200873],[107.522553,33.208035],[107.534923,33.215359],[107.541921,33.208523],[107.54713,33.190619],[107.567312,33.187812],[107.623546,33.187038],[107.635265,33.180365],[107.644949,33.170722],[107.667572,33.170233],[107.711436,33.176947],[107.735362,33.177436],[107.751394,33.174018],[107.764415,33.166775],[107.779226,33.155829],[107.787364,33.168769],[107.796967,33.174831],[107.820811,33.183783],[107.832937,33.191596],[107.838308,33.197781],[107.857595,33.237616],[107.863699,33.242947],[107.875418,33.245876],[107.888682,33.243598],[107.897878,33.236029],[107.905203,33.227891],[107.912608,33.224148],[107.938975,33.219306],[107.955658,33.206407],[107.959565,33.188056],[107.942149,33.158962],[107.937266,33.146267],[107.937266,33.134385],[107.947032,33.129177],[107.955089,33.123114],[107.957612,33.108995],[107.956716,33.080756],[107.977957,33.086615],[107.995046,33.07685],[108.026134,33.046658],[108.047781,33.037055],[108.064708,33.035346],[108.081147,33.039333],[108.101329,33.046658],[108.141368,33.037665],[108.219656,33.032335],[108.258881,33.019314],[108.274994,33.005683],[108.279063,32.989325],[108.274832,32.970771],[108.265717,32.950385],[108.260346,32.942206],[108.253673,32.934434],[108.248057,32.926215],[108.245372,32.916287],[108.247325,32.905951],[108.257091,32.892279],[108.258881,32.882148],[108.252208,32.867011],[108.241466,32.852729],[108.237722,32.839423],[108.252208,32.827501],[108.259858,32.828966],[108.266124,32.836005],[108.273692,32.840522],[108.286225,32.834337],[108.29184,32.824897],[108.289806,32.816107],[108.286225,32.807685],[108.286225,32.799628],[108.312511,32.769843],[108.35255,32.749783],[108.437755,32.724473],[108.437755,32.717637],[108.428722,32.713975],[108.407237,32.709052],[108.396088,32.703966],[108.413829,32.673936],[108.416596,32.662421],[108.431895,32.669745],[108.439464,32.666449],[108.44394,32.657782],[108.450206,32.648749],[108.47169,32.633409],[108.468435,32.628974],[108.454112,32.618354],[108.448171,32.599433],[108.469737,32.582831],[108.498057,32.566921],[108.512218,32.54975],[108.52296,32.528835],[108.54835,32.518419],[108.578054,32.512641],[108.601573,32.505398],[108.615652,32.488349],[108.622081,32.48489],[108.633311,32.485867],[108.639171,32.490424],[108.644216,32.495551],[108.681733,32.504991],[108.692882,32.504177],[108.697195,32.491767],[108.758067,32.537421],[108.774018,32.566352],[108.759858,32.601589],[108.759858,32.607774],[108.770925,32.609198],[108.777843,32.61461],[108.780691,32.623562],[108.779796,32.635118],[108.78712,32.630723],[108.792898,32.62462],[108.797293,32.61697],[108.800222,32.607774],[108.812511,32.620795],[108.81894,32.618191],[108.822846,32.608751],[108.827566,32.601589],[108.842703,32.58865],[108.851573,32.586534],[108.855479,32.598171],[108.85491,32.607123],[108.855968,32.609565],[108.879405,32.607774],[108.890391,32.61168],[108.894216,32.621039],[108.896658,32.632514],[108.903331,32.642524],[108.921316,32.649034],[108.996104,32.656195],[109.00351,32.664008],[109.022472,32.700303],[109.03297,32.711453],[109.042979,32.713975],[109.064545,32.715196],[109.074474,32.717637],[109.086436,32.724473],[109.093191,32.73196],[109.097992,32.739936],[109.1338,32.783962],[109.148529,32.787869],[109.255056,32.752387],[109.298432,32.74787],[109.334565,32.758612],[109.343191,32.766872],[109.345225,32.773953],[109.346609,32.781114],[109.352061,32.789984],[109.358897,32.795966],[109.374115,32.805732],[109.383067,32.813259],[109.386974,32.822699],[109.386241,32.831732],[109.389089,32.838487],[109.403412,32.841173],[109.411794,32.844591],[109.408295,32.852607],[109.402436,32.861762],[109.403412,32.868476],[109.412852,32.867743],[109.438975,32.860419],[109.448822,32.868679],[109.514252,32.883816],[109.52589,32.892198],[109.533946,32.909451],[109.547944,32.899237],[109.55657,32.888739],[109.565684,32.88349],[109.581635,32.888943],[109.585948,32.894558],[109.589366,32.902777],[109.593842,32.910915],[109.602061,32.916287],[109.612397,32.916368],[109.618744,32.911689],[109.624522,32.906033],[109.632823,32.903266],[109.650483,32.904731],[109.66741,32.909044],[109.682384,32.916368],[109.694591,32.92654],[109.706391,32.939032],[109.718191,32.94835],[109.729503,32.949327],[109.739268,32.936794]],[[109.739268,32.929958],[109.758474,32.914984],[109.782807,32.90115],[109.8095,32.893134],[109.83546,32.895819],[109.868175,32.912909],[109.883311,32.916287],[109.898855,32.914374],[109.925141,32.900662],[109.937918,32.895819],[109.992605,32.888943],[110.003347,32.88406],[110.040294,32.86164],[110.081716,32.848171],[110.095632,32.841173],[110.103445,32.834174],[110.114838,32.818793],[110.123546,32.813259],[110.215424,32.813259],[110.237885,32.807563],[110.257091,32.796658],[110.274099,32.789862],[110.290457,32.796454],[110.299815,32.801866],[110.309988,32.804633],[110.318126,32.808458],[110.325694,32.827745],[110.33546,32.834337],[110.397634,32.858018],[110.411794,32.856065],[110.403412,32.834337],[110.418468,32.829942],[110.431733,32.832872],[110.44573,32.838324],[110.462169,32.841173],[110.477143,32.836941],[110.497162,32.817979],[110.507091,32.813259],[110.566824,32.829128],[110.591726,32.829657],[110.588959,32.807074],[110.612641,32.819363],[110.616954,32.820665],[110.625011,32.81448],[110.63087,32.798692],[110.636729,32.793402],[110.651378,32.791856],[110.705089,32.799628],[110.705089,32.807074],[110.695974,32.808214],[110.692882,32.810248],[110.690684,32.814073],[110.685313,32.820665],[110.718761,32.837999],[110.746104,32.86164],[110.796397,32.831855],[110.811534,32.827501],[110.814708,32.825019],[110.817963,32.819648],[110.824229,32.814643],[110.83546,32.813259],[110.845714,32.817247],[110.857432,32.831326],[110.866466,32.834337],[110.875255,32.832587],[110.882416,32.828233],[110.893565,32.816962],[110.902273,32.810858],[110.910248,32.811103],[110.9192,32.813341],[110.931082,32.813259],[110.938243,32.810167],[110.952159,32.801378],[110.962413,32.799628],[110.982595,32.806912],[110.993175,32.807074],[110.983653,32.798936],[110.968435,32.790717],[110.9581,32.781195],[110.962413,32.769151],[110.983165,32.752509],[110.992198,32.748236],[111.000011,32.740668]],[[111.477631,32.567816],[111.48406,32.55447],[111.492198,32.530137],[111.547944,32.48489],[111.615245,32.454454],[111.643891,32.434149],[111.665294,32.402371],[111.640717,32.367947],[111.633067,32.349311],[111.637299,32.327257],[111.646414,32.318712],[111.672862,32.303412],[111.699474,32.265163],[111.693614,32.224189],[111.72698,32.19123],[111.771983,32.162869],[111.80128,32.135443],[111.814708,32.092882],[111.827159,32.078721],[111.853038,32.07335],[111.876231,32.075995],[111.931651,32.093858],[111.953054,32.094916],[111.975597,32.091254],[111.993256,32.082831],[112.008067,32.054511],[112.026541,32.046413],[112.157807,32.034206],[112.192882,32.021999],[112.192882,31.991482],[112.185964,31.98489],[112.177745,31.981228],[112.170095,31.975857],[112.164968,31.964179],[112.16448,31.951524],[112.167735,31.93948],[112.173839,31.928534],[112.182058,31.91946],[112.217459,31.895087],[112.220225,31.883612],[112.182546,31.822374],[112.177257,31.797309],[112.195893,31.785997],[112.215912,31.779853],[112.250662,31.749457],[112.268077,31.737616],[112.336681,31.724392],[112.353608,31.713975],[112.369884,31.69245],[112.380951,31.672675],[112.406749,31.606716],[112.41684,31.592597],[112.442393,31.569688],[112.452403,31.550238],[112.450043,31.528103],[112.442556,31.505398],[112.438569,31.484402],[112.440847,31.474677],[112.450206,31.45307],[112.452403,31.443386],[112.449229,31.433539],[112.435069,31.41238],[112.431895,31.405544],[112.425385,31.386013],[112.412364,31.372992],[112.402273,31.358262],[112.404552,31.333523],[112.414806,31.318915],[112.446707,31.302191],[112.462901,31.288845],[112.487804,31.254706],[112.500499,31.24197],[112.5206,31.230496],[112.545421,31.223497],[112.560476,31.221991],[112.567556,31.215399],[112.569753,31.192939],[112.566417,31.182644],[112.551768,31.161933],[112.548432,31.151679],[112.552826,31.139472],[112.574636,31.118354],[112.582774,31.10696],[112.584239,31.086127],[112.567393,31.086249],[112.54184,31.095079],[112.517507,31.100775],[112.506765,31.089179],[112.508067,31.063015],[112.5206,31.018826],[112.533702,30.990749],[112.561697,30.953437],[112.567149,30.94123],[112.572195,30.888699],[112.577729,30.877021],[112.589366,30.869208],[112.664561,30.842882],[112.678966,30.833279],[112.668224,30.830268],[112.637136,30.82571],[112.630463,30.82331],[112.635509,30.807929],[112.644786,30.795518],[112.649669,30.78323],[112.641612,30.768093],[112.625987,30.747626],[112.596283,30.676215],[112.624441,30.657904],[112.703298,30.661566],[112.719819,30.651964],[112.714122,30.640489],[112.687511,30.63113],[112.678966,30.620958],[112.67921,30.605333],[112.690929,30.57099],[112.692556,30.552069],[112.728526,30.574042],[112.748139,30.583116],[112.771414,30.586859],[112.783621,30.576728],[112.81601,30.51793],[112.8296,30.509345],[112.852631,30.499294],[112.874766,30.496039],[112.884288,30.508002],[112.881602,30.555732],[112.89088,30.570746],[112.918468,30.573188],[112.933442,30.563829],[112.951427,30.531277],[112.9699,30.524115],[113.004405,30.525458],[113.023041,30.52379],[113.042003,30.51793],[113.046641,30.517605],[113.059174,30.518988],[113.06308,30.51793],[113.066417,30.51085],[113.065522,30.505235],[113.063487,30.5008],[113.06308,30.497423],[113.063487,30.488959],[113.060313,30.482489],[113.062511,30.47838],[113.0796,30.476996],[113.099213,30.483425],[113.107432,30.483181],[113.11085,30.473253],[113.11142,30.461859],[113.113373,30.45307],[113.117279,30.446723],[113.124034,30.442206],[113.137299,30.439561],[113.146658,30.443549],[113.15504,30.448757],[113.165538,30.449652],[113.175304,30.444525],[113.186615,30.43122],[113.196218,30.428534],[113.289073,30.428534],[113.427338,30.395209],[113.466563,30.395046],[113.48585,30.398993],[113.491466,30.401679],[113.500662,30.408067],[113.5088,30.415839],[113.518158,30.431667],[113.532481,30.447821],[113.540294,30.465033],[113.545665,30.473253],[113.555919,30.481716],[113.590017,30.497423],[113.607432,30.511908],[113.622976,30.531684],[113.634288,30.554023],[113.638438,30.576239],[113.646983,30.586249],[113.73878,30.626899],[113.74822,30.627794],[113.760916,30.622992],[113.782481,30.604763],[113.789236,30.60045],[113.79892,30.604804],[113.807628,30.614325],[113.817475,30.622097],[113.830333,30.620958],[113.83839,30.610907],[113.834483,30.599962],[113.825125,30.591091],[113.816742,30.586859],[113.823416,30.575954],[113.830333,30.575141],[113.837332,30.580186],[113.844005,30.586859],[113.850597,30.595404],[113.852143,30.603217],[113.850678,30.61754],[113.838796,30.64411],[113.840587,30.648261],[113.843354,30.649482],[113.845225,30.651964],[113.848237,30.654568],[113.854503,30.655707],[113.862234,30.653876],[113.863292,30.649522],[113.862315,30.644721],[113.86435,30.641466],[113.878184,30.634304],[113.884858,30.633124],[113.911794,30.633653],[113.920421,30.632839],[113.925141,30.63703],[113.926524,30.651964],[113.930919,30.672675],[113.941498,30.6789],[113.955089,30.67414],[113.968028,30.661933],[113.983897,30.633979],[113.995697,30.624579],[114.018565,30.620958],[114.027436,30.616645],[114.028412,30.607001],[114.027843,30.597357],[114.031993,30.593044],[114.043468,30.594184],[114.069835,30.60045],[114.170665,30.598212],[114.289561,30.566352]]]}},{"type":"Feature","properties":{"kind":"rivers","name":"Hudi","source":"Natural Earth 1:10m"},"geometry":{"type":"MultiLineString","coordinates":[[[118.743663,33.095038],[118.845876,33.095038]],[[116.521414,32.501247],[116.526541,32.509955],[116.558116,32.533311],[116.634695,32.541815],[116.646983,32.54975],[116.655772,32.561876],[116.722748,32.605577],[116.730724,32.608995],[116.736095,32.615424],[116.736339,32.628241],[116.729991,32.638536],[116.698171,32.659288],[116.690684,32.669501],[116.691824,32.67711],[116.699636,32.681912],[116.726166,32.68537],[116.727306,32.690741],[116.723643,32.69953],[116.723399,32.711453],[116.72462,32.722724],[116.723643,32.730536],[116.725841,32.73546],[116.736339,32.738105],[116.748057,32.736111],[116.752533,32.728461],[116.755056,32.718085],[116.759858,32.707709],[116.807628,32.689765],[116.812022,32.687038],[116.854991,32.648708],[116.878917,32.635525],[116.882823,32.632676],[116.896495,32.645616],[116.918224,32.658026],[116.939952,32.661729],[116.989024,32.662421],[117.010753,32.668036],[117.050792,32.685858],[117.068126,32.689765],[117.078298,32.699083],[117.085867,32.766059],[117.096283,32.803494],[117.104421,32.822292],[117.116222,32.837755],[117.137787,32.847683],[117.156505,32.847032],[117.169688,32.851345],[117.174571,32.875922],[117.172862,32.885321],[117.16684,32.904975],[117.167735,32.916287],[117.173432,32.924669],[117.191335,32.936957],[117.195079,32.940497],[117.20753,32.943874],[117.310964,32.943549],[117.408295,32.963202],[117.508474,32.971625],[117.527192,32.971137],[117.542084,32.965399],[117.57724,32.932888],[117.597585,32.92182],[117.647472,32.903266],[117.660574,32.919867],[117.677257,32.967231],[117.688487,32.985175],[117.701427,32.994412],[117.726654,33.006212],[117.740001,33.015896],[117.746755,33.02619],[117.74879,33.035997],[117.752371,33.045274],[117.763601,33.054063]],[[119.616222,32.353949],[119.601654,32.358181],[119.591319,32.357978],[119.533783,32.347602],[119.525808,32.348212],[119.518891,32.350531],[119.514089,32.355048],[119.51116,32.361274],[119.509532,32.368109],[119.509044,32.374783],[119.512543,32.396593],[119.512218,32.403917],[119.510265,32.410956],[119.503347,32.424384],[119.47877,32.456895],[119.47047,32.475409],[119.467703,32.489081],[119.471446,32.517646],[119.47169,32.53205],[119.467052,32.545518],[119.44044,32.577338],[119.434174,32.58865],[119.429617,32.600694],[119.425792,32.62169],[119.423595,32.628363],[119.415457,32.638739],[119.402924,32.646918],[119.389171,32.652777],[119.376069,32.656277],[119.36671,32.656928],[119.339366,32.652533],[119.331065,32.652859],[119.32252,32.654649],[119.314138,32.65766],[119.306733,32.661566],[119.300955,32.667304],[119.28419,32.718288]]]}},{"type":"Feature","properties":{"kind":"rivers","name":"Huai","source":"Natural Earth 1:10m"},"geometry":{"type":"MultiLineString","coordinates":[[[113.72047,32.416042],[113.727306,32.423448],[113.738048,32.416612],[113.746674,32.417344],[113.754893,32.421169],[113.765147,32.423448],[113.772472,32.422065],[113.796153,32.409776],[113.798432,32.422146],[113.804617,32.425727],[113.823416,32.423448],[113.825776,32.421454],[113.850678,32.409776],[113.856293,32.40294],[113.876882,32.343044],[113.878673,32.330634],[113.883067,32.318874],[113.892345,32.314561],[113.901785,32.311469],[113.905935,32.303331],[113.899099,32.285956],[113.899343,32.276679],[113.930186,32.264716],[113.943126,32.249945],[113.953624,32.241319],[113.968028,32.252143],[113.98406,32.242784],[114.003998,32.241645],[114.021007,32.249945],[114.033621,32.280829],[114.057058,32.301866],[114.062429,32.310167],[114.071788,32.36579],[114.084565,32.39704],[114.104015,32.409776],[114.102957,32.426378],[114.113373,32.44245],[114.130382,32.449815],[114.148692,32.440212],[114.158783,32.426581],[114.163259,32.422146],[114.172293,32.416042],[114.182058,32.410753],[114.193614,32.406928],[114.204682,32.406033],[114.213878,32.409776],[114.237722,32.389472],[114.310069,32.360785],[114.325694,32.348415],[114.341319,32.329901],[114.354991,32.308214],[114.364757,32.286241],[114.382335,32.292426],[114.400483,32.287706],[114.419526,32.280544],[114.44044,32.278835],[114.471283,32.294216],[114.490245,32.300482],[114.5053,32.296495],[114.521902,32.287706],[114.53655,32.292426],[114.552745,32.301703],[114.573741,32.306749],[114.585704,32.30504],[114.595225,32.302558],[114.604096,32.303046],[114.614513,32.310167],[114.622651,32.312567],[114.646902,32.309678],[114.658946,32.313585],[114.659679,32.287421],[114.678233,32.292589],[114.717296,32.31977],[114.737804,32.314236],[114.762787,32.303534],[114.787608,32.29682],[114.806651,32.303331],[114.823253,32.305854],[114.880382,32.292751],[114.899018,32.286241],[114.919688,32.274115],[114.930756,32.270819],[114.94752,32.27265],[114.958018,32.277615],[114.971772,32.292589],[114.981619,32.299913],[115.004649,32.292751],[115.033376,32.29324],[115.060557,32.298774],[115.07724,32.306749],[115.096202,32.352403],[115.108897,32.368598],[115.12558,32.35456],[115.145437,32.359402],[115.165457,32.356472],[115.182628,32.34748],[115.193858,32.334052],[115.199474,32.338446],[115.205333,32.34162],[115.211436,32.341986],[115.217459,32.337755],[115.224864,32.333808],[115.231375,32.337592],[115.237804,32.343817],[115.245128,32.347113],[115.274425,32.348212],[115.288503,32.351345],[115.348643,32.3817],[115.367198,32.397569],[115.351003,32.409776],[115.351003,32.416042],[115.361095,32.421698],[115.371349,32.423285],[115.379893,32.419623],[115.385753,32.409776],[115.392589,32.409776],[115.42628,32.434394],[115.530203,32.401068],[115.564464,32.409776]],[[115.564464,32.402371],[115.585378,32.412299],[115.60906,32.416287],[115.630951,32.413275],[115.646414,32.402371],[115.687104,32.46662],[115.693614,32.491767],[115.726085,32.481147],[115.741628,32.479112],[115.754487,32.498155],[115.768484,32.490994],[115.789806,32.470649],[115.808116,32.503282],[115.843191,32.542426],[115.884288,32.571601],[115.920014,32.574286],[115.961192,32.598944],[115.989268,32.610622],[116.002045,32.604682],[116.009695,32.590928],[116.026866,32.574734],[116.057384,32.553168],[116.076427,32.543728],[116.096121,32.530382],[116.101573,32.527859],[116.107188,32.524441],[116.111908,32.51907],[116.113292,32.512966],[116.112397,32.506619],[116.112071,32.500434],[116.12672,32.478827],[116.136974,32.457587],[116.150971,32.438666],[116.174083,32.429633],[116.242931,32.46072],[116.246674,32.477729],[116.257091,32.496405],[116.271658,32.511786],[116.28948,32.51907],[116.313731,32.512763],[116.346446,32.478583],[116.362315,32.470649],[116.377615,32.465766],[116.421316,32.443142],[116.440929,32.436469],[116.481293,32.445095],[116.505382,32.475043],[116.521414,32.501247]]]}},{"type":"Feature","properties":{"kind":"rivers","name":"Huang","source":"Natural Earth 1:10m"},"geometry":{"type":"MultiLineString","coordinates":[[[96.164154,35.129665],[96.22877,35.111762],[96.249278,35.109198],[96.483165,35.105658],[96.53419,35.096137],[96.654877,35.050116],[96.705496,35.047716],[96.747651,35.053249],[96.81129,35.061347],[96.829275,35.0539],[96.867931,35.0185],[96.889903,35.006781],[96.946707,34.999701],[96.97462,34.991645],[96.986746,34.975694],[96.994884,34.94835],[97.015391,34.937445],[97.042084,34.932807],[97.072032,34.930609]],[[97.762787,35.08808],[97.795909,35.111111],[97.848888,35.11225],[97.951752,35.096137],[97.991628,35.080593],[98.018484,35.049425],[98.042979,35.012315],[98.075857,34.978827],[98.10849,34.953884],[98.124441,34.937038],[98.131277,34.920762],[98.131114,34.91002],[98.132416,34.900255],[98.137299,34.893378],[98.147553,34.890692],[98.161794,34.889228],[98.192149,34.87641],[98.263682,34.860785],[98.275076,34.852159],[98.284679,34.842108],[98.306651,34.835517],[98.34962,34.827989],[98.37794,34.815294],[98.391775,34.79682],[98.396251,34.773627],[98.395763,34.74669],[98.395112,34.719835],[98.402192,34.666775],[98.401459,34.649278],[98.394786,34.634874],[98.380951,34.619167],[98.361908,34.610419],[98.34075,34.606757],[98.326671,34.598171],[98.329845,34.574774],[98.345144,34.563259],[98.394786,34.547431],[98.405528,34.537218],[98.413503,34.526638],[98.452159,34.503282],[98.466319,34.492214],[98.467296,34.488064],[98.46575,34.476874],[98.466319,34.472357],[98.469249,34.468614],[98.478445,34.459744],[98.479991,34.458686],[98.490164,34.424384],[98.497081,34.414008],[98.51474,34.40119],[98.627371,34.357449],[98.641124,34.355048],[98.709727,34.355048],[98.724294,34.368598],[98.724294,34.399522],[98.720714,34.433214],[98.723643,34.454942],[98.733979,34.457872],[98.78297,34.451239],[98.797862,34.455675],[98.836925,34.479193],[98.867931,34.478705],[98.928233,34.45307],[98.952891,34.458686],[98.970876,34.446845],[98.97934,34.439399],[98.986501,34.430772],[99.002045,34.436876],[99.016205,34.432644],[99.04184,34.410264],[99.044688,34.409695],[99.053233,34.410997],[99.056082,34.410264],[99.057221,34.406358],[99.056895,34.397244],[99.062266,34.387152],[99.069591,34.362494],[99.045909,34.321153],[99.037852,34.300645],[99.034923,34.270046],[99.036713,34.253607],[99.041596,34.243516],[99.056082,34.225898],[99.063569,34.213935],[99.067556,34.205024],[99.069347,34.194403],[99.069591,34.177517],[99.070567,34.171088],[99.074962,34.16002],[99.075776,34.153347],[99.073741,34.146186],[99.064382,34.132595],[99.062266,34.125678],[99.060069,34.112901],[99.050792,34.083441],[99.048595,34.071357],[99.048432,34.046007],[99.050385,34.034776],[99.056082,34.019843],[99.067393,33.998847],[99.068777,33.986884],[99.062266,33.971462],[99.081472,33.966824],[99.096772,33.950141],[99.106944,33.929633],[99.110606,33.913398],[99.119233,33.906684],[99.17213,33.875841],[99.248057,33.784369],[99.281993,33.759141],[99.306163,33.746609],[99.322846,33.743232],[99.361095,33.746161],[99.369233,33.74787],[99.376882,33.752753],[99.382335,33.760199],[99.384288,33.769721],[99.386485,33.775417],[99.390147,33.779608],[99.392019,33.783962],[99.384858,33.794257],[99.381114,33.801459],[99.378429,33.809027],[99.378184,33.814399],[99.395274,33.827216],[99.42213,33.82807],[99.480479,33.818468],[99.501231,33.809109],[99.525483,33.802802],[99.531749,33.793077],[99.535492,33.781928],[99.542003,33.773464],[99.569347,33.765977],[99.586436,33.76793],[99.645763,33.765652],[99.658702,33.769721],[99.692475,33.795478],[99.694347,33.800116],[99.697276,33.804796],[99.703298,33.806952],[99.72755,33.806952],[99.771495,33.799994],[99.792247,33.79267],[99.814952,33.778388],[99.837006,33.775662],[99.847341,33.769721],[99.857839,33.761298],[99.875662,33.752753],[99.885916,33.746161],[99.892345,33.73904],[99.901459,33.723415],[99.905772,33.718207],[99.915538,33.713243],[99.92392,33.712104],[99.933035,33.709744],[99.959239,33.690619],[99.999115,33.675645],[100.015636,33.663601],[100.013764,33.663845],[100.015636,33.657335],[100.019135,33.648953],[100.022472,33.643134],[100.048269,33.618354],[100.053152,33.61518],[100.064138,33.610907],[100.070567,33.601508],[100.074962,33.592108],[100.080089,33.587917],[100.124929,33.581651],[100.148692,33.573594],[100.158946,33.574246],[100.16684,33.578681],[100.171397,33.585557],[100.174083,33.591905],[100.175955,33.594672],[100.187266,33.599473],[100.226166,33.623358],[100.237804,33.632514],[100.280691,33.677314],[100.288666,33.691514],[100.286143,33.706488],[100.27589,33.719835],[100.263438,33.732611],[100.254649,33.746161],[100.240896,33.738715],[100.245616,33.760321],[100.267182,33.761908],[100.316742,33.746161],[100.323334,33.757595],[100.357839,33.756415],[100.375011,33.762559],[100.404796,33.786933],[100.421641,33.796739],[100.436697,33.800727],[100.449148,33.806098],[100.479991,33.829535],[100.498546,33.834906],[100.516775,33.837714],[100.564952,33.854804],[100.58074,33.865302],[100.604503,33.889187],[100.632091,33.910468],[100.663992,33.925564],[100.700206,33.930487],[100.766043,33.928168],[100.782237,33.924262],[100.791026,33.912706],[100.801524,33.893826],[100.814545,33.879828],[100.830577,33.883328],[100.836518,33.861518],[100.850352,33.833564],[100.869884,33.807969],[100.8921,33.79328],[100.896983,33.799831],[100.898204,33.802802],[100.899506,33.806952],[100.903901,33.789618],[100.912039,33.78559],[100.920421,33.787136],[100.926199,33.786444],[100.930186,33.77794],[100.928722,33.770941],[100.922374,33.764919],[100.912527,33.759141],[100.958995,33.738064],[100.97991,33.737494],[100.995697,33.751736],[100.99464,33.742743],[100.996104,33.733466],[101.000662,33.726589],[101.009369,33.725043],[101.016531,33.7296],[101.019542,33.73782],[101.021495,33.74726],[101.034434,33.771755],[101.034434,33.791083],[101.028331,33.809841],[101.019054,33.824327],[101.015636,33.831366],[101.01474,33.84044],[101.015636,33.858507],[101.018321,33.871934],[101.025483,33.876899],[101.034597,33.87698],[101.043468,33.875841],[101.063975,33.863796],[101.074229,33.861599],[101.10255,33.862576],[101.111827,33.861599],[101.139089,33.844428],[101.182872,33.786078],[101.236257,33.75963],[101.260753,33.732123],[101.288178,33.711371],[101.323334,33.718207],[101.335541,33.708197],[101.356619,33.703721],[101.376557,33.69713],[101.385509,33.680691],[101.389659,33.676622],[101.399099,33.677843],[101.408376,33.682196],[101.417735,33.694525],[101.42921,33.692165],[101.442963,33.686632],[101.454275,33.684109],[101.46282,33.687323],[101.483897,33.700385],[101.495372,33.704535],[101.508718,33.704779],[101.54005,33.697781],[101.545502,33.694525],[101.563406,33.680447],[101.574229,33.677273],[101.586029,33.675808],[101.606619,33.670193],[101.618907,33.669786],[101.687022,33.682318],[101.737315,33.683458],[101.753673,33.680243],[101.766775,33.672065],[101.820323,33.625067],[101.837576,33.605984],[101.844737,33.584784],[101.851736,33.572943],[101.8838,33.54621],[101.892589,33.526435],[101.891124,33.517524],[101.887625,33.507514],[101.885753,33.497423],[101.889171,33.488552],[101.974539,33.40351],[102.009288,33.376288],[102.052257,33.354356],[102.09669,33.339911],[102.165538,33.333197],[102.174327,33.334581],[102.183197,33.340522],[102.202078,33.358222],[102.211518,33.361925],[102.221121,33.369737],[102.256358,33.413153],[102.266531,33.419013],[102.288992,33.416083],[102.321381,33.406602],[102.333507,33.41352],[102.343191,33.411648],[102.349294,33.40644],[102.35198,33.40351],[102.361257,33.404324],[102.375499,33.408271],[102.385916,33.409735],[102.439382,33.448513],[102.461843,33.457546],[102.458995,33.461493],[102.454194,33.471788],[102.467296,33.469916],[102.471202,33.468695],[102.476085,33.464952],[102.481619,33.464952],[102.465343,33.486274],[102.458507,33.498725],[102.454194,33.512763],[102.452729,33.523261],[102.453298,33.535509],[102.45989,33.541571],[102.476085,33.533271],[102.481619,33.540066],[102.423432,33.576239],[102.413259,33.577948],[102.402599,33.594021],[102.355724,33.60932],[102.345144,33.625759],[102.341889,33.632025],[102.327729,33.646104],[102.324474,33.653347],[102.326427,33.676134],[102.331391,33.697781],[102.336518,33.709174],[102.341889,33.717312],[102.342865,33.725124],[102.334727,33.735622],[102.327403,33.734483],[102.317393,33.726386],[102.304861,33.720242],[102.290457,33.725043],[102.298106,33.734402],[102.305919,33.739936],[102.314545,33.744656],[102.324474,33.751736],[102.314138,33.767442],[102.299327,33.780707],[102.280772,33.789903],[102.259776,33.79328],[102.247081,33.797553],[102.243744,33.806952],[102.248464,33.816352],[102.259776,33.820624],[102.263927,33.826036],[102.257253,33.837999],[102.194347,33.919257],[102.166515,33.945828],[102.132823,33.965196],[102.109955,33.953721],[102.069591,33.968451],[102.050304,33.957831],[102.027192,33.979071],[101.98642,34.000271],[101.943451,34.010565],[101.913097,33.999376],[101.858409,34.03974],[101.829845,34.052069],[101.816417,34.060167],[101.803233,34.075059],[101.785085,34.066189],[101.759532,34.072699],[101.737315,34.088813],[101.72877,34.108588],[101.718435,34.103298],[101.714773,34.10578],[101.712576,34.111518],[101.707612,34.116034],[101.680919,34.12226],[101.646983,34.135932],[101.635753,34.145209],[101.639252,34.15705],[101.630789,34.166042],[101.621755,34.171454],[101.614757,34.178249],[101.611339,34.191189],[101.569591,34.208075],[101.529389,34.218451],[101.517019,34.219306],[101.496104,34.218044],[101.488455,34.218451],[101.480479,34.221625],[101.472748,34.226264],[101.46339,34.230333],[101.425385,34.234239],[101.365001,34.252631],[101.334239,34.256537],[101.323334,34.259467],[101.314952,34.26496],[101.307872,34.27204],[101.299246,34.27794],[101.286143,34.280544],[101.279714,34.283637],[101.265717,34.297309],[101.255789,34.300401],[101.242686,34.299994],[101.233979,34.300727],[101.22934,34.305609],[101.226573,34.327826],[101.222341,34.335273],[101.215017,34.339789],[101.204194,34.341376],[101.197276,34.34516],[101.195567,34.354438],[101.195811,34.36579],[101.194265,34.376166],[101.196056,34.383816],[101.196381,34.38996],[101.194265,34.396023],[101.19044,34.396918],[101.177745,34.395087],[101.173839,34.396023],[101.165701,34.406358],[101.164073,34.410956],[101.165294,34.415839],[101.166433,34.427354],[101.163992,34.443223],[101.149018,34.481635],[101.139659,34.49962],[101.060557,34.505886],[101.052175,34.509304],[101.042491,34.524197],[101.03297,34.527615],[101.020518,34.530097],[101.014089,34.535915],[101.009044,34.542304],[101.001964,34.54682],[100.950694,34.546942],[100.928966,34.551825],[100.919932,34.571641],[100.91684,34.595771],[100.908702,34.613878],[100.885834,34.649848],[100.870616,34.708808],[100.861339,34.718126],[100.835867,34.714911],[100.817556,34.706651],[100.782237,34.684597],[100.763438,34.677843],[100.742931,34.673692],[100.696788,34.670966],[100.674815,34.675727],[100.635671,34.692898],[100.618256,34.691474],[100.573985,34.739814],[100.559093,34.745307],[100.539561,34.758083],[100.522553,34.772773],[100.515229,34.783962],[100.49464,34.805487],[100.447195,34.818956],[100.354503,34.827989],[100.336355,34.833848],[100.327729,34.848253],[100.316742,34.883246],[100.309255,34.892157],[100.2942,34.906928],[100.288666,34.917344],[100.285818,34.929389],[100.288666,34.958319],[100.285818,34.984565],[100.278331,34.999376],[100.254649,35.027208],[100.249034,35.04621],[100.249034,35.089219],[100.240896,35.109198],[100.247651,35.13288],[100.247162,35.173611],[100.238455,35.214911],[100.22047,35.240668],[100.230235,35.253852],[100.241954,35.26203],[100.253347,35.26793],[100.261974,35.274766],[100.272227,35.289496],[100.271251,35.295437],[100.248464,35.302069],[100.2199,35.316433],[100.205333,35.330634],[100.203705,35.349799],[100.214285,35.378445],[100.193126,35.370958],[100.191173,35.402289],[100.168386,35.428656],[100.142345,35.450222],[100.131114,35.466579],[100.135916,35.472113],[100.154796,35.479438],[100.158946,35.483954],[100.15797,35.507839],[100.158946,35.51496],[100.166433,35.532782],[100.174815,35.542344],[100.199962,35.562812],[100.207612,35.574042],[100.240652,35.661689],[100.282481,35.723944],[100.295828,35.751288],[100.296153,35.771674],[100.337169,35.771674],[100.348399,35.774766],[100.360444,35.790961],[100.371186,35.798407],[100.390554,35.800564],[100.411225,35.795722],[100.447032,35.77912],[100.442556,35.800849],[100.444347,35.818183],[100.455089,35.829657],[100.477794,35.833767],[100.497081,35.841579],[100.529226,35.877875],[100.543061,35.888983],[100.554698,35.890448],[100.579275,35.888007],[100.590912,35.888983],[100.601085,35.893866],[100.617931,35.906358],[100.628835,35.908881],[100.637787,35.913113],[100.638927,35.922471],[100.638276,35.931912],[100.6421,35.936143],[100.704112,35.975898],[100.72047,35.989081],[100.72755,36.001288],[100.727631,36.03144],[100.730886,36.052802],[100.74171,36.070868],[100.815929,36.13227],[100.842377,36.140082],[100.900971,36.132758],[100.938406,36.139757],[100.9581,36.140245],[100.992686,36.132636],[101.004893,36.132432],[101.012706,36.134589],[101.029796,36.142279],[101.038015,36.144843],[101.064138,36.14643],[101.0796,36.139675],[101.087576,36.124538],[101.091807,36.100898],[101.105479,36.100938],[101.135183,36.115587],[101.150645,36.119574],[101.16627,36.118476],[101.179861,36.113593],[101.189057,36.103787],[101.191173,36.087592],[101.205496,36.086127],[101.234386,36.092475],[101.249604,36.093207],[101.262136,36.091173],[101.273692,36.087958],[101.327078,36.061591],[101.358816,36.053494],[101.392019,36.051093],[101.427257,36.052924],[101.456472,36.057725],[101.478526,36.065945],[101.631277,36.153998],[101.653819,36.173774],[101.666433,36.181586],[101.681082,36.185655],[101.697195,36.184353],[101.782725,36.146064],[101.789236,36.144965],[101.811941,36.146348],[101.826589,36.144395],[101.839936,36.140652],[101.852306,36.134345],[101.905772,36.088406],[101.913097,36.086982],[101.912852,36.068427],[101.958425,36.053249],[101.947765,36.038601],[101.985606,36.020819],[102.016124,35.991563],[102.036632,35.956122],[102.044037,35.919379],[102.048106,35.912299],[102.066498,35.894721],[102.07073,35.885281],[102.071788,35.864122],[102.073985,35.855251],[102.078136,35.847439],[102.098888,35.830146],[102.121511,35.827094],[102.163585,35.833767],[102.182384,35.840155],[102.225597,35.868272],[102.246104,35.874701],[102.345144,35.874701],[102.41741,35.887722],[102.441498,35.887763],[102.458425,35.882921],[102.489187,35.866889],[102.506277,35.86168],[102.554861,35.857042],[102.604584,35.842108],[102.636485,35.83865],[102.704845,35.839464],[102.716807,35.837348],[102.725597,35.833197],[102.735037,35.830349],[102.749766,35.831977],[102.759532,35.83751],[102.787201,35.859931],[102.837332,35.860663],[102.858897,35.85696],[102.872569,35.846259],[102.899506,35.84988],[103.009207,35.825792],[103.116466,35.778184],[103.133311,35.781114],[103.138194,35.791612],[103.149832,35.798041],[103.164236,35.803656],[103.18629,35.817084],[103.196788,35.820339],[103.219005,35.822333],[103.22934,35.825507],[103.244558,35.839667],[103.253184,35.842841],[103.26767,35.845974],[103.28712,35.853827],[103.30421,35.863878],[103.311453,35.873847],[103.317312,35.885199],[103.359304,35.911689],[103.270518,35.938422],[103.263682,35.941718],[103.250255,35.952012],[103.242931,35.955675],[103.235932,35.956855],[103.221934,35.95661],[103.215261,35.957465],[103.203624,35.961453],[103.194021,35.967393],[103.188731,35.976508],[103.189138,35.989773],[103.194021,35.999335],[103.202403,36.007107],[103.220714,36.020575],[103.250418,36.055487],[103.261322,36.065619],[103.392345,36.131049],[103.422944,36.156073],[103.424734,36.161566],[103.430675,36.165839],[103.446788,36.184638],[103.454845,36.18891],[103.492768,36.184923],[103.502615,36.182074],[103.515147,36.169786],[103.541026,36.134223],[103.554454,36.126817],[103.574636,36.130316],[103.610444,36.145209],[103.634288,36.147895],[103.646251,36.146511],[103.654552,36.143337],[103.667735,36.133653],[103.695567,36.103868],[103.698416,36.098904],[103.748953,36.094672],[103.876475,36.064643],[103.921804,36.060981],[104.012787,36.071967],[104.034679,36.078477],[104.043956,36.088935],[104.045421,36.110053],[104.044688,36.121934],[104.040701,36.123725],[104.047944,36.136501],[104.041433,36.14289],[104.023367,36.147895],[104.018647,36.182237],[104.047944,36.205024],[104.090912,36.22309],[104.126964,36.243516],[104.132335,36.251044],[104.140147,36.277045],[104.157237,36.299994],[104.191498,36.335273],[104.232595,36.368354],[104.259532,36.378689],[104.317312,36.382595],[104.345144,36.390326],[104.364268,36.404364],[104.399018,36.439399],[104.420014,36.450507],[104.445323,36.454128],[104.469819,36.455024],[104.493907,36.459662],[104.517589,36.474677],[104.546153,36.503445],[104.559093,36.51081],[104.592784,36.52143],[104.607921,36.528998],[104.620046,36.542548],[104.631358,36.564154],[104.638927,36.571641],[104.652761,36.579169],[104.684825,36.58865],[104.694916,36.592963],[104.710378,36.606024],[104.713796,36.620795],[104.709239,36.664618],[104.711436,36.669745],[104.716075,36.674831],[104.720714,36.681708],[104.722992,36.692247],[104.719168,36.697333],[104.691905,36.718451],[104.684093,36.721625],[104.681244,36.723334],[104.677175,36.728461],[104.672537,36.73904],[104.668224,36.74376],[104.612804,36.772569],[104.604747,36.792182],[104.600027,36.81505],[104.592459,36.833116],[104.579112,36.839179],[104.560802,36.841579],[104.544363,36.847235],[104.537364,36.863308],[104.527843,36.871934],[104.482026,36.884304],[104.466238,36.890896],[104.44752,36.894884],[104.408702,36.882025],[104.401378,36.890896],[104.393077,36.905829],[104.373953,36.907742],[104.335948,36.900824],[104.330007,36.909857],[104.328705,36.930528],[104.337494,37.006781],[104.332123,37.019843],[104.305186,37.055935],[104.298432,37.067247],[104.298595,37.079657],[104.305186,37.100043],[104.317149,37.122626],[104.328298,37.127794],[104.341726,37.127794],[104.359793,37.134833],[104.351329,37.141425],[104.338796,37.147895],[104.325613,37.152696],[104.305919,37.157009],[104.306163,37.162299],[104.311046,37.16824],[104.31544,37.17239],[104.323985,37.17654],[104.332286,37.174425],[104.339773,37.170478],[104.346121,37.168972],[104.406749,37.194688],[104.438975,37.203437],[104.469656,37.195665],[104.492686,37.208564],[104.578217,37.324083],[104.603119,37.339667],[104.627208,37.343695],[104.678966,37.344102],[104.696218,37.349433],[104.728282,37.366034],[104.745616,37.371121],[104.800955,37.37169],[104.819021,37.377875],[104.83253,37.38821],[104.843435,37.399115],[104.856944,37.407823],[104.877452,37.411404],[104.919363,37.407823],[104.938731,37.408515],[104.95696,37.415391],[104.992605,37.44245],[104.997162,37.452663],[104.995535,37.463324],[104.993663,37.469509],[104.997325,37.473253],[105.011485,37.476833],[105.020112,37.473741],[105.041515,37.456855],[105.052419,37.453559],[105.063243,37.457099],[105.08546,37.469997],[105.096202,37.472724],[105.102061,37.474962],[105.111095,37.484809],[105.11671,37.487006],[105.122976,37.485907],[105.132253,37.481269],[105.137218,37.48017],[105.150971,37.481269],[105.174897,37.485907],[105.188487,37.487006],[105.198171,37.485867],[105.218354,37.48078],[105.229991,37.48017],[105.243256,37.4831],[105.261811,37.492458],[105.274669,37.494452],[105.547862,37.497626],[105.573253,37.500678],[105.62794,37.524522],[105.69394,37.53559],[105.78419,37.568874],[105.857921,37.578721],[105.876069,37.586046],[105.889089,37.598822],[105.917979,37.642279],[105.94044,37.688015],[105.943289,37.695868],[105.946056,37.712429],[105.958995,37.753038],[105.963145,37.774441],[105.961843,37.805976],[105.963145,37.815985],[105.975597,37.842475],[105.977306,37.854193],[105.992686,37.885037],[106.029063,37.922227],[106.071056,37.95364],[106.104015,37.966864],[106.121511,37.971462],[106.139578,37.98253],[106.1692,38.007758],[106.18214,38.022773],[106.202729,38.058295],[106.220632,38.082302],[106.223562,38.091824],[106.223725,38.113959],[106.226329,38.127468],[106.232351,38.136908],[106.239187,38.144395],[106.244151,38.151801],[106.247,38.16059],[106.248464,38.175971],[106.250418,38.185899],[106.270925,38.223822],[106.278087,38.233262],[106.40797,38.36225],[106.49879,38.411729],[106.517019,38.426866],[106.539236,38.474636],[106.564708,38.50434],[106.572765,38.526557],[106.535655,38.535346],[106.521007,38.564399],[106.518565,38.573269],[106.520763,38.584418],[106.540457,38.621446],[106.594249,38.666327],[106.582042,38.680935],[106.575694,38.690253],[106.573416,38.698676],[106.573171,38.710395],[106.577159,38.712958],[106.596934,38.719591],[106.604096,38.720974],[106.607514,38.724799],[106.60849,38.733751],[106.607921,38.751654],[106.648936,38.803534],[106.665538,38.820258],[106.717784,38.858181],[106.840343,38.987616],[106.859386,39.013617],[106.866222,39.043158],[106.85377,39.077216],[106.881602,39.10456],[106.848155,39.163886],[106.836681,39.172797],[106.819591,39.180487],[106.808035,39.19892],[106.80128,39.221625],[106.799083,39.241726],[106.809093,39.309272],[106.802419,39.327094],[106.797781,39.334906],[106.793468,39.352891],[106.788829,39.360907],[106.780365,39.368354],[106.765147,39.378363],[106.7588,39.385077],[106.749929,39.418809],[106.752452,39.465522],[106.77532,39.559272],[106.778575,39.584337],[106.778331,39.595486],[106.773529,39.616563],[106.772472,39.62873],[106.776541,39.652452],[106.783621,39.664333],[106.785085,39.674628],[106.772472,39.693549],[106.767345,39.69599],[106.760509,39.696885],[106.754487,39.698798],[106.751964,39.704169],[106.75294,39.713731],[106.757498,39.729682],[106.7588,39.738593],[106.759939,39.742133],[106.762706,39.747178],[106.765147,39.753933],[106.765636,39.762519],[106.763194,39.772325],[106.754893,39.788357],[106.751964,39.796658],[106.744558,39.854926],[106.739757,39.862738],[106.717377,39.886176],[106.710378,39.898993],[106.738292,39.919501],[106.738455,39.929755],[106.733653,39.93891],[106.730235,39.947781],[106.73463,39.957343],[106.738048,39.971503],[106.733002,39.990302],[106.724539,40.007392],[106.717784,40.016303],[106.709076,40.038113],[106.727143,40.062608],[106.858653,40.179755],[106.870128,40.183621],[106.874278,40.166571],[106.977306,40.241645],[106.999034,40.251085],[107.007091,40.257148],[107.01474,40.269314],[107.02589,40.30268],[107.03183,40.310492],[107.057872,40.33279],[107.06601,40.337836],[107.080984,40.341742],[107.113862,40.345567],[107.128022,40.351508],[107.151541,40.376044],[107.158702,40.402045],[107.154063,40.428331],[107.141694,40.453925],[107.147227,40.462226],[107.163259,40.47724],[107.169688,40.481879],[107.179861,40.486396],[107.20574,40.494412],[107.214366,40.499213],[107.220225,40.512397],[107.20517,40.540229],[107.203868,40.563788],[107.211843,40.582709],[107.224864,40.59516],[107.2553,40.615587],[107.26295,40.625434],[107.266124,40.632921],[107.270763,40.637803],[107.282644,40.639472],[107.309825,40.640082],[107.322195,40.642279],[107.348562,40.652452],[107.380056,40.656684],[107.39503,40.66059],[107.440359,40.701606],[107.466563,40.709906],[107.490245,40.72663],[107.513927,40.739203],[107.539073,40.735053],[107.561453,40.73725],[107.573985,40.746853],[107.583507,40.757432],[107.643972,40.774766],[107.663097,40.776068],[107.694591,40.768866],[107.706635,40.77143],[107.711436,40.786933],[107.706716,40.801581],[107.699636,40.816596],[107.699799,40.829779],[107.717703,40.838731],[107.732432,40.851264],[107.758393,40.859483],[107.862071,40.8699],[107.885183,40.867499],[107.905528,40.85517],[107.91627,40.850165],[107.928315,40.851752],[107.95045,40.858588],[108.011974,40.858588],[108.086681,40.847724],[108.115001,40.851752],[108.1421,40.870551],[108.156749,40.877143],[108.173269,40.879706],[108.178803,40.874579],[108.19752,40.838731],[108.208751,40.827908],[108.224213,40.817939],[108.240815,40.81391],[108.268891,40.826687],[108.283702,40.822943],[108.306733,40.810818],[108.33782,40.810167],[108.404796,40.820583],[108.437755,40.817003],[108.451752,40.808539],[108.467296,40.793321],[108.479747,40.775458],[108.484874,40.758979],[108.492605,40.752509],[108.52825,40.739773],[108.550873,40.717963],[108.576264,40.682725],[108.581065,40.670233],[108.590831,40.661566],[108.612885,40.65412],[108.670421,40.642646],[108.680268,40.632636],[108.687592,40.621039],[108.697195,40.612169],[108.713959,40.609931],[108.748057,40.617987],[108.766124,40.612169],[108.757091,40.58808],[108.763601,40.573188],[108.779796,40.564032],[108.81129,40.551866],[108.820323,40.546739],[108.830007,40.54328],[108.842377,40.54328],[108.848399,40.546942],[108.856456,40.5539],[108.86671,40.560736],[108.879405,40.563788],[108.88323,40.558417],[108.886648,40.546698],[108.891612,40.53498],[108.900401,40.529608],[108.913097,40.531684],[108.921397,40.534695],[108.929454,40.534369],[108.94101,40.526231],[108.950694,40.522162],[108.963796,40.521348],[108.989268,40.522773],[109.000255,40.526313],[109.004405,40.53498],[109.005626,40.556952],[109.015391,40.547431],[109.02589,40.545193],[109.03655,40.548855],[109.046641,40.556952],[109.046397,40.540635],[109.049897,40.528673],[109.057872,40.52501],[109.087332,40.546658],[109.098155,40.547227],[109.122325,40.529608],[109.150076,40.523708],[109.185069,40.520697],[109.207286,40.511908],[109.19752,40.488715],[109.222341,40.492051],[109.286713,40.522773],[109.279552,40.490424],[109.28712,40.488227],[109.335134,40.487331],[109.355479,40.483425],[109.396576,40.468207],[109.413097,40.477362],[109.459483,40.489814],[109.472341,40.502305],[109.460704,40.502305],[109.450043,40.504503],[109.439952,40.508857],[109.430919,40.515326],[109.447032,40.520819],[109.482514,40.524604],[109.499034,40.529608],[109.50587,40.51671],[109.519216,40.52265],[109.53655,40.535509],[109.554454,40.54328],[109.572846,40.542263],[109.582042,40.53913],[109.590831,40.539984],[109.608328,40.550727],[109.665131,40.496772],[109.69044,40.484687],[109.700857,40.477607],[109.71339,40.475287],[109.737641,40.492458],[109.749034,40.497829],[109.762299,40.501166],[109.789561,40.504014],[109.828054,40.515326],[109.883311,40.515326],[109.892507,40.519965],[109.901378,40.52265],[109.910655,40.522773],[109.916026,40.52029],[109.924246,40.512397],[109.931163,40.509141],[109.941498,40.505886],[109.952891,40.503974],[109.963634,40.508124],[109.972097,40.522773],[109.988292,40.511583],[109.999604,40.512803],[110.010183,40.51907],[110.023936,40.522773],[110.039643,40.520575],[110.054779,40.51671],[110.069021,40.515977],[110.08253,40.522773],[110.095225,40.510688],[110.102306,40.505398],[110.109874,40.502305],[110.122813,40.502875],[110.142589,40.512885],[110.153331,40.515326],[110.154307,40.518907],[110.167572,40.540229],[110.175141,40.541571],[110.202566,40.539618],[110.211681,40.537055],[110.223155,40.522773],[110.237804,40.482733],[110.246104,40.474433],[110.286388,40.483913],[110.30364,40.481391],[110.293549,40.461371],[110.306651,40.453192],[110.347097,40.453152],[110.355724,40.450792],[110.362071,40.4442],[110.403412,40.420437],[110.4192,40.398383],[110.430268,40.388495],[110.441417,40.38935],[110.456391,40.397081],[110.467377,40.394599],[110.475027,40.385077],[110.479096,40.372016],[110.486501,40.372016],[110.506847,40.381374],[110.542979,40.360541],[110.58074,40.331855],[110.606049,40.31741],[110.638194,40.32213],[110.658132,40.321804],[110.688487,40.305732],[110.727306,40.296739],[110.746104,40.290066],[110.76588,40.280341],[110.779796,40.276068],[110.814952,40.276435],[110.834402,40.273708],[110.864838,40.258816],[110.879893,40.255316],[110.941335,40.253282],[110.964854,40.262641],[110.987397,40.261664],[110.996593,40.265896],[111.014903,40.283393],[111.034679,40.296902],[111.061046,40.267198],[111.184825,40.208116],[111.209565,40.180447],[111.219737,40.172716],[111.231293,40.168972],[111.254975,40.166775],[111.277192,40.160753],[111.290701,40.159044],[111.302745,40.156073],[111.328298,40.11872],[111.33839,40.110663],[111.361339,40.097968],[111.369884,40.090847],[111.379893,40.062445],[111.380789,40.057318],[111.39739,40.047919],[111.405365,40.025824],[111.411388,39.981553],[111.436534,39.917304],[111.435313,39.90644],[111.423432,39.895941],[111.397227,39.830756],[111.365245,39.777533],[111.359467,39.750434],[111.369884,39.721503],[111.417572,39.683661],[111.420095,39.672431],[111.426768,39.658881],[111.435639,39.646593],[111.445567,39.638983],[111.463145,39.620185],[111.453624,39.617255],[111.425141,39.625312],[111.424246,39.617214],[111.425141,39.535956],[111.420909,39.52204],[111.372488,39.489081],[111.342377,39.444363],[111.316987,39.429389],[111.284109,39.424872],[111.199148,39.427069],[111.163992,39.423163],[111.134288,39.410509],[111.109874,39.385077],[111.118175,39.376044],[111.141205,39.367255],[111.150808,39.357123],[111.16684,39.364691],[111.174571,39.356757],[111.17921,39.342353],[111.184825,39.33043],[111.200206,39.320909],[111.214773,39.316352],[111.22462,39.310492],[111.226573,39.296942],[111.221609,39.283393],[111.158214,39.172797],[111.134207,39.099433],[111.117686,39.067328],[111.088634,39.042507],[111.021902,39.018581],[110.99464,39.00377],[110.972585,38.974189],[110.994151,38.937201],[111.00351,38.916083],[111.003429,38.902533],[110.994151,38.885281],[110.979991,38.816514],[110.969005,38.798855],[110.95753,38.785264],[110.948334,38.771104],[110.9428,38.739366],[110.937511,38.731553],[110.921397,38.717231],[110.91505,38.708441],[110.904307,38.679389],[110.871511,38.621283],[110.87322,38.61168],[110.875255,38.607489],[110.900645,38.58039],[110.901296,38.573676],[110.899018,38.545356],[110.896983,38.535346],[110.890717,38.525092],[110.876475,38.509955],[110.870128,38.501817],[110.865326,38.490302],[110.859467,38.467963],[110.85255,38.457099],[110.833751,38.445828],[110.792084,38.439561],[110.774018,38.426093],[110.755626,38.390408],[110.746104,38.377712],[110.711192,38.356798],[110.705089,38.354438],[110.700694,38.346747],[110.67099,38.316921],[110.659679,38.310004],[110.647472,38.305609],[110.634288,38.30329],[110.60434,38.301378],[110.589854,38.296698],[110.579275,38.287218],[110.568614,38.232204],[110.568614,38.226874],[110.559255,38.216905],[110.54713,38.210883],[110.532807,38.207872],[110.517019,38.207058],[110.510916,38.202094],[110.499604,38.166042],[110.509288,38.144965],[110.509044,38.128038],[110.499604,38.090359],[110.507091,38.011542],[110.507823,38.008653],[110.511648,38.005072],[110.513276,38.001003],[110.513601,37.98253],[110.513276,37.980496],[110.514171,37.97016],[110.51295,37.961249],[110.514903,37.954901],[110.524099,37.952501],[110.545095,37.949652],[110.562511,37.942003],[110.576915,37.93126],[110.588959,37.919013],[110.653087,37.813096],[110.674408,37.796169],[110.728933,37.773546],[110.742686,37.764757],[110.752859,37.745673],[110.743744,37.732449],[110.705089,37.713568],[110.727061,37.700263],[110.778901,37.67829],[110.794444,37.658311],[110.78769,37.652411],[110.770437,37.641181],[110.766612,37.637885],[110.766043,37.623969],[110.771007,37.613349],[110.777192,37.603868],[110.786713,37.573513],[110.788585,37.561347],[110.783702,37.555935],[110.775808,37.551866],[110.76946,37.542344],[110.746104,37.48017],[110.738455,37.469428],[110.715343,37.449774],[110.696218,37.439399],[110.653331,37.433905],[110.636729,37.418158],[110.630056,37.396552],[110.633311,37.379218],[110.646251,37.367703],[110.667898,37.363552],[110.687104,37.357123],[110.687511,37.342108],[110.67099,37.309516],[110.669363,37.301093],[110.670014,37.295722],[110.669688,37.290391],[110.664806,37.282172],[110.660818,37.2803],[110.647634,37.276638],[110.643565,37.274726],[110.64088,37.269639],[110.636729,37.256374],[110.633718,37.250841],[110.568614,37.178534],[110.536794,37.155382],[110.527599,37.144395],[110.516368,37.115017],[110.508718,37.101589],[110.496186,37.095974],[110.489268,37.091824],[110.478933,37.081651],[110.469493,37.069403],[110.465587,37.058783],[110.45989,37.051134],[110.446381,37.044257],[110.417735,37.035183],[110.417735,37.027696],[110.425385,37.027045],[110.445079,37.021511],[110.427257,37.010199],[110.40797,37.014757],[110.389171,37.021837],[110.373057,37.017768],[110.372813,37.00727],[110.3838,36.994981],[110.397878,36.984809],[110.407156,36.980536],[110.417979,36.967231],[110.412527,36.937527],[110.394786,36.906928],[110.369233,36.891181],[110.37672,36.878485],[110.400808,36.861111],[110.410818,36.849555],[110.403819,36.837266],[110.407237,36.829942],[110.414236,36.824001],[110.417735,36.816026],[110.414968,36.805121],[110.409109,36.795762],[110.397227,36.781317],[110.393077,36.780707],[110.385753,36.781033],[110.378998,36.779893],[110.37672,36.775092],[110.379893,36.769965],[110.3921,36.765001],[110.397227,36.76081],[110.399913,36.760525],[110.417735,36.753974],[110.412201,36.753689],[110.413097,36.745307],[110.416108,36.736151],[110.417735,36.733507],[110.439057,36.742255],[110.44101,36.726426],[110.432058,36.703966],[110.421153,36.692572],[110.410574,36.695014],[110.400483,36.698839],[110.392833,36.698554],[110.38974,36.688788],[110.393565,36.682318],[110.482921,36.592882],[110.489757,36.577338],[110.498546,36.524482],[110.499604,36.507595],[110.495942,36.483995],[110.482188,36.448554],[110.476329,36.404853],[110.458751,36.349311],[110.459076,36.327094],[110.470144,36.28616],[110.472992,36.263699],[110.469005,36.243232],[110.450613,36.206855],[110.445079,36.185411],[110.446869,36.141791],[110.497488,35.9796],[110.500662,35.933132],[110.505951,35.911973],[110.507091,35.900824],[110.510753,35.886786],[110.519542,35.885077],[110.530691,35.88703],[110.54127,35.883816],[110.560151,35.849148],[110.57545,35.71247],[110.611339,35.637722],[110.61964,35.597195],[110.602631,35.554226],[110.572765,35.52794],[110.555919,35.50849],[110.558442,35.499579],[110.562755,35.490749],[110.559255,35.470811],[110.552745,35.449897],[110.547455,35.438178],[110.537527,35.427761],[110.523448,35.416571],[110.5088,35.40766],[110.496186,35.403998],[110.468272,35.356024],[110.458751,35.343126],[110.444835,35.335028],[110.437104,35.322333],[110.431651,35.307807],[110.424571,35.294135],[110.417247,35.286404],[110.372569,35.255316],[110.357595,35.238227],[110.335134,35.197943],[110.326182,35.149197],[110.316905,35.125678],[110.310476,35.090888],[110.29184,35.05036],[110.284597,35.00963],[110.268647,34.959418],[110.259369,34.944688],[110.271007,34.913438],[110.272227,34.881456],[110.262706,34.851182],[110.242442,34.824897],[110.237234,34.801337],[110.241628,34.71894],[110.251964,34.663153],[110.269949,34.637274]],[[97.288178,34.835476],[97.301199,34.817979],[97.315929,34.81684],[97.352794,34.821804],[97.406342,34.817939],[97.424815,34.821804],[97.437266,34.828437],[97.484955,34.871283],[97.50172,34.876247],[97.546967,34.876003]]]}},{"type":"Feature","properties":{"kind":"rivers","name":"Wei","source":"Natural Earth 1:10m"},"geometry":{"type":"MultiLineString","coordinates":[[[104.064952,34.986274],[104.067475,34.995714],[104.069021,35.018663],[104.071788,35.027208],[104.080984,35.033149],[104.094656,35.038398],[104.107351,35.045762],[104.115896,35.066921],[104.124278,35.074774],[104.134288,35.080349],[104.156505,35.086371],[104.166108,35.095567],[104.181651,35.115994],[104.197358,35.127956],[104.23406,35.139228],[104.271983,35.134101],[104.352957,35.109198],[104.373139,35.107001],[104.438569,35.109198],[104.456716,35.104112],[104.503835,35.068183],[104.592459,35.057969],[104.603526,35.048692],[104.668224,35.019802],[104.687999,34.998481],[104.694916,34.992499],[104.705089,34.987413],[104.713878,34.984198],[104.72047,34.979112],[104.725108,34.957628],[104.734386,34.938747],[104.736501,34.927924],[104.735037,34.915635],[104.729503,34.894355],[104.729096,34.883246],[104.750011,34.836941],[104.756358,34.828437],[104.774425,34.81155],[104.784434,34.807196],[104.794932,34.808905],[104.805675,34.812812],[104.815684,34.815009],[104.846446,34.780829],[104.886485,34.757921],[104.93629,34.749457],[104.987641,34.754747],[105.031342,34.773383],[105.041026,34.781928],[105.045339,34.788153],[105.051524,34.792304],[105.066824,34.79446],[105.166026,34.778754],[105.175222,34.773464],[105.183604,34.766628],[105.195811,34.759711],[105.239757,34.752224],[105.340017,34.758409],[105.387706,34.753485],[105.451427,34.734687],[105.473237,34.732449],[105.49114,34.725531],[105.499929,34.711249],[105.509939,34.699001],[105.531749,34.698269],[105.538259,34.702216],[105.547374,34.714464],[105.552175,34.718126],[105.563975,34.720079],[105.627533,34.714423],[105.647227,34.70543],[105.681895,34.684597],[105.723237,34.669013],[105.742686,34.656928],[105.750662,34.640204],[105.761485,34.626736],[105.786388,34.620958],[105.833425,34.615749],[105.85019,34.605292],[105.856619,34.594102],[105.86085,34.581081],[105.870616,34.564805],[105.884695,34.560085],[105.953136,34.554267],[105.976573,34.54796],[105.987315,34.54682],[105.995942,34.550238],[106.011241,34.565131],[106.021658,34.568549],[106.027843,34.560899],[106.048106,34.546088],[106.069591,34.536322],[106.079682,34.543728],[106.088878,34.556912],[106.10906,34.552191],[106.141694,34.5338],[106.161713,34.531562],[106.177257,34.536566],[106.192475,34.543484],[106.210704,34.54682],[106.225841,34.544501],[106.270925,34.527615],[106.307058,34.521674],[106.34669,34.520087],[106.450206,34.520087],[106.475678,34.524115],[106.486257,34.524034],[106.498057,34.520087],[106.510346,34.511094],[106.522065,34.499823],[106.534679,34.490098],[106.549327,34.486029],[106.572683,34.482489],[106.595876,34.472846],[106.613862,34.458604],[106.621023,34.44127],[106.626964,34.419501],[106.641612,34.405626],[106.65976,34.394884],[106.67628,34.382351],[106.764415,34.371365],[106.809093,34.373643],[106.85377,34.382351],[106.8838,34.393378],[106.895274,34.396023],[106.90797,34.396348],[106.926687,34.391181],[106.939708,34.389757],[106.949718,34.391913],[106.968842,34.401313],[106.980724,34.403428],[106.991954,34.401882],[107.03183,34.389757],[107.062266,34.372911],[107.073416,34.36933],[107.084727,34.370632],[107.096202,34.374945],[107.107432,34.377305],[107.137706,34.361396],[107.163585,34.356269],[107.296641,34.355048],[107.319591,34.351996],[107.358897,34.338446],[107.381277,34.33515],[107.429779,34.340766],[107.454845,34.340644],[107.474132,34.331732],[107.488292,34.322781],[107.533621,34.305447],[107.553233,34.300401],[107.604747,34.296658],[107.634369,34.298122],[107.671153,34.310126],[107.694753,34.304023],[107.738292,34.28738],[107.774913,34.284857],[107.786632,34.280544],[107.810964,34.25141],[107.816987,34.246405],[108.00172,34.232123],[108.087576,34.238959],[108.112234,34.232042],[108.135671,34.221869],[108.158946,34.216986],[108.183849,34.225898],[108.19573,34.219672],[108.206065,34.2213],[108.217377,34.225287],[108.231619,34.225898],[108.242686,34.221381],[108.263682,34.207221],[108.276378,34.20421],[108.368744,34.211697],[108.448416,34.208767],[108.467459,34.215115],[108.481944,34.226508],[108.497162,34.233913],[108.515554,34.23782],[108.587576,34.240587],[108.611827,34.245632],[108.622081,34.256049],[108.632823,34.260525],[108.690929,34.307888],[108.731944,34.320909],[108.760265,34.339179],[108.769542,34.341376],[108.782644,34.347032],[108.842377,34.382351],[108.903331,34.403428],[108.955984,34.414659],[108.995372,34.436306],[109.05421,34.45185],[109.074474,34.472357],[109.096446,34.47016],[109.129242,34.458686],[109.172862,34.431952],[109.179128,34.430121],[109.201182,34.430772],[109.211192,34.4324],[109.223074,34.436591],[109.23406,34.442206],[109.242198,34.448106],[109.250092,34.45893],[109.252533,34.467637],[109.253835,34.476142],[109.258881,34.486029],[109.263601,34.489203],[109.286713,34.49962],[109.286713,34.505886],[109.278738,34.509548],[109.273529,34.513861],[109.269949,34.519639],[109.266368,34.527615],[109.305675,34.543077],[109.328624,34.548041],[109.34547,34.543728],[109.361501,34.535712],[109.382335,34.532904],[109.399099,34.538113],[109.403412,34.554267],[109.416026,34.550238],[109.434255,34.548407],[109.450857,34.550401],[109.466075,34.565253],[109.483165,34.558295],[109.499034,34.546698],[109.502859,34.540635],[109.513927,34.538642],[109.553233,34.519843],[109.56837,34.514024],[109.583263,34.511664],[109.598074,34.51435],[109.612071,34.523871],[109.63144,34.549872],[109.643891,34.57099],[109.661713,34.582872],[109.697765,34.58161],[109.725597,34.575466],[109.735606,34.574774],[109.740896,34.578477],[109.742931,34.587104],[109.743907,34.596259],[109.746104,34.602078],[109.755626,34.614366],[109.761241,34.617051],[109.777436,34.608222],[109.784434,34.60989],[109.79005,34.615261],[109.793956,34.622504],[109.815684,34.60456],[109.848399,34.616319],[109.86964,34.602078],[109.878835,34.609158],[109.917491,34.622504],[109.921886,34.628241],[109.923106,34.635281],[109.925792,34.641181],[109.934581,34.643622],[109.95696,34.642849],[109.967459,34.645453],[109.972097,34.653266],[109.976329,34.67121],[109.986746,34.663886],[110.006277,34.636827],[110.021576,34.634955],[110.071707,34.643622],[110.083507,34.647895],[110.104991,34.666693],[110.112722,34.670966],[110.124522,34.66767],[110.15032,34.650824],[110.223888,34.620307],[110.257742,34.614366],[110.293468,34.623155]]]}},{"type":"Feature","properties":{"kind":"rivers","name":"Qin","source":"Natural Earth 1:10m"},"geometry":{"type":"MultiLineString","coordinates":[[[112.366954,36.575873],[112.358816,36.565863],[112.326264,36.435736],[112.319428,36.424994],[112.30071,36.41706],[112.29184,36.398017],[112.287852,36.351671],[112.282237,36.334418],[112.272553,36.31627],[112.268077,36.310492],[112.264659,36.308295],[112.272227,36.305203],[112.275401,36.298122],[112.273204,36.291042],[112.253917,36.283759],[112.256358,36.274726],[112.265391,36.265204],[112.274832,36.259955],[112.251475,36.251329],[112.25351,36.235907],[112.264415,36.21544],[112.268077,36.191677],[112.258718,36.171983],[112.232188,36.134223],[112.227061,36.109727],[112.250011,36.112494],[112.26588,36.096015],[112.288503,36.055121],[112.325857,36.024034],[112.329275,36.017686],[112.3296,36.002997],[112.3331,35.996772],[112.34075,35.987982],[112.338471,35.982978],[112.332774,35.978054],[112.329275,35.969428],[112.328543,35.958116],[112.32252,35.938422],[112.319428,35.893744],[112.323416,35.882432],[112.321788,35.869249],[112.318126,35.855577],[112.316417,35.842841],[112.317882,35.826606],[112.320893,35.814887],[112.326915,35.80504],[112.336925,35.794379],[112.329275,35.786933],[112.363455,35.777371],[112.366954,35.770372],[112.382498,35.75019],[112.387543,35.745958],[112.402599,35.740058],[112.414643,35.725938],[112.435151,35.69538],[112.452403,35.685329],[112.483816,35.686347],[112.500662,35.678331],[112.509939,35.664252],[112.524506,35.6199],[112.528087,35.602607],[112.528087,35.56505],[112.530284,35.555121],[112.53419,35.54446],[112.536062,35.5338],[112.531505,35.524115],[112.522227,35.516181],[112.519216,35.514675],[112.519949,35.512641],[112.5206,35.503282],[112.518972,35.493435],[112.516531,35.488308],[112.517019,35.48371],[112.53183,35.467312],[112.533295,35.462429],[112.53297,35.458116],[112.534923,35.451768],[112.555919,35.424506],[112.568289,35.384711],[112.579519,35.367743],[112.596283,35.3699],[112.600352,35.36046],[112.598643,35.355251],[112.595795,35.350653],[112.596283,35.343126],[112.608897,35.318712],[112.610606,35.31155],[112.613048,35.309353],[112.617442,35.30329],[112.619395,35.296983],[112.61435,35.294135],[112.605479,35.290839],[112.60377,35.28323],[112.606293,35.274197],[112.610606,35.266872],[112.618093,35.274278],[112.629487,35.263739],[112.639089,35.252265],[112.644786,35.237982],[112.645437,35.219062],[112.662039,35.224677],[112.660085,35.211737],[112.653087,35.193915],[112.65504,35.184882],[112.669363,35.180691],[112.679861,35.170193],[112.700694,35.143337],[112.708425,35.135443],[112.720225,35.125678],[112.735281,35.120469],[112.764659,35.132676],[112.78476,35.137397],[112.805186,35.138251],[112.819428,35.133083],[112.834402,35.125434],[112.891694,35.123399],[112.908946,35.11876],[112.940033,35.10517],[112.956391,35.102362],[112.98878,35.092841],[113.028819,35.05329],[113.06308,35.047716],[113.0796,35.052558],[113.155284,35.047716],[113.169526,35.048407],[113.18157,35.050971],[113.192393,35.056179],[113.203298,35.064765],[113.216319,35.071601],[113.22877,35.071112],[113.241628,35.068305],[113.254893,35.068183],[113.305186,35.08869],[113.334565,35.097032],[113.35434,35.092393],[113.364757,35.087104],[113.376964,35.086493],[113.387218,35.083564],[113.39503,35.063259],[113.401541,35.053656],[113.40504,35.043728],[113.398936,35.034044],[113.404552,35.02143],[113.424246,34.992214],[113.451589,34.967068]]]}},{"type":"Feature","properties":{"kind":"rivers","name":"Zhang","source":"Natural Earth 1:10m"},"geometry":{"type":"MultiLineString","coordinates":[[[112.948416,37.069037],[112.937999,36.987413],[112.91505,36.908515],[112.89088,36.861762],[112.881358,36.834418],[112.88795,36.822292],[112.921153,36.823798],[112.936534,36.822781],[112.963634,36.814521],[112.972341,36.812934],[113.011485,36.811957],[113.023448,36.804958],[113.03004,36.791815],[113.034679,36.768988],[113.039561,36.758979],[113.04127,36.754706],[113.042003,36.750556],[113.045502,36.739285],[113.053396,36.731065],[113.069347,36.719835],[113.084483,36.694403],[113.090424,36.687079],[113.096934,36.682888],[113.103119,36.68122],[113.109793,36.680365],[113.116954,36.678249],[113.12851,36.669745],[113.137299,36.656684],[113.142996,36.64171],[113.14503,36.627387],[113.148936,36.621121],[113.17921,36.609971],[113.214447,36.582302],[113.233165,36.562283],[113.241222,36.544501],[113.247162,36.52379],[113.261485,36.509467],[113.295909,36.487128],[113.305105,36.477891],[113.315359,36.465196],[113.323171,36.459174],[113.356456,36.4442],[113.368175,36.435574],[113.379324,36.42182],[113.395437,36.389472],[113.405203,36.374457],[113.421804,36.363349],[113.443858,36.357856],[113.48878,36.355577],[113.507498,36.357937],[113.544932,36.36933],[113.564057,36.37226],[113.578217,36.37169],[113.584565,36.370307],[113.591075,36.367703],[113.596283,36.363471],[113.607514,36.352362],[113.61378,36.349392],[113.621023,36.349677],[113.634044,36.354193],[113.641775,36.353705],[113.648367,36.35045],[113.65919,36.342393],[113.66684,36.340847],[113.674083,36.342312],[113.679861,36.346015],[113.69101,36.35517],[113.697765,36.358913],[113.702729,36.360175],[113.78948,36.340359],[113.808035,36.339301],[113.825125,36.345038],[113.858653,36.362657],[113.867117,36.365261],[113.873057,36.364569],[113.878429,36.361396],[113.892019,36.350409],[113.899099,36.346137],[113.90683,36.344062],[113.915701,36.344997],[113.927989,36.348009],[113.933604,36.348456],[113.953868,36.346544],[113.959727,36.347683],[113.965831,36.350775],[113.975515,36.358262],[113.980886,36.35989],[113.989024,36.358913],[114.004242,36.353217],[114.016694,36.344672],[114.027436,36.333808],[114.037364,36.321479],[114.047781,36.311835],[114.059255,36.308661],[114.072032,36.310411],[114.085948,36.315456],[114.097667,36.32449],[114.108653,36.336127],[114.120535,36.344265],[114.135753,36.342475],[114.146576,36.331814],[114.156993,36.304796],[114.168793,36.296251],[114.200125,36.291083],[114.208914,36.285468],[114.214366,36.278428],[114.223888,36.26321],[114.229991,36.256781],[114.237397,36.253038],[114.261729,36.252021],[114.304291,36.240587],[114.313731,36.240587],[114.332449,36.244005],[114.350597,36.245063],[114.36321,36.251532],[114.371593,36.25434],[114.384369,36.255886],[114.442312,36.253689],[114.449474,36.250556],[114.468028,36.235378],[114.478282,36.233751],[114.489024,36.234402],[114.501882,36.232611],[114.524099,36.222764],[114.541515,36.211778],[114.559581,36.202826],[114.584076,36.199083],[114.596202,36.200141],[114.617442,36.204861],[114.628184,36.205919],[114.639171,36.203803],[114.661225,36.194119],[114.673106,36.191677],[114.693614,36.193305],[114.747162,36.206732],[114.785085,36.229519],[115.091726,36.292751],[115.111908,36.30154],[115.146251,36.328884],[115.180675,36.345974],[115.190115,36.353054],[115.200043,36.358588],[115.221609,36.36164],[115.231619,36.366645],[115.23878,36.373847],[115.245942,36.386746],[115.263276,36.411078],[115.2706,36.432725],[115.274506,36.45657],[115.27589,36.4796],[115.282725,36.487128],[115.288992,36.498806],[115.308849,36.517401],[115.317393,36.528022],[115.320242,36.536729],[115.322765,36.556342],[115.327403,36.565294],[115.343354,36.57453],[115.347748,36.58161],[115.341319,36.592882],[115.341401,36.599677],[115.348399,36.608588],[115.365245,36.624294],[115.399832,36.671576],[115.409679,36.6789],[115.423839,36.686306],[115.44337,36.703396],[115.460867,36.722846],[115.47755,36.753485],[115.499278,36.761583],[115.543956,36.767646],[115.626069,36.793524],[115.664073,36.815212],[115.680593,36.8428]]]}},{"type":"Feature","properties":{"kind":"rivers","name":"Huang","source":"Natural Earth 1:10m"},"geometry":{"type":"MultiLineString","coordinates":[[[114.837576,35.019802],[114.84726,35.03795],[114.846772,35.081488],[114.864757,35.120469],[114.859874,35.140448],[114.851573,35.159491],[114.851329,35.178046],[114.864024,35.188585],[114.913178,35.208075],[114.930186,35.211615],[114.941417,35.218777],[114.981619,35.266872],[115.002045,35.284735],[115.008881,35.294135],[115.021495,35.324774],[115.025971,35.332343],[115.053722,35.366767],[115.067963,35.379991],[115.091563,35.390326],[115.121755,35.393866],[115.131847,35.397773],[115.13974,35.404608],[115.14446,35.410997],[115.150483,35.415798],[115.162608,35.41767],[115.205577,35.414618],[115.226329,35.416124],[115.248546,35.424506],[115.266043,35.436143],[115.306814,35.475694],[115.316742,35.479356],[115.329194,35.480984],[115.340017,35.485053],[115.344737,35.496161],[115.342377,35.505479],[115.332286,35.523261],[115.330496,35.534369],[115.341319,35.555365],[115.383311,35.55744],[115.392589,35.572211],[115.392589,35.597032],[115.394786,35.615749],[115.402843,35.630479],[115.420421,35.643581],[115.467296,35.663438],[115.491791,35.678087],[115.502452,35.69538],[115.501964,35.716498],[115.503917,35.722724],[115.53655,35.719306],[115.576182,35.722235],[115.617686,35.731147],[115.654714,35.746283],[115.680593,35.767768],[115.729747,35.83043],[115.76116,35.849148],[115.850678,35.858954],[115.873546,35.865505],[115.885916,35.87755],[115.883718,35.887519],[115.874034,35.895046],[115.863373,35.900458],[115.858002,35.904242],[115.857921,35.916327],[115.86321,35.924913],[115.919932,35.967719],[115.943777,35.979682],[115.954275,35.976589],[115.965424,35.985785],[115.990733,35.980821],[116.033295,35.965684],[116.038992,35.976182],[116.064138,36.040839],[116.078298,36.051337],[116.086925,36.059149],[116.091401,36.068142],[116.089936,36.078477],[116.080333,36.098456],[116.077729,36.109727],[116.087494,36.11225],[116.110281,36.113715],[116.119314,36.116523],[116.12851,36.125027],[116.132823,36.134548],[116.135509,36.1435],[116.13974,36.150702],[116.198822,36.172553],[116.269623,36.240058],[116.311941,36.293321],[116.327891,36.30154],[116.347179,36.303656],[116.388113,36.313056],[116.410167,36.315212],[116.41684,36.318549],[116.454275,36.345526],[116.477061,36.355902],[116.530854,36.397732],[116.566417,36.410102],[116.575043,36.414822],[116.586029,36.427598],[116.597585,36.447577],[116.598643,36.467353],[116.578624,36.4796],[116.591319,36.48664],[116.601654,36.494981],[116.605561,36.504421],[116.598562,36.514431],[116.606375,36.524441],[116.633311,36.547919],[116.651134,36.577582],[116.65683,36.582709],[116.673106,36.58869],[116.736339,36.624294],[116.749522,36.643012],[116.768077,36.684882],[116.780772,36.702745],[116.79599,36.712714],[116.858653,36.740343],[116.881114,36.742743],[116.937755,36.733507],[116.943777,36.730496],[116.952647,36.724555],[116.962576,36.720526],[116.972179,36.723253],[116.976654,36.725938],[116.981619,36.726874],[116.992442,36.726671],[116.999604,36.729438],[117.003917,36.735785],[117.006928,36.742703],[117.009939,36.747138],[117.070323,36.783311],[117.088878,36.788764],[117.105724,36.796251],[117.116791,36.813747],[117.133474,36.849555],[117.163585,36.87995],[117.176199,36.898953],[117.181407,36.922187],[117.189464,36.93419],[117.226329,36.961046],[117.235932,36.980536],[117.234386,36.991767],[117.229747,37.000271],[117.226573,37.009141],[117.229747,37.021511],[117.237804,37.031033],[117.257091,37.038275],[117.284923,37.059394],[117.302257,37.062934],[117.345795,37.062527],[117.388113,37.073188],[117.552257,37.149237],[117.570811,37.16413],[117.578624,37.181952],[117.584239,37.200303],[117.597585,37.222357],[117.613373,37.242296],[117.627045,37.254259],[117.648204,37.260118],[117.668468,37.257025],[117.689138,37.2508],[117.712332,37.247423],[117.760509,37.247423],[117.771658,37.249864],[117.805186,37.26789],[117.827403,37.272081],[117.847097,37.269395],[117.867117,37.264431],[117.890554,37.261746],[117.908214,37.26789],[117.962169,37.309516],[117.983165,37.316759],[118.029796,37.327338],[118.06544,37.352078],[118.087006,37.356147],[118.133474,37.357286],[118.182221,37.366482],[118.207042,37.375271],[118.226003,37.387722],[118.229421,37.396308],[118.222992,37.428656],[118.225515,37.438788],[118.231537,37.450222],[118.243337,37.466579],[118.256602,37.478095],[118.281749,37.495144],[118.29127,37.508124],[118.295421,37.524359],[118.299327,37.560574],[118.304779,37.576443],[118.328868,37.596381],[118.365245,37.606879],[118.519135,37.615668],[118.55421,37.626492],[118.585948,37.644639],[118.672862,37.718695],[118.68157,37.733466],[118.710053,37.749823],[118.722585,37.754503],[118.758718,37.760281],[118.78655,37.774726],[118.860362,37.796169],[118.897065,37.824327],[118.917003,37.830634],[118.938894,37.819403],[118.9546,37.808783],[118.978038,37.79975],[119.003429,37.796251],[119.033214,37.802558]],[[110.269949,34.637274],[110.297862,34.621161],[110.335134,34.615749],[110.367686,34.617499],[110.37672,34.615749],[110.387218,34.608222],[110.393321,34.599677],[110.399669,34.592475],[110.410818,34.589057],[110.42213,34.590644],[110.426524,34.595893],[110.429861,34.602729],[110.437592,34.608913],[110.44866,34.61286],[110.459076,34.614854],[110.482921,34.615749],[110.491628,34.613145],[110.500662,34.607001],[110.517019,34.592475],[110.530284,34.583604],[110.539643,34.584296],[110.548839,34.589911],[110.561697,34.595893],[110.584483,34.600857],[110.64739,34.602078],[110.708425,34.620917],[110.718761,34.626288],[110.725841,34.642442],[110.743175,34.654242],[110.765636,34.661241],[110.883474,34.666042],[110.922862,34.685736],[110.910574,34.732449],[110.933116,34.735175],[110.973155,34.716824],[110.989757,34.721869],[111.007253,34.737494],[111.025483,34.747423],[111.109304,34.768622],[111.124278,34.778632],[111.138438,34.819159],[111.157644,34.82213],[111.198416,34.808132],[111.215261,34.800076],[111.222667,34.798529],[111.232595,34.800727],[111.237641,34.806464],[111.240652,34.815701],[111.245616,34.824246],[111.256602,34.827989],[111.268972,34.82449],[111.276541,34.818427],[111.284679,34.816352],[111.307384,34.83157],[111.318858,34.837104],[111.331065,34.840847],[111.342459,34.842312],[111.352794,34.839382],[111.373057,34.825751],[111.383474,34.821804],[111.393972,34.823188],[111.421397,34.835476],[111.444591,34.83747],[111.557384,34.863308],[111.569021,34.868964],[111.572276,34.87405],[111.578298,34.890326],[111.582123,34.896918],[111.586681,34.900458],[111.597179,34.904975],[111.603282,34.909939],[111.610606,34.92121],[111.622,34.94713],[111.630463,34.958319],[111.641368,34.964382],[111.667979,34.97248],[111.678315,34.978827],[111.670339,34.997382],[111.682709,35.007839],[111.704031,35.012519],[111.723074,35.013536],[111.740652,35.018907],[111.763276,35.042344],[111.778331,35.047716],[111.796153,35.051703],[111.807628,35.061306],[111.816905,35.072821],[111.829112,35.082465],[111.845795,35.086982],[111.881847,35.089301],[111.897472,35.096137],[111.915294,35.089911],[111.957449,35.094062],[111.976166,35.085557],[111.99171,35.073757],[112.034679,35.047716],[112.058116,35.033393],[112.12558,35.023953],[112.151378,35.013536],[112.161632,35.000312],[112.178966,34.970811],[112.189138,34.965155],[112.202159,34.962958],[112.218028,34.957709],[112.232351,34.950995],[112.240733,34.944688],[112.256114,34.958035],[112.265066,34.963446],[112.274832,34.965155],[112.281505,34.961534],[112.284679,34.954535],[112.288992,34.947781],[112.299083,34.944688],[112.324474,34.941433],[112.361095,34.924669],[112.384044,34.917344],[112.466726,34.910346],[112.480235,34.906806],[112.490896,34.897976],[112.73406,34.808132],[112.779226,34.797919],[112.823253,34.800605],[112.912364,34.821804],[113.047374,34.831651],[113.089773,34.842312],[113.130382,34.860175],[113.151134,34.866523],[113.175792,34.868964],[113.19752,34.876288],[113.210134,34.893866],[113.22698,34.931667],[113.24879,34.948554],[113.270763,34.951443],[113.292491,34.951931],[113.329275,34.968777],[113.353608,34.972357],[113.497569,34.965155],[113.508718,34.968695],[113.521251,34.975287],[113.534109,34.979519],[113.545665,34.975694],[113.590017,34.944688],[113.665619,34.907538],[113.70574,34.89529],[113.74822,34.890692],[113.759044,34.89171],[113.779877,34.896186],[113.789236,34.896918],[113.800792,34.894395],[113.826915,34.883246],[113.836925,34.882148],[113.856537,34.877509],[113.867768,34.87641],[113.877208,34.878201],[113.89503,34.887152],[113.905935,34.890692],[113.918793,34.891628],[113.930919,34.89114],[113.942393,34.891954],[113.953868,34.896918],[113.963145,34.907294],[113.970795,34.930528],[113.977631,34.94127],[113.997813,34.949083],[114.02239,34.945339],[114.062429,34.931667],[114.085134,34.930772],[114.155284,34.937852],[114.179454,34.935981],[114.303233,34.898464],[114.323741,34.896918],[114.343842,34.901313],[114.378917,34.918484],[114.399425,34.92418],[114.421641,34.924669],[114.493663,34.906073],[114.501394,34.903103],[114.509288,34.901923],[114.52239,34.903673],[114.53183,34.906684],[114.546397,34.914252],[114.556407,34.917344],[114.577403,34.91767],[114.609467,34.902655],[114.631602,34.896918],[114.646007,34.897528],[114.654389,34.901679],[114.65976,34.906602],[114.665619,34.909939],[114.676362,34.910712],[114.698822,34.909247],[114.707286,34.909939],[114.729991,34.920925],[114.745128,34.936347],[114.768891,34.972602],[114.781668,34.985867],[114.83074,35.019802]]]}},{"type":"Feature","properties":{"kind":"rivers","name":"Dan","source":"Natural Earth 1:10m"},"geometry":{"type":"MultiLineString","coordinates":[[[111.229015,33.055609],[111.246104,33.036444],[111.26295,33.019314],[111.286794,33.002387],[111.308849,32.988308],[111.35849,32.968451],[111.444021,32.940782],[111.469005,32.929958],[111.491954,32.913357],[111.511241,32.89765],[111.526785,32.872097],[111.53476,32.83808],[111.53769,32.808905],[111.547293,32.772284],[111.558442,32.738796],[111.550873,32.712714],[111.524669,32.696112],[111.5088,32.676703],[111.503347,32.653266],[111.49879,32.63821],[111.490896,32.621283],[111.485037,32.610907],[111.476492,32.584825],[111.47755,32.569525]]]}},{"type":"Feature","properties":{"kind":"rivers","name":"Dan","source":"Natural Earth 1:10m"},"geometry":{"type":"MultiLineString","coordinates":[[[109.87379,33.882107],[110.028738,33.834052],[110.16741,33.755968],[110.195323,33.742621],[110.29835,33.718695],[110.312755,33.712104],[110.32545,33.702826],[110.335134,33.690375],[110.336843,33.685126],[110.338145,33.673163],[110.341075,33.666612],[110.349539,33.657416],[110.380951,33.630194],[110.400401,33.604438],[110.416108,33.576443],[110.433116,33.521999],[110.446381,33.498887],[110.47169,33.484239],[110.698009,33.445014],[110.762218,33.447292],[110.793224,33.441677],[110.811615,33.419989],[110.821381,33.400824],[110.835867,33.387519],[110.868907,33.365994],[110.875499,33.359198],[110.886322,33.336005],[110.896495,33.325303],[110.996593,33.267157],[111.026785,33.230251],[111.156993,33.118598],[111.185313,33.105658],[111.205089,33.099921],[111.213878,33.092963],[111.229015,33.055609]]]}}]}