{"type":"FeatureCollection","features":[{"type":"Feature","properties":{"kind":"lakes","name":null,"source":"Natural Earth 1:10m"},"geometry":{"type":"Polygon","coordinates":[[[114.433617,30.066171],[114.435972,30.067054],[114.436855,30.067054],[114.435677,30.066466],[114.433617,30.066171]]]}},{"type":"Feature","properties":{"kind":"lakes","name":null,"source":"Natural Earth 1:10m"},"geometry":{"type":"Polygon","coordinates":[[[114.440093,30.067349],[114.436855,30.067054],[114.440976,30.068526],[114.440093,30.067349]]]}},{"type":"Feature","properties":{"kind":"lakes","name":"鄱阳湖","source":"Natural Earth 1:10m"},"geometry":{"type":"Polygon","coordinates":[[[116.677555,29.173365],[116.688446,29.168066],[116.715233,29.137158],[116.715233,29.097125],[116.70758,29.082995],[116.688446,29.07858],[116.690801,29.091826],[116.689918,29.112137],[116.684325,29.127739],[116.656655,29.12715],[116.645763,29.112726],[116.637227,29.091826],[116.6334,29.072398],[116.625747,29.074164],[116.622803,29.075636],[116.618976,29.07858],[116.623686,29.086233],[116.62663,29.094475],[116.627513,29.103601],[116.626335,29.113315],[116.623686,29.120968],[116.619271,29.130682],[116.615444,29.135686],[116.607202,29.117436],[116.593072,29.12244],[116.576588,29.13392],[116.564519,29.140691],[116.556865,29.137158],[116.543325,29.12244],[116.537143,29.119496],[116.529784,29.123617],[116.523308,29.132154],[116.518598,29.142457],[116.516537,29.151288],[116.506823,29.160707],[116.48769,29.159824],[116.47621,29.152171],[116.488573,29.140691],[116.483274,29.124501],[116.492694,29.112137],[116.508295,29.103601],[116.523308,29.099774],[116.516537,29.085939],[116.53155,29.079757],[116.537143,29.07858],[116.537143,29.072398],[116.512416,29.069749],[116.485629,29.0462],[116.461197,29.051204],[116.459725,29.036486],[116.461197,29.024417],[116.468556,29.017058],[116.482391,29.017058],[116.480036,28.998807],[116.48975,28.983794],[116.504174,28.970254],[116.516537,28.95583],[116.52213,28.940523],[116.522425,28.924627],[116.518009,28.909026],[116.509178,28.894308],[116.52478,28.890481],[116.535377,28.895485],[116.544796,28.898135],[116.558043,28.886654],[116.550684,28.880473],[116.558043,28.873702],[116.541264,28.866049],[116.533905,28.861045],[116.530961,28.856335],[116.533022,28.845738],[116.541264,28.830725],[116.543325,28.825427],[116.54097,28.812769],[116.535082,28.796579],[116.526546,28.782449],[116.516537,28.776856],[116.523308,28.790692],[116.518892,28.791575],[116.515654,28.792752],[116.513005,28.794518],[116.509178,28.798051],[116.481508,28.79128],[116.472088,28.790692],[116.46208,28.794224],[116.456487,28.803055],[116.453249,28.814535],[116.448245,28.825427],[116.438531,28.836024],[116.429994,28.842794],[116.423224,28.850153],[116.420869,28.862811],[116.424107,28.874291],[116.432349,28.882828],[116.454721,28.894308],[116.426168,28.899606],[116.404973,28.874291],[116.388489,28.840145],[116.372593,28.818362],[116.365823,28.825427],[116.371416,28.83308],[116.39261,28.877823],[116.419103,28.917563],[116.424696,28.929926],[116.427934,28.943172],[116.427345,28.95583],[116.420575,28.966133],[116.413804,28.961423],[116.4088,28.948765],[116.40674,28.935224],[116.397614,28.940523],[116.393199,28.938462],[116.386134,28.921389],[116.3879,28.919623],[116.39261,28.906082],[116.393199,28.900489],[116.39055,28.898723],[116.381424,28.894013],[116.379658,28.890481],[116.373182,28.87017],[116.358464,28.850153],[116.342274,28.841322],[116.331088,28.853391],[116.333737,28.863988],[116.354637,28.883122],[116.359053,28.894308],[116.353754,28.904611],[116.344334,28.907554],[116.335209,28.908143],[116.331088,28.911381],[116.333149,28.925216],[116.338742,28.941112],[116.359053,28.976141],[116.344334,28.980851],[116.329911,28.982911],[116.2678,28.980262],[116.260735,28.985855],[116.269566,29.004106],[116.264267,29.007932],[116.259558,29.012642],[116.256614,29.019118],[116.255142,29.027655],[116.252198,29.031481],[116.206572,29.033248],[116.19833,29.037957],[116.194503,29.051204],[116.187733,29.051204],[116.174192,29.038841],[116.155647,29.047083],[116.142989,29.066216],[116.145933,29.085939],[116.131509,29.082701],[116.115908,29.077108],[116.10325,29.078285],[116.093536,29.114492],[116.08235,29.125678],[116.057329,29.140691],[116.042317,29.165417],[116.035841,29.181313],[116.040256,29.188378],[116.074991,29.183668],[116.084117,29.186906],[116.077935,29.202213],[116.140046,29.197208],[116.158885,29.203096],[116.14505,29.212515],[116.123856,29.220758],[116.102661,29.223996],[116.088238,29.219874],[116.077641,29.223996],[116.005816,29.239891],[115.997573,29.254315],[115.98992,29.272271],[115.980795,29.280219],[115.967843,29.264029],[115.967548,29.249017],[115.974907,29.232827],[115.980795,29.215459],[115.975202,29.195737],[115.929281,29.203979],[115.907498,29.216931],[115.922216,29.250194],[115.924277,29.262852],[115.927809,29.273449],[115.97844,29.294643],[115.984916,29.299353],[116.009642,29.311127],[116.01759,29.319075],[116.024066,29.327906],[116.028187,29.338798],[116.029954,29.352927],[116.02701,29.361169],[116.00405,29.410328],[115.998751,29.417393],[115.990509,29.42122],[115.975202,29.42122],[115.975202,29.428579],[115.991392,29.433583],[116.001695,29.440059],[116.01082,29.447712],[116.023183,29.455955],[116.046144,29.448007],[116.060862,29.463314],[116.070576,29.485391],[116.077935,29.49746],[116.077935,29.503642],[116.063217,29.509529],[116.070576,29.51836],[116.086471,29.528957],[116.098246,29.538376],[116.097069,29.544558],[116.092653,29.553683],[116.090298,29.56222],[116.112081,29.579587],[116.116497,29.593717],[116.12886,29.65936],[116.126211,29.66878],[116.116497,29.674667],[116.098246,29.681732],[116.100895,29.685853],[116.105605,29.695567],[116.092653,29.694389],[116.069398,29.688797],[116.060862,29.692035],[116.092947,29.724415],[116.102073,29.730302],[116.150054,29.727947],[116.173603,29.73354],[116.187733,29.750907],[116.229238,29.743843],[116.210399,29.735012],[116.193326,29.718527],[116.188027,29.702632],[116.204806,29.695567],[116.238658,29.708225],[116.256908,29.709696],[116.269566,29.695567],[116.247783,29.691151],[116.243073,29.683792],[116.244839,29.673784],[116.243073,29.661421],[116.232182,29.651412],[116.217758,29.670252],[116.204806,29.664953],[116.202451,29.650235],[116.205983,29.630807],[116.205689,29.613439],[116.190971,29.60608],[116.187733,29.598427],[116.195386,29.581059],[116.207161,29.562809],[116.215697,29.552212],[116.195681,29.556627],[116.186261,29.564869],[116.179491,29.574878],[116.167127,29.585769],[116.152115,29.554272],[116.145639,29.533667],[116.14976,29.524247],[116.157119,29.521303],[116.162417,29.514533],[116.166244,29.506585],[116.17066,29.500698],[116.168893,29.495694],[116.152115,29.477737],[116.145933,29.469495],[116.151232,29.460959],[116.152998,29.452422],[116.150937,29.443591],[116.145933,29.43476],[116.115614,29.443886],[116.08029,29.418276],[116.061745,29.383835],[116.081467,29.366468],[116.114142,29.367645],[116.150643,29.373533],[116.184789,29.387956],[116.208044,29.415038],[116.223056,29.380892],[116.225706,29.363819],[116.221879,29.346157],[116.214225,29.358226],[116.206572,29.356459],[116.198035,29.347923],[116.187733,29.339386],[116.145639,29.342036],[116.132981,29.339386],[116.120323,29.324962],[116.123561,29.312305],[116.145933,29.290816],[116.161829,29.27963],[116.166244,29.273743],[116.130626,29.264029],[116.126211,29.264029],[116.12415,29.24725],[116.140046,29.244012],[116.174192,29.250488],[116.181845,29.248722],[116.189205,29.244601],[116.196858,29.242246],[116.204806,29.246662],[116.217169,29.258436],[116.22394,29.262852],[116.229238,29.264029],[116.236008,29.258436],[116.246017,29.234593],[116.255142,29.223112],[116.266328,29.215753],[116.280752,29.210455],[116.296059,29.209572],[116.310483,29.216342],[116.306656,29.220758],[116.305478,29.22429],[116.305478,29.228705],[116.303712,29.236948],[116.316664,29.232238],[116.325495,29.236065],[116.331971,29.241657],[116.338447,29.243129],[116.346101,29.23577],[116.346395,29.228411],[116.347867,29.221641],[116.359053,29.216342],[116.366412,29.232827],[116.372299,29.238714],[116.379658,29.229294],[116.378775,29.221641],[116.369944,29.196325],[116.365823,29.188378],[116.338153,29.171304],[116.324023,29.156881],[116.324906,29.140691],[116.33933,29.139807],[116.364646,29.166889],[116.365823,29.147461],[116.372888,29.15011],[116.379658,29.15482],[116.393199,29.140691],[116.397909,29.152171],[116.39732,29.163357],[116.394671,29.175131],[116.393199,29.188378],[116.399381,29.188378],[116.407917,29.176603],[116.422047,29.176014],[116.434999,29.183962],[116.440886,29.198975],[116.442358,29.207806],[116.445596,29.215165],[116.447068,29.221346],[116.444713,29.226351],[116.438237,29.234593],[116.435587,29.244307],[116.43647,29.254609],[116.440886,29.264029],[116.437059,29.266973],[116.432055,29.273449],[116.427345,29.277864],[116.445596,29.280808],[116.463552,29.269622],[116.477093,29.249311],[116.488573,29.202507],[116.500053,29.204568],[116.50594,29.223112],[116.495638,29.250488],[116.510356,29.24519],[116.514477,29.231355],[116.516243,29.216636],[116.523308,29.208983],[116.536554,29.213987],[116.541853,29.229294],[116.541264,29.246073],[116.537143,29.257259],[116.543325,29.257259],[116.550389,29.251371],[116.555394,29.252255],[116.558337,29.259025],[116.558043,29.271094],[116.570406,29.248133],[116.588362,29.245484],[116.606613,29.24725],[116.618976,29.236948],[116.605435,29.236948],[116.618976,29.202213],[116.629573,29.232238],[116.630751,29.246367],[116.626335,29.264029],[116.641053,29.257847],[116.65636,29.249017],[116.665191,29.239303],[116.660776,29.229294],[116.688446,29.216342],[116.684031,29.212221],[116.678438,29.2081],[116.667546,29.202213],[116.65636,29.209277],[116.651356,29.207511],[116.648413,29.200741],[116.643703,29.192204],[116.618976,29.168066],[116.623686,29.150405],[116.638404,29.152465],[116.664014,29.168066],[116.67255,29.169833],[116.674611,29.172776],[116.677555,29.173365]]]}},{"type":"Feature","properties":{"kind":"lakes","name":"大官湖","source":"Natural Earth 1:10m"},"geometry":{"type":"Polygon","coordinates":[[[116.461197,30.093547],[116.459725,30.08089],[116.443241,30.0647],[116.436765,30.050864],[116.494755,30.038795],[116.50859,30.023194],[116.517126,30.003177],[116.530961,29.983455],[116.509178,29.96285],[116.477976,29.950781],[116.442358,29.948131],[116.40674,29.956079],[116.395259,29.96491],[116.376126,29.986987],[116.365823,29.989637],[116.354932,29.981983],[116.353754,29.970503],[116.349339,29.958434],[116.331088,29.94872],[116.309011,29.963733],[116.302829,29.973152],[116.303712,29.989637],[116.291349,29.986693],[116.281635,29.989637],[116.27457,29.995818],[116.269566,30.004061],[116.276042,30.007887],[116.284284,30.014952],[116.289288,30.017601],[116.270155,30.0229],[116.258674,30.014952],[116.257203,30.010831],[116.247194,30.036441],[116.25632,30.042622],[116.255142,30.066171],[116.240424,30.05999],[116.234831,30.072059],[116.236597,30.091192],[116.243073,30.107088],[116.245722,30.102378],[116.251021,30.097963],[116.255142,30.093547],[116.254259,30.105616],[116.245134,30.120629],[116.243073,30.130637],[116.2469,30.139174],[116.255731,30.135053],[116.264856,30.126516],[116.269566,30.120629],[116.278397,30.078535],[116.286639,30.059695],[116.303712,30.058812],[116.289288,30.099435],[116.291938,30.117391],[116.310483,30.12681],[116.315487,30.095313],[116.320491,30.081184],[116.331088,30.072942],[116.33462,30.086188],[116.339625,30.085305],[116.345512,30.07824],[116.351399,30.072942],[116.386134,30.058812],[116.380836,30.051453],[116.38113,30.044683],[116.387606,30.039973],[116.399381,30.038207],[116.401147,30.050864],[116.407328,30.058224],[116.420869,30.058812],[116.420869,30.066171],[116.410861,30.076474],[116.424107,30.087954],[116.444124,30.101201],[116.461197,30.093547]]]}},{"type":"Feature","properties":{"kind":"lakes","name":"龙感湖","source":"Natural Earth 1:10m"},"geometry":{"type":"Polygon","coordinates":[[[116.257203,30.010831],[116.252493,29.999645],[116.24896,29.983455],[116.254259,29.983749],[116.264562,29.983161],[116.269566,29.983455],[116.265445,29.961672],[116.266328,29.941655],[116.263384,29.927526],[116.246017,29.921933],[116.233065,29.915163],[116.218052,29.901622],[116.200685,29.89338],[116.180962,29.901622],[116.158885,29.893674],[116.11738,29.90486],[116.091476,29.901622],[116.051148,29.871597],[116.040256,29.866887],[116.029365,29.870125],[116.001989,29.893968],[115.997573,29.904565],[115.995807,29.915457],[115.995807,29.939006],[115.992275,29.953136],[115.983444,29.9602],[115.961661,29.969914],[115.954302,29.983455],[115.949003,29.986399],[115.942233,29.989048],[115.936346,29.993169],[115.933991,30.000528],[115.933991,30.044977],[115.939878,30.035557],[115.97373,29.996701],[115.981678,29.993463],[115.985799,29.987576],[115.995807,29.983455],[116.007288,29.983455],[116.016413,29.989637],[116.014941,29.996113],[115.999634,30.011714],[115.995807,30.021134],[115.996396,30.031436],[115.998751,30.038795],[116.003755,30.043505],[116.01288,30.044977],[116.021123,30.041739],[116.024655,30.03438],[116.026421,30.025255],[116.029954,30.017601],[116.054091,29.993758],[116.057329,29.986693],[116.061156,29.973741],[116.070576,29.969914],[116.081467,29.973741],[116.091476,29.983455],[116.077052,29.988459],[116.071459,29.989637],[116.085883,29.996996],[116.092653,29.991697],[116.097952,29.981983],[116.108843,29.976685],[116.13563,29.977273],[116.148288,29.979334],[116.160357,29.983455],[116.152703,29.996113],[116.143284,29.99523],[116.132392,29.989931],[116.11944,29.989637],[116.10796,29.996996],[116.113553,30.002],[116.125328,30.006121],[116.132981,30.01142],[116.133275,30.06205],[116.141223,30.085011],[116.163889,30.076474],[116.173309,30.069998],[116.180962,30.067643],[116.185967,30.062639],[116.189793,30.027315],[116.193031,30.016129],[116.198035,30.007887],[116.2051,30.000823],[116.218052,29.990814],[116.230416,29.987576],[116.236008,30.000528],[116.234242,30.01348],[116.228944,30.023194],[116.222468,30.032614],[116.215697,30.044977],[116.247194,30.036441],[116.257203,30.010831]]]}},{"type":"Feature","properties":{"kind":"lakes","name":"梁子湖","source":"Natural Earth 1:10m"},"geometry":{"type":"Polygon","coordinates":[[[114.382692,30.182151],[114.366796,30.188627],[114.345602,30.191276],[114.330589,30.188921],[114.334711,30.202756],[114.342953,30.208349],[114.351784,30.212765],[114.357965,30.223656],[114.364736,30.223656],[114.373272,30.207466],[114.383281,30.205994],[114.3927,30.214825],[114.399471,30.229838],[114.412423,30.223656],[114.412423,30.229838],[114.406241,30.236314],[114.401531,30.242495],[114.39535,30.247794],[114.385636,30.250443],[114.391228,30.263395],[114.389462,30.274876],[114.382692,30.28459],[114.371506,30.29136],[114.41154,30.270166],[114.428613,30.264278],[114.440387,30.271343],[114.447452,30.267811],[114.453339,30.266339],[114.467469,30.264867],[114.467469,30.271343],[114.453928,30.27517],[114.443037,30.282823],[114.435972,30.29342],[114.433617,30.305784],[114.447158,30.29136],[114.453928,30.298719],[114.485719,30.282529],[114.501615,30.278702],[114.515156,30.299602],[114.546064,30.294304],[114.556367,30.305784],[114.542826,30.306961],[114.527225,30.310494],[114.513978,30.315792],[114.502498,30.329922],[114.487486,30.330216],[114.453928,30.326095],[114.44127,30.328155],[114.429496,30.334043],[114.421254,30.342579],[114.419782,30.354059],[114.42773,30.366128],[114.438327,30.366423],[114.448335,30.358475],[114.453928,30.3467],[114.458049,30.369955],[114.46011,30.374665],[114.464525,30.372899],[114.47159,30.368778],[114.47836,30.366717],[114.481598,30.371133],[114.485131,30.374665],[114.494256,30.375548],[114.522809,30.374371],[114.526636,30.372604],[114.529285,30.368483],[114.536056,30.360241],[114.538116,30.354648],[114.539294,30.339636],[114.543415,30.332277],[114.594045,30.322857],[114.608764,30.315203],[114.631724,30.298719],[114.631724,30.29136],[114.613179,30.285767],[114.604348,30.278408],[114.604642,30.268105],[114.614651,30.25427],[114.632313,30.238374],[114.639083,30.229838],[114.643793,30.221596],[114.652624,30.195692],[114.627014,30.210704],[114.613179,30.215414],[114.597578,30.216297],[114.597578,30.209527],[114.617006,30.200696],[114.62201,30.158013],[114.635256,30.148005],[114.643793,30.140057],[114.650269,30.121217],[114.653507,30.098551],[114.652624,30.079712],[114.643204,30.061756],[114.631724,30.064405],[114.62201,30.078829],[114.612885,30.113858],[114.577561,30.17538],[114.548713,30.134758],[114.537822,30.133875],[114.529874,30.16184],[114.531346,30.168904],[114.540177,30.187449],[114.543415,30.195692],[114.546358,30.219829],[114.550185,30.229838],[114.529285,30.226894],[114.515744,30.218652],[114.504559,30.213648],[114.491901,30.220124],[114.472767,30.232487],[114.471295,30.219535],[114.481598,30.185389],[114.476888,30.119451],[114.464819,30.087954],[114.440976,30.068526],[114.440976,30.069409],[114.440387,30.072942],[114.422137,30.082067],[114.440093,30.114741],[114.426258,30.12681],[114.438915,30.140351],[114.439504,30.158602],[114.42979,30.173026],[114.412423,30.17538],[114.401531,30.165078],[114.371506,30.107088],[114.364736,30.107088],[114.367385,30.113564],[114.367091,30.118274],[114.365619,30.122395],[114.364736,30.12681],[114.364736,30.120629],[114.36032,30.134464],[114.362381,30.147121],[114.36974,30.159485],[114.382103,30.171848],[114.382692,30.182151]]]}},{"type":"Feature","properties":{"kind":"lakes","name":"洪湖","source":"Natural Earth 1:10m"},"geometry":{"type":"Polygon","coordinates":[[[113.436311,29.949014],[113.453384,29.956079],[113.466336,29.931353],[113.461921,29.899856],[113.445731,29.872185],[113.42277,29.860705],[113.415706,29.859528],[113.409524,29.854524],[113.39039,29.851286],[113.38833,29.846281],[113.390685,29.839805],[113.394512,29.815079],[113.392157,29.803304],[113.368607,29.79153],[113.356244,29.763271],[113.347413,29.757089],[113.339465,29.753851],[113.327396,29.739722],[113.320037,29.736484],[113.279415,29.760621],[113.273822,29.767392],[113.275294,29.788292],[113.269995,29.799772],[113.246152,29.810663],[113.241148,29.82597],[113.231139,29.839805],[113.22172,29.861294],[113.218187,29.886021],[113.227018,29.907803],[113.245563,29.916634],[113.271173,29.91634],[113.295311,29.906626],[113.30944,29.887492],[113.2959,29.887492],[113.305614,29.87454],[113.335344,29.861294],[113.343587,29.846281],[113.35124,29.846281],[113.357127,29.866887],[113.342409,29.870125],[113.337699,29.880722],[113.340937,29.894557],[113.35124,29.907803],[113.345647,29.925171],[113.353301,29.943127],[113.368019,29.957257],[113.381559,29.963144],[113.402165,29.959317],[113.419532,29.952252],[113.436311,29.949014]]]}},{"type":"Feature","properties":{"kind":"lakes","name":null,"source":"Natural Earth 1:10m"},"geometry":{"type":"Polygon","coordinates":[[[114.853674,30.313732],[114.857501,30.313143],[114.859267,30.301074],[114.849259,30.297542],[114.838368,30.291654],[114.837779,30.271343],[114.830714,30.271343],[114.830125,30.280174],[114.82777,30.284295],[114.822178,30.285178],[114.813641,30.285178],[114.806282,30.286944],[114.798334,30.29136],[114.793919,30.295775],[114.796568,30.298719],[114.785088,30.292537],[114.783027,30.282529],[114.788031,30.272226],[114.796568,30.264867],[114.781555,30.258097],[114.776257,30.266045],[114.773019,30.278702],[114.765365,30.285178],[114.750353,30.289594],[114.733574,30.309316],[114.720916,30.313143],[114.739756,30.27988],[114.741816,30.265456],[114.734751,30.244262],[114.752708,30.243967],[114.763893,30.238374],[114.774196,30.230132],[114.789209,30.223656],[114.789209,30.216297],[114.775668,30.209527],[114.772724,30.214237],[114.766543,30.218652],[114.761833,30.223656],[114.755063,30.209527],[114.753885,30.214237],[114.748881,30.223656],[114.739756,30.219535],[114.732985,30.213648],[114.728864,30.2057],[114.727687,30.195692],[114.70973,30.205111],[114.679411,30.233076],[114.665576,30.229838],[114.657334,30.236608],[114.650269,30.241024],[114.649091,30.253681],[114.663221,30.258685],[114.683238,30.260746],[114.700605,30.264867],[114.700605,30.271343],[114.673229,30.271343],[114.673229,30.277819],[114.676762,30.280763],[114.68206,30.287239],[114.68677,30.29136],[114.679411,30.298719],[114.662338,30.29136],[114.662043,30.301663],[114.668814,30.313143],[114.673229,30.309316],[114.707376,30.317853],[114.717384,30.322563],[114.739461,30.354059],[114.748881,30.360241],[114.750058,30.355531],[114.759184,30.346112],[114.771547,30.336986],[114.783027,30.332277],[114.778023,30.346406],[114.785088,30.352882],[114.797745,30.350821],[114.809814,30.339636],[114.821883,30.345817],[114.82571,30.341402],[114.826887,30.332865],[114.830714,30.326095],[114.853674,30.313732]]]}},{"type":"Feature","properties":{"kind":"lakes","name":null,"source":"Natural Earth 1:10m"},"geometry":{"type":"Polygon","coordinates":[[[114.570202,30.668735],[114.589041,30.672856],[114.604642,30.664319],[114.613473,30.649307],[114.611118,30.634],[114.625542,30.629584],[114.640849,30.627818],[114.673229,30.627818],[114.673229,30.634],[114.662043,30.638121],[114.654684,30.648129],[114.649091,30.660787],[114.642027,30.672561],[114.628192,30.717305],[114.644382,30.719365],[114.664398,30.729079],[114.673229,30.730257],[114.680883,30.723486],[114.688831,30.712889],[114.697367,30.709651],[114.707376,30.724075],[114.694718,30.729668],[114.697956,30.73585],[114.709142,30.740854],[114.720916,30.743798],[114.714146,30.755278],[114.709142,30.767641],[114.710025,30.778238],[114.720916,30.784714],[114.723271,30.76352],[114.730042,30.743798],[114.741522,30.729668],[114.758595,30.724075],[114.773019,30.714656],[114.783616,30.670207],[114.803633,30.655783],[114.776257,30.644597],[114.761833,30.643419],[114.748881,30.648129],[114.717678,30.621636],[114.675584,30.609273],[114.631724,30.6131],[114.595517,30.636355],[114.570202,30.668735]]]}},{"type":"Feature","properties":{"kind":"lakes","name":null,"source":"Natural Earth 1:10m"},"geometry":{"type":"Polygon","coordinates":[[[114.662338,30.349644],[114.648797,30.338753],[114.63349,30.333748],[114.617889,30.339636],[114.621127,30.341991],[114.622304,30.341991],[114.622893,30.342579],[114.624659,30.3467],[114.597578,30.3467],[114.586098,30.348761],[114.577561,30.354059],[114.568436,30.356709],[114.557544,30.361713],[114.550479,30.368778],[114.553423,30.377609],[114.55725,30.385851],[114.551363,30.390266],[114.536056,30.394976],[114.523692,30.411755],[114.515744,30.419114],[114.505147,30.422352],[114.495728,30.420586],[114.487191,30.417348],[114.478655,30.417053],[114.467469,30.422352],[114.476005,30.431772],[114.493078,30.440014],[114.501909,30.449728],[114.506914,30.444724],[114.52222,30.435893],[114.522809,30.439131],[114.52222,30.449728],[114.54577,30.426767],[114.558427,30.42088],[114.563726,30.435893],[114.580505,30.425296],[114.588158,30.405279],[114.590513,30.360241],[114.606409,30.369072],[114.613473,30.387911],[114.614356,30.409989],[114.611118,30.428534],[114.628192,30.415876],[114.638789,30.412344],[114.64762,30.41882],[114.658805,30.435893],[114.645265,30.428534],[114.646737,30.442074],[114.648503,30.445312],[114.652624,30.449728],[114.652624,30.456498],[114.631724,30.466212],[114.621421,30.468567],[114.607586,30.46945],[114.601993,30.473866],[114.60788,30.495649],[114.604348,30.504774],[114.604348,30.51125],[114.6173,30.506834],[114.627603,30.49712],[114.635845,30.487406],[114.642027,30.483285],[114.648797,30.48093],[114.667342,30.468861],[114.673229,30.463269],[114.679411,30.463269],[114.69354,30.483285],[114.69354,30.490644],[114.679117,30.494471],[114.666459,30.500358],[114.657334,30.509778],[114.652624,30.524202],[114.662927,30.521553],[114.671169,30.520375],[114.678822,30.520964],[114.68677,30.524202],[114.688536,30.508601],[114.700311,30.503891],[114.734751,30.504774],[114.738872,30.50654],[114.740639,30.510072],[114.743582,30.509778],[114.751825,30.501242],[114.753296,30.49506],[114.750941,30.48829],[114.746232,30.481519],[114.741522,30.477104],[114.767131,30.478576],[114.778612,30.476809],[114.775668,30.46945],[114.761833,30.464152],[114.747703,30.463563],[114.735634,30.460914],[114.727687,30.449728],[114.734457,30.450022],[114.748292,30.449139],[114.755063,30.449728],[114.752708,30.432949],[114.756829,30.421469],[114.756534,30.415582],[114.741522,30.414993],[114.727392,30.417936],[114.721799,30.423824],[114.717678,30.434127],[114.707376,30.449728],[114.701783,30.444135],[114.696484,30.433243],[114.69354,30.428534],[114.696484,30.429122],[114.68677,30.408222],[114.670874,30.394976],[114.665576,30.387617],[114.664104,30.379964],[114.66587,30.372604],[114.669108,30.365834],[114.673229,30.360241],[114.662338,30.349644]]]}},{"type":"Feature","properties":{"kind":"lakes","name":"黄塘湖","source":"Natural Earth 1:10m"},"geometry":{"type":"Polygon","coordinates":[[[114.294088,30.033791],[114.305274,30.036441],[114.309984,30.038207],[114.30969,30.024666],[114.306452,30.012303],[114.302036,30.004061],[114.296443,30.004061],[114.28879,29.989342],[114.275543,29.983749],[114.241691,29.983455],[114.246401,29.975507],[114.244929,29.968442],[114.238159,29.965499],[114.227562,29.969914],[114.201364,29.951958],[114.218142,29.940478],[114.2517,29.931353],[114.275838,29.921933],[114.265829,29.904565],[114.25641,29.893968],[114.242869,29.890436],[114.220792,29.893968],[114.199597,29.900739],[114.179581,29.90957],[114.162802,29.92105],[114.15191,29.935179],[114.158681,29.928998],[114.147201,29.953136],[114.140136,29.980511],[114.137192,30.008182],[114.138075,30.032025],[114.139841,30.031436],[114.143963,30.03438],[114.148672,30.039384],[114.15191,30.044977],[114.151616,30.049393],[114.147201,30.059401],[114.145729,30.066171],[114.145434,30.092958],[114.147495,30.104733],[114.15191,30.113858],[114.158681,30.099435],[114.177814,30.122689],[114.201658,30.144767],[114.229623,30.154481],[114.261708,30.140645],[114.249934,30.126516],[114.234627,30.116213],[114.22403,30.102673],[114.227562,30.079712],[114.243163,30.075297],[114.248756,30.052336],[114.250817,30.034674],[114.255527,30.044977],[114.25641,30.039384],[114.261708,30.024372],[114.270834,30.030553],[114.278193,30.038501],[114.28408,30.047921],[114.289673,30.058812],[114.2935,30.050276],[114.294971,30.045272],[114.294088,30.040562],[114.289673,30.032025],[114.294088,30.033791]]]}},{"type":"Feature","properties":{"kind":"lakes","name":null,"source":"Natural Earth 1:10m"},"geometry":{"type":"Polygon","coordinates":[[[114.131305,29.926937],[114.157798,29.886904],[114.165746,29.861588],[114.160741,29.85158],[114.138075,29.873657],[114.135132,29.863354],[114.130716,29.855701],[114.125123,29.849814],[114.117764,29.846281],[114.11276,29.858939],[114.113054,29.869242],[114.115998,29.87925],[114.117764,29.89073],[114.115998,29.905743],[114.111583,29.911336],[114.105107,29.914279],[114.097159,29.921933],[114.084795,29.95549],[114.075081,29.969914],[114.056242,29.976685],[114.069194,29.951075],[114.070077,29.934296],[114.060658,29.921639],[114.042113,29.907803],[114.039463,29.903094],[114.040641,29.898678],[114.039758,29.89544],[114.032104,29.893968],[114.026511,29.892202],[114.014148,29.883077],[114.008261,29.879839],[113.998252,29.878367],[113.989421,29.878661],[113.980002,29.876306],[113.967933,29.866887],[113.964106,29.871597],[113.961751,29.877484],[113.960574,29.884843],[113.960574,29.887492],[113.959102,29.891025],[113.958808,29.894557],[113.957336,29.898089],[113.953803,29.901622],[113.988538,29.910747],[114.002962,29.916929],[114.015031,29.928998],[114.000019,29.969914],[113.992071,29.976685],[113.976764,29.972269],[113.960279,29.952841],[113.947033,29.94872],[113.949094,29.95343],[113.953803,29.969914],[113.940557,29.970503],[113.932904,29.976979],[113.929077,29.986987],[113.926427,29.99729],[113.938202,29.991697],[113.954981,29.987282],[113.985006,29.983455],[113.99001,29.986104],[113.995897,29.991697],[114.000313,29.997585],[114.002079,30.000528],[114.006495,30.005827],[114.015325,30.001411],[114.024745,29.993758],[114.028277,29.989637],[114.039463,29.996701],[114.058597,30.019662],[114.06625,30.024372],[114.088328,30.034674],[114.098042,30.035852],[114.090388,30.024372],[114.099514,30.009948],[114.117764,29.99052],[114.12424,29.976685],[114.127773,29.958728],[114.128067,29.942538],[114.131305,29.926937]]]}},{"type":"Feature","properties":{"kind":"lakes","name":null,"source":"Natural Earth 1:10m"},"geometry":{"type":"Polygon","coordinates":[[[113.061586,29.396493],[113.069239,29.393844],[113.071594,29.386485],[113.069239,29.377948],[113.065118,29.369411],[113.063058,29.36323],[113.055698,29.284635],[113.049222,29.267856],[113.029206,29.232827],[113.017725,29.219874],[113.008895,29.205156],[113.000358,29.1663],[112.993588,29.147461],[112.986228,29.170421],[112.987406,29.254021],[112.992704,29.262557],[113.004479,29.269033],[113.016254,29.278159],[113.021552,29.294643],[113.02008,29.307301],[113.015665,29.322019],[113.008011,29.334088],[112.997414,29.339386],[112.970922,29.333499],[112.944429,29.31937],[112.898802,29.284635],[112.83522,29.215459],[112.816086,29.202213],[112.816086,29.229294],[112.822268,29.250194],[112.832865,29.271977],[112.88379,29.3491],[112.886145,29.365585],[112.87437,29.383835],[112.861124,29.394727],[112.854942,29.394727],[112.851704,29.390606],[112.846994,29.387662],[112.852293,29.380303],[112.845522,29.367057],[112.83522,29.359403],[112.829627,29.370295],[112.827272,29.396199],[112.827861,29.409445],[112.833453,29.415038],[112.842284,29.417393],[112.853765,29.423869],[112.864362,29.4327],[112.870543,29.442414],[112.858769,29.444474],[112.852293,29.45095],[112.846994,29.459781],[112.83728,29.469495],[112.826094,29.475088],[112.804311,29.479798],[112.795775,29.483919],[112.791359,29.480092],[112.787827,29.478621],[112.774286,29.477149],[112.774286,29.483919],[112.795481,29.491278],[112.811376,29.495105],[112.826389,29.493044],[112.844051,29.483919],[112.912343,29.431817],[112.92294,29.427401],[112.979752,29.374121],[112.994176,29.364407],[113.015076,29.357637],[113.033915,29.361169],[113.042158,29.383835],[113.045101,29.387956],[113.05246,29.393255],[113.061586,29.396493]]]}},{"type":"Feature","properties":{"kind":"lakes","name":"洞庭湖","source":"Natural Earth 1:10m"},"geometry":{"type":"Polygon","coordinates":[[[112.877314,28.997924],[112.885262,29.016175],[112.90469,29.031481],[112.903807,29.013525],[112.883201,28.987916],[112.878197,28.966133],[112.857297,28.915796],[112.859358,28.904316],[112.863184,28.891953],[112.864362,28.880473],[112.858769,28.860162],[112.846994,28.8425],[112.831099,28.830136],[112.804017,28.823072],[112.792537,28.818656],[112.781351,28.817184],[112.771343,28.821894],[112.766338,28.832786],[112.768988,28.841911],[112.775758,28.848976],[112.78194,28.853391],[112.801662,28.859278],[112.824328,28.861045],[112.842579,28.866638],[112.850232,28.883711],[112.842284,28.908732],[112.823151,28.90932],[112.78194,28.886654],[112.711292,28.867226],[112.700695,28.856335],[112.696869,28.848093],[112.688038,28.847798],[112.669198,28.853391],[112.659779,28.848093],[112.658012,28.836318],[112.659484,28.822483],[112.658307,28.811591],[112.650653,28.804527],[112.619156,28.781272],[112.61062,28.776856],[112.605321,28.780683],[112.603261,28.785982],[112.603849,28.801289],[112.600317,28.81012],[112.593252,28.811591],[112.585893,28.811591],[112.582655,28.815124],[112.575591,28.838379],[112.558223,28.820717],[112.536734,28.793047],[112.517306,28.787454],[112.504354,28.791575],[112.473446,28.781272],[112.456079,28.787454],[112.411335,28.825427],[112.380721,28.863694],[112.360116,28.881356],[112.336861,28.886654],[112.34216,28.867521],[112.338333,28.832197],[112.343043,28.811591],[112.331563,28.815713],[112.32597,28.825427],[112.32332,28.835141],[112.319494,28.839556],[112.312429,28.836024],[112.307719,28.828076],[112.302715,28.811591],[112.324204,28.783921],[112.329208,28.770675],[112.322437,28.770675],[112.312723,28.785982],[112.302715,28.798051],[112.296828,28.789514],[112.295062,28.780683],[112.296828,28.772147],[112.302715,28.763904],[112.29094,28.769792],[112.280343,28.773618],[112.272395,28.770969],[112.26798,28.756545],[112.26121,28.756545],[112.26327,28.773324],[112.27269,28.785099],[112.283581,28.795401],[112.288291,28.808353],[112.288291,28.816007],[112.287408,28.824543],[112.283287,28.825721],[112.27475,28.811591],[112.26798,28.811591],[112.266508,28.815418],[112.26121,28.825427],[112.248552,28.807765],[112.240604,28.790692],[112.233245,28.790692],[112.230301,28.804527],[112.233539,28.817773],[112.240604,28.832197],[112.227358,28.840145],[112.214111,28.835141],[112.202042,28.823366],[112.192917,28.811591],[112.188796,28.824249],[112.185264,28.853391],[112.186441,28.858395],[112.193212,28.861339],[112.192917,28.866343],[112.189385,28.871936],[112.185852,28.872819],[112.181143,28.873114],[112.17555,28.877235],[112.167602,28.884888],[112.159065,28.890187],[112.149351,28.89313],[112.123742,28.896663],[112.089301,28.914619],[112.001875,28.931398],[111.96243,28.950826],[111.966257,28.982911],[111.978326,28.987916],[111.996871,28.983794],[112.013649,28.975258],[112.029545,28.954358],[112.049562,28.949943],[112.089301,28.948765],[112.142287,28.934636],[112.151412,28.938168],[112.157593,28.956124],[112.172017,28.963483],[112.187913,28.967604],[112.199099,28.976141],[112.201159,29.007049],[112.1938,29.042667],[112.194389,29.072398],[112.220293,29.085939],[112.252673,29.076814],[112.263859,29.052087],[112.268274,29.024122],[112.281521,29.004106],[112.269746,28.973492],[112.26798,28.963189],[112.26798,28.951709],[112.282993,28.865754],[112.294178,28.860162],[112.31655,28.873702],[112.31655,28.880473],[112.303892,28.889598],[112.307425,28.908732],[112.319199,28.924627],[112.333329,28.924922],[112.351874,28.913441],[112.394262,28.89578],[112.411335,28.880473],[112.413985,28.873114],[112.415162,28.854569],[112.418106,28.845738],[112.425465,28.835729],[112.428997,28.834552],[112.433118,28.837495],[112.466381,28.844855],[112.476684,28.845738],[112.479333,28.849859],[112.473741,28.870759],[112.472857,28.880473],[112.483455,28.896368],[112.503177,28.906965],[112.525843,28.912853],[112.586482,28.914619],[112.597079,28.911087],[112.612975,28.89313],[112.624161,28.886654],[112.634463,28.886654],[112.65448,28.89313],[112.665666,28.894308],[112.675969,28.891658],[112.691276,28.882533],[112.703345,28.880473],[112.725127,28.882828],[112.745733,28.889304],[112.78194,28.907849],[112.816086,28.935224],[112.847289,28.947882],[112.857591,28.95583],[112.871426,28.977318],[112.877314,28.997924]]]}},{"type":"Feature","properties":{"kind":"lakes","name":null,"source":"Natural Earth 1:10m"},"geometry":{"type":"Polygon","coordinates":[[[115.176592,30.146238],[115.2075,30.137996],[115.220452,30.107088],[115.214271,30.108265],[115.190721,30.109443],[115.181007,30.107088],[115.17306,30.100318],[115.161874,30.082067],[115.153043,30.072942],[115.136558,30.067054],[115.11507,30.06676],[115.095642,30.070881],[115.08475,30.079712],[115.072976,30.072942],[115.0665,30.075591],[115.060318,30.082361],[115.050604,30.086482],[115.041479,30.086188],[115.009099,30.079712],[115.005272,30.08089],[114.994381,30.085894],[114.988493,30.086482],[114.983195,30.084128],[114.974069,30.075002],[114.967593,30.072942],[114.943161,30.084128],[114.933153,30.086482],[114.919023,30.085011],[114.905188,30.087071],[114.895474,30.093842],[114.892825,30.107088],[114.898418,30.112681],[114.908721,30.117391],[114.917846,30.125044],[114.919612,30.140645],[114.947577,30.140645],[114.947282,30.117391],[114.954936,30.108854],[114.965827,30.114741],[114.974953,30.134464],[114.977896,30.128871],[114.98555,30.119157],[114.988493,30.113858],[115.012925,30.135347],[115.046483,30.137996],[115.081512,30.133581],[115.112126,30.134464],[115.14068,30.141823],[115.176592,30.146238]]]}},{"type":"Feature","properties":{"kind":"lakes","name":null,"source":"Natural Earth 1:10m"},"geometry":{"type":"Polygon","coordinates":[[[114.40418,30.596321],[114.405652,30.576304],[114.440387,30.524202],[114.42979,30.529206],[114.405652,30.545691],[114.403297,30.549517],[114.40212,30.554521],[114.399176,30.558937],[114.391817,30.559526],[114.386519,30.556876],[114.386519,30.553344],[114.387696,30.549517],[114.385636,30.545691],[114.368857,30.530678],[114.361498,30.514488],[114.362969,30.498298],[114.371506,30.483285],[114.357965,30.46945],[114.347368,30.48093],[114.324408,30.493882],[114.313222,30.502125],[114.317049,30.507423],[114.322053,30.510956],[114.328529,30.512133],[114.33736,30.51125],[114.328529,30.523024],[114.320287,30.539215],[114.319109,30.553344],[114.345602,30.563941],[114.378571,30.593083],[114.390345,30.599854],[114.398882,30.602503],[114.40418,30.596321]]]}},{"type":"Feature","properties":{"kind":"lakes","name":null,"source":"Natural Earth 1:10m"},"geometry":{"type":"Polygon","coordinates":[[[112.522311,29.271683],[112.548509,29.271094],[112.557929,29.255493],[112.557046,29.235181],[112.548509,29.198975],[112.547037,29.179252],[112.54115,29.172776],[112.511125,29.174837],[112.500822,29.168655],[112.505237,29.155114],[112.520544,29.13392],[112.523194,29.118025],[112.519661,29.103306],[112.509653,29.091826],[112.494052,29.085939],[112.505532,29.114198],[112.497878,29.125972],[112.479628,29.130977],[112.459905,29.140691],[112.44872,29.147755],[112.432235,29.153348],[112.417811,29.160119],[112.411335,29.171304],[112.442244,29.223112],[112.462555,29.233415],[112.491402,29.254609],[112.522311,29.271683]]]}},{"type":"Feature","properties":{"kind":"lakes","name":null,"source":"Natural Earth 1:10m"},"geometry":{"type":"Polygon","coordinates":[[[114.172222,30.177147],[114.132482,30.188921],[114.111288,30.208349],[114.115409,30.225717],[114.126595,30.234842],[114.158681,30.250443],[114.160741,30.254859],[114.176048,30.277819],[114.179581,30.281352],[114.181641,30.286944],[114.19371,30.306078],[114.200186,30.313143],[114.219909,30.322857],[114.226679,30.317558],[114.225501,30.30284],[114.220792,30.285178],[114.216671,30.278702],[114.210783,30.271049],[114.206957,30.262512],[114.210195,30.25427],[114.219614,30.247205],[114.228151,30.243673],[114.23551,30.239257],[114.241691,30.229838],[114.227562,30.229838],[114.227562,30.223656],[114.235804,30.224245],[114.253172,30.223067],[114.261708,30.223656],[114.261708,30.216297],[114.244341,30.20099],[114.234038,30.195986],[114.220792,30.195692],[114.220792,30.188921],[114.229328,30.187155],[114.232566,30.185094],[114.23551,30.181562],[114.241691,30.17538],[114.214021,30.173026],[114.172222,30.177147]]]}},{"type":"Feature","properties":{"kind":"lakes","name":null,"source":"Natural Earth 1:10m"},"geometry":{"type":"Polygon","coordinates":[[[114.953758,30.250443],[114.947577,30.257802],[114.949932,30.256919],[114.951992,30.253976],[114.952875,30.252209],[114.953758,30.250443]]]}},{"type":"Feature","properties":{"kind":"lakes","name":null,"source":"Natural Earth 1:10m"},"geometry":{"type":"Polygon","coordinates":[[[114.944044,30.262218],[114.93698,30.26575],[114.919612,30.271343],[114.935213,30.277525],[114.954641,30.278997],[114.991731,30.277819],[115.004683,30.281646],[115.007038,30.291949],[115.007627,30.307256],[115.015575,30.326095],[115.005566,30.334926],[114.999385,30.348761],[114.996441,30.364951],[114.995264,30.380847],[115.006449,30.372604],[115.025878,30.351116],[115.046777,30.339636],[115.048838,30.322857],[115.043245,30.288416],[115.033531,30.257214],[115.009982,30.245439],[114.979368,30.246911],[114.949932,30.256919],[114.944044,30.262218]]]}},{"type":"Feature","properties":{"kind":"lakes","name":null,"source":"Natural Earth 1:10m"},"geometry":{"type":"Polygon","coordinates":[[[114.645265,30.244262],[114.646442,30.243084],[114.650269,30.241024],[114.652624,30.236608],[114.645265,30.244262]]]}},{"type":"Feature","properties":{"kind":"lakes","name":null,"source":"Natural Earth 1:10m"},"geometry":{"type":"Polygon","coordinates":[[[114.405947,30.462974],[114.410362,30.458853],[114.412423,30.456498],[114.41154,30.41882],[114.405652,30.387617],[114.401826,30.390561],[114.39064,30.396742],[114.385636,30.401158],[114.37916,30.382318],[114.378571,30.374665],[114.368857,30.384379],[114.364441,30.396742],[114.362086,30.409694],[114.357965,30.422352],[114.34413,30.387617],[114.330884,30.392032],[114.316754,30.377903],[114.309984,30.387617],[114.303214,30.380847],[114.309101,30.454143],[114.316166,30.477104],[114.334416,30.460619],[114.362381,30.441486],[114.38799,30.435893],[114.399471,30.460031],[114.401531,30.46474],[114.405947,30.462974]]]}},{"type":"Feature","properties":{"kind":"lakes","name":null,"source":"Natural Earth 1:10m"},"geometry":{"type":"Polygon","coordinates":[[[114.309984,30.504774],[114.310867,30.504185],[114.313222,30.502125],[114.310867,30.498887],[114.309984,30.497415],[114.309984,30.504774]]]}},{"type":"Feature","properties":{"kind":"lakes","name":null,"source":"Natural Earth 1:10m"},"geometry":{"type":"Polygon","coordinates":[[[114.597578,30.634],[114.590513,30.641653],[114.595517,30.636355],[114.597578,30.634]]]}},{"type":"Feature","properties":{"kind":"lakes","name":null,"source":"Natural Earth 1:10m"},"geometry":{"type":"Polygon","coordinates":[[[114.488957,30.728785],[114.453928,30.743798],[114.46011,30.743798],[114.44598,30.747624],[114.437738,30.757044],[114.426258,30.784714],[114.433617,30.792368],[114.429201,30.806203],[114.434794,30.808852],[114.443037,30.802376],[114.447158,30.788541],[114.450984,30.780887],[114.459815,30.776766],[114.481598,30.771762],[114.473356,30.787363],[114.461287,30.805908],[114.453634,30.82622],[114.46011,30.846825],[114.462759,30.8377],[114.467174,30.829752],[114.473356,30.82357],[114.481598,30.819449],[114.482776,30.825042],[114.486897,30.834462],[114.488369,30.840055],[114.495728,30.840055],[114.496905,30.834462],[114.501909,30.819449],[114.514861,30.827103],[114.52487,30.828574],[114.543415,30.827103],[114.550185,30.825336],[114.555778,30.82151],[114.560782,30.819449],[114.566964,30.823276],[114.572851,30.828869],[114.577855,30.830929],[114.583743,30.830046],[114.590513,30.827103],[114.579327,30.810324],[114.554601,30.803259],[114.525753,30.799432],[114.517805,30.797077],[114.523104,30.797961],[114.533406,30.797372],[114.543415,30.792368],[114.538411,30.788835],[114.535761,30.785892],[114.533406,30.782654],[114.529874,30.778533],[114.536644,30.782065],[114.542237,30.783537],[114.556367,30.784714],[114.556367,30.778533],[114.550774,30.775],[114.542237,30.767641],[114.536056,30.764403],[114.536056,30.758221],[114.551068,30.763226],[114.563726,30.769113],[114.576383,30.771173],[114.590513,30.764403],[114.522809,30.734084],[114.488957,30.728785]]]}},{"type":"Feature","properties":{"kind":"lakes","name":null,"source":"Natural Earth 1:10m"},"geometry":{"type":"Polygon","coordinates":[[[114.232566,33.00157],[114.215493,33.019232],[114.204307,33.037483],[114.213727,33.053967],[114.245518,33.070452],[114.269362,33.055733],[114.280548,33.023059],[114.273188,32.964186],[114.268479,32.956238],[114.25847,32.960948],[114.241691,32.988324],[114.232566,33.00157]]]}},{"type":"Feature","properties":{"kind":"lakes","name":null,"source":"Natural Earth 1:10m"},"geometry":{"type":"Polygon","coordinates":[[[112.626516,33.349803],[112.637996,33.35569],[112.633286,33.334496],[112.634463,33.306826],[112.629459,33.282983],[112.607087,33.27268],[112.589131,33.281805],[112.576768,33.300056],[112.563227,33.313302],[112.541739,33.306826],[112.53438,33.318895],[112.523782,33.329198],[112.510536,33.33744],[112.495818,33.344799],[112.484043,33.354513],[112.47639,33.366876],[112.474329,33.3813],[112.480217,33.396607],[112.488459,33.37659],[112.499939,33.3604],[112.515246,33.346565],[112.534968,33.334496],[112.54586,33.350392],[112.548509,33.35569],[112.548509,33.341561],[112.555868,33.341561],[112.557929,33.347154],[112.559989,33.350392],[112.561755,33.354513],[112.562933,33.361872],[112.567054,33.349509],[112.571175,33.340972],[112.576179,33.333908],[112.582655,33.327137],[112.588837,33.323016],[112.604144,33.317423],[112.61062,33.313596],[112.617979,33.313596],[112.617685,33.328315],[112.62004,33.340384],[112.626516,33.349803]]]}},{"type":"Feature","properties":{"kind":"lakes","name":null,"source":"Natural Earth 1:10m"},"geometry":{"type":"Polygon","coordinates":[[[114.110994,30.208938],[114.111288,30.208349],[114.110699,30.204817],[114.110699,30.209232],[114.110994,30.208938]]]}},{"type":"Feature","properties":{"kind":"lakes","name":"丹江口水库","source":"Natural Earth 1:10m"},"geometry":{"type":"Polygon","coordinates":[[[111.679252,32.66629],[111.689849,32.658047],[111.692204,32.648922],[111.683962,32.642741],[111.669832,32.642152],[111.623617,32.649511],[111.604189,32.648922],[111.520884,32.636853],[111.505283,32.627139],[111.490859,32.607123],[111.482028,32.579452],[111.476435,32.566795],[111.465838,32.557669],[111.456124,32.557081],[111.445821,32.560319],[111.43493,32.562674],[111.423155,32.558258],[111.406965,32.549721],[111.386654,32.542657],[111.366637,32.53883],[111.351919,32.539419],[111.343088,32.5456],[111.337201,32.554726],[111.329842,32.562085],[111.316301,32.564145],[111.303937,32.559141],[111.292752,32.54825],[111.274501,32.524995],[111.254779,32.507922],[111.250363,32.51793],[111.25625,32.541185],[111.268614,32.56444],[111.284509,32.58534],[111.284509,32.590932],[111.271557,32.592699],[111.248008,32.602413],[111.213862,32.64068],[111.193257,32.650394],[111.174123,32.629494],[111.157344,32.560319],[111.139388,32.53412],[111.105536,32.533531],[111.091701,32.542068],[111.082281,32.553843],[111.080221,32.5665],[111.089052,32.576803],[111.09906,32.576214],[111.109952,32.569444],[111.121432,32.565323],[111.133206,32.571799],[111.137327,32.584456],[111.132323,32.596525],[111.124375,32.6083],[111.119371,32.620663],[111.120843,32.633615],[111.134972,32.670411],[111.116722,32.663052],[111.077571,32.686601],[111.053434,32.688661],[111.028118,32.701319],[111.006041,32.723985],[110.999859,32.740764],[111.023114,32.736054],[111.030768,32.728401],[111.034006,32.719864],[111.03901,32.712505],[111.052551,32.709267],[111.066386,32.713977],[111.078749,32.723985],[111.091701,32.731639],[111.108185,32.730167],[111.123787,32.724868],[111.153223,32.718687],[111.165881,32.711916],[111.167647,32.707795],[111.169413,32.693666],[111.172062,32.688367],[111.180893,32.681597],[111.39313,32.591816],[111.411086,32.589755],[111.421683,32.595054],[111.420211,32.60359],[111.416385,32.612715],[111.419623,32.618603],[111.43228,32.616248],[111.457007,32.597408],[111.469959,32.595937],[111.478201,32.604768],[111.481733,32.618897],[111.481439,32.634498],[111.479084,32.646567],[111.471725,32.660402],[111.451414,32.685423],[111.446115,32.699553],[111.445527,32.711033],[111.447882,32.723102],[111.454063,32.730167],[111.465249,32.72634],[111.489093,32.711622],[111.493214,32.717803],[111.484088,32.753421],[111.490859,32.778148],[111.516763,32.836727],[111.517351,32.864397],[111.50646,32.878821],[111.486149,32.894716],[111.445232,32.920032],[111.317773,32.968602],[111.25625,33.00422],[111.225048,33.0575],[111.241827,33.049552],[111.303643,33.003337],[111.324837,32.991268],[111.344854,32.984203],[111.38842,32.974195],[111.421389,32.961831],[111.439345,32.957121],[111.454063,32.960065],[111.459362,32.96919],[111.458773,32.991268],[111.463483,32.996566],[111.471136,32.992445],[111.511759,32.953295],[111.510581,32.947113],[111.504105,32.942992],[111.500278,32.938577],[111.505577,32.920032],[111.529126,32.894422],[111.541195,32.875583],[111.547965,32.851739],[111.549437,32.836432],[111.558268,32.826424],[111.610076,32.810234],[111.630387,32.79581],[111.644517,32.775499],[111.64746,32.750772],[111.639513,32.733699],[111.626855,32.713977],[111.623028,32.702496],[111.640984,32.709856],[111.648049,32.709856],[111.650993,32.701025],[111.652759,32.68925],[111.657469,32.679242],[111.679252,32.66629]]]}},{"type":"Feature","properties":{"kind":"rivers","name":"Quan","source":"Natural Earth 1:10m"},"geometry":{"type":"MultiLineString","coordinates":[[[115.556407,33.197699],[115.407156,33.219591],[115.382498,33.228705],[115.353282,33.245551],[115.300385,33.284206],[115.192556,33.338813],[115.137787,33.352607],[114.998953,33.406928],[114.982432,33.411404],[114.9699,33.416775],[114.949229,33.435004],[114.908214,33.447862],[114.894786,33.461453],[114.884044,33.4796],[114.865164,33.501003],[114.810151,33.540229],[114.656668,33.605007],[114.592784,33.615261],[114.583995,33.614773],[114.575125,33.610541],[114.5595,33.598009],[114.552013,33.59573],[114.524506,33.602729],[114.478038,33.631171],[114.453054,33.64289],[114.379975,33.655626],[114.363699,33.664333],[114.347667,33.677802],[114.329031,33.687079],[114.2671,33.708197],[114.253429,33.708564],[114.153087,33.657782],[114.096446,33.637397],[114.079112,33.626899],[114.068126,33.613552],[114.052257,33.582302],[114.040701,33.568793],[114.018891,33.56269],[113.985362,33.563666],[113.951671,33.568712],[113.871511,33.593817],[113.840424,33.59752],[113.800141,33.594306],[113.784272,33.5963],[113.768891,33.600165],[113.758311,33.605292],[113.746023,33.608751],[113.689464,33.60989],[113.670665,33.620307],[113.657725,33.638495],[113.648204,33.655707],[113.640147,33.663113],[113.6303,33.665595],[113.628673,33.672309],[113.630056,33.679551],[113.629649,33.683702],[113.622162,33.685126],[113.607839,33.683417],[113.598643,33.683702],[113.50294,33.710232],[113.473562,33.708319],[113.439464,33.698188],[113.411794,33.680447],[113.402192,33.655585],[113.385509,33.67239],[113.37322,33.666531],[113.362315,33.651394],[113.34962,33.640163],[113.327403,33.637397],[113.305675,33.642157],[113.285655,33.651313],[113.210704,33.702908],[113.185476,33.726426],[113.176362,33.730821],[113.166515,33.731309],[113.140147,33.719184],[113.124766,33.716986],[113.001964,33.735175],[112.875987,33.728868],[112.831635,33.72838],[112.806651,33.734809],[112.759288,33.755072],[112.731619,33.756781],[112.720714,33.753445],[112.701671,33.742296],[112.691905,33.738471],[112.67685,33.736029],[112.670421,33.738064],[112.664561,33.743028],[112.651378,33.74962],[112.616466,33.756415],[112.54184,33.759101],[112.463471,33.778835],[112.443126,33.780382],[112.400076,33.772569],[112.378835,33.771064],[112.33489,33.775743]]]}},{"type":"Feature","properties":{"kind":"rivers","name":"Ying","source":"Natural Earth 1:10m"},"geometry":{"type":"MultiLineString","coordinates":[[[116.521902,32.498847],[116.480235,32.497667],[116.461925,32.507921],[116.445811,32.522406],[116.419444,32.533881],[116.410655,32.533881],[116.39503,32.529324],[116.385346,32.529812],[116.372488,32.535224],[116.356049,32.545233],[116.341319,32.556952],[116.333425,32.567572],[116.326264,32.590847],[116.318126,32.608018],[116.304128,32.619452],[116.278901,32.625067],[116.260916,32.639472],[116.241222,32.727607],[116.222097,32.757392],[116.202891,32.771796],[116.180919,32.773953],[116.127452,32.760199],[116.11671,32.763373],[116.109304,32.774766],[116.094249,32.793036],[116.067393,32.812364],[116.046804,32.815985],[116.025076,32.814317],[115.995372,32.818142],[115.929861,32.838731],[115.90089,32.852484],[115.871349,32.871527],[115.847992,32.891425],[115.80657,32.939765],[115.788829,32.96544],[115.775076,32.998155],[115.766775,33.00788],[115.753429,33.01321],[115.737234,33.015245],[115.72226,33.019151],[115.713145,33.030097],[115.706065,33.054063],[115.697846,33.071723],[115.684174,33.085761],[115.660818,33.098822],[115.622081,33.114773],[115.604096,33.125556],[115.589692,33.141669],[115.58546,33.153022],[115.580333,33.1789],[115.574311,33.18891],[115.556407,33.197699]]]}},{"type":"Feature","properties":{"kind":"rivers","name":"Chang Jiang","source":"Natural Earth 1:10m"},"geometry":{"type":"MultiLineString","coordinates":[[[112.78183,29.743964],[112.816905,29.753974],[112.852957,29.779079],[112.885834,29.791693],[112.912364,29.764431],[112.914806,29.754218],[112.916515,29.733954],[112.918468,29.723456],[112.929291,29.701361],[112.936046,29.693223],[112.945323,29.709255],[112.987315,29.743964],[113.012706,29.772895],[113.019216,29.77086],[113.021495,29.747382],[113.017182,29.724555],[113.005951,29.706122],[112.990652,29.691962],[112.935069,29.659532],[112.913503,29.634467],[112.908214,29.600694],[112.927664,29.495185],[112.935557,29.480496],[112.953136,29.476589],[112.972097,29.489325],[112.990815,29.507025],[113.007823,29.518012],[113.032644,29.518988],[113.044526,29.508368],[113.048595,29.48961],[113.048595,29.454169],[113.049815,29.446885],[113.054698,29.443223],[113.066173,29.442247],[113.07545,29.447455],[113.076427,29.459581],[113.074718,29.473456],[113.076182,29.483832],[113.084727,29.494656],[113.089936,29.496039],[113.112885,29.474189],[113.115245,29.467637],[113.117768,29.463935],[113.127615,29.462755]],[[103.850678,28.668036],[103.866303,28.675116],[103.870209,28.666205],[103.872569,28.657172],[103.87379,28.636583],[103.87794,28.630439],[103.887706,28.630683],[103.899099,28.633083],[103.908376,28.63349],[103.927826,28.626288],[103.939952,28.619696],[103.952403,28.614854],[103.972748,28.613064],[103.992279,28.616238],[104.029063,28.630316],[104.047537,28.63349],[104.05657,28.630398],[104.078624,28.613064],[104.091807,28.612616],[104.101085,28.615994],[104.11964,28.626736],[104.139903,28.633368],[104.178722,28.638536],[104.232188,28.639594],[104.239675,28.643419],[104.246511,28.654893],[104.248057,28.661933],[104.25058,28.661485],[104.260509,28.65058],[104.275076,28.638861],[104.292491,28.632148],[104.311697,28.630439],[104.33253,28.63349],[104.341401,28.637478],[104.34669,28.641913],[104.352306,28.645697],[104.36321,28.647162],[104.456472,28.6435],[104.483002,28.657579],[104.507823,28.678412],[104.563731,28.707546],[104.588634,28.728339],[104.603526,28.754747],[104.599294,28.784369],[104.622,28.79031],[104.66269,28.782253],[104.685069,28.794257],[104.699718,28.799587],[104.740001,28.795233],[104.757091,28.798041],[104.7671,28.80504],[104.783295,28.82038],[104.791108,28.825303],[104.803803,28.828477],[104.835948,28.825303],[104.858409,28.817735],[104.902436,28.784369],[104.92213,28.776923],[104.939952,28.784857],[104.95696,28.803005],[104.980235,28.835883],[104.991628,28.841498],[105.002045,28.837022],[105.011974,28.829413],[105.021495,28.825303],[105.029877,28.81977],[105.03004,28.807563],[105.026541,28.795518],[105.020763,28.782538],[105.015391,28.775214],[105.013113,28.767035],[105.018321,28.756415],[105.028575,28.750434],[105.05185,28.750434],[105.062755,28.746446],[105.095714,28.719184],[105.115733,28.71369],[105.140636,28.722927],[105.14796,28.728135],[105.15089,28.732245],[105.154307,28.749579],[105.155284,28.763495],[105.153331,28.770046],[105.154714,28.775824],[105.164806,28.787462],[105.176199,28.783881],[105.219493,28.7567],[105.236257,28.749579],[105.259939,28.752712],[105.2942,28.772244],[105.339936,28.783515],[105.351573,28.799872],[105.360362,28.839626],[105.36964,28.856798],[105.384044,28.869696],[105.402843,28.877753],[105.425222,28.880561],[105.435557,28.883816],[105.443858,28.891913],[105.459565,28.911241],[105.470714,28.913153],[105.481619,28.904486],[105.497569,28.886786],[105.518158,28.888292],[105.542735,28.899197],[105.559174,28.915107],[105.555919,28.931749],[105.545909,28.95128],[105.560069,28.961127],[105.585378,28.962266],[105.607432,28.955675],[105.622325,28.942165],[105.62794,28.927354],[105.62794,28.890489],[105.639252,28.887478],[105.692475,28.891059],[105.709076,28.894232],[105.752859,28.921698],[105.77532,28.928249],[105.784923,28.911241],[105.786632,28.887234],[105.79184,28.868679],[105.800548,28.853461],[105.812755,28.839626],[105.84547,28.825385],[105.877208,28.836127],[105.897227,28.863715],[105.894786,28.900458],[105.878184,28.910102],[105.873627,28.914659],[105.87322,28.919623],[105.874766,28.925971],[105.877452,28.930121],[105.881114,28.928331],[105.874034,28.939887],[105.86907,28.946072],[105.860769,28.948432],[105.843272,28.948798],[105.818858,28.957546],[105.823741,28.977078],[105.880626,29.047309],[105.897227,29.058621],[105.928803,29.064887],[105.97698,29.062445],[105.990896,29.064887],[106.001231,29.071804],[106.025076,29.106513],[106.089854,29.081244],[106.117931,29.078559],[106.14088,29.090522],[106.135753,29.117621],[106.121593,29.146674],[106.117931,29.164496],[106.155365,29.202094],[106.157725,29.208686],[106.156993,29.21544],[106.157237,29.222439],[106.162364,29.229356],[106.170828,29.233466],[106.177826,29.232611],[106.184011,29.23017],[106.189545,29.229356],[106.213471,29.235622],[106.237315,29.246527],[106.250987,29.264268],[106.244151,29.290839],[106.259369,29.290391],[106.308686,29.276394],[106.324311,29.283515],[106.348888,29.289578],[106.370128,29.29206],[106.374766,29.295925],[106.376475,29.302273],[106.385509,29.319932],[106.388438,29.32807],[106.392996,29.336493],[106.401866,29.346055],[106.411632,29.35281],[106.429779,29.362006],[106.439464,29.370307],[106.455089,29.389431],[106.463878,29.397406],[106.473562,29.400702],[106.501964,29.399522],[106.516205,29.401435],[106.524832,29.408149],[106.522472,29.415351],[106.504405,29.442247],[106.499522,29.455024],[106.497813,29.464952],[106.498057,29.480496],[106.500987,29.488471],[106.508311,29.491034],[106.528575,29.490058],[106.536062,29.494452],[106.536388,29.504584],[106.532237,29.524237],[106.534434,29.544989],[106.537608,29.551134],[106.545909,29.558946],[106.556082,29.562771],[106.569591,29.565009],[106.581635,29.568427],[106.586843,29.575751],[106.585704,29.591742],[106.586843,29.610378],[106.596446,29.624538],[106.621023,29.627265],[106.619884,29.624376],[106.665701,29.588406],[106.672293,29.577012],[106.680756,29.572618],[106.69101,29.571479],[106.70045,29.575751],[106.704275,29.57864],[106.716401,29.58454],[106.720795,29.585639],[106.724294,29.588446],[106.728526,29.601752],[106.730886,29.606147],[106.775076,29.617377],[106.810802,29.600409],[106.842214,29.593329],[106.908132,29.686713],[106.929698,29.70421],[106.963634,29.756944],[107.017345,29.787136],[107.025645,29.794786],[107.033132,29.809434],[107.050385,29.819892],[107.070893,29.82392],[107.087169,29.819648],[107.095876,29.804999],[107.107351,29.759589],[107.117768,29.740261],[107.149425,29.710639],[107.167572,29.696967],[107.183442,29.688747],[107.221121,29.691718],[107.295421,29.740058],[107.334076,29.7508],[107.375662,29.733222],[107.399018,29.728217],[107.409272,29.740261],[107.414073,29.763617],[107.425955,29.780463],[107.457042,29.805365],[107.473888,29.824164],[107.479747,29.841905],[107.47519,29.859198],[107.46046,29.876776],[107.458751,29.884711],[107.466563,29.892768],[107.478038,29.899034],[107.488048,29.901557],[107.501394,29.900499],[107.508311,29.897488],[107.519786,29.887315],[107.55714,29.867011],[107.596121,29.855333],[107.635916,29.853054],[107.676768,29.860663],[107.68629,29.864691],[107.744395,29.903754],[107.836681,29.987006],[107.84962,30.004706],[107.865896,30.048163],[107.865245,30.055528],[107.861501,30.063585],[107.860362,30.07628],[107.861827,30.099555],[107.868256,30.113227],[107.881277,30.129218],[107.897065,30.142442],[107.912608,30.148017],[107.928233,30.155544],[107.934581,30.173204],[107.937592,30.193671],[107.943614,30.209418],[107.961029,30.222032],[107.977794,30.226671],[107.992931,30.233018],[108.005056,30.250434],[108.014578,30.286322],[108.02003,30.299913],[108.032319,30.313096],[108.046886,30.320868],[108.064952,30.327582],[108.069347,30.329942],[108.074311,30.331977],[108.08074,30.332343],[108.085378,30.329047],[108.090261,30.322455],[108.093761,30.315985],[108.094493,30.313096],[108.118337,30.317572],[108.117198,30.331366],[108.102957,30.347846],[108.087576,30.360297],[108.152843,30.408067],[108.174327,30.411973],[108.196869,30.422146],[108.217214,30.435614],[108.231619,30.449652],[108.308116,30.579535],[108.314138,30.586859],[108.348725,30.638983],[108.358328,30.648261],[108.369558,30.65705],[108.409923,30.709744],[108.418956,30.729315],[108.422293,30.739814],[108.424083,30.750678],[108.422455,30.763943],[108.412201,30.784776],[108.409923,30.795722],[108.410818,30.820746],[108.416596,30.833808],[108.431163,30.840644],[108.480561,30.853298],[108.497569,30.862413],[108.508393,30.876776],[108.512218,30.898464],[108.522227,30.911933],[108.545909,30.918769],[108.573334,30.922919],[108.594737,30.928819],[108.624278,30.943671],[108.6421,30.948269],[108.666515,30.949978],[108.687511,30.945421],[108.722179,30.926296],[108.745616,30.922634],[108.790538,30.931586],[108.877208,30.95954],[108.924327,30.956814],[108.96933,30.94892],[109.012543,30.949408],[109.17685,30.97663],[109.199229,30.975694],[109.258881,30.963568],[109.296641,30.965847],[109.430105,30.996202],[109.4463,31.00255],[109.459972,31.010037],[109.486339,31.028876],[109.497813,31.034125],[109.573985,31.04267],[109.591807,31.040554],[109.608328,31.031846],[109.617198,31.016913],[109.623953,31.008328],[109.632823,31.004584],[109.653087,31.00434],[109.661713,31.002224],[109.670421,30.997097],[109.731456,31.021267],[109.765636,31.047553],[109.784679,31.053656],[109.871755,31.067572],[109.896658,31.068549],[109.923106,31.060492],[109.933849,31.064561],[109.944753,31.070421],[109.955007,31.073432],[109.965343,31.071967],[109.976085,31.068427],[109.985769,31.06391],[109.992605,31.059841],[110.02589,31.032904],[110.042735,31.026923],[110.071707,31.02501],[110.089854,31.027126],[110.12794,31.036322],[110.149506,31.038682],[110.281749,31.021023],[110.321544,31.031846],[110.328868,31.037909],[110.334972,31.044623],[110.342784,31.049994],[110.355724,31.052314],[110.366791,31.05032],[110.384288,31.040839],[110.427338,31.031277],[110.44394,31.02558],[110.511729,31.033271],[110.532807,31.031846],[110.550548,31.026231],[110.565115,31.015082],[110.583751,31.004991],[110.657319,30.997097],[110.720876,30.967719],[110.7588,30.960476],[110.801524,30.943874],[110.814952,30.936306],[110.827647,30.921698],[110.837494,30.906073],[110.850678,30.893622],[110.87322,30.888495],[110.921886,30.886827],[110.945242,30.882636],[110.965831,30.874213],[110.995209,30.844835],[111.006928,30.83808],[111.011974,30.833564],[111.018647,30.829047],[111.027599,30.827012],[111.036062,30.827989],[111.05128,30.832302],[111.058197,30.833279],[111.076182,30.838813],[111.098643,30.8487],[111.124034,30.852566],[111.150808,30.840115],[111.161225,30.826768],[111.162852,30.815538],[111.158214,30.788601],[111.166433,30.783718],[111.204275,30.778835],[111.216319,30.775214],[111.238292,30.764268],[111.263276,30.756537],[111.277599,30.741807],[111.267507,30.709744],[111.386974,30.593044],[111.391205,30.58572],[111.39739,30.553249],[111.40089,30.545844],[111.412364,30.533149],[111.432546,30.503526],[111.448822,30.47016],[111.448741,30.445909],[111.444428,30.423204],[111.470714,30.413845],[111.505626,30.409247],[111.527436,30.401231],[111.507253,30.358507],[111.499522,30.333686],[111.503673,30.31623],[111.533132,30.282538],[111.55071,30.271674],[111.575857,30.271511],[111.592052,30.281277],[111.607432,30.299506],[111.619151,30.319851],[111.629324,30.356024],[111.643158,30.371894],[111.678315,30.395046],[111.711029,30.41059],[111.751964,30.422187],[111.797293,30.428534],[111.842784,30.428534],[111.881358,30.41828],[111.908295,30.39765],[111.980968,30.304551],[111.997813,30.291815],[112.021007,30.285183],[112.063894,30.287299],[112.087413,30.291938],[112.103526,30.298855],[112.103526,30.291368],[112.146658,30.304877],[112.195323,30.307481],[112.239024,30.295478],[112.268077,30.264716],[112.270518,30.223578],[112.246023,30.196357],[112.213634,30.1706],[112.192882,30.134345],[112.196544,30.092353],[112.223155,30.076728],[112.309011,30.072862],[112.352468,30.05919],[112.391205,30.031684],[112.417898,29.99372],[112.425141,29.948798],[112.400645,29.884141],[112.394216,29.873643],[112.384369,29.863064],[112.379812,29.838487],[112.376557,29.791693],[112.36671,29.747504],[112.368663,29.726589],[112.387543,29.733425],[112.423839,29.761542],[112.443858,29.77204],[112.466075,29.778673],[112.53297,29.774359],[112.54184,29.781806],[112.543386,29.802069],[112.548839,29.823065],[112.559255,29.839626],[112.575857,29.8463],[112.600352,29.839219],[112.602631,29.821357],[112.590017,29.77497],[112.593435,29.742377],[112.59962,29.721991],[112.610606,29.709784],[112.636241,29.71369],[112.6421,29.743679],[112.63795,29.805365],[112.654307,29.822333],[112.682872,29.82685],[112.714773,29.822292],[112.740326,29.812201],[112.764171,29.789984],[112.748464,29.779812],[112.716807,29.77379],[112.692556,29.764431],[112.693126,29.747382],[112.721772,29.738593],[112.760183,29.737616],[112.788829,29.743964]]]}},{"type":"Feature","properties":{"kind":"rivers","name":"Yangtze","source":"Natural Earth 1:10m"},"geometry":{"type":"MultiLineString","coordinates":[[[119.606375,32.196885],[119.58782,32.19245],[119.572358,32.191759],[119.557384,32.200141],[119.54005,32.222113],[119.530365,32.231716],[119.517345,32.238064],[119.504812,32.239529],[119.452566,32.233466],[119.385753,32.237413],[119.365326,32.234402],[119.346202,32.226752],[119.324474,32.214626],[119.303722,32.206163],[119.278331,32.20128],[119.252208,32.200019],[119.229421,32.202663],[119.129242,32.228542],[119.078705,32.232733],[119.027843,32.2213],[118.96339,32.187771],[118.927745,32.176825],[118.909679,32.173896],[118.883474,32.173204],[118.820404,32.188992],[118.793224,32.192816],[118.78655,32.192694],[118.780284,32.191107],[118.774343,32.187079],[118.769054,32.18122],[118.764659,32.174506],[118.761485,32.168036],[118.759532,32.162909],[118.758474,32.160997],[118.747488,32.147244],[118.73406,32.124864],[118.706391,32.09337],[118.689464,32.062445],[118.668956,32.039496],[118.658376,32.030585],[118.645925,32.016181],[118.614838,31.990017],[118.586355,31.949571],[118.553315,31.916287],[118.540538,31.892442],[118.53476,31.884467],[118.504812,31.859198],[118.498627,31.851264],[118.448009,31.756415],[118.426199,31.724473],[118.41505,31.699774],[118.403819,31.623236],[118.379649,31.556179],[118.347992,31.507595],[118.31601,31.4713],[118.309825,31.460069],[118.305186,31.448798],[118.302175,31.438341],[118.301768,31.427802],[118.304861,31.416449],[118.31544,31.400824],[118.318614,31.394965],[118.322358,31.383165],[118.324474,31.371039],[118.32545,31.356391],[118.324474,31.338324],[118.3213,31.320828],[118.315115,31.308051],[118.306163,31.300401],[118.296641,31.29739],[118.220144,31.291124],[118.210053,31.287787],[118.173839,31.265896],[118.155935,31.259141],[118.112722,31.252509],[118.060557,31.233222],[118.040457,31.233344],[118.027843,31.243679],[118.014171,31.237616],[118.002371,31.223253],[117.995942,31.208604],[117.993582,31.19127],[117.992931,31.138983],[117.988699,31.122829],[117.980398,31.109971],[117.968272,31.100287],[117.952729,31.093573],[117.937266,31.088935],[117.921886,31.086005],[117.907156,31.087673],[117.894542,31.096788],[117.879242,31.12226],[117.870372,31.133328],[117.856863,31.140937],[117.839366,31.143663],[117.822765,31.141181],[117.807546,31.134385],[117.793386,31.124457],[117.781505,31.113959],[117.77239,31.103868],[117.766531,31.092108],[117.763276,31.076483],[117.763682,31.058702],[117.768891,31.023749],[117.768077,31.006659],[117.747162,30.943468],[117.732026,30.874457],[117.697276,30.803738],[117.687429,30.796658],[117.642589,30.789496],[117.608653,30.780137],[117.593354,30.773708],[117.552338,30.747829],[117.53712,30.740831],[117.466075,30.726264],[117.457937,30.722235],[117.436534,30.706366],[117.42921,30.70246],[117.421641,30.700507],[117.345876,30.698757],[117.326671,30.69477],[117.276947,30.673367],[117.260753,30.669623],[117.252371,30.670681],[117.234304,30.674913],[117.226003,30.673367],[117.2199,30.6671],[117.217703,30.658474],[117.217784,30.648953],[117.218842,30.640245],[117.220714,30.634304],[117.225678,30.623074],[117.22755,30.617377],[117.228038,30.611762],[117.224132,30.597235],[117.22405,30.586208],[117.232839,30.555121],[117.231293,30.543484],[117.225678,30.532497],[117.217865,30.522528],[117.209565,30.514024],[117.183116,30.499376],[117.150645,30.494249],[117.033295,30.490587],[117.007498,30.48371],[116.984386,30.471747],[116.94866,30.443427],[116.936127,30.435858],[116.925222,30.432929],[116.913259,30.431952],[116.901866,30.429755],[116.89267,30.423285],[116.888276,30.402615],[116.899099,30.380683],[116.913992,30.358588],[116.921397,30.33747],[116.920014,30.32453],[116.90683,30.270697],[116.896902,30.244208],[116.822276,30.115424],[116.808523,30.102078],[116.790538,30.090888],[116.716075,30.05976],[116.690522,30.0539],[116.662608,30.052761],[116.650076,30.050605],[116.636485,30.043321],[116.605072,30.017686],[116.593761,30.010565],[116.591726,30.005683],[116.587901,30.00198],[116.579112,29.995225],[116.575206,29.99079],[116.567149,29.976752],[116.548839,29.954128],[116.536632,29.923204],[116.526947,29.906684],[116.51295,29.89411],[116.492198,29.88463],[116.466563,29.880316],[116.414236,29.880561],[116.389171,29.876003],[116.356537,29.858262],[116.297537,29.808702],[116.265229,29.788886],[116.235932,29.781277],[116.206554,29.781317],[116.146983,29.788682],[116.110281,29.786444],[116.077647,29.776394],[116.012787,29.748155],[115.99879,29.744005],[115.888682,29.731757],[115.855724,29.738471],[115.743337,29.808783],[115.73642,29.816352],[115.72519,29.842637],[115.718191,29.854071],[115.704845,29.860704],[115.621104,29.862372],[115.534923,29.85456],[115.50644,29.857611],[115.46339,29.871283],[115.450043,29.87755],[115.437511,29.885362],[115.426687,29.895331],[115.417247,29.909369],[115.396088,29.956081],[115.386729,29.969672],[115.375906,29.980496],[115.338471,30.008002],[115.330496,30.018175],[115.301524,30.06741],[115.283376,30.10932],[115.275401,30.120958],[115.189952,30.208767],[115.164561,30.221055],[115.145518,30.222357],[115.106944,30.21955],[115.087983,30.224148],[115.072032,30.236029],[115.063569,30.25198],[115.061453,30.270453],[115.064138,30.289862],[115.072846,30.324246],[115.072765,30.341132],[115.064952,30.357367],[115.052989,30.369005],[114.987397,30.407416],[114.966075,30.41352],[114.94394,30.416042],[114.8803,30.414984],[114.860769,30.418891],[114.842703,30.428046],[114.829275,30.441107],[114.820567,30.457139],[114.810802,30.493191],[114.808035,30.511054],[114.808523,30.526313],[114.814057,30.539903],[114.826589,30.552802],[114.839936,30.563788],[114.851573,30.576931],[114.855398,30.591132],[114.844737,30.605658],[114.826671,30.613796],[114.806082,30.616278],[114.731456,30.609442],[114.714854,30.605414],[114.688487,30.590766],[114.67685,30.58629],[114.613048,30.573594],[114.600841,30.574286],[114.58017,30.581651],[114.56601,30.593329],[114.502371,30.673163],[114.484386,30.684353],[114.45753,30.690741],[114.429128,30.690294],[114.401378,30.683905],[114.375987,30.672675],[114.354015,30.656521],[114.311127,30.609646],[114.296397,30.586859]],[[116.19752,29.75141],[116.20753,29.779486]],[[113.127615,29.462755],[113.145437,29.471991],[113.16212,29.493109],[113.186046,29.531684],[113.415538,29.764472],[113.445974,29.780056],[113.497325,29.819403],[113.519216,29.84162],[113.590017,29.87991],[113.607026,29.890204],[113.629975,29.9088],[113.65032,29.929389],[113.664236,29.954617],[113.675955,29.961127],[113.687755,29.963446],[113.693126,29.959581],[113.703624,29.934149],[113.706716,29.9289],[113.748627,29.919989],[113.79241,29.933417],[113.831065,29.958279],[113.889659,30.013007],[113.92335,30.033555],[114.043956,30.07921],[114.062266,30.088935],[114.069835,30.103339],[114.064382,30.124376],[114.050873,30.136339],[114.015147,30.154853],[113.983409,30.185167],[113.964285,30.197943],[113.940115,30.203233],[113.918061,30.198065],[113.895274,30.188747],[113.874441,30.184841],[113.858165,30.195828],[113.857595,30.231065],[113.885509,30.265204],[113.927175,30.28852],[113.968028,30.291368],[113.983409,30.282579],[113.996755,30.268622],[114.018565,30.240505],[114.039073,30.2296],[114.053966,30.24018],[114.086029,30.31741],[114.106619,30.352322],[114.24171,30.497423],[114.287364,30.575995],[114.303233,30.593044]]]}},{"type":"Feature","properties":{"kind":"rivers","name":"Yuan","source":"Natural Earth 1:10m"},"geometry":{"type":"MultiLineString","coordinates":[[[112.993582,29.147488],[112.992442,29.164984],[112.995372,29.188992],[113.000011,29.216091],[113.034597,29.288113],[113.047944,29.363227],[113.069347,29.387641],[113.070811,29.389187]],[[112.904796,29.031358],[112.900076,29.017442],[112.881847,28.991523],[112.873057,28.974921],[112.862804,28.952704],[112.843272,28.931464],[112.766612,28.892524],[112.699718,28.870917],[112.669444,28.866889],[112.642589,28.861762],[112.611095,28.859442],[112.574718,28.874213],[112.539073,28.865668],[112.507823,28.831488],[112.470714,28.81977],[112.435557,28.820665],[112.412527,28.838324],[112.387625,28.871161],[112.361501,28.89171],[112.3331,28.900743],[112.324311,28.89293],[112.327566,28.870469],[112.320567,28.858222],[112.307628,28.843207],[112.272065,28.849555],[112.228445,28.891547],[112.186534,28.914089],[112.150645,28.91295],[112.119558,28.920274],[112.069916,28.93537],[112.028819,28.943874],[112.007823,28.950222],[111.997813,28.961249],[111.994395,28.976101],[111.992931,28.984687]]]}},{"type":"Feature","properties":{"kind":"rivers","name":"Yuan","source":"Natural Earth 1:10m"},"geometry":{"type":"MultiLineString","coordinates":[[[113.069347,29.387641],[113.085948,29.404486],[113.111095,29.444892],[113.127615,29.462755]],[[112.904796,29.031358],[112.921641,29.038926],[112.935557,29.054633],[112.942963,29.065253],[112.94337,29.074001],[112.940684,29.083319],[112.938975,29.095974],[112.944591,29.114814],[112.958263,29.127753],[112.993582,29.147488]],[[107.504812,26.337592],[107.498057,26.326199],[107.493337,26.305691],[107.493663,26.283067],[107.504975,26.257595],[107.505951,26.245063],[107.504975,26.232611],[107.496349,26.214219],[107.499522,26.205512],[107.506114,26.198676],[107.527354,26.182969],[107.560313,26.165554],[107.577403,26.149522],[107.59547,26.140489],[107.618337,26.142524],[107.640717,26.150702],[107.656261,26.160102],[107.67213,26.175157],[107.707774,26.218085],[107.712576,26.225898],[107.71575,26.236884],[107.719493,26.268622],[107.724132,26.275946],[107.738292,26.290391],[107.785574,26.361925],[107.803722,26.404568],[107.80714,26.44123],[107.797537,26.459499],[107.785085,26.475043],[107.779226,26.491482],[107.789806,26.512315],[107.808604,26.530341],[107.821381,26.5362],[107.861827,26.543647],[107.866466,26.547431],[107.870942,26.559394],[107.875418,26.564154],[107.880056,26.56505],[107.891612,26.563422],[107.896495,26.564154],[107.929861,26.581488],[107.936127,26.581244],[107.941905,26.596788],[107.969005,26.626532],[107.977794,26.639228],[107.986746,26.6706],[107.991466,26.680243],[108.014903,26.703192],[108.018891,26.711534],[108.028331,26.723456],[108.087576,26.755927],[108.115652,26.781195],[108.132498,26.792304],[108.152843,26.796942],[108.159272,26.801622],[108.173757,26.822699],[108.176362,26.827948],[108.180756,26.831122],[108.202566,26.841254],[108.237722,26.853339],[108.276866,26.860378],[108.312429,26.857001],[108.327891,26.834499],[108.335378,26.827175],[108.351736,26.824408],[108.368175,26.826728],[108.37558,26.834499],[108.382742,26.838813],[108.396007,26.832465],[108.404307,26.817694],[108.396088,26.796942],[108.399994,26.783962],[108.399425,26.778876],[108.396088,26.769599],[108.401866,26.772406],[108.416596,26.776435],[108.414561,26.773261],[108.413178,26.772244],[108.412039,26.771593],[108.409923,26.769599],[108.41741,26.764594],[108.425955,26.753363],[108.430268,26.749091],[108.437266,26.745307],[108.442963,26.743598],[108.485444,26.739773],[108.496755,26.732774],[108.505382,26.714952],[108.496104,26.704657],[108.497325,26.696479],[108.506114,26.690741],[108.519054,26.68769],[108.519135,26.67239],[108.538259,26.663031],[108.563487,26.655626],[108.581065,26.646064],[108.581065,26.659735],[108.595876,26.645575],[108.609874,26.60102],[108.625499,26.591417],[108.641124,26.599311],[108.654796,26.617621],[108.663259,26.638373],[108.663097,26.65351],[108.684093,26.664374],[108.69337,26.67121],[108.697195,26.67711],[108.698416,26.69184],[108.702729,26.696479],[108.721283,26.694525],[108.76295,26.694525],[108.7588,26.689643],[108.7553,26.67829],[108.751882,26.656602],[108.758718,26.63349],[108.775971,26.623847],[108.798595,26.619167],[108.8213,26.611355],[108.837169,26.594306],[108.852061,26.572048],[108.868582,26.557563],[108.889659,26.564154],[108.905284,26.555976],[108.917572,26.560411],[108.924571,26.573554],[108.924327,26.591417],[108.939708,26.585883],[108.950206,26.590766],[108.959565,26.60102],[108.971609,26.611355],[108.984955,26.617499],[109.03297,26.633083],[109.039073,26.618232],[109.059988,26.601752],[109.066987,26.591417],[109.08017,26.599718],[109.092052,26.617865],[109.101329,26.625596],[109.106944,26.626492],[109.120942,26.62405],[109.129242,26.625596],[109.133474,26.62877],[109.142345,26.637478],[109.146251,26.639228],[109.150076,26.643256],[109.190522,26.666571],[109.197032,26.677191],[109.206065,26.706],[109.214854,26.718085],[109.247976,26.743272],[109.252615,26.752509],[109.259776,26.759955],[109.307384,26.769599],[109.3178,26.775946],[109.331635,26.786811],[109.343761,26.800116],[109.348888,26.813992],[109.354421,26.81863],[109.38087,26.830146],[109.389903,26.837917],[109.369151,26.851874],[109.381358,26.872748],[109.408946,26.891669],[109.434581,26.899929],[109.453868,26.912136],[109.455333,26.939236],[109.444428,26.981879],[109.445974,26.995632],[109.45574,27.020331],[109.4581,27.033718],[109.450694,27.046169],[109.417898,27.060004],[109.410248,27.067206],[109.414073,27.080512],[109.42392,27.082384],[109.437022,27.079413],[109.459239,27.077948],[109.46339,27.076972],[109.468272,27.07807],[109.478608,27.084296],[109.486095,27.11225],[109.495209,27.104031],[109.509858,27.081366],[109.520112,27.07807],[109.530854,27.08747],[109.531505,27.103461],[109.535737,27.118516],[109.567882,27.127509],[109.583588,27.137274],[109.591319,27.139512],[109.600841,27.138454],[109.616954,27.133816],[109.625662,27.132676],[109.631928,27.14171],[109.638438,27.161933],[109.64796,27.182888],[109.663585,27.194159],[109.663259,27.163357],[109.66684,27.140245],[109.67864,27.126899],[109.7046,27.125271],[109.717459,27.127956],[109.732026,27.132636],[109.744721,27.139024],[109.752371,27.146999],[109.752615,27.158718],[109.749034,27.172675],[109.747,27.187445],[109.752371,27.201606],[109.763113,27.209662],[109.773855,27.208686],[109.800792,27.194159],[109.844249,27.179511],[109.855968,27.173651],[109.867686,27.164333],[109.874441,27.157579],[109.881847,27.152208],[109.896414,27.146999],[109.931895,27.139472],[109.944753,27.132676],[109.951589,27.139512],[109.966319,27.12995],[109.985281,27.124335],[110.00294,27.12641],[110.013682,27.139512],[109.995535,27.145575],[110.010265,27.166205],[110.054617,27.207831],[110.057872,27.214708],[110.060069,27.222357],[110.061453,27.238837],[110.064708,27.247504],[110.079275,27.257636],[110.087494,27.283759],[110.100515,27.293891],[110.117686,27.298163],[110.135916,27.297797],[110.125662,27.328233],[110.124522,27.344672],[110.132823,27.351833],[110.177419,27.365505],[110.19337,27.382188],[110.232839,27.454861],[110.277924,27.520575],[110.287364,27.544216],[110.292247,27.568915],[110.290538,27.579047],[110.283946,27.588568],[110.276134,27.597276],[110.269949,27.608018],[110.267996,27.620185],[110.273041,27.632921],[110.283702,27.627265],[110.293956,27.625841],[110.30421,27.627997],[110.314708,27.632921],[110.329275,27.643337],[110.33017,27.649604],[110.325043,27.656928],[110.321544,27.670518],[110.324636,27.676866],[110.332042,27.68004],[110.352306,27.681423],[110.358328,27.685167],[110.371755,27.70539],[110.37672,27.714911],[110.369721,27.722032],[110.367198,27.728827],[110.365896,27.735622],[110.363048,27.742784],[110.358979,27.748358],[110.34547,27.759874],[110.336843,27.772406],[110.341401,27.778022],[110.350678,27.783149],[110.359874,27.8074],[110.378835,27.836208],[110.382904,27.845893],[110.37851,27.866156],[110.368337,27.867499],[110.355479,27.863105],[110.342052,27.866319],[110.324718,27.911811],[110.321544,27.910427],[110.314057,27.902167],[110.296967,27.901719],[110.244395,27.908311],[110.238455,27.913357],[110.240489,27.922065],[110.250255,27.943468],[110.257904,27.95307],[110.268158,27.958604],[110.280528,27.955146],[110.282237,27.958075],[110.281993,27.959662],[110.282725,27.960517],[110.287364,27.96129],[110.287364,27.968777],[110.261485,27.972113],[110.180431,28.001247],[110.153901,28.013983],[110.146495,28.016547],[110.139171,28.021796],[110.137218,28.033962],[110.137543,28.047797],[110.135916,28.058173],[110.107188,28.085639],[110.102468,28.096015],[110.107432,28.105292],[110.119151,28.102891],[110.132742,28.097846],[110.143321,28.099148],[110.149343,28.11225],[110.143972,28.123603],[110.137218,28.133857],[110.139659,28.143826],[110.150076,28.148627],[110.160655,28.150214],[110.16505,28.154486],[110.156993,28.167344],[110.171153,28.172471],[110.176524,28.177924],[110.179128,28.185085],[110.184255,28.195339],[110.202159,28.219509],[110.204845,28.225775],[110.199474,28.234483],[110.175955,28.239285],[110.170665,28.246527],[110.169932,28.259589],[110.16448,28.29088],[110.199229,28.279893],[110.215017,28.278388],[110.232839,28.284044],[110.245209,28.293647],[110.287364,28.339301],[110.310639,28.383002],[110.321544,28.393337],[110.338471,28.40115],[110.357595,28.407172],[110.375662,28.415147],[110.38974,28.428738],[110.363048,28.437527],[110.371104,28.452012],[110.403412,28.472113],[110.403412,28.513739],[110.408946,28.518378],[110.435802,28.521552],[110.445079,28.523627],[110.454031,28.539822],[110.451915,28.577704],[110.462169,28.585069],[110.480479,28.585639],[110.500011,28.589545],[110.515147,28.600043],[110.520763,28.620469],[110.517345,28.629014],[110.509939,28.638129],[110.50294,28.645087],[110.499604,28.647162],[110.506358,28.659369],[110.517345,28.660468],[110.544444,28.653998],[110.566173,28.656114],[110.607188,28.665554],[110.667247,28.669298],[110.688731,28.676337],[110.698253,28.69184],[110.760265,28.722927],[110.765391,28.72956],[110.768158,28.735785],[110.771902,28.742255],[110.780284,28.749579],[110.791026,28.754584],[110.815847,28.761583],[110.840261,28.774726],[110.938487,28.798041],[110.972179,28.810126],[110.983165,28.811632],[111.003429,28.804389],[111.008311,28.790595],[111.013276,28.78205],[111.034679,28.790595],[111.062022,28.811632],[111.081391,28.82099],[111.086843,28.827745],[111.088634,28.842719],[111.091889,28.848904],[111.100027,28.856716],[111.110281,28.863389],[111.120372,28.866278],[111.12794,28.862616],[111.136729,28.842393],[111.143972,28.832139],[111.163829,28.823513],[111.186453,28.820624],[111.205089,28.813992],[111.212901,28.794257],[111.214773,28.770941],[111.221934,28.758409],[111.23642,28.752631],[111.295665,28.746161],[111.321544,28.746772],[111.339122,28.752997],[111.360037,28.7685],[111.363048,28.77379],[111.368175,28.786566],[111.380382,28.78913],[111.394216,28.788275],[111.404552,28.790595],[111.411143,28.800116],[111.417247,28.821479],[111.425141,28.832139],[111.433442,28.836005],[111.453868,28.838324],[111.462576,28.842719],[111.468028,28.850531],[111.472341,28.86225],[111.473643,28.874335],[111.469493,28.883653],[111.467296,28.893826],[111.475352,28.905097],[111.493337,28.921495],[111.514659,28.996161],[111.531668,29.034125],[111.561615,29.051296],[111.585948,29.046169],[111.593272,29.031033],[111.589692,28.98668],[111.591075,28.977403],[111.595632,28.972195],[111.603038,28.969835],[111.613455,28.969306],[111.626557,28.971137],[111.631358,28.976426],[111.63323,28.985053],[111.652273,29.028388],[111.665294,29.039415],[111.685802,29.037624],[111.696788,29.026679],[111.698985,28.995876],[111.705658,28.982978],[111.718354,28.976833],[111.775076,28.969306],[111.795421,28.970486],[111.811046,28.977566],[111.814952,28.990668],[111.80128,29.00963],[111.811697,29.017117],[111.82252,29.020535],[111.834727,29.020372],[111.84962,29.017117],[111.863455,29.009548],[111.888764,28.987576],[111.90089,28.982978],[111.958425,29.001329],[111.986746,29.003689],[111.992931,28.98489]]]}},{"type":"Feature","properties":{"kind":"rivers","name":"Han","source":"Natural Earth 1:10m"},"geometry":{"type":"MultiLineString","coordinates":[[[111.477631,32.567816],[111.465017,32.577948],[111.447846,32.581122],[111.433035,32.578803],[111.41448,32.573676],[111.389659,32.572374],[111.364757,32.574897],[111.344493,32.582546],[111.32252,32.598456],[111.269135,32.620795],[111.247976,32.635118],[111.229421,32.649359],[111.204275,32.660997],[111.158376,32.679023],[111.138764,32.689073],[111.115164,32.695014],[111.094168,32.695339],[111.045828,32.703966],[111.028575,32.715359],[111.020925,32.723904],[111.000011,32.740668]]]}},{"type":"Feature","properties":{"kind":"rivers","name":"Han","source":"Natural Earth 1:10m"},"geometry":{"type":"MultiLineString","coordinates":[[[106.398448,33.067694],[106.421153,33.072292],[106.434174,33.08336],[106.444021,33.096788],[106.456554,33.10871],[106.473399,33.115261],[106.665619,33.143988],[106.67628,33.142198],[106.682872,33.137274],[106.686127,33.130642],[106.69044,33.124823],[106.70045,33.122341],[106.805756,33.124376],[106.841319,33.133816],[106.864268,33.136013],[106.883556,33.131415],[106.899913,33.120307],[106.929454,33.095038],[106.980398,33.064154],[106.99464,33.05036],[107.015636,33.038398],[107.038259,33.037706],[107.058849,33.033881],[107.073416,33.012478],[107.086925,33.01911],[107.102468,33.038357],[107.11435,33.046658],[107.126557,33.04739],[107.142589,33.045966],[107.156261,33.047471],[107.16212,33.057196],[107.169688,33.076239],[107.188243,33.088935],[107.212576,33.096747],[107.261729,33.103298],[107.323253,33.101264],[107.332123,33.106635],[107.34669,33.130561],[107.357595,33.136013],[107.368582,33.134345],[107.389903,33.128526],[107.402436,33.129177],[107.420828,33.136827],[107.490245,33.187445],[107.513601,33.200873],[107.522553,33.208035],[107.534923,33.215359],[107.541921,33.208523],[107.54713,33.190619],[107.567312,33.187812],[107.623546,33.187038],[107.635265,33.180365],[107.644949,33.170722],[107.667572,33.170233],[107.711436,33.176947],[107.735362,33.177436],[107.751394,33.174018],[107.764415,33.166775],[107.779226,33.155829],[107.787364,33.168769],[107.796967,33.174831],[107.820811,33.183783],[107.832937,33.191596],[107.838308,33.197781],[107.857595,33.237616],[107.863699,33.242947],[107.875418,33.245876],[107.888682,33.243598],[107.897878,33.236029],[107.905203,33.227891],[107.912608,33.224148],[107.938975,33.219306],[107.955658,33.206407],[107.959565,33.188056],[107.942149,33.158962],[107.937266,33.146267],[107.937266,33.134385],[107.947032,33.129177],[107.955089,33.123114],[107.957612,33.108995],[107.956716,33.080756],[107.977957,33.086615],[107.995046,33.07685],[108.026134,33.046658],[108.047781,33.037055],[108.064708,33.035346],[108.081147,33.039333],[108.101329,33.046658],[108.141368,33.037665],[108.219656,33.032335],[108.258881,33.019314],[108.274994,33.005683],[108.279063,32.989325],[108.274832,32.970771],[108.265717,32.950385],[108.260346,32.942206],[108.253673,32.934434],[108.248057,32.926215],[108.245372,32.916287],[108.247325,32.905951],[108.257091,32.892279],[108.258881,32.882148],[108.252208,32.867011],[108.241466,32.852729],[108.237722,32.839423],[108.252208,32.827501],[108.259858,32.828966],[108.266124,32.836005],[108.273692,32.840522],[108.286225,32.834337],[108.29184,32.824897],[108.289806,32.816107],[108.286225,32.807685],[108.286225,32.799628],[108.312511,32.769843],[108.35255,32.749783],[108.437755,32.724473],[108.437755,32.717637],[108.428722,32.713975],[108.407237,32.709052],[108.396088,32.703966],[108.413829,32.673936],[108.416596,32.662421],[108.431895,32.669745],[108.439464,32.666449],[108.44394,32.657782],[108.450206,32.648749],[108.47169,32.633409],[108.468435,32.628974],[108.454112,32.618354],[108.448171,32.599433],[108.469737,32.582831],[108.498057,32.566921],[108.512218,32.54975],[108.52296,32.528835],[108.54835,32.518419],[108.578054,32.512641],[108.601573,32.505398],[108.615652,32.488349],[108.622081,32.48489],[108.633311,32.485867],[108.639171,32.490424],[108.644216,32.495551],[108.681733,32.504991],[108.692882,32.504177],[108.697195,32.491767],[108.758067,32.537421],[108.774018,32.566352],[108.759858,32.601589],[108.759858,32.607774],[108.770925,32.609198],[108.777843,32.61461],[108.780691,32.623562],[108.779796,32.635118],[108.78712,32.630723],[108.792898,32.62462],[108.797293,32.61697],[108.800222,32.607774],[108.812511,32.620795],[108.81894,32.618191],[108.822846,32.608751],[108.827566,32.601589],[108.842703,32.58865],[108.851573,32.586534],[108.855479,32.598171],[108.85491,32.607123],[108.855968,32.609565],[108.879405,32.607774],[108.890391,32.61168],[108.894216,32.621039],[108.896658,32.632514],[108.903331,32.642524],[108.921316,32.649034],[108.996104,32.656195],[109.00351,32.664008],[109.022472,32.700303],[109.03297,32.711453],[109.042979,32.713975],[109.064545,32.715196],[109.074474,32.717637],[109.086436,32.724473],[109.093191,32.73196],[109.097992,32.739936],[109.1338,32.783962],[109.148529,32.787869],[109.255056,32.752387],[109.298432,32.74787],[109.334565,32.758612],[109.343191,32.766872],[109.345225,32.773953],[109.346609,32.781114],[109.352061,32.789984],[109.358897,32.795966],[109.374115,32.805732],[109.383067,32.813259],[109.386974,32.822699],[109.386241,32.831732],[109.389089,32.838487],[109.403412,32.841173],[109.411794,32.844591],[109.408295,32.852607],[109.402436,32.861762],[109.403412,32.868476],[109.412852,32.867743],[109.438975,32.860419],[109.448822,32.868679],[109.514252,32.883816],[109.52589,32.892198],[109.533946,32.909451],[109.547944,32.899237],[109.55657,32.888739],[109.565684,32.88349],[109.581635,32.888943],[109.585948,32.894558],[109.589366,32.902777],[109.593842,32.910915],[109.602061,32.916287],[109.612397,32.916368],[109.618744,32.911689],[109.624522,32.906033],[109.632823,32.903266],[109.650483,32.904731],[109.66741,32.909044],[109.682384,32.916368],[109.694591,32.92654],[109.706391,32.939032],[109.718191,32.94835],[109.729503,32.949327],[109.739268,32.936794]],[[109.739268,32.929958],[109.758474,32.914984],[109.782807,32.90115],[109.8095,32.893134],[109.83546,32.895819],[109.868175,32.912909],[109.883311,32.916287],[109.898855,32.914374],[109.925141,32.900662],[109.937918,32.895819],[109.992605,32.888943],[110.003347,32.88406],[110.040294,32.86164],[110.081716,32.848171],[110.095632,32.841173],[110.103445,32.834174],[110.114838,32.818793],[110.123546,32.813259],[110.215424,32.813259],[110.237885,32.807563],[110.257091,32.796658],[110.274099,32.789862],[110.290457,32.796454],[110.299815,32.801866],[110.309988,32.804633],[110.318126,32.808458],[110.325694,32.827745],[110.33546,32.834337],[110.397634,32.858018],[110.411794,32.856065],[110.403412,32.834337],[110.418468,32.829942],[110.431733,32.832872],[110.44573,32.838324],[110.462169,32.841173],[110.477143,32.836941],[110.497162,32.817979],[110.507091,32.813259],[110.566824,32.829128],[110.591726,32.829657],[110.588959,32.807074],[110.612641,32.819363],[110.616954,32.820665],[110.625011,32.81448],[110.63087,32.798692],[110.636729,32.793402],[110.651378,32.791856],[110.705089,32.799628],[110.705089,32.807074],[110.695974,32.808214],[110.692882,32.810248],[110.690684,32.814073],[110.685313,32.820665],[110.718761,32.837999],[110.746104,32.86164],[110.796397,32.831855],[110.811534,32.827501],[110.814708,32.825019],[110.817963,32.819648],[110.824229,32.814643],[110.83546,32.813259],[110.845714,32.817247],[110.857432,32.831326],[110.866466,32.834337],[110.875255,32.832587],[110.882416,32.828233],[110.893565,32.816962],[110.902273,32.810858],[110.910248,32.811103],[110.9192,32.813341],[110.931082,32.813259],[110.938243,32.810167],[110.952159,32.801378],[110.962413,32.799628],[110.982595,32.806912],[110.993175,32.807074],[110.983653,32.798936],[110.968435,32.790717],[110.9581,32.781195],[110.962413,32.769151],[110.983165,32.752509],[110.992198,32.748236],[111.000011,32.740668]],[[111.477631,32.567816],[111.48406,32.55447],[111.492198,32.530137],[111.547944,32.48489],[111.615245,32.454454],[111.643891,32.434149],[111.665294,32.402371],[111.640717,32.367947],[111.633067,32.349311],[111.637299,32.327257],[111.646414,32.318712],[111.672862,32.303412],[111.699474,32.265163],[111.693614,32.224189],[111.72698,32.19123],[111.771983,32.162869],[111.80128,32.135443],[111.814708,32.092882],[111.827159,32.078721],[111.853038,32.07335],[111.876231,32.075995],[111.931651,32.093858],[111.953054,32.094916],[111.975597,32.091254],[111.993256,32.082831],[112.008067,32.054511],[112.026541,32.046413],[112.157807,32.034206],[112.192882,32.021999],[112.192882,31.991482],[112.185964,31.98489],[112.177745,31.981228],[112.170095,31.975857],[112.164968,31.964179],[112.16448,31.951524],[112.167735,31.93948],[112.173839,31.928534],[112.182058,31.91946],[112.217459,31.895087],[112.220225,31.883612],[112.182546,31.822374],[112.177257,31.797309],[112.195893,31.785997],[112.215912,31.779853],[112.250662,31.749457],[112.268077,31.737616],[112.336681,31.724392],[112.353608,31.713975],[112.369884,31.69245],[112.380951,31.672675],[112.406749,31.606716],[112.41684,31.592597],[112.442393,31.569688],[112.452403,31.550238],[112.450043,31.528103],[112.442556,31.505398],[112.438569,31.484402],[112.440847,31.474677],[112.450206,31.45307],[112.452403,31.443386],[112.449229,31.433539],[112.435069,31.41238],[112.431895,31.405544],[112.425385,31.386013],[112.412364,31.372992],[112.402273,31.358262],[112.404552,31.333523],[112.414806,31.318915],[112.446707,31.302191],[112.462901,31.288845],[112.487804,31.254706],[112.500499,31.24197],[112.5206,31.230496],[112.545421,31.223497],[112.560476,31.221991],[112.567556,31.215399],[112.569753,31.192939],[112.566417,31.182644],[112.551768,31.161933],[112.548432,31.151679],[112.552826,31.139472],[112.574636,31.118354],[112.582774,31.10696],[112.584239,31.086127],[112.567393,31.086249],[112.54184,31.095079],[112.517507,31.100775],[112.506765,31.089179],[112.508067,31.063015],[112.5206,31.018826],[112.533702,30.990749],[112.561697,30.953437],[112.567149,30.94123],[112.572195,30.888699],[112.577729,30.877021],[112.589366,30.869208],[112.664561,30.842882],[112.678966,30.833279],[112.668224,30.830268],[112.637136,30.82571],[112.630463,30.82331],[112.635509,30.807929],[112.644786,30.795518],[112.649669,30.78323],[112.641612,30.768093],[112.625987,30.747626],[112.596283,30.676215],[112.624441,30.657904],[112.703298,30.661566],[112.719819,30.651964],[112.714122,30.640489],[112.687511,30.63113],[112.678966,30.620958],[112.67921,30.605333],[112.690929,30.57099],[112.692556,30.552069],[112.728526,30.574042],[112.748139,30.583116],[112.771414,30.586859],[112.783621,30.576728],[112.81601,30.51793],[112.8296,30.509345],[112.852631,30.499294],[112.874766,30.496039],[112.884288,30.508002],[112.881602,30.555732],[112.89088,30.570746],[112.918468,30.573188],[112.933442,30.563829],[112.951427,30.531277],[112.9699,30.524115],[113.004405,30.525458],[113.023041,30.52379],[113.042003,30.51793],[113.046641,30.517605],[113.059174,30.518988],[113.06308,30.51793],[113.066417,30.51085],[113.065522,30.505235],[113.063487,30.5008],[113.06308,30.497423],[113.063487,30.488959],[113.060313,30.482489],[113.062511,30.47838],[113.0796,30.476996],[113.099213,30.483425],[113.107432,30.483181],[113.11085,30.473253],[113.11142,30.461859],[113.113373,30.45307],[113.117279,30.446723],[113.124034,30.442206],[113.137299,30.439561],[113.146658,30.443549],[113.15504,30.448757],[113.165538,30.449652],[113.175304,30.444525],[113.186615,30.43122],[113.196218,30.428534],[113.289073,30.428534],[113.427338,30.395209],[113.466563,30.395046],[113.48585,30.398993],[113.491466,30.401679],[113.500662,30.408067],[113.5088,30.415839],[113.518158,30.431667],[113.532481,30.447821],[113.540294,30.465033],[113.545665,30.473253],[113.555919,30.481716],[113.590017,30.497423],[113.607432,30.511908],[113.622976,30.531684],[113.634288,30.554023],[113.638438,30.576239],[113.646983,30.586249],[113.73878,30.626899],[113.74822,30.627794],[113.760916,30.622992],[113.782481,30.604763],[113.789236,30.60045],[113.79892,30.604804],[113.807628,30.614325],[113.817475,30.622097],[113.830333,30.620958],[113.83839,30.610907],[113.834483,30.599962],[113.825125,30.591091],[113.816742,30.586859],[113.823416,30.575954],[113.830333,30.575141],[113.837332,30.580186],[113.844005,30.586859],[113.850597,30.595404],[113.852143,30.603217],[113.850678,30.61754],[113.838796,30.64411],[113.840587,30.648261],[113.843354,30.649482],[113.845225,30.651964],[113.848237,30.654568],[113.854503,30.655707],[113.862234,30.653876],[113.863292,30.649522],[113.862315,30.644721],[113.86435,30.641466],[113.878184,30.634304],[113.884858,30.633124],[113.911794,30.633653],[113.920421,30.632839],[113.925141,30.63703],[113.926524,30.651964],[113.930919,30.672675],[113.941498,30.6789],[113.955089,30.67414],[113.968028,30.661933],[113.983897,30.633979],[113.995697,30.624579],[114.018565,30.620958],[114.027436,30.616645],[114.028412,30.607001],[114.027843,30.597357],[114.031993,30.593044],[114.043468,30.594184],[114.069835,30.60045],[114.170665,30.598212],[114.289561,30.566352]]]}},{"type":"Feature","properties":{"kind":"rivers","name":"Gan","source":"Natural Earth 1:10m"},"geometry":{"type":"MultiLineString","coordinates":[[[115.981944,29.279161],[115.981375,29.290229],[116.000011,29.302598],[116.041515,29.312445],[116.05185,29.332546],[116.051199,29.365424],[116.040945,29.403103],[116.045828,29.423651],[116.07073,29.44538],[116.091401,29.468858],[116.114675,29.492458],[116.127371,29.51793],[116.127045,29.545762],[116.134532,29.58043],[116.149099,29.616319],[116.161794,29.651435],[116.156993,29.680691],[116.160655,29.703192],[116.177257,29.719835],[116.192393,29.735867],[116.19752,29.75141]]]}},{"type":"Feature","properties":{"kind":"rivers","name":"Gan","source":"Natural Earth 1:10m"},"geometry":{"type":"MultiLineString","coordinates":[[[114.412527,24.707058],[114.43214,24.710639],[114.448822,24.707709],[114.465424,24.702826],[114.484874,24.700222],[114.501964,24.708767],[114.521983,24.746365],[114.539643,24.754828],[114.559825,24.758246],[114.575287,24.766872],[114.587494,24.778144],[114.602794,24.796576],[114.61378,24.815538],[114.619151,24.824164],[114.625662,24.830878],[114.635265,24.835232],[114.648936,24.836778],[114.665538,24.845242],[114.685476,24.862128],[114.70696,24.875067],[114.727794,24.871527],[114.734386,24.89171],[114.739513,24.902899],[114.748953,24.912543],[114.768891,24.904079],[114.771088,24.921942],[114.766368,24.948025],[114.765391,24.963975],[114.776296,24.980496],[114.782481,24.999091],[114.784597,25.018134],[114.779307,25.055528],[114.776134,25.060574],[114.768891,25.069525],[114.760265,25.076239],[114.751231,25.080593],[114.744314,25.087104],[114.741466,25.100531],[114.751964,25.103949],[114.817149,25.138454],[114.828298,25.141547],[114.857514,25.14529],[114.86142,25.148464],[114.87379,25.154731],[114.886811,25.157091],[114.894949,25.145575],[114.899425,25.144558],[114.903901,25.145575],[114.905854,25.148708],[114.904796,25.154608],[114.902436,25.157904],[114.900076,25.15998],[114.899018,25.162624],[114.897634,25.190619],[114.899018,25.193671],[114.892507,25.201768],[114.87794,25.211982],[114.871755,25.220323],[114.869151,25.2296],[114.865001,25.265692],[114.868744,25.273017],[114.896007,25.29267],[114.898529,25.30447],[114.891043,25.316474],[114.881602,25.327826],[114.878673,25.337673],[114.885671,25.34394],[114.911632,25.353827],[114.919688,25.358181],[114.922293,25.367743],[114.921886,25.378974],[114.924734,25.388373],[114.937022,25.392279],[114.955658,25.401557],[114.964366,25.422634],[114.96339,25.445828],[114.953705,25.461208],[114.969005,25.47545],[114.990489,25.488837],[115.003917,25.505439],[114.995209,25.529486],[115.007335,25.551866],[115.008474,25.57099],[115.002615,25.621934],[115.009288,25.642686],[115.024669,25.657782],[115.042735,25.671332],[115.057384,25.68712],[115.073253,25.686632],[115.083914,25.706488],[115.089773,25.732978],[115.091563,25.752265],[115.089692,25.761786],[115.086355,25.768378],[115.086681,25.775336],[115.103119,25.798407],[115.10255,25.807725],[115.098888,25.81745],[115.098399,25.830512],[115.110932,25.850857],[115.111908,25.858425],[115.106619,25.865831],[115.088634,25.881863],[115.084727,25.888861],[115.079845,25.892198],[115.033783,25.893907],[115.027761,25.895616],[115.023448,25.893907],[115.015717,25.885118],[115.011241,25.875515],[115.010346,25.866645],[115.007091,25.85871],[114.995209,25.85163],[114.983653,25.850857],[114.967784,25.853217],[114.953543,25.857367],[114.94752,25.862128],[114.944347,25.867296],[114.937266,25.874538],[114.930186,25.88406],[114.927013,25.896023],[114.930431,25.906358],[114.937266,25.91706],[114.942393,25.928331],[114.940684,25.940375],[114.932628,25.945258],[114.908132,25.947292],[114.899018,25.954047],[114.897472,25.966254],[114.902436,25.977729],[114.909272,25.988471],[114.917898,26.020616],[114.929779,26.034125],[114.943451,26.044379],[114.953705,26.057074],[114.959483,26.077501],[114.95753,26.091335],[114.949636,26.099962],[114.937999,26.105414],[114.909679,26.113959],[114.898529,26.120795],[114.892833,26.132148],[114.895274,26.140489],[114.918224,26.19599],[114.924571,26.207343],[114.935069,26.213894],[114.953705,26.214708],[114.919688,26.27615],[114.923839,26.305609],[114.901378,26.340644],[114.792491,26.439887],[114.786143,26.447455],[114.771251,26.45246],[114.703624,26.502143],[114.684255,26.520331],[114.671967,26.540635],[114.67628,26.560411],[114.80364,26.675564],[114.809825,26.691107],[114.81129,26.710883],[114.816417,26.736599],[114.825206,26.760932],[114.837576,26.776435],[114.854747,26.782091],[114.92335,26.790066],[114.940847,26.794216],[114.989675,26.815456],[115.002615,26.824815],[115.009939,26.862494],[114.972179,26.920681],[114.981619,26.955146],[114.995128,26.964952],[115.013601,26.975043],[115.029877,26.987901],[115.036794,27.006415],[115.03004,27.028428],[115.014171,27.040798],[114.995616,27.05036],[114.981619,27.063788],[114.974701,27.108507],[114.998139,27.142198],[115.089936,27.200507],[115.102631,27.212429],[115.109874,27.228298],[115.111908,27.252794],[115.110932,27.274482],[115.111827,27.285753],[115.115326,27.294053],[115.115245,27.302029],[115.098399,27.338731],[115.095307,27.367011],[115.091563,27.379706],[115.073416,27.412136],[115.067963,27.433173],[115.063569,27.443386],[115.063487,27.451483],[115.074148,27.454861],[115.086436,27.455146],[115.095714,27.456814],[115.10377,27.460883],[115.111908,27.468533],[115.121104,27.487657],[115.135509,27.534857],[115.149506,27.544216],[115.166515,27.550849],[115.180675,27.566474],[115.214936,27.626044],[115.220632,27.632921],[115.229015,27.637274],[115.249278,27.643581],[115.276134,27.662462],[115.314382,27.680772],[115.330496,27.695095],[115.331554,27.699286],[115.329682,27.710476],[115.330496,27.714911],[115.333018,27.71662],[115.342214,27.720567],[115.344737,27.722357],[115.368337,27.753852],[115.372081,27.759874],[115.375418,27.780788],[115.383881,27.804389],[115.425304,27.874945],[115.431733,27.893012],[115.436127,27.959011],[115.440115,27.977403],[115.447765,27.996039],[115.483165,28.056016],[115.492198,28.065009],[115.51588,28.069159],[115.532725,28.080186],[115.557058,28.11282],[115.583018,28.13699],[115.622081,28.159206],[115.666515,28.176947],[115.707937,28.187852],[115.757742,28.189887],[115.772634,28.198432],[115.783376,28.21369],[115.789236,28.228135],[115.798757,28.238878],[115.820811,28.243109],[115.833018,28.247504],[115.846609,28.258246],[115.858409,28.271755],[115.865489,28.284044],[115.868175,28.300482],[115.864838,28.3133],[115.851736,28.339301],[115.841726,28.392524],[115.834483,28.400743],[115.824474,28.40587],[115.819591,28.418728],[115.8178,28.451687],[115.820323,28.468695],[115.825287,28.481391],[115.828054,28.493923],[115.823985,28.510606],[115.796641,28.565253],[115.803233,28.581],[115.807384,28.606147],[115.815929,28.629462],[115.834483,28.639716],[115.885916,28.71544],[115.901134,28.751247],[115.911143,28.769151],[115.938569,28.787543],[115.981537,28.853298],[115.98642,28.879014],[115.989024,28.886786],[116.001475,28.902045],[116.007091,28.911648],[116.01295,28.938015],[116.027354,28.974189],[116.029877,28.996649],[116.023204,29.037624],[116.018565,29.046454],[116.004893,29.066352],[116.002045,29.075466],[116.001069,29.085964],[115.996755,29.106391],[115.997162,29.180243],[115.995942,29.188422],[116.002208,29.208523],[115.998953,29.230007],[115.981944,29.279161]]]}},{"type":"Feature","properties":{"kind":"rivers","name":"Wu","source":"Natural Earth 1:10m"},"geometry":{"type":"MultiLineString","coordinates":[[[106.730886,27.317694],[106.815847,27.317694],[106.822032,27.318712],[106.831554,27.32335],[106.836681,27.32449],[106.842459,27.322455],[106.851573,27.313503],[106.857432,27.311469],[106.862804,27.306667],[106.880382,27.284044],[106.88795,27.276679],[106.907237,27.26907],[106.917735,27.274482],[106.962983,27.33747],[106.975352,27.349921],[106.991466,27.358669],[107.018077,27.359483],[107.036632,27.347032],[107.053966,27.331895],[107.076915,27.32449],[107.097748,27.329047],[107.129893,27.350898],[107.149099,27.358669],[107.189952,27.354275],[107.183197,27.325059],[107.135509,27.263007],[107.129649,27.257188],[107.12379,27.253485],[107.121755,27.249335],[107.128022,27.24254],[107.142589,27.235704],[107.151866,27.238878],[107.160574,27.245673],[107.172862,27.249376],[107.238455,27.251573],[107.327403,27.281521],[107.360444,27.300116],[107.388682,27.32449],[107.398204,27.341335],[107.415131,27.386298],[107.425955,27.403347],[107.434581,27.4112],[107.445079,27.418769],[107.456391,27.424628],[107.480398,27.430691],[107.493256,27.448757],[107.504812,27.454861],[107.516775,27.454942],[107.520763,27.449978],[107.521983,27.442328],[107.525401,27.434353],[107.549083,27.405707],[107.553233,27.403347],[107.561697,27.395819],[107.614675,27.37226],[107.641368,27.372626],[107.667003,27.382839],[107.688731,27.399766],[107.704112,27.420722],[107.684093,27.420722],[107.687511,27.426947],[107.711436,27.441189],[107.723725,27.453477],[107.745128,27.489569],[107.752452,27.489569],[107.770112,27.479031],[107.78655,27.494981],[107.803722,27.530585],[107.813894,27.540473],[107.823985,27.547309],[107.83782,27.550401],[107.86142,27.550849],[107.872488,27.553005],[107.882253,27.557888],[107.892996,27.57392],[107.894054,27.594184],[107.888438,27.636746],[107.898041,27.643419],[107.956716,27.6671],[107.999034,27.702745],[108.015391,27.708075],[108.021658,27.711249],[108.040701,27.725409],[108.049815,27.728583],[108.069021,27.730089],[108.079031,27.732449],[108.087576,27.736029],[108.104991,27.749538],[108.138927,27.794379],[108.161794,27.804958],[108.181163,27.799872],[108.197358,27.791287],[108.210541,27.791287],[108.215912,27.801215],[108.23463,27.864773],[108.246511,27.953477],[108.245372,27.968777],[108.237071,27.984646],[108.19752,28.023993],[108.187022,28.052069],[108.190684,28.078966],[108.202891,28.104071],[108.236095,28.1553],[108.243175,28.172187],[108.245372,28.187852],[108.240245,28.204413],[108.231049,28.215196],[108.220225,28.224473],[108.210541,28.236274],[108.229015,28.25906],[108.251475,28.305609],[108.272553,28.325629],[108.285655,28.330593],[108.296641,28.332709],[108.303966,28.338894],[108.306733,28.356065],[108.301768,28.362331],[108.265717,28.380316],[108.272553,28.392686],[108.28183,28.399522],[108.306733,28.407009],[108.314871,28.40766],[108.323334,28.406806],[108.331472,28.40705],[108.338145,28.410712],[108.359874,28.426337],[108.397634,28.447333],[108.403575,28.451687],[108.407237,28.482367],[108.409923,28.489529],[108.4192,28.493964],[108.447765,28.498358],[108.458263,28.503201],[108.466319,28.514187],[108.472667,28.527411],[108.476654,28.541449],[108.478038,28.554714],[108.483165,28.573839],[108.503429,28.612616],[108.505382,28.639716],[108.484955,28.640245],[108.405772,28.658311],[108.36378,28.677598],[108.3449,28.681952],[108.330089,28.689073],[108.322765,28.705756],[108.320567,28.724962],[108.320404,28.739691],[108.329031,28.7567],[108.367117,28.776923],[108.37558,28.794257],[108.371349,28.815863],[108.361095,28.83039],[108.349701,28.843207],[108.341563,28.859442],[108.340261,28.869167],[108.341319,28.912055],[108.340343,28.919542],[108.30128,29.005927],[108.292084,29.044867],[108.300141,29.086005],[108.290538,29.136542],[108.266694,29.162706],[108.233653,29.18126],[108.19752,29.20893],[108.184825,29.224311],[108.173595,29.242255],[108.165701,29.261583],[108.16269,29.281195],[108.158376,29.292833],[108.149018,29.302069],[108.139659,29.309272],[108.135509,29.315009],[108.128673,29.352891],[108.108328,29.386786],[108.07252,29.396796],[107.952078,29.384792],[107.945404,29.374538],[107.943614,29.349473],[107.938406,29.32628],[107.925385,29.309149],[107.896495,29.284613],[107.891205,29.278754],[107.886811,29.272244],[107.8838,29.265082],[107.882253,29.257351],[107.867279,29.264106],[107.849132,29.276557],[107.833507,29.29206],[107.823985,29.315538],[107.816335,29.321397],[107.805105,29.326036],[107.79184,29.329698],[107.745128,29.339219],[107.72877,29.346137],[107.717703,29.352891],[107.688487,29.377061],[107.679861,29.380194],[107.676524,29.382636],[107.645763,29.397284],[107.634858,29.400458],[107.580577,29.400702],[107.562022,29.409491],[107.526296,29.436591],[107.515717,29.442247],[107.470714,29.518012],[107.478608,29.562852],[107.474864,29.583767],[107.453624,29.592475],[107.431163,29.596625],[107.412364,29.607489],[107.398041,29.622911],[107.388682,29.640937],[107.385671,29.655097],[107.385916,29.666938],[107.388682,29.685329],[107.394054,29.694403],[107.404063,29.703192],[107.409923,29.714301],[107.402436,29.730292]],[[106.730886,27.317694],[106.724132,27.317694]],[[104.592459,26.808295],[104.607432,26.800605],[104.646658,26.769151],[104.654552,26.757392],[104.735769,26.708319],[104.757091,26.699042],[104.764659,26.69892],[104.777924,26.704413],[104.78769,26.705878],[104.798595,26.702704],[104.815929,26.688585],[104.82252,26.685411],[104.837169,26.688056],[104.845225,26.6942],[104.851492,26.701036],[104.860037,26.705878],[104.891368,26.699246],[104.931163,26.687323],[104.935151,26.683946],[104.93629,26.661689],[104.942393,26.646064],[104.956716,26.638251],[104.983653,26.639228],[105.000255,26.64643],[105.020518,26.66002],[105.03769,26.674384],[105.051524,26.692165],[105.066335,26.683865],[105.092784,26.659735],[105.109955,26.648749],[105.127533,26.642279],[105.145763,26.643826],[105.164806,26.656602],[105.184662,26.664374],[105.192556,26.644639],[105.195811,26.598253],[105.216319,26.591417],[105.225841,26.562364],[105.226329,26.556098],[105.231049,26.551947],[105.247081,26.550482],[105.255951,26.548204],[105.275971,26.538438],[105.288097,26.5362],[105.294444,26.539618],[105.314708,26.553982],[105.326182,26.556708],[105.339692,26.552924],[105.346934,26.545518],[105.351085,26.536973],[105.353526,26.529364],[105.353526,26.523993],[105.347179,26.514757],[105.346121,26.508897],[105.348888,26.503607],[105.358409,26.498358],[105.360362,26.492133],[105.362234,26.472602],[105.367279,26.450507],[105.375987,26.429633],[105.387706,26.413357],[105.403331,26.403876],[105.421316,26.39643],[105.436046,26.386298],[105.450776,26.349555],[105.471609,26.340522],[105.496593,26.337714],[105.545665,26.337592],[105.563894,26.340115],[105.578868,26.349148],[105.596772,26.368598],[105.610281,26.376329],[105.675141,26.392849],[105.686697,26.392605],[105.706635,26.387397],[105.716726,26.386013],[105.722585,26.388292],[105.733165,26.398301],[105.737071,26.400255],[105.743175,26.397325],[105.747813,26.392524],[105.751231,26.388007],[105.754242,26.386013],[105.78712,26.387722],[105.803803,26.391913],[105.825857,26.400255],[105.882904,26.429877],[105.90504,26.433783],[105.930186,26.435085],[105.950776,26.438992],[106.075694,26.480984],[106.10963,26.49905],[106.134939,26.5362],[106.150401,26.599433],[106.158783,26.615058],[106.162039,26.626003],[106.157644,26.638617],[106.148692,26.649115],[106.138276,26.65351],[106.132335,26.657335],[106.142345,26.665351],[106.156505,26.672553],[106.162364,26.674018],[106.170665,26.690497],[106.17213,26.708197],[106.1692,26.752509],[106.163097,26.777615],[106.149669,26.793809],[106.135509,26.805691],[106.127452,26.81741],[106.130382,26.838406],[106.14503,26.853583],[106.165619,26.862657],[106.186127,26.86579],[106.196381,26.870063],[106.209727,26.888861],[106.220307,26.893134],[106.238455,26.8935],[106.250418,26.886298],[106.259858,26.878119],[106.264415,26.871527],[106.2706,26.86872],[106.285167,26.872016],[106.290294,26.875678],[106.309255,26.896552],[106.31894,26.899359],[106.339936,26.887397],[106.350352,26.889716],[106.357188,26.89822],[106.358653,26.905707],[106.35849,26.914618],[106.360281,26.927273],[106.366791,26.946072],[106.37794,26.966376],[106.393077,26.982611],[106.437022,26.995958],[106.440033,27.011583],[106.431407,27.029731],[106.422374,27.043972],[106.41212,27.064073],[106.405854,27.083686],[106.402761,27.1046],[106.401866,27.128974],[106.40504,27.141425],[106.412852,27.146918],[106.422944,27.150499],[106.432628,27.156928],[106.446707,27.188056],[106.450206,27.194159],[106.458995,27.196112],[106.481293,27.193142],[106.490652,27.194159],[106.520274,27.222602],[106.607921,27.269884],[106.631277,27.29267],[106.642833,27.298529],[106.714773,27.312364],[106.730886,27.317694]]]}},{"type":"Feature","properties":{"kind":"rivers","name":"Xiang","source":"Natural Earth 1:10m"},"geometry":{"type":"MultiLineString","coordinates":[[[110.616954,25.48786],[110.624115,25.492621],[110.641368,25.501247],[110.651134,25.508368],[110.665538,25.526435],[110.674327,25.533474],[110.687999,25.536322],[110.689138,25.540635],[110.698009,25.560899],[110.701671,25.567003],[110.706472,25.57807],[110.700857,25.586697],[110.685313,25.597724],[110.678803,25.627997],[110.691987,25.6588],[110.739268,25.713813],[110.753673,25.726874],[110.770763,25.737982],[110.788259,25.745673],[110.804454,25.748562],[110.826915,25.755072],[110.845307,25.771064],[110.859874,25.791287],[110.881765,25.831163],[110.893321,25.843817],[110.943777,25.87226],[110.949718,25.876736],[110.952159,25.882025],[110.95517,25.886501],[110.962169,25.884792],[110.972585,25.878933],[110.994151,25.889716],[111.001475,25.89643],[111.006847,25.906846],[111.014171,25.899441],[111.023367,25.903144],[111.029063,25.901435],[111.033946,25.898627],[111.040945,25.899441],[111.046479,25.904324],[111.046397,25.909776],[111.045421,25.915351],[111.04835,25.920478],[111.059255,25.927558],[111.088634,25.940375],[111.086518,25.95364],[111.087576,25.966824],[111.091075,25.978868],[111.096121,25.988796],[111.097341,25.988796],[111.109874,26.000556],[111.109874,26.001776],[111.117686,26.0067],[111.122162,26.008857],[111.12558,26.007514],[111.1303,26.001776],[111.141124,26.010077],[111.152192,26.015001],[111.160818,26.021104],[111.166515,26.041205],[111.198009,26.092231],[111.253184,26.235175],[111.256358,26.256171],[111.260671,26.265082],[111.283214,26.273139],[111.285655,26.283311],[111.281261,26.294989],[111.273692,26.303494],[111.318126,26.321723],[111.332042,26.32392],[111.365001,26.317572],[111.380056,26.318874],[111.390391,26.331366],[111.39503,26.326361],[111.401785,26.321723],[111.404552,26.317165],[111.413829,26.322821],[111.422862,26.32331],[111.430919,26.318874],[111.438243,26.309638],[111.450694,26.312852],[111.462413,26.311062],[111.472341,26.312079],[111.479747,26.32392],[111.487234,26.32392],[111.490326,26.311835],[111.495942,26.302924],[111.503917,26.296007],[111.514415,26.290391],[111.513438,26.293728],[111.516775,26.298285],[111.52239,26.302273],[111.527436,26.303494],[111.532725,26.301052],[111.536388,26.293809],[111.567882,26.271999],[111.575857,26.268663],[111.588308,26.268744],[111.59075,26.270575],[111.591807,26.275946],[111.599539,26.286689],[111.607188,26.307725],[111.590261,26.350775],[111.592703,26.368598],[111.604015,26.389431],[111.604096,26.407904],[111.595876,26.423163],[111.582123,26.433783],[111.589936,26.445421],[111.607514,26.457953],[111.616954,26.467963],[111.623057,26.480251],[111.63144,26.505886],[111.637299,26.515733],[111.645925,26.522406],[111.6692,26.536322],[111.678315,26.543647],[111.686941,26.555365],[111.691742,26.564561],[111.698416,26.571885],[111.713145,26.577826],[111.713145,26.584662],[111.705496,26.589952],[111.701671,26.596544],[111.701671,26.603827],[111.705658,26.611355],[111.730398,26.586534],[111.739838,26.571601],[111.740326,26.550482],[111.75172,26.556667],[111.752615,26.564724],[111.750987,26.574164],[111.753998,26.584662],[111.765391,26.595893],[111.775483,26.599636],[111.798106,26.598253],[111.80071,26.596259],[111.802664,26.58572],[111.804861,26.581244],[111.811046,26.577908],[111.815522,26.579535],[111.819835,26.582831],[111.825694,26.584662],[111.846609,26.581326],[111.85434,26.584744],[111.863292,26.598253],[111.867117,26.588406],[111.870128,26.556708],[111.869395,26.547553],[111.864513,26.530788],[111.863292,26.519477],[111.868582,26.506456],[111.879649,26.511339],[111.889415,26.522773],[111.890636,26.529364],[111.900645,26.52558],[111.907156,26.518622],[111.911388,26.511908],[111.914806,26.508897],[111.927745,26.501044],[111.951752,26.465115],[111.966319,26.454901],[111.984874,26.454779],[112.023448,26.465155],[112.048839,26.467963],[112.048839,26.474799],[112.043793,26.476182],[112.04127,26.477851],[112.039073,26.479804],[112.034679,26.482204],[112.048595,26.496934],[112.067882,26.500271],[112.11378,26.495876],[112.133067,26.501085],[112.147472,26.513861],[112.172374,26.543647],[112.189382,26.548692],[112.212983,26.548367],[112.229096,26.541205],[112.223643,26.526313],[112.187266,26.501817],[112.180675,26.488552],[112.199148,26.474799],[112.2199,26.472032],[112.249929,26.473741],[112.276866,26.480333],[112.288503,26.492133],[112.290701,26.497423],[112.295665,26.502143],[112.300385,26.508612],[112.302745,26.519477],[112.30071,26.553656],[112.302745,26.564154],[112.316905,26.57685],[112.333507,26.572781],[112.34905,26.562527],[112.360281,26.556708],[112.375662,26.563747],[112.396902,26.593451],[112.411388,26.598253],[112.417491,26.593817],[112.431895,26.57038],[112.441905,26.563829],[112.448741,26.562323],[112.462901,26.564154],[112.474294,26.567328],[112.479015,26.574408],[112.480886,26.581407],[112.483409,26.584662],[112.494233,26.583116],[112.509288,26.577501],[112.5206,26.577826],[112.537608,26.584784],[112.570893,26.606716],[112.619884,26.614203],[112.627533,26.622992],[112.627452,26.638129],[112.630463,26.659735],[112.634776,26.668728],[112.651541,26.694525],[112.663097,26.723334],[112.6692,26.732042],[112.677257,26.75141],[112.657319,26.757392],[112.610606,26.755927],[112.589936,26.768826],[112.583507,26.789578],[112.591563,26.808905],[112.61435,26.81741],[112.637543,26.819932],[112.648692,26.827663],[112.665701,26.858344],[112.63087,26.873643],[112.616466,26.885077],[112.610606,26.903347],[112.61614,26.922634],[112.642507,26.953681],[112.651541,26.975653],[112.653412,27.016059],[112.660574,27.026679],[112.682384,27.0303],[112.697683,27.021918],[112.705658,27.004584],[112.716563,26.989936],[112.740326,26.989325],[112.757498,27.00198],[112.759858,27.021023],[112.75172,27.04206],[112.737234,27.060655],[112.728282,27.082953],[112.748464,27.091742],[112.77589,27.0928],[112.788829,27.091742],[112.807872,27.101915],[112.807709,27.118028],[112.80421,27.133002],[112.813243,27.139512],[112.840017,27.145453],[112.847585,27.160468],[112.844005,27.201606],[112.861095,27.235175],[112.920909,27.286444],[112.93214,27.32449],[112.927257,27.344672],[112.908946,27.385362],[112.904796,27.410183],[112.913503,27.423367],[112.933523,27.43419],[112.973643,27.448594],[112.986908,27.431993],[112.991954,27.413886],[113.00058,27.399359],[113.024669,27.393378],[113.044526,27.399726],[113.043793,27.415351],[113.036143,27.435411],[113.035167,27.454861],[113.063975,27.479275],[113.107188,27.495551],[113.138194,27.517198],[113.131358,27.557888],[113.111827,27.592149],[113.105724,27.612087],[113.103445,27.636746],[113.106456,27.659369],[113.120535,27.694607],[113.124034,27.714911],[113.122488,27.726426],[113.114024,27.745958],[113.11085,27.756456],[113.110769,27.76614],[113.116222,27.782091],[113.117686,27.794379],[113.120942,27.79739],[113.127615,27.802558],[113.134532,27.810411],[113.137625,27.821357],[113.135834,27.832872],[113.13087,27.841132],[113.122488,27.847235],[113.11085,27.852078],[113.090261,27.856757],[113.083018,27.859565],[113.062918,27.852118],[113.016612,27.851426],[112.997325,27.842149],[112.964692,27.814561],[112.944591,27.802802],[112.925304,27.797431],[112.903819,27.800564],[112.891368,27.811306],[112.885671,27.827948],[112.884288,27.848944],[112.893484,27.862331],[112.953217,27.906684],[112.987722,27.952419],[112.99114,27.958441],[112.987885,27.96544],[112.950043,28.007921],[112.939952,28.022895],[112.93214,28.044501],[112.930431,28.068386],[112.935557,28.087592],[112.942393,28.104844],[112.959483,28.201524],[112.960867,28.244656],[112.954275,28.27912],[112.936941,28.3074],[112.870942,28.356635],[112.844005,28.385688],[112.80128,28.452745],[112.766124,28.507514],[112.761485,28.523627],[112.762706,28.545111],[112.771414,28.553168],[112.785492,28.558539],[112.802419,28.572089],[112.810313,28.588935],[112.810802,28.6081],[112.805186,28.626166],[112.795665,28.639716],[112.776541,28.649929],[112.755789,28.651394],[112.734304,28.646999],[112.713634,28.639716],[112.711192,28.674425],[112.748464,28.696804],[112.793875,28.717312],[112.81601,28.746446],[112.826671,28.766628],[112.873627,28.776882],[112.884288,28.794257],[112.892996,28.857978],[112.891694,28.880561],[112.881765,28.915798],[112.879405,28.935248],[112.884288,28.955675],[112.896495,28.971544],[112.949474,29.006863],[112.982188,29.03502],[113.010916,29.068671],[113.018077,29.08865],[113.013438,29.110541],[112.993582,29.147488]]]}},{"type":"Feature","properties":{"kind":"rivers","name":"Huai","source":"Natural Earth 1:10m"},"geometry":{"type":"MultiLineString","coordinates":[[[113.72047,32.416042],[113.727306,32.423448],[113.738048,32.416612],[113.746674,32.417344],[113.754893,32.421169],[113.765147,32.423448],[113.772472,32.422065],[113.796153,32.409776],[113.798432,32.422146],[113.804617,32.425727],[113.823416,32.423448],[113.825776,32.421454],[113.850678,32.409776],[113.856293,32.40294],[113.876882,32.343044],[113.878673,32.330634],[113.883067,32.318874],[113.892345,32.314561],[113.901785,32.311469],[113.905935,32.303331],[113.899099,32.285956],[113.899343,32.276679],[113.930186,32.264716],[113.943126,32.249945],[113.953624,32.241319],[113.968028,32.252143],[113.98406,32.242784],[114.003998,32.241645],[114.021007,32.249945],[114.033621,32.280829],[114.057058,32.301866],[114.062429,32.310167],[114.071788,32.36579],[114.084565,32.39704],[114.104015,32.409776],[114.102957,32.426378],[114.113373,32.44245],[114.130382,32.449815],[114.148692,32.440212],[114.158783,32.426581],[114.163259,32.422146],[114.172293,32.416042],[114.182058,32.410753],[114.193614,32.406928],[114.204682,32.406033],[114.213878,32.409776],[114.237722,32.389472],[114.310069,32.360785],[114.325694,32.348415],[114.341319,32.329901],[114.354991,32.308214],[114.364757,32.286241],[114.382335,32.292426],[114.400483,32.287706],[114.419526,32.280544],[114.44044,32.278835],[114.471283,32.294216],[114.490245,32.300482],[114.5053,32.296495],[114.521902,32.287706],[114.53655,32.292426],[114.552745,32.301703],[114.573741,32.306749],[114.585704,32.30504],[114.595225,32.302558],[114.604096,32.303046],[114.614513,32.310167],[114.622651,32.312567],[114.646902,32.309678],[114.658946,32.313585],[114.659679,32.287421],[114.678233,32.292589],[114.717296,32.31977],[114.737804,32.314236],[114.762787,32.303534],[114.787608,32.29682],[114.806651,32.303331],[114.823253,32.305854],[114.880382,32.292751],[114.899018,32.286241],[114.919688,32.274115],[114.930756,32.270819],[114.94752,32.27265],[114.958018,32.277615],[114.971772,32.292589],[114.981619,32.299913],[115.004649,32.292751],[115.033376,32.29324],[115.060557,32.298774],[115.07724,32.306749],[115.096202,32.352403],[115.108897,32.368598],[115.12558,32.35456],[115.145437,32.359402],[115.165457,32.356472],[115.182628,32.34748],[115.193858,32.334052],[115.199474,32.338446],[115.205333,32.34162],[115.211436,32.341986],[115.217459,32.337755],[115.224864,32.333808],[115.231375,32.337592],[115.237804,32.343817],[115.245128,32.347113],[115.274425,32.348212],[115.288503,32.351345],[115.348643,32.3817],[115.367198,32.397569],[115.351003,32.409776],[115.351003,32.416042],[115.361095,32.421698],[115.371349,32.423285],[115.379893,32.419623],[115.385753,32.409776],[115.392589,32.409776],[115.42628,32.434394],[115.530203,32.401068],[115.564464,32.409776]],[[115.564464,32.402371],[115.585378,32.412299],[115.60906,32.416287],[115.630951,32.413275],[115.646414,32.402371],[115.687104,32.46662],[115.693614,32.491767],[115.726085,32.481147],[115.741628,32.479112],[115.754487,32.498155],[115.768484,32.490994],[115.789806,32.470649],[115.808116,32.503282],[115.843191,32.542426],[115.884288,32.571601],[115.920014,32.574286],[115.961192,32.598944],[115.989268,32.610622],[116.002045,32.604682],[116.009695,32.590928],[116.026866,32.574734],[116.057384,32.553168],[116.076427,32.543728],[116.096121,32.530382],[116.101573,32.527859],[116.107188,32.524441],[116.111908,32.51907],[116.113292,32.512966],[116.112397,32.506619],[116.112071,32.500434],[116.12672,32.478827],[116.136974,32.457587],[116.150971,32.438666],[116.174083,32.429633],[116.242931,32.46072],[116.246674,32.477729],[116.257091,32.496405],[116.271658,32.511786],[116.28948,32.51907],[116.313731,32.512763],[116.346446,32.478583],[116.362315,32.470649],[116.377615,32.465766],[116.421316,32.443142],[116.440929,32.436469],[116.481293,32.445095],[116.505382,32.475043],[116.521414,32.501247]]]}},{"type":"Feature","properties":{"kind":"rivers","name":"Huang","source":"Natural Earth 1:10m"},"geometry":{"type":"MultiLineString","coordinates":[[[96.164154,35.129665],[96.22877,35.111762],[96.249278,35.109198],[96.483165,35.105658],[96.53419,35.096137],[96.654877,35.050116],[96.705496,35.047716],[96.747651,35.053249],[96.81129,35.061347],[96.829275,35.0539],[96.867931,35.0185],[96.889903,35.006781],[96.946707,34.999701],[96.97462,34.991645],[96.986746,34.975694],[96.994884,34.94835],[97.015391,34.937445],[97.042084,34.932807],[97.072032,34.930609]],[[97.762787,35.08808],[97.795909,35.111111],[97.848888,35.11225],[97.951752,35.096137],[97.991628,35.080593],[98.018484,35.049425],[98.042979,35.012315],[98.075857,34.978827],[98.10849,34.953884],[98.124441,34.937038],[98.131277,34.920762],[98.131114,34.91002],[98.132416,34.900255],[98.137299,34.893378],[98.147553,34.890692],[98.161794,34.889228],[98.192149,34.87641],[98.263682,34.860785],[98.275076,34.852159],[98.284679,34.842108],[98.306651,34.835517],[98.34962,34.827989],[98.37794,34.815294],[98.391775,34.79682],[98.396251,34.773627],[98.395763,34.74669],[98.395112,34.719835],[98.402192,34.666775],[98.401459,34.649278],[98.394786,34.634874],[98.380951,34.619167],[98.361908,34.610419],[98.34075,34.606757],[98.326671,34.598171],[98.329845,34.574774],[98.345144,34.563259],[98.394786,34.547431],[98.405528,34.537218],[98.413503,34.526638],[98.452159,34.503282],[98.466319,34.492214],[98.467296,34.488064],[98.46575,34.476874],[98.466319,34.472357],[98.469249,34.468614],[98.478445,34.459744],[98.479991,34.458686],[98.490164,34.424384],[98.497081,34.414008],[98.51474,34.40119],[98.627371,34.357449],[98.641124,34.355048],[98.709727,34.355048],[98.724294,34.368598],[98.724294,34.399522],[98.720714,34.433214],[98.723643,34.454942],[98.733979,34.457872],[98.78297,34.451239],[98.797862,34.455675],[98.836925,34.479193],[98.867931,34.478705],[98.928233,34.45307],[98.952891,34.458686],[98.970876,34.446845],[98.97934,34.439399],[98.986501,34.430772],[99.002045,34.436876],[99.016205,34.432644],[99.04184,34.410264],[99.044688,34.409695],[99.053233,34.410997],[99.056082,34.410264],[99.057221,34.406358],[99.056895,34.397244],[99.062266,34.387152],[99.069591,34.362494],[99.045909,34.321153],[99.037852,34.300645],[99.034923,34.270046],[99.036713,34.253607],[99.041596,34.243516],[99.056082,34.225898],[99.063569,34.213935],[99.067556,34.205024],[99.069347,34.194403],[99.069591,34.177517],[99.070567,34.171088],[99.074962,34.16002],[99.075776,34.153347],[99.073741,34.146186],[99.064382,34.132595],[99.062266,34.125678],[99.060069,34.112901],[99.050792,34.083441],[99.048595,34.071357],[99.048432,34.046007],[99.050385,34.034776],[99.056082,34.019843],[99.067393,33.998847],[99.068777,33.986884],[99.062266,33.971462],[99.081472,33.966824],[99.096772,33.950141],[99.106944,33.929633],[99.110606,33.913398],[99.119233,33.906684],[99.17213,33.875841],[99.248057,33.784369],[99.281993,33.759141],[99.306163,33.746609],[99.322846,33.743232],[99.361095,33.746161],[99.369233,33.74787],[99.376882,33.752753],[99.382335,33.760199],[99.384288,33.769721],[99.386485,33.775417],[99.390147,33.779608],[99.392019,33.783962],[99.384858,33.794257],[99.381114,33.801459],[99.378429,33.809027],[99.378184,33.814399],[99.395274,33.827216],[99.42213,33.82807],[99.480479,33.818468],[99.501231,33.809109],[99.525483,33.802802],[99.531749,33.793077],[99.535492,33.781928],[99.542003,33.773464],[99.569347,33.765977],[99.586436,33.76793],[99.645763,33.765652],[99.658702,33.769721],[99.692475,33.795478],[99.694347,33.800116],[99.697276,33.804796],[99.703298,33.806952],[99.72755,33.806952],[99.771495,33.799994],[99.792247,33.79267],[99.814952,33.778388],[99.837006,33.775662],[99.847341,33.769721],[99.857839,33.761298],[99.875662,33.752753],[99.885916,33.746161],[99.892345,33.73904],[99.901459,33.723415],[99.905772,33.718207],[99.915538,33.713243],[99.92392,33.712104],[99.933035,33.709744],[99.959239,33.690619],[99.999115,33.675645],[100.015636,33.663601],[100.013764,33.663845],[100.015636,33.657335],[100.019135,33.648953],[100.022472,33.643134],[100.048269,33.618354],[100.053152,33.61518],[100.064138,33.610907],[100.070567,33.601508],[100.074962,33.592108],[100.080089,33.587917],[100.124929,33.581651],[100.148692,33.573594],[100.158946,33.574246],[100.16684,33.578681],[100.171397,33.585557],[100.174083,33.591905],[100.175955,33.594672],[100.187266,33.599473],[100.226166,33.623358],[100.237804,33.632514],[100.280691,33.677314],[100.288666,33.691514],[100.286143,33.706488],[100.27589,33.719835],[100.263438,33.732611],[100.254649,33.746161],[100.240896,33.738715],[100.245616,33.760321],[100.267182,33.761908],[100.316742,33.746161],[100.323334,33.757595],[100.357839,33.756415],[100.375011,33.762559],[100.404796,33.786933],[100.421641,33.796739],[100.436697,33.800727],[100.449148,33.806098],[100.479991,33.829535],[100.498546,33.834906],[100.516775,33.837714],[100.564952,33.854804],[100.58074,33.865302],[100.604503,33.889187],[100.632091,33.910468],[100.663992,33.925564],[100.700206,33.930487],[100.766043,33.928168],[100.782237,33.924262],[100.791026,33.912706],[100.801524,33.893826],[100.814545,33.879828],[100.830577,33.883328],[100.836518,33.861518],[100.850352,33.833564],[100.869884,33.807969],[100.8921,33.79328],[100.896983,33.799831],[100.898204,33.802802],[100.899506,33.806952],[100.903901,33.789618],[100.912039,33.78559],[100.920421,33.787136],[100.926199,33.786444],[100.930186,33.77794],[100.928722,33.770941],[100.922374,33.764919],[100.912527,33.759141],[100.958995,33.738064],[100.97991,33.737494],[100.995697,33.751736],[100.99464,33.742743],[100.996104,33.733466],[101.000662,33.726589],[101.009369,33.725043],[101.016531,33.7296],[101.019542,33.73782],[101.021495,33.74726],[101.034434,33.771755],[101.034434,33.791083],[101.028331,33.809841],[101.019054,33.824327],[101.015636,33.831366],[101.01474,33.84044],[101.015636,33.858507],[101.018321,33.871934],[101.025483,33.876899],[101.034597,33.87698],[101.043468,33.875841],[101.063975,33.863796],[101.074229,33.861599],[101.10255,33.862576],[101.111827,33.861599],[101.139089,33.844428],[101.182872,33.786078],[101.236257,33.75963],[101.260753,33.732123],[101.288178,33.711371],[101.323334,33.718207],[101.335541,33.708197],[101.356619,33.703721],[101.376557,33.69713],[101.385509,33.680691],[101.389659,33.676622],[101.399099,33.677843],[101.408376,33.682196],[101.417735,33.694525],[101.42921,33.692165],[101.442963,33.686632],[101.454275,33.684109],[101.46282,33.687323],[101.483897,33.700385],[101.495372,33.704535],[101.508718,33.704779],[101.54005,33.697781],[101.545502,33.694525],[101.563406,33.680447],[101.574229,33.677273],[101.586029,33.675808],[101.606619,33.670193],[101.618907,33.669786],[101.687022,33.682318],[101.737315,33.683458],[101.753673,33.680243],[101.766775,33.672065],[101.820323,33.625067],[101.837576,33.605984],[101.844737,33.584784],[101.851736,33.572943],[101.8838,33.54621],[101.892589,33.526435],[101.891124,33.517524],[101.887625,33.507514],[101.885753,33.497423],[101.889171,33.488552],[101.974539,33.40351],[102.009288,33.376288],[102.052257,33.354356],[102.09669,33.339911],[102.165538,33.333197],[102.174327,33.334581],[102.183197,33.340522],[102.202078,33.358222],[102.211518,33.361925],[102.221121,33.369737],[102.256358,33.413153],[102.266531,33.419013],[102.288992,33.416083],[102.321381,33.406602],[102.333507,33.41352],[102.343191,33.411648],[102.349294,33.40644],[102.35198,33.40351],[102.361257,33.404324],[102.375499,33.408271],[102.385916,33.409735],[102.439382,33.448513],[102.461843,33.457546],[102.458995,33.461493],[102.454194,33.471788],[102.467296,33.469916],[102.471202,33.468695],[102.476085,33.464952],[102.481619,33.464952],[102.465343,33.486274],[102.458507,33.498725],[102.454194,33.512763],[102.452729,33.523261],[102.453298,33.535509],[102.45989,33.541571],[102.476085,33.533271],[102.481619,33.540066],[102.423432,33.576239],[102.413259,33.577948],[102.402599,33.594021],[102.355724,33.60932],[102.345144,33.625759],[102.341889,33.632025],[102.327729,33.646104],[102.324474,33.653347],[102.326427,33.676134],[102.331391,33.697781],[102.336518,33.709174],[102.341889,33.717312],[102.342865,33.725124],[102.334727,33.735622],[102.327403,33.734483],[102.317393,33.726386],[102.304861,33.720242],[102.290457,33.725043],[102.298106,33.734402],[102.305919,33.739936],[102.314545,33.744656],[102.324474,33.751736],[102.314138,33.767442],[102.299327,33.780707],[102.280772,33.789903],[102.259776,33.79328],[102.247081,33.797553],[102.243744,33.806952],[102.248464,33.816352],[102.259776,33.820624],[102.263927,33.826036],[102.257253,33.837999],[102.194347,33.919257],[102.166515,33.945828],[102.132823,33.965196],[102.109955,33.953721],[102.069591,33.968451],[102.050304,33.957831],[102.027192,33.979071],[101.98642,34.000271],[101.943451,34.010565],[101.913097,33.999376],[101.858409,34.03974],[101.829845,34.052069],[101.816417,34.060167],[101.803233,34.075059],[101.785085,34.066189],[101.759532,34.072699],[101.737315,34.088813],[101.72877,34.108588],[101.718435,34.103298],[101.714773,34.10578],[101.712576,34.111518],[101.707612,34.116034],[101.680919,34.12226],[101.646983,34.135932],[101.635753,34.145209],[101.639252,34.15705],[101.630789,34.166042],[101.621755,34.171454],[101.614757,34.178249],[101.611339,34.191189],[101.569591,34.208075],[101.529389,34.218451],[101.517019,34.219306],[101.496104,34.218044],[101.488455,34.218451],[101.480479,34.221625],[101.472748,34.226264],[101.46339,34.230333],[101.425385,34.234239],[101.365001,34.252631],[101.334239,34.256537],[101.323334,34.259467],[101.314952,34.26496],[101.307872,34.27204],[101.299246,34.27794],[101.286143,34.280544],[101.279714,34.283637],[101.265717,34.297309],[101.255789,34.300401],[101.242686,34.299994],[101.233979,34.300727],[101.22934,34.305609],[101.226573,34.327826],[101.222341,34.335273],[101.215017,34.339789],[101.204194,34.341376],[101.197276,34.34516],[101.195567,34.354438],[101.195811,34.36579],[101.194265,34.376166],[101.196056,34.383816],[101.196381,34.38996],[101.194265,34.396023],[101.19044,34.396918],[101.177745,34.395087],[101.173839,34.396023],[101.165701,34.406358],[101.164073,34.410956],[101.165294,34.415839],[101.166433,34.427354],[101.163992,34.443223],[101.149018,34.481635],[101.139659,34.49962],[101.060557,34.505886],[101.052175,34.509304],[101.042491,34.524197],[101.03297,34.527615],[101.020518,34.530097],[101.014089,34.535915],[101.009044,34.542304],[101.001964,34.54682],[100.950694,34.546942],[100.928966,34.551825],[100.919932,34.571641],[100.91684,34.595771],[100.908702,34.613878],[100.885834,34.649848],[100.870616,34.708808],[100.861339,34.718126],[100.835867,34.714911],[100.817556,34.706651],[100.782237,34.684597],[100.763438,34.677843],[100.742931,34.673692],[100.696788,34.670966],[100.674815,34.675727],[100.635671,34.692898],[100.618256,34.691474],[100.573985,34.739814],[100.559093,34.745307],[100.539561,34.758083],[100.522553,34.772773],[100.515229,34.783962],[100.49464,34.805487],[100.447195,34.818956],[100.354503,34.827989],[100.336355,34.833848],[100.327729,34.848253],[100.316742,34.883246],[100.309255,34.892157],[100.2942,34.906928],[100.288666,34.917344],[100.285818,34.929389],[100.288666,34.958319],[100.285818,34.984565],[100.278331,34.999376],[100.254649,35.027208],[100.249034,35.04621],[100.249034,35.089219],[100.240896,35.109198],[100.247651,35.13288],[100.247162,35.173611],[100.238455,35.214911],[100.22047,35.240668],[100.230235,35.253852],[100.241954,35.26203],[100.253347,35.26793],[100.261974,35.274766],[100.272227,35.289496],[100.271251,35.295437],[100.248464,35.302069],[100.2199,35.316433],[100.205333,35.330634],[100.203705,35.349799],[100.214285,35.378445],[100.193126,35.370958],[100.191173,35.402289],[100.168386,35.428656],[100.142345,35.450222],[100.131114,35.466579],[100.135916,35.472113],[100.154796,35.479438],[100.158946,35.483954],[100.15797,35.507839],[100.158946,35.51496],[100.166433,35.532782],[100.174815,35.542344],[100.199962,35.562812],[100.207612,35.574042],[100.240652,35.661689],[100.282481,35.723944],[100.295828,35.751288],[100.296153,35.771674],[100.337169,35.771674],[100.348399,35.774766],[100.360444,35.790961],[100.371186,35.798407],[100.390554,35.800564],[100.411225,35.795722],[100.447032,35.77912],[100.442556,35.800849],[100.444347,35.818183],[100.455089,35.829657],[100.477794,35.833767],[100.497081,35.841579],[100.529226,35.877875],[100.543061,35.888983],[100.554698,35.890448],[100.579275,35.888007],[100.590912,35.888983],[100.601085,35.893866],[100.617931,35.906358],[100.628835,35.908881],[100.637787,35.913113],[100.638927,35.922471],[100.638276,35.931912],[100.6421,35.936143],[100.704112,35.975898],[100.72047,35.989081],[100.72755,36.001288],[100.727631,36.03144],[100.730886,36.052802],[100.74171,36.070868],[100.815929,36.13227],[100.842377,36.140082],[100.900971,36.132758],[100.938406,36.139757],[100.9581,36.140245],[100.992686,36.132636],[101.004893,36.132432],[101.012706,36.134589],[101.029796,36.142279],[101.038015,36.144843],[101.064138,36.14643],[101.0796,36.139675],[101.087576,36.124538],[101.091807,36.100898],[101.105479,36.100938],[101.135183,36.115587],[101.150645,36.119574],[101.16627,36.118476],[101.179861,36.113593],[101.189057,36.103787],[101.191173,36.087592],[101.205496,36.086127],[101.234386,36.092475],[101.249604,36.093207],[101.262136,36.091173],[101.273692,36.087958],[101.327078,36.061591],[101.358816,36.053494],[101.392019,36.051093],[101.427257,36.052924],[101.456472,36.057725],[101.478526,36.065945],[101.631277,36.153998],[101.653819,36.173774],[101.666433,36.181586],[101.681082,36.185655],[101.697195,36.184353],[101.782725,36.146064],[101.789236,36.144965],[101.811941,36.146348],[101.826589,36.144395],[101.839936,36.140652],[101.852306,36.134345],[101.905772,36.088406],[101.913097,36.086982],[101.912852,36.068427],[101.958425,36.053249],[101.947765,36.038601],[101.985606,36.020819],[102.016124,35.991563],[102.036632,35.956122],[102.044037,35.919379],[102.048106,35.912299],[102.066498,35.894721],[102.07073,35.885281],[102.071788,35.864122],[102.073985,35.855251],[102.078136,35.847439],[102.098888,35.830146],[102.121511,35.827094],[102.163585,35.833767],[102.182384,35.840155],[102.225597,35.868272],[102.246104,35.874701],[102.345144,35.874701],[102.41741,35.887722],[102.441498,35.887763],[102.458425,35.882921],[102.489187,35.866889],[102.506277,35.86168],[102.554861,35.857042],[102.604584,35.842108],[102.636485,35.83865],[102.704845,35.839464],[102.716807,35.837348],[102.725597,35.833197],[102.735037,35.830349],[102.749766,35.831977],[102.759532,35.83751],[102.787201,35.859931],[102.837332,35.860663],[102.858897,35.85696],[102.872569,35.846259],[102.899506,35.84988],[103.009207,35.825792],[103.116466,35.778184],[103.133311,35.781114],[103.138194,35.791612],[103.149832,35.798041],[103.164236,35.803656],[103.18629,35.817084],[103.196788,35.820339],[103.219005,35.822333],[103.22934,35.825507],[103.244558,35.839667],[103.253184,35.842841],[103.26767,35.845974],[103.28712,35.853827],[103.30421,35.863878],[103.311453,35.873847],[103.317312,35.885199],[103.359304,35.911689],[103.270518,35.938422],[103.263682,35.941718],[103.250255,35.952012],[103.242931,35.955675],[103.235932,35.956855],[103.221934,35.95661],[103.215261,35.957465],[103.203624,35.961453],[103.194021,35.967393],[103.188731,35.976508],[103.189138,35.989773],[103.194021,35.999335],[103.202403,36.007107],[103.220714,36.020575],[103.250418,36.055487],[103.261322,36.065619],[103.392345,36.131049],[103.422944,36.156073],[103.424734,36.161566],[103.430675,36.165839],[103.446788,36.184638],[103.454845,36.18891],[103.492768,36.184923],[103.502615,36.182074],[103.515147,36.169786],[103.541026,36.134223],[103.554454,36.126817],[103.574636,36.130316],[103.610444,36.145209],[103.634288,36.147895],[103.646251,36.146511],[103.654552,36.143337],[103.667735,36.133653],[103.695567,36.103868],[103.698416,36.098904],[103.748953,36.094672],[103.876475,36.064643],[103.921804,36.060981],[104.012787,36.071967],[104.034679,36.078477],[104.043956,36.088935],[104.045421,36.110053],[104.044688,36.121934],[104.040701,36.123725],[104.047944,36.136501],[104.041433,36.14289],[104.023367,36.147895],[104.018647,36.182237],[104.047944,36.205024],[104.090912,36.22309],[104.126964,36.243516],[104.132335,36.251044],[104.140147,36.277045],[104.157237,36.299994],[104.191498,36.335273],[104.232595,36.368354],[104.259532,36.378689],[104.317312,36.382595],[104.345144,36.390326],[104.364268,36.404364],[104.399018,36.439399],[104.420014,36.450507],[104.445323,36.454128],[104.469819,36.455024],[104.493907,36.459662],[104.517589,36.474677],[104.546153,36.503445],[104.559093,36.51081],[104.592784,36.52143],[104.607921,36.528998],[104.620046,36.542548],[104.631358,36.564154],[104.638927,36.571641],[104.652761,36.579169],[104.684825,36.58865],[104.694916,36.592963],[104.710378,36.606024],[104.713796,36.620795],[104.709239,36.664618],[104.711436,36.669745],[104.716075,36.674831],[104.720714,36.681708],[104.722992,36.692247],[104.719168,36.697333],[104.691905,36.718451],[104.684093,36.721625],[104.681244,36.723334],[104.677175,36.728461],[104.672537,36.73904],[104.668224,36.74376],[104.612804,36.772569],[104.604747,36.792182],[104.600027,36.81505],[104.592459,36.833116],[104.579112,36.839179],[104.560802,36.841579],[104.544363,36.847235],[104.537364,36.863308],[104.527843,36.871934],[104.482026,36.884304],[104.466238,36.890896],[104.44752,36.894884],[104.408702,36.882025],[104.401378,36.890896],[104.393077,36.905829],[104.373953,36.907742],[104.335948,36.900824],[104.330007,36.909857],[104.328705,36.930528],[104.337494,37.006781],[104.332123,37.019843],[104.305186,37.055935],[104.298432,37.067247],[104.298595,37.079657],[104.305186,37.100043],[104.317149,37.122626],[104.328298,37.127794],[104.341726,37.127794],[104.359793,37.134833],[104.351329,37.141425],[104.338796,37.147895],[104.325613,37.152696],[104.305919,37.157009],[104.306163,37.162299],[104.311046,37.16824],[104.31544,37.17239],[104.323985,37.17654],[104.332286,37.174425],[104.339773,37.170478],[104.346121,37.168972],[104.406749,37.194688],[104.438975,37.203437],[104.469656,37.195665],[104.492686,37.208564],[104.578217,37.324083],[104.603119,37.339667],[104.627208,37.343695],[104.678966,37.344102],[104.696218,37.349433],[104.728282,37.366034],[104.745616,37.371121],[104.800955,37.37169],[104.819021,37.377875],[104.83253,37.38821],[104.843435,37.399115],[104.856944,37.407823],[104.877452,37.411404],[104.919363,37.407823],[104.938731,37.408515],[104.95696,37.415391],[104.992605,37.44245],[104.997162,37.452663],[104.995535,37.463324],[104.993663,37.469509],[104.997325,37.473253],[105.011485,37.476833],[105.020112,37.473741],[105.041515,37.456855],[105.052419,37.453559],[105.063243,37.457099],[105.08546,37.469997],[105.096202,37.472724],[105.102061,37.474962],[105.111095,37.484809],[105.11671,37.487006],[105.122976,37.485907],[105.132253,37.481269],[105.137218,37.48017],[105.150971,37.481269],[105.174897,37.485907],[105.188487,37.487006],[105.198171,37.485867],[105.218354,37.48078],[105.229991,37.48017],[105.243256,37.4831],[105.261811,37.492458],[105.274669,37.494452],[105.547862,37.497626],[105.573253,37.500678],[105.62794,37.524522],[105.69394,37.53559],[105.78419,37.568874],[105.857921,37.578721],[105.876069,37.586046],[105.889089,37.598822],[105.917979,37.642279],[105.94044,37.688015],[105.943289,37.695868],[105.946056,37.712429],[105.958995,37.753038],[105.963145,37.774441],[105.961843,37.805976],[105.963145,37.815985],[105.975597,37.842475],[105.977306,37.854193],[105.992686,37.885037],[106.029063,37.922227],[106.071056,37.95364],[106.104015,37.966864],[106.121511,37.971462],[106.139578,37.98253],[106.1692,38.007758],[106.18214,38.022773],[106.202729,38.058295],[106.220632,38.082302],[106.223562,38.091824],[106.223725,38.113959],[106.226329,38.127468],[106.232351,38.136908],[106.239187,38.144395],[106.244151,38.151801],[106.247,38.16059],[106.248464,38.175971],[106.250418,38.185899],[106.270925,38.223822],[106.278087,38.233262],[106.40797,38.36225],[106.49879,38.411729],[106.517019,38.426866],[106.539236,38.474636],[106.564708,38.50434],[106.572765,38.526557],[106.535655,38.535346],[106.521007,38.564399],[106.518565,38.573269],[106.520763,38.584418],[106.540457,38.621446],[106.594249,38.666327],[106.582042,38.680935],[106.575694,38.690253],[106.573416,38.698676],[106.573171,38.710395],[106.577159,38.712958],[106.596934,38.719591],[106.604096,38.720974],[106.607514,38.724799],[106.60849,38.733751],[106.607921,38.751654],[106.648936,38.803534],[106.665538,38.820258],[106.717784,38.858181],[106.840343,38.987616],[106.859386,39.013617],[106.866222,39.043158],[106.85377,39.077216],[106.881602,39.10456],[106.848155,39.163886],[106.836681,39.172797],[106.819591,39.180487],[106.808035,39.19892],[106.80128,39.221625],[106.799083,39.241726],[106.809093,39.309272],[106.802419,39.327094],[106.797781,39.334906],[106.793468,39.352891],[106.788829,39.360907],[106.780365,39.368354],[106.765147,39.378363],[106.7588,39.385077],[106.749929,39.418809],[106.752452,39.465522],[106.77532,39.559272],[106.778575,39.584337],[106.778331,39.595486],[106.773529,39.616563],[106.772472,39.62873],[106.776541,39.652452],[106.783621,39.664333],[106.785085,39.674628],[106.772472,39.693549],[106.767345,39.69599],[106.760509,39.696885],[106.754487,39.698798],[106.751964,39.704169],[106.75294,39.713731],[106.757498,39.729682],[106.7588,39.738593],[106.759939,39.742133],[106.762706,39.747178],[106.765147,39.753933],[106.765636,39.762519],[106.763194,39.772325],[106.754893,39.788357],[106.751964,39.796658],[106.744558,39.854926],[106.739757,39.862738],[106.717377,39.886176],[106.710378,39.898993],[106.738292,39.919501],[106.738455,39.929755],[106.733653,39.93891],[106.730235,39.947781],[106.73463,39.957343],[106.738048,39.971503],[106.733002,39.990302],[106.724539,40.007392],[106.717784,40.016303],[106.709076,40.038113],[106.727143,40.062608],[106.858653,40.179755],[106.870128,40.183621],[106.874278,40.166571],[106.977306,40.241645],[106.999034,40.251085],[107.007091,40.257148],[107.01474,40.269314],[107.02589,40.30268],[107.03183,40.310492],[107.057872,40.33279],[107.06601,40.337836],[107.080984,40.341742],[107.113862,40.345567],[107.128022,40.351508],[107.151541,40.376044],[107.158702,40.402045],[107.154063,40.428331],[107.141694,40.453925],[107.147227,40.462226],[107.163259,40.47724],[107.169688,40.481879],[107.179861,40.486396],[107.20574,40.494412],[107.214366,40.499213],[107.220225,40.512397],[107.20517,40.540229],[107.203868,40.563788],[107.211843,40.582709],[107.224864,40.59516],[107.2553,40.615587],[107.26295,40.625434],[107.266124,40.632921],[107.270763,40.637803],[107.282644,40.639472],[107.309825,40.640082],[107.322195,40.642279],[107.348562,40.652452],[107.380056,40.656684],[107.39503,40.66059],[107.440359,40.701606],[107.466563,40.709906],[107.490245,40.72663],[107.513927,40.739203],[107.539073,40.735053],[107.561453,40.73725],[107.573985,40.746853],[107.583507,40.757432],[107.643972,40.774766],[107.663097,40.776068],[107.694591,40.768866],[107.706635,40.77143],[107.711436,40.786933],[107.706716,40.801581],[107.699636,40.816596],[107.699799,40.829779],[107.717703,40.838731],[107.732432,40.851264],[107.758393,40.859483],[107.862071,40.8699],[107.885183,40.867499],[107.905528,40.85517],[107.91627,40.850165],[107.928315,40.851752],[107.95045,40.858588],[108.011974,40.858588],[108.086681,40.847724],[108.115001,40.851752],[108.1421,40.870551],[108.156749,40.877143],[108.173269,40.879706],[108.178803,40.874579],[108.19752,40.838731],[108.208751,40.827908],[108.224213,40.817939],[108.240815,40.81391],[108.268891,40.826687],[108.283702,40.822943],[108.306733,40.810818],[108.33782,40.810167],[108.404796,40.820583],[108.437755,40.817003],[108.451752,40.808539],[108.467296,40.793321],[108.479747,40.775458],[108.484874,40.758979],[108.492605,40.752509],[108.52825,40.739773],[108.550873,40.717963],[108.576264,40.682725],[108.581065,40.670233],[108.590831,40.661566],[108.612885,40.65412],[108.670421,40.642646],[108.680268,40.632636],[108.687592,40.621039],[108.697195,40.612169],[108.713959,40.609931],[108.748057,40.617987],[108.766124,40.612169],[108.757091,40.58808],[108.763601,40.573188],[108.779796,40.564032],[108.81129,40.551866],[108.820323,40.546739],[108.830007,40.54328],[108.842377,40.54328],[108.848399,40.546942],[108.856456,40.5539],[108.86671,40.560736],[108.879405,40.563788],[108.88323,40.558417],[108.886648,40.546698],[108.891612,40.53498],[108.900401,40.529608],[108.913097,40.531684],[108.921397,40.534695],[108.929454,40.534369],[108.94101,40.526231],[108.950694,40.522162],[108.963796,40.521348],[108.989268,40.522773],[109.000255,40.526313],[109.004405,40.53498],[109.005626,40.556952],[109.015391,40.547431],[109.02589,40.545193],[109.03655,40.548855],[109.046641,40.556952],[109.046397,40.540635],[109.049897,40.528673],[109.057872,40.52501],[109.087332,40.546658],[109.098155,40.547227],[109.122325,40.529608],[109.150076,40.523708],[109.185069,40.520697],[109.207286,40.511908],[109.19752,40.488715],[109.222341,40.492051],[109.286713,40.522773],[109.279552,40.490424],[109.28712,40.488227],[109.335134,40.487331],[109.355479,40.483425],[109.396576,40.468207],[109.413097,40.477362],[109.459483,40.489814],[109.472341,40.502305],[109.460704,40.502305],[109.450043,40.504503],[109.439952,40.508857],[109.430919,40.515326],[109.447032,40.520819],[109.482514,40.524604],[109.499034,40.529608],[109.50587,40.51671],[109.519216,40.52265],[109.53655,40.535509],[109.554454,40.54328],[109.572846,40.542263],[109.582042,40.53913],[109.590831,40.539984],[109.608328,40.550727],[109.665131,40.496772],[109.69044,40.484687],[109.700857,40.477607],[109.71339,40.475287],[109.737641,40.492458],[109.749034,40.497829],[109.762299,40.501166],[109.789561,40.504014],[109.828054,40.515326],[109.883311,40.515326],[109.892507,40.519965],[109.901378,40.52265],[109.910655,40.522773],[109.916026,40.52029],[109.924246,40.512397],[109.931163,40.509141],[109.941498,40.505886],[109.952891,40.503974],[109.963634,40.508124],[109.972097,40.522773],[109.988292,40.511583],[109.999604,40.512803],[110.010183,40.51907],[110.023936,40.522773],[110.039643,40.520575],[110.054779,40.51671],[110.069021,40.515977],[110.08253,40.522773],[110.095225,40.510688],[110.102306,40.505398],[110.109874,40.502305],[110.122813,40.502875],[110.142589,40.512885],[110.153331,40.515326],[110.154307,40.518907],[110.167572,40.540229],[110.175141,40.541571],[110.202566,40.539618],[110.211681,40.537055],[110.223155,40.522773],[110.237804,40.482733],[110.246104,40.474433],[110.286388,40.483913],[110.30364,40.481391],[110.293549,40.461371],[110.306651,40.453192],[110.347097,40.453152],[110.355724,40.450792],[110.362071,40.4442],[110.403412,40.420437],[110.4192,40.398383],[110.430268,40.388495],[110.441417,40.38935],[110.456391,40.397081],[110.467377,40.394599],[110.475027,40.385077],[110.479096,40.372016],[110.486501,40.372016],[110.506847,40.381374],[110.542979,40.360541],[110.58074,40.331855],[110.606049,40.31741],[110.638194,40.32213],[110.658132,40.321804],[110.688487,40.305732],[110.727306,40.296739],[110.746104,40.290066],[110.76588,40.280341],[110.779796,40.276068],[110.814952,40.276435],[110.834402,40.273708],[110.864838,40.258816],[110.879893,40.255316],[110.941335,40.253282],[110.964854,40.262641],[110.987397,40.261664],[110.996593,40.265896],[111.014903,40.283393],[111.034679,40.296902],[111.061046,40.267198],[111.184825,40.208116],[111.209565,40.180447],[111.219737,40.172716],[111.231293,40.168972],[111.254975,40.166775],[111.277192,40.160753],[111.290701,40.159044],[111.302745,40.156073],[111.328298,40.11872],[111.33839,40.110663],[111.361339,40.097968],[111.369884,40.090847],[111.379893,40.062445],[111.380789,40.057318],[111.39739,40.047919],[111.405365,40.025824],[111.411388,39.981553],[111.436534,39.917304],[111.435313,39.90644],[111.423432,39.895941],[111.397227,39.830756],[111.365245,39.777533],[111.359467,39.750434],[111.369884,39.721503],[111.417572,39.683661],[111.420095,39.672431],[111.426768,39.658881],[111.435639,39.646593],[111.445567,39.638983],[111.463145,39.620185],[111.453624,39.617255],[111.425141,39.625312],[111.424246,39.617214],[111.425141,39.535956],[111.420909,39.52204],[111.372488,39.489081],[111.342377,39.444363],[111.316987,39.429389],[111.284109,39.424872],[111.199148,39.427069],[111.163992,39.423163],[111.134288,39.410509],[111.109874,39.385077],[111.118175,39.376044],[111.141205,39.367255],[111.150808,39.357123],[111.16684,39.364691],[111.174571,39.356757],[111.17921,39.342353],[111.184825,39.33043],[111.200206,39.320909],[111.214773,39.316352],[111.22462,39.310492],[111.226573,39.296942],[111.221609,39.283393],[111.158214,39.172797],[111.134207,39.099433],[111.117686,39.067328],[111.088634,39.042507],[111.021902,39.018581],[110.99464,39.00377],[110.972585,38.974189],[110.994151,38.937201],[111.00351,38.916083],[111.003429,38.902533],[110.994151,38.885281],[110.979991,38.816514],[110.969005,38.798855],[110.95753,38.785264],[110.948334,38.771104],[110.9428,38.739366],[110.937511,38.731553],[110.921397,38.717231],[110.91505,38.708441],[110.904307,38.679389],[110.871511,38.621283],[110.87322,38.61168],[110.875255,38.607489],[110.900645,38.58039],[110.901296,38.573676],[110.899018,38.545356],[110.896983,38.535346],[110.890717,38.525092],[110.876475,38.509955],[110.870128,38.501817],[110.865326,38.490302],[110.859467,38.467963],[110.85255,38.457099],[110.833751,38.445828],[110.792084,38.439561],[110.774018,38.426093],[110.755626,38.390408],[110.746104,38.377712],[110.711192,38.356798],[110.705089,38.354438],[110.700694,38.346747],[110.67099,38.316921],[110.659679,38.310004],[110.647472,38.305609],[110.634288,38.30329],[110.60434,38.301378],[110.589854,38.296698],[110.579275,38.287218],[110.568614,38.232204],[110.568614,38.226874],[110.559255,38.216905],[110.54713,38.210883],[110.532807,38.207872],[110.517019,38.207058],[110.510916,38.202094],[110.499604,38.166042],[110.509288,38.144965],[110.509044,38.128038],[110.499604,38.090359],[110.507091,38.011542],[110.507823,38.008653],[110.511648,38.005072],[110.513276,38.001003],[110.513601,37.98253],[110.513276,37.980496],[110.514171,37.97016],[110.51295,37.961249],[110.514903,37.954901],[110.524099,37.952501],[110.545095,37.949652],[110.562511,37.942003],[110.576915,37.93126],[110.588959,37.919013],[110.653087,37.813096],[110.674408,37.796169],[110.728933,37.773546],[110.742686,37.764757],[110.752859,37.745673],[110.743744,37.732449],[110.705089,37.713568],[110.727061,37.700263],[110.778901,37.67829],[110.794444,37.658311],[110.78769,37.652411],[110.770437,37.641181],[110.766612,37.637885],[110.766043,37.623969],[110.771007,37.613349],[110.777192,37.603868],[110.786713,37.573513],[110.788585,37.561347],[110.783702,37.555935],[110.775808,37.551866],[110.76946,37.542344],[110.746104,37.48017],[110.738455,37.469428],[110.715343,37.449774],[110.696218,37.439399],[110.653331,37.433905],[110.636729,37.418158],[110.630056,37.396552],[110.633311,37.379218],[110.646251,37.367703],[110.667898,37.363552],[110.687104,37.357123],[110.687511,37.342108],[110.67099,37.309516],[110.669363,37.301093],[110.670014,37.295722],[110.669688,37.290391],[110.664806,37.282172],[110.660818,37.2803],[110.647634,37.276638],[110.643565,37.274726],[110.64088,37.269639],[110.636729,37.256374],[110.633718,37.250841],[110.568614,37.178534],[110.536794,37.155382],[110.527599,37.144395],[110.516368,37.115017],[110.508718,37.101589],[110.496186,37.095974],[110.489268,37.091824],[110.478933,37.081651],[110.469493,37.069403],[110.465587,37.058783],[110.45989,37.051134],[110.446381,37.044257],[110.417735,37.035183],[110.417735,37.027696],[110.425385,37.027045],[110.445079,37.021511],[110.427257,37.010199],[110.40797,37.014757],[110.389171,37.021837],[110.373057,37.017768],[110.372813,37.00727],[110.3838,36.994981],[110.397878,36.984809],[110.407156,36.980536],[110.417979,36.967231],[110.412527,36.937527],[110.394786,36.906928],[110.369233,36.891181],[110.37672,36.878485],[110.400808,36.861111],[110.410818,36.849555],[110.403819,36.837266],[110.407237,36.829942],[110.414236,36.824001],[110.417735,36.816026],[110.414968,36.805121],[110.409109,36.795762],[110.397227,36.781317],[110.393077,36.780707],[110.385753,36.781033],[110.378998,36.779893],[110.37672,36.775092],[110.379893,36.769965],[110.3921,36.765001],[110.397227,36.76081],[110.399913,36.760525],[110.417735,36.753974],[110.412201,36.753689],[110.413097,36.745307],[110.416108,36.736151],[110.417735,36.733507],[110.439057,36.742255],[110.44101,36.726426],[110.432058,36.703966],[110.421153,36.692572],[110.410574,36.695014],[110.400483,36.698839],[110.392833,36.698554],[110.38974,36.688788],[110.393565,36.682318],[110.482921,36.592882],[110.489757,36.577338],[110.498546,36.524482],[110.499604,36.507595],[110.495942,36.483995],[110.482188,36.448554],[110.476329,36.404853],[110.458751,36.349311],[110.459076,36.327094],[110.470144,36.28616],[110.472992,36.263699],[110.469005,36.243232],[110.450613,36.206855],[110.445079,36.185411],[110.446869,36.141791],[110.497488,35.9796],[110.500662,35.933132],[110.505951,35.911973],[110.507091,35.900824],[110.510753,35.886786],[110.519542,35.885077],[110.530691,35.88703],[110.54127,35.883816],[110.560151,35.849148],[110.57545,35.71247],[110.611339,35.637722],[110.61964,35.597195],[110.602631,35.554226],[110.572765,35.52794],[110.555919,35.50849],[110.558442,35.499579],[110.562755,35.490749],[110.559255,35.470811],[110.552745,35.449897],[110.547455,35.438178],[110.537527,35.427761],[110.523448,35.416571],[110.5088,35.40766],[110.496186,35.403998],[110.468272,35.356024],[110.458751,35.343126],[110.444835,35.335028],[110.437104,35.322333],[110.431651,35.307807],[110.424571,35.294135],[110.417247,35.286404],[110.372569,35.255316],[110.357595,35.238227],[110.335134,35.197943],[110.326182,35.149197],[110.316905,35.125678],[110.310476,35.090888],[110.29184,35.05036],[110.284597,35.00963],[110.268647,34.959418],[110.259369,34.944688],[110.271007,34.913438],[110.272227,34.881456],[110.262706,34.851182],[110.242442,34.824897],[110.237234,34.801337],[110.241628,34.71894],[110.251964,34.663153],[110.269949,34.637274]],[[97.288178,34.835476],[97.301199,34.817979],[97.315929,34.81684],[97.352794,34.821804],[97.406342,34.817939],[97.424815,34.821804],[97.437266,34.828437],[97.484955,34.871283],[97.50172,34.876247],[97.546967,34.876003]]]}},{"type":"Feature","properties":{"kind":"rivers","name":"Dan","source":"Natural Earth 1:10m"},"geometry":{"type":"MultiLineString","coordinates":[[[111.229015,33.055609],[111.246104,33.036444],[111.26295,33.019314],[111.286794,33.002387],[111.308849,32.988308],[111.35849,32.968451],[111.444021,32.940782],[111.469005,32.929958],[111.491954,32.913357],[111.511241,32.89765],[111.526785,32.872097],[111.53476,32.83808],[111.53769,32.808905],[111.547293,32.772284],[111.558442,32.738796],[111.550873,32.712714],[111.524669,32.696112],[111.5088,32.676703],[111.503347,32.653266],[111.49879,32.63821],[111.490896,32.621283],[111.485037,32.610907],[111.476492,32.584825],[111.47755,32.569525]]]}},{"type":"Feature","properties":{"kind":"rivers","name":"Dan","source":"Natural Earth 1:10m"},"geometry":{"type":"MultiLineString","coordinates":[[[109.87379,33.882107],[110.028738,33.834052],[110.16741,33.755968],[110.195323,33.742621],[110.29835,33.718695],[110.312755,33.712104],[110.32545,33.702826],[110.335134,33.690375],[110.336843,33.685126],[110.338145,33.673163],[110.341075,33.666612],[110.349539,33.657416],[110.380951,33.630194],[110.400401,33.604438],[110.416108,33.576443],[110.433116,33.521999],[110.446381,33.498887],[110.47169,33.484239],[110.698009,33.445014],[110.762218,33.447292],[110.793224,33.441677],[110.811615,33.419989],[110.821381,33.400824],[110.835867,33.387519],[110.868907,33.365994],[110.875499,33.359198],[110.886322,33.336005],[110.896495,33.325303],[110.996593,33.267157],[111.026785,33.230251],[111.156993,33.118598],[111.185313,33.105658],[111.205089,33.099921],[111.213878,33.092963],[111.229015,33.055609]]]}}]}