{"type":"FeatureCollection","features":[{"type":"Feature","properties":{"kind":"rivers","name":"Tuo","source":"Natural Earth 1:10m"},"geometry":{"type":"MultiLineString","coordinates":[[[103.530528,33.067491],[103.555593,33.054958],[103.573009,33.040635],[103.58074,33.021593],[103.576589,32.994737],[103.568289,32.978583],[103.545828,32.949286],[103.53712,32.933458],[103.532156,32.907497],[103.537608,32.886542],[103.561534,32.846137],[103.577647,32.806464],[103.586192,32.796576],[103.596446,32.791287],[103.606456,32.787909],[103.615652,32.783474],[103.623057,32.774848],[103.626231,32.76557],[103.62672,32.755316],[103.625418,32.74433],[103.622651,32.732978],[103.613455,32.700385],[103.601573,32.629503],[103.601085,32.611518],[103.606863,32.591254],[103.630626,32.541612],[103.709076,32.434272],[103.727061,32.403266],[103.734874,32.372585],[103.735362,32.312445],[103.744558,32.281317],[103.768484,32.242784],[103.775076,32.223253],[103.77296,32.199286],[103.741954,32.135037],[103.72991,32.096625],[103.720876,32.079372],[103.706635,32.065619],[103.695404,32.050564],[103.689871,32.027899],[103.683442,31.941514],[103.690033,31.903144],[103.704519,31.867621],[103.726573,31.835883],[103.758067,31.810411],[103.831716,31.768419],[103.857188,31.741645],[103.859467,31.708319],[103.839366,31.67414],[103.702891,31.552191],[103.679779,31.526557],[103.652843,31.506171],[103.593679,31.480658],[103.566173,31.459825],[103.489675,31.359565],[103.471202,31.327175],[103.470307,31.290554],[103.490245,31.218085],[103.492686,31.195746],[103.469005,31.033962],[103.472097,31.013617],[103.48349,31.010688],[103.558116,31.034613],[103.570893,31.035956],[103.583751,31.031562],[103.634044,31.006944],[103.65797,31.024359],[103.681651,31.034695],[103.706554,31.037543],[103.73463,31.032782],[103.757823,31.022976],[103.772227,31.010565],[103.799408,30.978217],[103.83546,30.955146],[103.886485,30.934597],[103.939952,30.92003],[103.983002,30.914903],[104.282807,30.927843],[104.348399,30.92003],[104.405284,30.888495],[104.421641,30.869208],[104.447195,30.827501],[104.461925,30.809027],[104.469493,30.803249],[104.486095,30.793972],[104.493256,30.787706],[104.49822,30.778103],[104.501964,30.759385],[104.509776,30.751044],[104.533214,30.733995],[104.542898,30.720649],[104.54127,30.70421],[104.520763,30.66116],[104.511811,30.646918],[104.506114,30.63349],[104.506114,30.618354],[104.512136,30.609442],[104.523692,30.611029],[104.520763,30.600043],[104.515229,30.594509],[104.506928,30.59101],[104.498953,30.586005],[104.494558,30.575629],[104.497081,30.565741],[104.520518,30.537218],[104.521007,30.527533],[104.517996,30.51793],[104.519054,30.511746],[104.532237,30.512152],[104.545909,30.508165],[104.557628,30.49433],[104.564545,30.476752],[104.564057,30.461697],[104.54892,30.444892],[104.536062,30.441352],[104.53419,30.434272],[104.576101,30.371405],[104.588308,30.358954],[104.605724,30.348497],[104.613048,30.34809],[104.620372,30.350124],[104.627533,30.34988],[104.634288,30.342597],[104.642996,30.32921],[104.67392,30.295722],[104.653087,30.292182],[104.647634,30.279731],[104.644054,30.263536],[104.628347,30.248643],[104.636322,30.232042],[104.704275,30.172919],[104.705007,30.150092],[104.673269,30.134792],[104.667003,30.12641],[104.662852,30.106147],[104.662364,30.102647],[104.660248,30.097724],[104.653331,30.086249],[104.652599,30.081244],[104.656342,30.075751],[104.662039,30.074001],[104.667572,30.072862],[104.671397,30.069607],[104.682628,30.03738],[104.683116,30.028998],[104.677745,30.022813],[104.660492,30.01435],[104.655203,30.004991],[104.659109,30.000678],[104.67099,29.970649],[104.669526,29.967353],[104.674327,29.962429],[104.67864,29.959174],[104.685557,29.957139],[104.714122,29.954169],[104.720876,29.951728],[104.72405,29.945258],[104.731375,29.919216],[104.735037,29.911078],[104.74171,29.904608],[104.753347,29.897162],[104.762787,29.887315],[104.764415,29.876899],[104.764659,29.866807],[104.77003,29.858181],[104.786794,29.848904],[104.825125,29.834825],[104.841238,29.822537],[104.849864,29.808702],[104.855072,29.795966],[104.862641,29.784735],[104.877615,29.77558],[104.892996,29.773301],[104.924327,29.774604],[104.938569,29.76907],[104.958018,29.745225],[105.004242,29.646837],[105.038503,29.59748],[105.083018,29.57099],[105.101166,29.551825],[105.092459,29.531073],[105.076182,29.530056],[105.063243,29.543036],[105.050955,29.55211],[105.037608,29.53974],[105.030772,29.516384],[105.023855,29.513617],[105.007904,29.524604],[105.011974,29.512803],[105.025401,29.489081],[105.028412,29.477484],[105.025401,29.465644],[105.018891,29.455105],[105.014252,29.445014],[105.01767,29.434841],[105.031179,29.411648],[105.031505,29.390448],[105.004893,29.308661],[105.001069,29.286566],[105.000011,29.269843],[105.010183,29.224473],[105.008556,29.201768],[104.992117,29.185492],[104.975352,29.175564],[104.961436,29.160997],[104.956065,29.1435],[104.965343,29.124538],[104.977143,29.118028],[104.985606,29.122667],[104.993663,29.12877],[105.004649,29.126573],[105.012543,29.117987],[105.01588,29.109076],[105.020518,29.100694],[105.031668,29.094021],[105.038992,29.095323],[105.046886,29.100653],[105.055186,29.105048],[105.063731,29.10338],[105.065359,29.095486],[105.064871,29.064276],[105.0713,29.050849],[105.076182,29.04975],[105.08489,29.049587],[105.095307,29.047065],[105.115001,29.031928],[105.137706,29.021511],[105.163015,29.013007],[105.177419,29.010321],[105.191905,29.009833],[105.206472,29.011908],[105.220225,29.006415],[105.232595,28.989569],[105.243663,28.970771],[105.25294,28.95954],[105.254487,28.962714],[105.259288,28.968858],[105.266368,28.973822],[105.274913,28.97309],[105.280935,28.96601],[105.283214,28.956244],[105.284109,28.94713],[105.285574,28.942084],[105.299083,28.935899],[105.315359,28.935655],[105.331635,28.940985],[105.3449,28.951728],[105.356456,28.926703],[105.384044,28.903591],[105.417084,28.890082],[105.445242,28.894151]]]}},{"type":"Feature","properties":{"kind":"rivers","name":"Nmai","source":"Natural Earth 1:10m"},"geometry":{"type":"MultiLineString","coordinates":[[[97.983165,28.424994],[97.993663,28.420356],[98.020274,28.422065],[98.030935,28.417833],[98.054454,28.396593],[98.061615,28.387071],[98.077078,28.321112],[98.085948,28.311387],[98.100515,28.305284],[98.150971,28.263617],[98.161143,28.259467],[98.183116,28.253689],[98.192149,28.249945],[98.201671,28.240505],[98.208995,28.229193],[98.217296,28.219753],[98.230235,28.215766],[98.235606,28.212226],[98.24464,28.193223],[98.250662,28.184434],[98.26295,28.176052],[98.274099,28.173285],[98.285167,28.171902],[98.295665,28.167344],[98.297455,28.163764],[98.315522,28.140082],[98.322195,28.110419],[98.331716,28.092475],[98.330333,28.082628],[98.325206,28.074083],[98.319347,28.068061],[98.311127,28.05683],[98.312511,28.046658],[98.318126,28.03616],[98.323009,28.023993],[98.325613,27.981513],[98.329275,27.96129],[98.339773,27.944892],[98.34433,27.928778],[98.329845,27.859565],[98.327159,27.823594],[98.330333,27.803778],[98.3449,27.778632],[98.346934,27.767279],[98.345144,27.755805],[98.339773,27.746609],[98.33253,27.736925],[98.320893,27.715277],[98.315522,27.708075],[98.30071,27.697211],[98.295665,27.695095],[98.279389,27.709011],[98.266124,27.697374],[98.25294,27.677558],[98.237071,27.6671],[98.171479,27.652777],[98.150971,27.659695],[98.139415,27.678331],[98.130626,27.703803],[98.119233,27.726345],[98.099864,27.736029],[98.059093,27.734158],[98.03712,27.730048],[98.021414,27.722357],[98.019542,27.696885],[98.046967,27.604315],[98.061615,27.57156],[98.080333,27.544949],[98.086925,27.529364],[98.091238,27.483507],[98.09547,27.462429],[98.102061,27.443549],[98.110037,27.426866],[98.186615,27.319159],[98.205658,27.276679],[98.215831,27.230251],[98.227794,27.209988],[98.250662,27.201606],[98.302013,27.146999],[98.339773,27.070624],[98.34962,27.060004],[98.357351,27.03559],[98.364024,26.989325],[98.357188,26.910224],[98.359874,26.88821],[98.373057,26.847357],[98.377533,26.824815],[98.377859,26.787543],[98.370046,26.757636],[98.354991,26.731269],[98.333018,26.704698],[98.341889,26.642117],[98.337006,26.603217],[98.309255,26.591417],[98.313731,26.57038],[98.305675,26.549506],[98.294037,26.528103],[98.288178,26.505479],[98.280935,26.442898],[98.280284,26.428494],[98.281342,26.413357],[98.28419,26.403673],[98.293712,26.380968],[98.295665,26.372382],[98.292247,26.361111],[98.278331,26.345404],[98.275076,26.334499],[98.27296,26.313666],[98.116954,25.892524],[98.086925,25.863634],[98.076182,25.84337],[98.034272,25.789578],[98.009532,25.767646],[97.944428,25.725531],[97.871023,25.659125],[97.863048,25.649604],[97.855398,25.637274],[97.817149,25.598334],[97.802257,25.590888],[97.800304,25.594591],[97.781342,25.61286],[97.774343,25.618232],[97.750662,25.623155],[97.739024,25.627509],[97.733897,25.635565],[97.72934,25.655219],[97.717865,25.677029],[97.704112,25.696112],[97.692393,25.707587],[97.667979,25.715196],[97.615652,25.707831],[97.589366,25.707587],[97.537039,25.717637],[97.508556,25.715847],[97.486339,25.700751]]]}},{"type":"Feature","properties":{"kind":"rivers","name":"Tongtian","source":"Natural Earth 1:10m"},"geometry":{"type":"MultiLineString","coordinates":[[[92.992768,34.100287],[93.011729,34.108588],[93.019216,34.124376],[93.024343,34.145046],[93.03419,34.163031],[93.056163,34.170681],[93.070323,34.178819],[93.112641,34.215847],[93.128429,34.225898],[93.170421,34.232286],[93.348155,34.232123],[93.359874,34.229275],[93.382498,34.220323],[93.392019,34.218451],[93.414236,34.220567],[93.454845,34.229926],[93.477306,34.232123],[93.499278,34.230048],[93.542979,34.220649],[93.662852,34.211697],[93.699636,34.217882],[93.748627,34.232286],[93.792491,34.251817],[93.813731,34.273057],[93.811534,34.290391],[93.80657,34.305732],[93.811127,34.316718],[93.837576,34.320909],[93.849864,34.327338],[93.86085,34.342108],[93.875092,34.36933],[93.893077,34.391425],[93.90032,34.403673],[93.90683,34.44127],[93.917247,34.453559],[93.950206,34.472357],[93.973155,34.4713],[94.001069,34.491767],[94.057628,34.55268],[94.068126,34.561347],[94.082286,34.566718],[94.120616,34.571479],[94.152192,34.584906],[94.169444,34.589057],[94.20517,34.587348],[94.237234,34.582221],[94.264578,34.583767],[94.286632,34.602078],[94.295828,34.620673],[94.300385,34.633653],[94.307628,34.641181],[94.324229,34.643622],[94.337169,34.65115],[94.344493,34.664659],[94.351166,34.670966],[94.362315,34.656684],[94.375499,34.67654],[94.392345,34.684394],[94.433686,34.684597],[94.451752,34.68769],[94.475841,34.695339],[94.496755,34.705186],[94.505789,34.715033],[94.521414,34.744696],[94.558442,34.764024],[94.602468,34.767524],[94.638927,34.749823],[94.652354,34.741278],[94.883393,34.700954],[94.917898,34.686347],[94.94394,34.66352],[94.967459,34.6706],[94.977794,34.650092],[94.982351,34.622626],[94.989024,34.608913],[94.997813,34.6046],[95.006765,34.585801],[95.016205,34.58161],[95.038097,34.581122],[95.046886,34.579169],[95.053803,34.574774],[95.057628,34.566107],[95.061127,34.54267],[95.067475,34.5338],[95.079519,34.529893],[95.101085,34.534451],[95.111501,34.530707],[95.156261,34.492621],[95.169932,34.486029],[95.179128,34.488145],[95.188487,34.49433],[95.198985,34.499701],[95.211436,34.49962],[95.218842,34.492499],[95.228526,34.469753],[95.235362,34.464911],[95.246674,34.466091],[95.266124,34.471218],[95.276378,34.472357],[95.287608,34.46955],[95.303966,34.458848],[95.313975,34.458686],[95.316173,34.463243],[95.315522,34.471544],[95.317556,34.480292],[95.327566,34.486029],[95.33839,34.485907],[95.344737,34.481024],[95.347992,34.472602],[95.348643,34.461778],[95.357921,34.459581],[95.410167,34.417751],[95.445079,34.379665],[95.466563,34.362616],[95.492605,34.348822],[95.555919,34.329942],[95.578054,34.311143],[95.5678,34.280544],[95.574962,34.275824],[95.588878,34.259467],[95.582937,34.253933],[95.574718,34.24376],[95.5678,34.238959],[95.57545,34.231635],[95.58546,34.226182],[95.596202,34.224677],[95.617605,34.233832],[95.627859,34.229438],[95.637299,34.222276],[95.646576,34.218451],[95.666596,34.21369],[95.680268,34.200792],[95.68808,34.182196],[95.690684,34.160183],[95.695323,34.142646],[95.706635,34.129177],[95.788829,34.063422],[95.794363,34.053331],[95.825857,34.051866],[95.848399,34.015082],[95.865001,33.971788],[95.879649,33.950954],[95.889659,33.949408],[95.894786,33.944851],[95.896495,33.937445],[95.898204,33.914374],[95.902354,33.912543],[95.908702,33.913845],[95.917247,33.90998],[95.933849,33.894599],[95.951101,33.882432],[95.970144,33.873725],[95.992931,33.869005],[95.987071,33.843207],[96.007742,33.833808],[96.03476,33.829169],[96.048106,33.817491],[96.066905,33.810248],[96.10198,33.805935],[96.122081,33.797919],[96.095876,33.779649],[96.130626,33.764838],[96.147065,33.762722],[96.160737,33.769721],[96.167247,33.77086],[96.175304,33.768012],[96.181895,33.767768],[96.184825,33.776557],[96.188731,33.781765],[96.198171,33.78498],[96.209239,33.786444],[96.218272,33.786444],[96.214285,33.779853],[96.211436,33.773464],[96.22047,33.772569],[96.22698,33.7685],[96.230479,33.76142],[96.231944,33.751736],[96.197765,33.746161],[96.205089,33.735541],[96.227306,33.738593],[96.231944,33.728787],[96.23463,33.717963],[96.241466,33.720526],[96.249278,33.728095],[96.256114,33.732489],[96.293956,33.738715],[96.306407,33.737128],[96.310476,33.733181],[96.314708,33.731879],[96.328136,33.738715],[96.351654,33.76203],[96.35906,33.765977],[96.372081,33.762885],[96.392345,33.749294],[96.400076,33.746161],[96.405772,33.739122],[96.397716,33.701768],[96.403819,33.684109],[96.430186,33.690863],[96.455984,33.679551],[96.500011,33.643134],[96.487804,33.635688],[96.472097,33.628852],[96.472097,33.622626],[96.522227,33.620673],[96.577566,33.611151],[96.617768,33.588406],[96.623546,33.546902],[96.636648,33.551825],[96.651866,33.553738],[96.68157,33.553738],[96.700694,33.547309],[96.708914,33.533271],[96.706716,33.51911],[96.695242,33.512763],[96.689464,33.50613],[96.694021,33.491645],[96.705496,33.471788],[96.707042,33.465522],[96.706716,33.461249],[96.708507,33.456326],[96.722748,33.43948],[96.722179,33.434149],[96.715831,33.431505],[96.705496,33.430854],[96.705496,33.423407],[96.714692,33.419216],[96.721934,33.413194],[96.727957,33.405626],[96.732839,33.396674],[96.73463,33.405463],[96.737315,33.409247],[96.743093,33.40998],[96.753347,33.409735],[96.746511,33.396674],[96.764903,33.397488],[96.772716,33.38878],[96.774099,33.373847],[96.773692,33.35574],[96.785085,33.364081],[96.789154,33.386176],[96.800955,33.389838],[96.793549,33.375556],[96.802989,33.367499],[96.828298,33.313544],[96.832612,33.321112],[96.837413,33.326239],[96.848888,33.334581],[96.853445,33.325059],[96.858979,33.32213],[96.865652,33.324571],[96.873057,33.330878],[96.880789,33.33279],[96.917735,33.327175],[96.936534,33.332953],[96.950857,33.342637],[96.963959,33.348212],[96.97934,33.341417],[96.976736,33.337185],[96.976736,33.336208],[96.978038,33.334296],[96.97934,33.327175],[96.985606,33.334337],[96.991466,33.337958],[97.007091,33.341417],[97.004487,33.334581],[96.999766,33.313544],[97.020437,33.320176],[97.022227,33.300645],[97.017182,33.273139],[97.0171,33.255805],[97.022227,33.245388],[97.019054,33.225165],[97.023936,33.214464],[97.047374,33.183783],[97.083995,33.156684],[97.10377,33.146308],[97.120128,33.142198],[97.134288,33.133246],[97.174815,33.067084],[97.180919,33.052558],[97.185313,33.046658],[97.195811,33.039618],[97.220225,33.029731],[97.229991,33.022732],[97.240815,33.003974],[97.246023,32.964911],[97.25351,32.9442],[97.267345,32.931179],[97.287852,32.922471],[97.310639,32.917792],[97.331716,32.916287],[97.346934,32.910753],[97.360769,32.896999],[97.371349,32.879177],[97.376964,32.86164],[97.3838,32.77912],[97.391368,32.761542],[97.424815,32.724473],[97.426768,32.716579],[97.427013,32.707587],[97.430431,32.700222],[97.441742,32.697211],[97.447683,32.694281],[97.465831,32.676703],[97.559093,32.629706],[97.56544,32.624823],[97.573985,32.621283],[97.594493,32.623562],[97.603038,32.621446],[97.607514,32.61461],[97.616954,32.592637],[97.620372,32.587958],[97.663585,32.559841],[97.817556,32.51321],[97.83782,32.511501],[97.856212,32.51907],[97.886648,32.497585],[98.013927,32.464423],[98.066742,32.422716],[98.075857,32.412909],[98.080333,32.404608],[98.09075,32.401679],[98.113455,32.402371],[98.122813,32.400214],[98.129242,32.394965],[98.135265,32.388251],[98.144216,32.381903],[98.187266,32.366645],[98.205577,32.355577],[98.213145,32.337755],[98.211681,32.296169],[98.213308,32.273057],[98.2199,32.252143],[98.271495,32.190701],[98.309255,32.128607],[98.374522,32.080349],[98.384369,32.063422],[98.393321,32.040066],[98.436534,32.00373],[98.452729,31.983995],[98.456472,31.960395],[98.452729,31.932888],[98.444835,31.907904],[98.435313,31.892157],[98.422781,31.881619],[98.418875,31.879828],[98.420502,31.878119],[98.435069,31.838324],[98.434581,31.824571],[98.425385,31.8133],[98.445323,31.803534],[98.468272,31.766791],[98.501231,31.749701],[98.541515,31.689765]]]}},{"type":"Feature","properties":{"kind":"rivers","name":"Nu","source":"Natural Earth 1:10m"},"geometry":{"type":"MultiLineString","coordinates":[[[96.595632,30.447943],[96.615896,30.450995],[96.68157,30.449652],[96.701752,30.441759],[96.703868,30.422919],[96.691824,30.380723],[96.691742,30.370225],[96.694835,30.349636],[96.70989,30.309516],[96.715343,30.301378],[96.722179,30.297065],[96.730398,30.29621],[96.747162,30.29739],[96.755951,30.296576],[96.764578,30.294745],[96.772553,30.291449],[96.779796,30.286241],[96.793468,30.272976],[96.800873,30.267849],[96.826671,30.258572],[96.849864,30.243272],[96.857432,30.239936],[96.865489,30.239081],[96.896495,30.244005],[96.917979,30.241767],[96.938487,30.234198],[96.982595,30.201768],[96.991954,30.197537],[97.003429,30.194648],[97.009369,30.194037],[97.015391,30.194037],[97.033214,30.197292],[97.039561,30.197455],[97.053396,30.195909],[97.060313,30.194281],[97.066905,30.191596],[97.079031,30.182685],[97.100027,30.160224],[97.111746,30.150906],[97.14739,30.131212],[97.169037,30.113389],[97.177745,30.109442],[97.186941,30.107937],[97.205333,30.1081],[97.214447,30.107042],[97.222667,30.104275],[97.247813,30.089667],[97.258718,30.078925],[97.266612,30.066107],[97.287608,30.021511],[97.293468,30.013983],[97.300222,30.007351],[97.306733,30.002631],[97.3213,29.994696],[97.327403,29.989569],[97.337413,29.974311],[97.344249,29.955919],[97.348399,29.936632],[97.349701,29.918647],[97.358165,29.899482],[97.377615,29.885443],[97.400483,29.873481],[97.418061,29.860663],[97.422374,29.84455],[97.428233,29.795274],[97.435069,29.784939],[97.447276,29.773139],[97.447276,29.746609],[97.438487,29.702338],[97.442393,29.684678],[97.453543,29.664496],[97.468272,29.647773],[97.483165,29.640937],[97.494395,29.638292],[97.499115,29.631415],[97.500255,29.621446],[97.499929,29.60989],[97.503917,29.60281],[97.561453,29.548041],[97.571707,29.531073],[97.581147,29.486111],[97.595144,29.473456],[97.614838,29.466579],[97.68214,29.459296],[97.703705,29.450873],[97.712901,29.431749],[97.723643,29.422716],[97.829194,29.381781],[97.848155,29.371772],[97.856212,29.356309],[97.85906,29.346544],[97.866466,29.339219],[97.876475,29.334662],[97.886974,29.333075],[97.897716,29.327826],[97.899425,29.315538],[97.89739,29.30154],[97.897227,29.290839],[97.900971,29.28205],[97.906749,29.273383],[97.913666,29.266791],[97.932384,29.261501],[97.935639,29.25491],[97.936127,29.246039],[97.94337,29.219428],[97.9428,29.206488],[97.944347,29.194119],[97.993337,29.1164],[98.003998,29.103868],[98.025076,29.088487],[98.040538,29.072455],[98.034272,29.058051],[98.046967,29.038153],[98.082286,29.019151],[98.089692,29.000352],[98.091726,28.958564],[98.095795,28.938056],[98.103282,28.921495],[98.182384,28.818468],[98.226736,28.804796],[98.257498,28.790229],[98.290294,28.767605],[98.320567,28.741238],[98.343435,28.71544],[98.358979,28.677517],[98.370697,28.544135],[98.374441,28.531195],[98.378184,28.522813],[98.38323,28.516791],[98.391205,28.510606],[98.432221,28.494005],[98.439057,28.492947],[98.443126,28.457058],[98.442149,28.451687],[98.448253,28.439276],[98.445323,28.420681],[98.452729,28.407009],[98.448253,28.394721],[98.444753,28.354438],[98.445323,28.339301],[98.451915,28.324246],[98.45753,28.314561],[98.47047,28.297675],[98.4699,28.290107],[98.466726,28.282172],[98.466319,28.270453],[98.473237,28.234198],[98.472992,28.178087],[98.476003,28.152655],[98.485444,28.129665],[98.558523,28.09752],[98.568858,28.096015],[98.572276,28.082384],[98.581716,28.067654],[98.596202,28.055609],[98.614024,28.050645],[98.645518,28.010688],[98.651378,28.006293],[98.65325,28.001654],[98.659679,27.972032],[98.658214,27.968777],[98.667003,27.956081],[98.673432,27.95539],[98.685476,27.96129],[98.681244,27.949734],[98.675873,27.940782],[98.668386,27.933702],[98.658214,27.927802],[98.679861,27.904079],[98.68629,27.867377],[98.674571,27.770575],[98.673106,27.769558],[98.677419,27.761664],[98.690115,27.751044],[98.692882,27.746609],[98.698253,27.731553],[98.72169,27.699571],[98.731619,27.669013],[98.743337,27.656846],[98.774913,27.632921],[98.810313,27.59101],[98.816417,27.581488],[98.818451,27.576606],[98.823009,27.57331],[98.827566,27.568956],[98.829519,27.561306],[98.829519,27.523749],[98.825125,27.488634],[98.819753,27.475694],[98.809011,27.461697],[98.830658,27.421942],[98.839692,27.399848],[98.846446,27.371202],[98.860932,27.351671],[98.864268,27.341864],[98.863292,27.313015],[98.864268,27.304023],[98.867931,27.296576],[98.879893,27.279812],[98.884776,27.269884],[98.88616,27.261013],[98.88323,27.203315],[98.879975,27.193427],[98.868663,27.173855],[98.898448,26.454901],[98.891612,26.38227],[98.889415,26.373358],[98.883881,26.365058],[98.867686,26.348456],[98.859467,26.335639],[98.861257,26.325263],[98.866791,26.315294],[98.871104,26.303494],[98.871511,26.280626],[98.86321,26.207953],[98.85849,26.188422],[98.857432,26.177191],[98.859793,26.167589],[98.869558,26.15705],[98.871104,26.145819],[98.869233,26.139757],[98.857432,26.118476],[98.856944,26.107978],[98.85906,26.099189],[98.857026,26.091498],[98.843028,26.084337],[98.853282,26.048041],[98.836925,25.920478],[98.878998,25.66588],[98.880056,25.556423],[98.894786,25.471259],[98.891612,25.426459],[98.886729,25.415798],[98.873627,25.395819],[98.871104,25.3817],[98.879242,25.33865],[98.877371,25.324042],[98.870128,25.31505],[98.847992,25.295681],[98.843028,25.28616],[98.850515,25.254421],[98.851329,25.238878],[98.843028,25.22781],[98.848643,25.221015],[98.855398,25.209418],[98.858653,25.198513],[98.854015,25.193671],[98.843028,25.188056],[98.842784,25.175238],[98.850597,25.152126],[98.843028,25.073269],[98.848399,25.048774],[98.872,25.007636],[98.877371,24.991319],[98.880382,24.972846],[98.905284,24.918728],[98.888601,24.901557],[98.895437,24.873603],[98.923269,24.818061],[98.942393,24.796088],[98.946788,24.785915],[98.947683,24.772406],[98.95045,24.757758],[98.955496,24.746039],[98.963145,24.741156],[98.983409,24.734198],[99.010671,24.717353],[99.035492,24.69713],[99.048595,24.679755],[99.054698,24.653876],[99.057546,24.624823],[99.054291,24.599189],[99.04184,24.583564],[99.040538,24.563096],[99.024994,24.490261],[99.014903,24.468817],[98.986501,24.439521],[98.977306,24.422634],[98.97934,24.415391],[99.007498,24.406033],[99.027192,24.396593],[99.046967,24.383897],[99.061615,24.367621],[99.065684,24.347439],[99.06308,24.329413],[99.064952,24.321479],[99.071218,24.313544],[99.0796,24.307969],[99.108328,24.297065],[99.125255,24.284247],[99.118907,24.274237],[99.100515,24.267524],[99.052745,24.261257],[99.025076,24.254259],[98.999034,24.243232],[98.975108,24.227484],[98.965261,24.217637],[98.947276,24.195421],[98.937511,24.186591],[98.897065,24.168647],[98.884776,24.158393],[98.85491,24.139228],[98.817556,24.129218],[98.715831,24.121527],[98.681244,24.107001],[98.640066,24.100938],[98.612234,24.087755],[98.59669,24.083279],[98.58489,24.075995],[98.544444,24.05919],[98.53183,24.055976],[98.510265,24.053331],[98.492931,24.046698],[98.431895,24.000067],[98.417572,23.982693],[98.411632,23.963446],[98.415294,23.919949],[98.425385,23.878445],[98.444916,23.841498],[98.473399,23.814236],[98.54892,23.768581],[98.574718,23.744981],[98.600027,23.709662],[98.637625,23.637559],[98.648936,23.608913],[98.649099,23.596788],[98.644542,23.582953],[98.638194,23.575303],[98.629324,23.567084],[98.621349,23.55744],[98.613373,23.533759],[98.594249,23.517442],[98.589854,23.504177],[98.592784,23.49018],[98.599864,23.474718],[98.617768,23.445828],[98.606863,23.42654],[98.617931,23.419257],[98.639089,23.420437],[98.658214,23.425971],[98.720225,23.388048],[98.733165,23.301825],[98.731212,23.276557],[98.724213,23.262315],[98.710704,23.256049],[98.689138,23.254665],[98.683442,23.251492],[98.66505,23.237372],[98.649832,23.232978],[98.640554,23.227851],[98.634288,23.226671],[98.626475,23.228542],[98.616791,23.23725],[98.610362,23.240343],[98.588471,23.241278],[98.55421,23.229844],[98.53183,23.226671],[98.526459,23.223497],[98.516368,23.209418],[98.510916,23.206244],[98.500011,23.207465],[98.478608,23.212226],[98.466319,23.212429],[98.443451,23.205512],[98.446056,23.195136],[98.458751,23.184109],[98.471202,23.17003],[98.482432,23.164374],[98.495128,23.159735],[98.504242,23.157782],[98.516043,23.152777],[98.524099,23.141181],[98.535248,23.117499],[98.559255,23.092719],[98.564708,23.076443],[98.545095,23.069037],[98.527192,23.065294],[98.511322,23.055691],[98.499522,23.042507],[98.493663,23.028103],[98.496511,23.013617],[98.505056,22.989529],[98.517589,22.97016],[98.53183,22.970038],[98.54892,22.974718],[98.566335,22.963975],[98.589854,22.938747],[98.655284,22.909857],[98.66505,22.90119],[98.664561,22.876166],[98.661143,22.859239],[98.651134,22.847032],[98.63087,22.83629],[98.611339,22.830837],[98.545095,22.822618],[98.540538,22.818305],[98.524669,22.791327],[98.521983,22.781602],[98.527599,22.770331],[98.541515,22.75373],[98.54892,22.737331],[98.548106,22.730292],[98.543956,22.723822],[98.541515,22.709337],[98.544526,22.70071],[98.558849,22.685858],[98.563243,22.678656],[98.562999,22.669135],[98.559662,22.661322],[98.556163,22.655341],[98.555186,22.651313],[98.558849,22.639268],[98.562755,22.637803],[98.57252,22.637722],[98.578298,22.634874],[98.58074,22.628201],[98.582612,22.620225],[98.59075,22.606472],[98.5949,22.58808],[98.600108,22.579291],[98.612397,22.563503],[98.616303,22.554633],[98.621674,22.528103],[98.639415,22.496283],[98.644542,22.480048],[98.641612,22.459988],[98.622488,22.429958],[98.617768,22.414862],[98.61321,22.381659],[98.601085,22.346625],[98.585378,22.314032],[98.568858,22.288194],[98.578298,22.273139],[98.631114,22.158271],[98.643484,22.139431],[98.698253,22.086982],[98.720144,22.073798],[98.744151,22.068468],[98.756358,22.063259],[98.767833,22.051785],[98.774425,22.040229],[98.771495,22.03498],[98.756847,22.034857],[98.745697,22.032904],[98.738048,22.026719],[98.733165,22.013861],[98.740733,22.007025],[98.734793,21.998318],[98.726085,21.980089],[98.720225,21.972276],[98.713308,21.967637],[98.697195,21.961208],[98.671397,21.942939],[98.628998,21.926459],[98.569347,21.893622],[98.554698,21.878974],[98.54892,21.85932],[98.551199,21.838324],[98.58546,21.715277],[98.635753,21.647528],[98.644542,21.630316],[98.648529,21.581366],[98.618337,21.562079],[98.582286,21.547716],[98.568858,21.513617],[98.578136,21.492947],[98.610769,21.455512],[98.625255,21.417019],[98.642345,21.406806],[98.661062,21.399482],[98.673106,21.390082],[98.676768,21.372911],[98.678722,21.30447],[98.683523,21.290839],[98.706147,21.258653],[98.71282,21.239285],[98.710867,21.221015],[98.705577,21.199734],[98.703136,21.178534],[98.709727,21.160468],[98.726492,21.14289],[98.78297,21.102118],[98.801687,21.074734],[98.796397,21.043402],[98.773855,21.013983],[98.740733,20.992255],[98.712413,20.989814],[98.673432,20.992255],[98.638927,20.990546],[98.607432,20.960395],[98.530691,20.962755],[98.507904,20.951239]]]}},{"type":"Feature","properties":{"kind":"rivers","name":"Jinsha","source":"Natural Earth 1:10m"},"geometry":{"type":"MultiLineString","coordinates":[[[98.541515,31.689765],[98.547781,31.684638],[98.553233,31.68126],[98.558523,31.677029],[98.563243,31.669298],[98.565684,31.66059],[98.568858,31.631781],[98.575694,31.615912],[98.591889,31.598741],[98.840831,31.396796],[98.864268,31.367703],[98.867442,31.364854],[98.884776,31.354031],[98.874278,31.341173],[98.830577,31.298285],[98.802745,31.257839],[98.781749,31.238959],[98.767589,31.230292],[98.761241,31.234198],[98.755951,31.244412],[98.731375,31.277899],[98.723643,31.285102],[98.713634,31.290961],[98.682546,31.315863],[98.66505,31.320502],[98.648936,31.316596],[98.637625,31.30919],[98.620942,31.288845],[98.611095,31.25613],[98.619884,31.187852],[98.603526,31.169623],[98.612804,31.164862],[98.638438,31.159735],[98.651378,31.155382],[98.692882,31.12462],[98.720876,31.066352],[98.726003,31.059638],[98.745046,31.040554],[98.764659,31.015082],[98.774913,31.007432],[98.796804,30.997097],[98.802745,30.990912],[98.805105,30.966254],[98.797862,30.940782],[98.786062,30.91824],[98.774913,30.902167],[98.787364,30.880805],[98.800792,30.867784],[98.8331,30.843533],[98.8803,30.793077],[98.898448,30.778632],[98.938243,30.760199],[98.954112,30.747829],[98.96046,30.727118],[98.952891,30.708116],[98.935964,30.700466],[98.91741,30.694892],[98.905284,30.68244],[98.90504,30.663682],[98.921886,30.623643],[98.92628,30.603868],[98.927257,30.593695],[98.93157,30.579454],[98.930919,30.500027],[98.932546,30.490587],[98.937999,30.485297],[98.947358,30.479112],[98.956391,30.471055],[98.96046,30.459906],[98.986501,30.144314],[99.029552,30.067898],[99.033946,30.055243],[99.036632,29.975531],[99.043224,29.944892],[99.056082,29.915229],[99.017345,29.853298],[99.0053,29.820014],[99.000662,29.784939],[99.00294,29.781033],[99.012218,29.773017],[99.014415,29.767849],[99.012625,29.764716],[99.003673,29.761583],[99.000662,29.756944],[98.98821,29.688585],[98.986501,29.650824],[98.991791,29.63463],[99.015229,29.604356],[99.023855,29.581488],[99.038585,29.567328],[99.04184,29.562364],[99.04184,29.52794],[99.058686,29.417996],[99.048595,29.387641],[99.058849,29.367051],[99.062755,29.34809],[99.062266,29.308214],[99.067149,29.296698],[99.089854,29.26671],[99.096446,29.250515],[99.10849,29.224148],[99.103933,29.092149],[99.120942,28.964626],[99.117442,28.921495],[99.09905,28.855984],[99.096446,28.835883],[99.100352,28.813503],[99.118663,28.77086],[99.124278,28.749579],[99.123546,28.738959],[99.118093,28.720079],[99.117442,28.708604],[99.120128,28.698513],[99.128673,28.677558],[99.130463,28.664578],[99.134858,28.654568],[99.154063,28.640652],[99.158376,28.630154],[99.160248,28.617133],[99.1692,28.602403],[99.17213,28.592597],[99.171641,28.582628],[99.166515,28.565009],[99.165294,28.554714],[99.175955,28.532172],[99.178803,28.523627],[99.180186,28.504706],[99.178233,28.482204],[99.17213,28.463324],[99.161794,28.45539],[99.162364,28.438056],[99.226654,28.339301],[99.244558,28.321804],[99.254975,28.314399],[99.264903,28.311387],[99.273448,28.307237],[99.274506,28.297471],[99.273204,28.2862],[99.274425,28.277208],[99.278412,28.274034],[99.293061,28.264716],[99.29892,28.259874],[99.30421,28.2508],[99.308442,28.240831],[99.314545,28.232774],[99.326671,28.229438],[99.339447,28.224066],[99.381277,28.184434],[99.388601,28.168077],[99.386485,28.139268],[99.398529,28.12641]],[[99.398529,28.119574],[99.391124,28.085313],[99.394542,28.042507],[99.405203,28.000515],[99.449962,27.906317],[99.457774,27.86876],[99.453868,27.832221],[99.446218,27.818712],[99.437511,27.809394],[99.431651,27.797716],[99.432872,27.776964],[99.441335,27.750027],[99.471446,27.689032],[99.480968,27.674628],[99.494151,27.659695],[99.514578,27.657538],[99.523041,27.653591],[99.518484,27.6435],[99.518647,27.637722],[99.522553,27.628241],[99.525401,27.616726],[99.521495,27.605048],[99.549815,27.588894],[99.560313,27.563259],[99.560069,27.534613],[99.555675,27.509467],[99.571707,27.500312],[99.586192,27.486925],[99.594168,27.472846],[99.589854,27.461697],[99.615815,27.421332],[99.64503,27.385932],[99.635916,27.350206],[99.653087,27.317694],[99.802419,27.195583],[99.947765,27.029486],[99.956391,27.009955],[99.960053,26.989366],[99.962576,26.920722],[99.966563,26.898708],[99.97405,26.886298],[99.989024,26.888983],[100.024669,26.919623],[100.039154,26.927273],[100.041026,26.931952],[100.063406,26.958279],[100.062429,26.992133],[100.063406,27.002997],[100.079112,27.045111],[100.084727,27.069119],[100.080089,27.087999],[100.067475,27.106798],[100.059011,27.12873],[100.056733,27.151638],[100.063406,27.173651],[100.075613,27.183661],[100.11614,27.208523],[100.129242,27.224677],[100.14796,27.243272],[100.155772,27.26085],[100.164154,27.267157],[100.173269,27.272244],[100.179454,27.276679],[100.237804,27.341864],[100.244558,27.361151],[100.236501,27.382025],[100.214285,27.413886],[100.211436,27.423285],[100.206716,27.454861],[100.194835,27.480292],[100.193126,27.485867],[100.193126,27.511013],[100.195323,27.52794],[100.203217,27.541938],[100.237641,27.576524],[100.244151,27.592556],[100.24822,27.607367],[100.263764,27.63113],[100.271251,27.652655],[100.278819,27.663398],[100.290131,27.675564],[100.295014,27.683539],[100.296316,27.690863],[100.296153,27.701239],[100.294851,27.711005],[100.289073,27.731024],[100.288666,27.742784],[100.300792,27.768622],[100.302989,27.780382],[100.296153,27.821357],[100.299571,27.832099],[100.307221,27.832221],[100.323416,27.824774],[100.334402,27.824042],[100.339936,27.82453],[100.378673,27.841864],[100.388194,27.844794],[100.402273,27.845893],[100.420339,27.838487],[100.429698,27.820624],[100.433197,27.798041],[100.432384,27.749457],[100.433197,27.742784],[100.45045,27.704657],[100.461843,27.688096],[100.464936,27.670681],[100.443777,27.538398],[100.448822,27.498969],[100.481049,27.468533],[100.527599,27.452826],[100.542979,27.438788],[100.524425,27.400499],[100.522716,27.376654],[100.528819,27.331326],[100.545909,27.284451],[100.552419,27.255479],[100.546641,27.24254],[100.543712,27.238308],[100.54184,27.228868],[100.538829,27.21955],[100.532644,27.215277],[100.521414,27.211371],[100.503184,27.193386],[100.494721,27.187934],[100.482595,27.187201],[100.45045,27.194159],[100.437592,27.190985],[100.433849,27.183905],[100.436615,27.176825],[100.443614,27.173651],[100.466075,27.166083],[100.486257,27.147488],[100.497081,27.124132],[100.49171,27.102322],[100.486257,27.092841],[100.474294,27.057644],[100.453868,27.0303],[100.453543,27.008897],[100.458263,26.980658],[100.46575,26.953315],[100.474294,26.934678],[100.464773,26.922919],[100.458263,26.905341],[100.454845,26.885199],[100.454194,26.843858],[100.451915,26.826443],[100.441173,26.814765],[100.415945,26.810574],[100.398204,26.803819],[100.393972,26.787177],[100.398529,26.746039],[100.40089,26.74018],[100.410655,26.730902],[100.412852,26.724921],[100.411713,26.719062],[100.409434,26.716254],[100.407156,26.714464],[100.405935,26.711534],[100.407807,26.69949],[100.418956,26.674018],[100.419526,26.663926],[100.41741,26.650417],[100.418956,26.639228],[100.421641,26.635443],[100.431244,26.626329],[100.433197,26.625596],[100.432628,26.619412],[100.427419,26.608751],[100.426524,26.605089],[100.426524,26.519477],[100.430756,26.499132],[100.449474,26.465277],[100.460704,26.403388],[100.454845,26.391547],[100.444835,26.3817],[100.440847,26.373074],[100.453868,26.364936],[100.439952,26.344997],[100.426524,26.333686],[100.41684,26.321845],[100.412852,26.300076],[100.41505,26.294786],[100.419688,26.289903],[100.424327,26.28323],[100.428966,26.262559],[100.447032,26.227729],[100.473725,26.214952],[100.547944,26.229438],[100.584239,26.221503],[100.589692,26.215928],[100.593272,26.210232],[100.599294,26.205024],[100.612071,26.201036],[100.618337,26.204128],[100.625987,26.210517],[100.635671,26.213162],[100.667735,26.191677],[100.687918,26.190131],[100.734386,26.1942],[100.774913,26.184149],[100.793875,26.184638],[100.813243,26.197618],[100.83074,26.206],[100.84962,26.200507],[100.885834,26.180528],[100.890554,26.178738],[100.895763,26.175605],[100.900971,26.171454],[100.905772,26.166287],[100.925955,26.186876],[100.949474,26.22663],[100.987804,26.269721],[101.000011,26.27912],[101.026134,26.287177],[101.045828,26.305487],[101.053722,26.309638],[101.080496,26.31627],[101.125662,26.345282],[101.170665,26.355089],[101.191173,26.369208],[101.201101,26.372382],[101.217377,26.369086],[101.228608,26.363878],[101.239675,26.362982],[101.255056,26.372382],[101.279714,26.36994],[101.369721,26.379503],[101.403331,26.392157],[101.422944,26.393093],[101.427013,26.396552],[101.429861,26.400702],[101.471772,26.445583],[101.476329,26.461046],[101.457774,26.467963],[101.451915,26.471625],[101.454845,26.479804],[101.464366,26.492133],[101.464366,26.498155],[101.450857,26.511908],[101.44752,26.519477],[101.452729,26.531195],[101.488455,26.57038],[101.518484,26.590644],[101.552338,26.593573],[101.587006,26.591864],[101.618907,26.598253],[101.631765,26.582302],[101.638601,26.576199],[101.646658,26.57038],[101.652354,26.589952],[101.660492,26.586249],[101.670421,26.573025],[101.680919,26.564154],[101.697846,26.564805],[101.705089,26.573065],[101.708588,26.583686],[101.715017,26.591417],[101.723074,26.594306],[101.730886,26.59516],[101.738455,26.593288],[101.745697,26.587999],[101.754975,26.583319],[101.762218,26.587104],[101.768647,26.594021],[101.77589,26.598253],[101.805675,26.601426],[101.817556,26.598904],[101.830577,26.591417],[101.845876,26.571885],[101.88616,26.474636],[101.892833,26.462266],[101.901134,26.45128],[101.913097,26.44123],[101.931895,26.428778],[101.94044,26.421739],[101.947765,26.413357],[101.94101,26.398749],[101.939138,26.381212],[101.941742,26.326972],[101.94044,26.317165],[101.928315,26.289659],[101.926768,26.279568],[101.921397,26.265652],[101.911225,26.251532],[101.904389,26.23782],[101.909679,26.224636],[101.917247,26.210517],[101.908295,26.201199],[101.878917,26.186794],[101.857026,26.169013],[101.844737,26.13935],[101.839122,26.103583],[101.837901,26.067328],[101.839122,26.059841],[101.843761,26.042304],[101.844737,26.032823],[101.842052,26.022284],[101.831147,26.006049],[101.830577,25.994981],[101.838796,25.98253],[101.854747,25.975409],[101.874115,25.972968],[101.892589,25.974473],[101.940033,25.992214],[101.957774,25.994981],[102.017833,25.98668],[102.046886,25.996039],[102.065359,25.995876],[102.083995,25.999579],[102.098643,26.015448],[102.102061,26.034451],[102.100841,26.053738],[102.10198,26.071112],[102.112315,26.084337],[102.117605,26.096259],[102.130382,26.114814],[102.145437,26.132107],[102.222179,26.186794],[102.231944,26.197781],[102.24114,26.214057],[102.25172,26.228787],[102.266612,26.235175],[102.289806,26.237087],[102.314545,26.24254],[102.338308,26.251166],[102.358165,26.262519],[102.375092,26.280463],[102.386648,26.298204],[102.40032,26.311713],[102.423839,26.317165],[102.4463,26.318549],[102.464854,26.322618],[102.502615,26.337592],[102.55421,26.373114],[102.567882,26.378526],[102.584727,26.374945],[102.602794,26.366238],[102.617931,26.355251],[102.626231,26.345038],[102.623139,26.318671],[102.61142,26.286892],[102.60963,26.260118],[102.646576,26.244574],[102.667491,26.225775],[102.680919,26.221503],[102.698741,26.223456],[102.710867,26.228949],[102.720144,26.237576],[102.766775,26.293321],[102.791026,26.310329],[102.821788,26.317165],[102.845225,26.327094],[102.87794,26.365017],[102.893077,26.364936],[102.891775,26.355292],[102.908376,26.349229],[102.951182,26.345038],[102.971609,26.350857],[102.988292,26.365098],[102.999278,26.383124],[103.00294,26.400255],[103.000499,26.410346],[102.991303,26.430528],[102.989268,26.44123],[102.991303,26.44599],[103.000662,26.456855],[103.00294,26.461127],[103.002371,26.468533],[102.996755,26.47956],[102.995535,26.485378],[102.999766,26.495795],[103.009939,26.500678],[103.022553,26.502061],[103.033702,26.502061],[103.038666,26.506171],[103.053233,26.527045],[103.057628,26.5362],[103.057709,26.557196],[103.047862,26.57038],[103.036062,26.582831],[103.030284,26.601671],[103.030935,26.643866],[103.029226,26.661811],[103.023448,26.680243],[103.011974,26.703721],[103.009207,26.714952],[103.006602,26.738634],[103.003917,26.750759],[102.999278,26.755927],[102.992279,26.765815],[102.975108,26.831081],[102.953054,26.86164],[102.924734,26.892117],[102.901134,26.924628],[102.893077,26.961371],[102.900483,26.992458],[102.899343,27.002997],[102.895518,27.00849],[102.8838,27.017768],[102.879975,27.023464],[102.87794,27.031846],[102.878184,27.035712],[102.879405,27.039374],[102.879975,27.04739],[102.884776,27.06623],[102.906505,27.097764],[102.913585,27.11225],[102.915457,27.134345],[102.903575,27.221625],[102.889578,27.256619],[102.886241,27.276679],[102.889252,27.291368],[102.906993,27.333686],[102.929454,27.367133],[102.941905,27.405097],[102.9546,27.420722],[102.966319,27.398993],[102.977061,27.38878],[102.991222,27.385932],[103.012787,27.385932],[103.019054,27.389106],[103.037852,27.403266],[103.04713,27.40644],[103.070811,27.408149],[103.083507,27.410468],[103.092296,27.413886],[103.106375,27.408474],[103.120616,27.412177],[103.134288,27.421902],[103.146983,27.434353],[103.150076,27.473171],[103.160167,27.497138],[103.217865,27.566759],[103.228933,27.573513],[103.249441,27.577704],[103.28476,27.580756],[103.295909,27.587755],[103.304698,27.605048],[103.285737,27.633612],[103.28419,27.640448],[103.290701,27.646064],[103.313487,27.654853],[103.318289,27.663398],[103.326752,27.673529],[103.414561,27.742784],[103.444021,27.755561],[103.451427,27.759874],[103.454682,27.768663],[103.456065,27.781277],[103.458507,27.792548],[103.465017,27.797431],[103.476573,27.799872],[103.479015,27.80626],[103.478608,27.81505],[103.482188,27.824774],[103.503022,27.849677],[103.508311,27.864447],[103.510916,27.93004],[103.518565,27.94538],[103.536713,27.96129],[103.555431,27.970242],[103.562755,27.97545],[103.564708,27.983018],[103.560069,27.98786],[103.550792,27.98786],[103.540945,27.984442],[103.533702,27.979315],[103.513927,27.971381],[103.50172,27.99197],[103.489024,28.037665],[103.474539,28.039822],[103.456391,28.037136],[103.440929,28.042304],[103.434255,28.068061],[103.436046,28.075792],[103.440115,28.083319],[103.445567,28.090196],[103.451427,28.096015],[103.456472,28.105251],[103.452647,28.123887],[103.454845,28.133857],[103.458914,28.134711],[103.538178,28.184434],[103.551524,28.206122],[103.562022,28.229275],[103.571544,28.243109],[103.58074,28.246365],[103.602468,28.247748],[103.612641,28.249945],[103.619395,28.254747],[103.626231,28.261583],[103.634044,28.267768],[103.643565,28.270453],[103.666026,28.26321],[103.683442,28.246649],[103.697032,28.228339],[103.708751,28.215766],[103.722097,28.21544],[103.749278,28.242743],[103.788992,28.255479],[103.879975,28.325629],[103.870128,28.343777],[103.859467,28.400743],[103.8213,28.484809],[103.796804,28.525336],[103.794932,28.531073],[103.804861,28.551581],[103.828217,28.587429],[103.836436,28.604844],[103.832286,28.620469],[103.841563,28.636257],[103.845144,28.653591],[103.850678,28.668036]]]}},{"type":"Feature","properties":{"kind":"rivers","name":"Chang Jiang","source":"Natural Earth 1:10m"},"geometry":{"type":"MultiLineString","coordinates":[[[112.78183,29.743964],[112.816905,29.753974],[112.852957,29.779079],[112.885834,29.791693],[112.912364,29.764431],[112.914806,29.754218],[112.916515,29.733954],[112.918468,29.723456],[112.929291,29.701361],[112.936046,29.693223],[112.945323,29.709255],[112.987315,29.743964],[113.012706,29.772895],[113.019216,29.77086],[113.021495,29.747382],[113.017182,29.724555],[113.005951,29.706122],[112.990652,29.691962],[112.935069,29.659532],[112.913503,29.634467],[112.908214,29.600694],[112.927664,29.495185],[112.935557,29.480496],[112.953136,29.476589],[112.972097,29.489325],[112.990815,29.507025],[113.007823,29.518012],[113.032644,29.518988],[113.044526,29.508368],[113.048595,29.48961],[113.048595,29.454169],[113.049815,29.446885],[113.054698,29.443223],[113.066173,29.442247],[113.07545,29.447455],[113.076427,29.459581],[113.074718,29.473456],[113.076182,29.483832],[113.084727,29.494656],[113.089936,29.496039],[113.112885,29.474189],[113.115245,29.467637],[113.117768,29.463935],[113.127615,29.462755]],[[103.850678,28.668036],[103.866303,28.675116],[103.870209,28.666205],[103.872569,28.657172],[103.87379,28.636583],[103.87794,28.630439],[103.887706,28.630683],[103.899099,28.633083],[103.908376,28.63349],[103.927826,28.626288],[103.939952,28.619696],[103.952403,28.614854],[103.972748,28.613064],[103.992279,28.616238],[104.029063,28.630316],[104.047537,28.63349],[104.05657,28.630398],[104.078624,28.613064],[104.091807,28.612616],[104.101085,28.615994],[104.11964,28.626736],[104.139903,28.633368],[104.178722,28.638536],[104.232188,28.639594],[104.239675,28.643419],[104.246511,28.654893],[104.248057,28.661933],[104.25058,28.661485],[104.260509,28.65058],[104.275076,28.638861],[104.292491,28.632148],[104.311697,28.630439],[104.33253,28.63349],[104.341401,28.637478],[104.34669,28.641913],[104.352306,28.645697],[104.36321,28.647162],[104.456472,28.6435],[104.483002,28.657579],[104.507823,28.678412],[104.563731,28.707546],[104.588634,28.728339],[104.603526,28.754747],[104.599294,28.784369],[104.622,28.79031],[104.66269,28.782253],[104.685069,28.794257],[104.699718,28.799587],[104.740001,28.795233],[104.757091,28.798041],[104.7671,28.80504],[104.783295,28.82038],[104.791108,28.825303],[104.803803,28.828477],[104.835948,28.825303],[104.858409,28.817735],[104.902436,28.784369],[104.92213,28.776923],[104.939952,28.784857],[104.95696,28.803005],[104.980235,28.835883],[104.991628,28.841498],[105.002045,28.837022],[105.011974,28.829413],[105.021495,28.825303],[105.029877,28.81977],[105.03004,28.807563],[105.026541,28.795518],[105.020763,28.782538],[105.015391,28.775214],[105.013113,28.767035],[105.018321,28.756415],[105.028575,28.750434],[105.05185,28.750434],[105.062755,28.746446],[105.095714,28.719184],[105.115733,28.71369],[105.140636,28.722927],[105.14796,28.728135],[105.15089,28.732245],[105.154307,28.749579],[105.155284,28.763495],[105.153331,28.770046],[105.154714,28.775824],[105.164806,28.787462],[105.176199,28.783881],[105.219493,28.7567],[105.236257,28.749579],[105.259939,28.752712],[105.2942,28.772244],[105.339936,28.783515],[105.351573,28.799872],[105.360362,28.839626],[105.36964,28.856798],[105.384044,28.869696],[105.402843,28.877753],[105.425222,28.880561],[105.435557,28.883816],[105.443858,28.891913],[105.459565,28.911241],[105.470714,28.913153],[105.481619,28.904486],[105.497569,28.886786],[105.518158,28.888292],[105.542735,28.899197],[105.559174,28.915107],[105.555919,28.931749],[105.545909,28.95128],[105.560069,28.961127],[105.585378,28.962266],[105.607432,28.955675],[105.622325,28.942165],[105.62794,28.927354],[105.62794,28.890489],[105.639252,28.887478],[105.692475,28.891059],[105.709076,28.894232],[105.752859,28.921698],[105.77532,28.928249],[105.784923,28.911241],[105.786632,28.887234],[105.79184,28.868679],[105.800548,28.853461],[105.812755,28.839626],[105.84547,28.825385],[105.877208,28.836127],[105.897227,28.863715],[105.894786,28.900458],[105.878184,28.910102],[105.873627,28.914659],[105.87322,28.919623],[105.874766,28.925971],[105.877452,28.930121],[105.881114,28.928331],[105.874034,28.939887],[105.86907,28.946072],[105.860769,28.948432],[105.843272,28.948798],[105.818858,28.957546],[105.823741,28.977078],[105.880626,29.047309],[105.897227,29.058621],[105.928803,29.064887],[105.97698,29.062445],[105.990896,29.064887],[106.001231,29.071804],[106.025076,29.106513],[106.089854,29.081244],[106.117931,29.078559],[106.14088,29.090522],[106.135753,29.117621],[106.121593,29.146674],[106.117931,29.164496],[106.155365,29.202094],[106.157725,29.208686],[106.156993,29.21544],[106.157237,29.222439],[106.162364,29.229356],[106.170828,29.233466],[106.177826,29.232611],[106.184011,29.23017],[106.189545,29.229356],[106.213471,29.235622],[106.237315,29.246527],[106.250987,29.264268],[106.244151,29.290839],[106.259369,29.290391],[106.308686,29.276394],[106.324311,29.283515],[106.348888,29.289578],[106.370128,29.29206],[106.374766,29.295925],[106.376475,29.302273],[106.385509,29.319932],[106.388438,29.32807],[106.392996,29.336493],[106.401866,29.346055],[106.411632,29.35281],[106.429779,29.362006],[106.439464,29.370307],[106.455089,29.389431],[106.463878,29.397406],[106.473562,29.400702],[106.501964,29.399522],[106.516205,29.401435],[106.524832,29.408149],[106.522472,29.415351],[106.504405,29.442247],[106.499522,29.455024],[106.497813,29.464952],[106.498057,29.480496],[106.500987,29.488471],[106.508311,29.491034],[106.528575,29.490058],[106.536062,29.494452],[106.536388,29.504584],[106.532237,29.524237],[106.534434,29.544989],[106.537608,29.551134],[106.545909,29.558946],[106.556082,29.562771],[106.569591,29.565009],[106.581635,29.568427],[106.586843,29.575751],[106.585704,29.591742],[106.586843,29.610378],[106.596446,29.624538],[106.621023,29.627265],[106.619884,29.624376],[106.665701,29.588406],[106.672293,29.577012],[106.680756,29.572618],[106.69101,29.571479],[106.70045,29.575751],[106.704275,29.57864],[106.716401,29.58454],[106.720795,29.585639],[106.724294,29.588446],[106.728526,29.601752],[106.730886,29.606147],[106.775076,29.617377],[106.810802,29.600409],[106.842214,29.593329],[106.908132,29.686713],[106.929698,29.70421],[106.963634,29.756944],[107.017345,29.787136],[107.025645,29.794786],[107.033132,29.809434],[107.050385,29.819892],[107.070893,29.82392],[107.087169,29.819648],[107.095876,29.804999],[107.107351,29.759589],[107.117768,29.740261],[107.149425,29.710639],[107.167572,29.696967],[107.183442,29.688747],[107.221121,29.691718],[107.295421,29.740058],[107.334076,29.7508],[107.375662,29.733222],[107.399018,29.728217],[107.409272,29.740261],[107.414073,29.763617],[107.425955,29.780463],[107.457042,29.805365],[107.473888,29.824164],[107.479747,29.841905],[107.47519,29.859198],[107.46046,29.876776],[107.458751,29.884711],[107.466563,29.892768],[107.478038,29.899034],[107.488048,29.901557],[107.501394,29.900499],[107.508311,29.897488],[107.519786,29.887315],[107.55714,29.867011],[107.596121,29.855333],[107.635916,29.853054],[107.676768,29.860663],[107.68629,29.864691],[107.744395,29.903754],[107.836681,29.987006],[107.84962,30.004706],[107.865896,30.048163],[107.865245,30.055528],[107.861501,30.063585],[107.860362,30.07628],[107.861827,30.099555],[107.868256,30.113227],[107.881277,30.129218],[107.897065,30.142442],[107.912608,30.148017],[107.928233,30.155544],[107.934581,30.173204],[107.937592,30.193671],[107.943614,30.209418],[107.961029,30.222032],[107.977794,30.226671],[107.992931,30.233018],[108.005056,30.250434],[108.014578,30.286322],[108.02003,30.299913],[108.032319,30.313096],[108.046886,30.320868],[108.064952,30.327582],[108.069347,30.329942],[108.074311,30.331977],[108.08074,30.332343],[108.085378,30.329047],[108.090261,30.322455],[108.093761,30.315985],[108.094493,30.313096],[108.118337,30.317572],[108.117198,30.331366],[108.102957,30.347846],[108.087576,30.360297],[108.152843,30.408067],[108.174327,30.411973],[108.196869,30.422146],[108.217214,30.435614],[108.231619,30.449652],[108.308116,30.579535],[108.314138,30.586859],[108.348725,30.638983],[108.358328,30.648261],[108.369558,30.65705],[108.409923,30.709744],[108.418956,30.729315],[108.422293,30.739814],[108.424083,30.750678],[108.422455,30.763943],[108.412201,30.784776],[108.409923,30.795722],[108.410818,30.820746],[108.416596,30.833808],[108.431163,30.840644],[108.480561,30.853298],[108.497569,30.862413],[108.508393,30.876776],[108.512218,30.898464],[108.522227,30.911933],[108.545909,30.918769],[108.573334,30.922919],[108.594737,30.928819],[108.624278,30.943671],[108.6421,30.948269],[108.666515,30.949978],[108.687511,30.945421],[108.722179,30.926296],[108.745616,30.922634],[108.790538,30.931586],[108.877208,30.95954],[108.924327,30.956814],[108.96933,30.94892],[109.012543,30.949408],[109.17685,30.97663],[109.199229,30.975694],[109.258881,30.963568],[109.296641,30.965847],[109.430105,30.996202],[109.4463,31.00255],[109.459972,31.010037],[109.486339,31.028876],[109.497813,31.034125],[109.573985,31.04267],[109.591807,31.040554],[109.608328,31.031846],[109.617198,31.016913],[109.623953,31.008328],[109.632823,31.004584],[109.653087,31.00434],[109.661713,31.002224],[109.670421,30.997097],[109.731456,31.021267],[109.765636,31.047553],[109.784679,31.053656],[109.871755,31.067572],[109.896658,31.068549],[109.923106,31.060492],[109.933849,31.064561],[109.944753,31.070421],[109.955007,31.073432],[109.965343,31.071967],[109.976085,31.068427],[109.985769,31.06391],[109.992605,31.059841],[110.02589,31.032904],[110.042735,31.026923],[110.071707,31.02501],[110.089854,31.027126],[110.12794,31.036322],[110.149506,31.038682],[110.281749,31.021023],[110.321544,31.031846],[110.328868,31.037909],[110.334972,31.044623],[110.342784,31.049994],[110.355724,31.052314],[110.366791,31.05032],[110.384288,31.040839],[110.427338,31.031277],[110.44394,31.02558],[110.511729,31.033271],[110.532807,31.031846],[110.550548,31.026231],[110.565115,31.015082],[110.583751,31.004991],[110.657319,30.997097],[110.720876,30.967719],[110.7588,30.960476],[110.801524,30.943874],[110.814952,30.936306],[110.827647,30.921698],[110.837494,30.906073],[110.850678,30.893622],[110.87322,30.888495],[110.921886,30.886827],[110.945242,30.882636],[110.965831,30.874213],[110.995209,30.844835],[111.006928,30.83808],[111.011974,30.833564],[111.018647,30.829047],[111.027599,30.827012],[111.036062,30.827989],[111.05128,30.832302],[111.058197,30.833279],[111.076182,30.838813],[111.098643,30.8487],[111.124034,30.852566],[111.150808,30.840115],[111.161225,30.826768],[111.162852,30.815538],[111.158214,30.788601],[111.166433,30.783718],[111.204275,30.778835],[111.216319,30.775214],[111.238292,30.764268],[111.263276,30.756537],[111.277599,30.741807],[111.267507,30.709744],[111.386974,30.593044],[111.391205,30.58572],[111.39739,30.553249],[111.40089,30.545844],[111.412364,30.533149],[111.432546,30.503526],[111.448822,30.47016],[111.448741,30.445909],[111.444428,30.423204],[111.470714,30.413845],[111.505626,30.409247],[111.527436,30.401231],[111.507253,30.358507],[111.499522,30.333686],[111.503673,30.31623],[111.533132,30.282538],[111.55071,30.271674],[111.575857,30.271511],[111.592052,30.281277],[111.607432,30.299506],[111.619151,30.319851],[111.629324,30.356024],[111.643158,30.371894],[111.678315,30.395046],[111.711029,30.41059],[111.751964,30.422187],[111.797293,30.428534],[111.842784,30.428534],[111.881358,30.41828],[111.908295,30.39765],[111.980968,30.304551],[111.997813,30.291815],[112.021007,30.285183],[112.063894,30.287299],[112.087413,30.291938],[112.103526,30.298855],[112.103526,30.291368],[112.146658,30.304877],[112.195323,30.307481],[112.239024,30.295478],[112.268077,30.264716],[112.270518,30.223578],[112.246023,30.196357],[112.213634,30.1706],[112.192882,30.134345],[112.196544,30.092353],[112.223155,30.076728],[112.309011,30.072862],[112.352468,30.05919],[112.391205,30.031684],[112.417898,29.99372],[112.425141,29.948798],[112.400645,29.884141],[112.394216,29.873643],[112.384369,29.863064],[112.379812,29.838487],[112.376557,29.791693],[112.36671,29.747504],[112.368663,29.726589],[112.387543,29.733425],[112.423839,29.761542],[112.443858,29.77204],[112.466075,29.778673],[112.53297,29.774359],[112.54184,29.781806],[112.543386,29.802069],[112.548839,29.823065],[112.559255,29.839626],[112.575857,29.8463],[112.600352,29.839219],[112.602631,29.821357],[112.590017,29.77497],[112.593435,29.742377],[112.59962,29.721991],[112.610606,29.709784],[112.636241,29.71369],[112.6421,29.743679],[112.63795,29.805365],[112.654307,29.822333],[112.682872,29.82685],[112.714773,29.822292],[112.740326,29.812201],[112.764171,29.789984],[112.748464,29.779812],[112.716807,29.77379],[112.692556,29.764431],[112.693126,29.747382],[112.721772,29.738593],[112.760183,29.737616],[112.788829,29.743964]]]}},{"type":"Feature","properties":{"kind":"rivers","name":"Yuan","source":"Natural Earth 1:10m"},"geometry":{"type":"MultiLineString","coordinates":[[[113.069347,29.387641],[113.085948,29.404486],[113.111095,29.444892],[113.127615,29.462755]],[[112.904796,29.031358],[112.921641,29.038926],[112.935557,29.054633],[112.942963,29.065253],[112.94337,29.074001],[112.940684,29.083319],[112.938975,29.095974],[112.944591,29.114814],[112.958263,29.127753],[112.993582,29.147488]],[[107.504812,26.337592],[107.498057,26.326199],[107.493337,26.305691],[107.493663,26.283067],[107.504975,26.257595],[107.505951,26.245063],[107.504975,26.232611],[107.496349,26.214219],[107.499522,26.205512],[107.506114,26.198676],[107.527354,26.182969],[107.560313,26.165554],[107.577403,26.149522],[107.59547,26.140489],[107.618337,26.142524],[107.640717,26.150702],[107.656261,26.160102],[107.67213,26.175157],[107.707774,26.218085],[107.712576,26.225898],[107.71575,26.236884],[107.719493,26.268622],[107.724132,26.275946],[107.738292,26.290391],[107.785574,26.361925],[107.803722,26.404568],[107.80714,26.44123],[107.797537,26.459499],[107.785085,26.475043],[107.779226,26.491482],[107.789806,26.512315],[107.808604,26.530341],[107.821381,26.5362],[107.861827,26.543647],[107.866466,26.547431],[107.870942,26.559394],[107.875418,26.564154],[107.880056,26.56505],[107.891612,26.563422],[107.896495,26.564154],[107.929861,26.581488],[107.936127,26.581244],[107.941905,26.596788],[107.969005,26.626532],[107.977794,26.639228],[107.986746,26.6706],[107.991466,26.680243],[108.014903,26.703192],[108.018891,26.711534],[108.028331,26.723456],[108.087576,26.755927],[108.115652,26.781195],[108.132498,26.792304],[108.152843,26.796942],[108.159272,26.801622],[108.173757,26.822699],[108.176362,26.827948],[108.180756,26.831122],[108.202566,26.841254],[108.237722,26.853339],[108.276866,26.860378],[108.312429,26.857001],[108.327891,26.834499],[108.335378,26.827175],[108.351736,26.824408],[108.368175,26.826728],[108.37558,26.834499],[108.382742,26.838813],[108.396007,26.832465],[108.404307,26.817694],[108.396088,26.796942],[108.399994,26.783962],[108.399425,26.778876],[108.396088,26.769599],[108.401866,26.772406],[108.416596,26.776435],[108.414561,26.773261],[108.413178,26.772244],[108.412039,26.771593],[108.409923,26.769599],[108.41741,26.764594],[108.425955,26.753363],[108.430268,26.749091],[108.437266,26.745307],[108.442963,26.743598],[108.485444,26.739773],[108.496755,26.732774],[108.505382,26.714952],[108.496104,26.704657],[108.497325,26.696479],[108.506114,26.690741],[108.519054,26.68769],[108.519135,26.67239],[108.538259,26.663031],[108.563487,26.655626],[108.581065,26.646064],[108.581065,26.659735],[108.595876,26.645575],[108.609874,26.60102],[108.625499,26.591417],[108.641124,26.599311],[108.654796,26.617621],[108.663259,26.638373],[108.663097,26.65351],[108.684093,26.664374],[108.69337,26.67121],[108.697195,26.67711],[108.698416,26.69184],[108.702729,26.696479],[108.721283,26.694525],[108.76295,26.694525],[108.7588,26.689643],[108.7553,26.67829],[108.751882,26.656602],[108.758718,26.63349],[108.775971,26.623847],[108.798595,26.619167],[108.8213,26.611355],[108.837169,26.594306],[108.852061,26.572048],[108.868582,26.557563],[108.889659,26.564154],[108.905284,26.555976],[108.917572,26.560411],[108.924571,26.573554],[108.924327,26.591417],[108.939708,26.585883],[108.950206,26.590766],[108.959565,26.60102],[108.971609,26.611355],[108.984955,26.617499],[109.03297,26.633083],[109.039073,26.618232],[109.059988,26.601752],[109.066987,26.591417],[109.08017,26.599718],[109.092052,26.617865],[109.101329,26.625596],[109.106944,26.626492],[109.120942,26.62405],[109.129242,26.625596],[109.133474,26.62877],[109.142345,26.637478],[109.146251,26.639228],[109.150076,26.643256],[109.190522,26.666571],[109.197032,26.677191],[109.206065,26.706],[109.214854,26.718085],[109.247976,26.743272],[109.252615,26.752509],[109.259776,26.759955],[109.307384,26.769599],[109.3178,26.775946],[109.331635,26.786811],[109.343761,26.800116],[109.348888,26.813992],[109.354421,26.81863],[109.38087,26.830146],[109.389903,26.837917],[109.369151,26.851874],[109.381358,26.872748],[109.408946,26.891669],[109.434581,26.899929],[109.453868,26.912136],[109.455333,26.939236],[109.444428,26.981879],[109.445974,26.995632],[109.45574,27.020331],[109.4581,27.033718],[109.450694,27.046169],[109.417898,27.060004],[109.410248,27.067206],[109.414073,27.080512],[109.42392,27.082384],[109.437022,27.079413],[109.459239,27.077948],[109.46339,27.076972],[109.468272,27.07807],[109.478608,27.084296],[109.486095,27.11225],[109.495209,27.104031],[109.509858,27.081366],[109.520112,27.07807],[109.530854,27.08747],[109.531505,27.103461],[109.535737,27.118516],[109.567882,27.127509],[109.583588,27.137274],[109.591319,27.139512],[109.600841,27.138454],[109.616954,27.133816],[109.625662,27.132676],[109.631928,27.14171],[109.638438,27.161933],[109.64796,27.182888],[109.663585,27.194159],[109.663259,27.163357],[109.66684,27.140245],[109.67864,27.126899],[109.7046,27.125271],[109.717459,27.127956],[109.732026,27.132636],[109.744721,27.139024],[109.752371,27.146999],[109.752615,27.158718],[109.749034,27.172675],[109.747,27.187445],[109.752371,27.201606],[109.763113,27.209662],[109.773855,27.208686],[109.800792,27.194159],[109.844249,27.179511],[109.855968,27.173651],[109.867686,27.164333],[109.874441,27.157579],[109.881847,27.152208],[109.896414,27.146999],[109.931895,27.139472],[109.944753,27.132676],[109.951589,27.139512],[109.966319,27.12995],[109.985281,27.124335],[110.00294,27.12641],[110.013682,27.139512],[109.995535,27.145575],[110.010265,27.166205],[110.054617,27.207831],[110.057872,27.214708],[110.060069,27.222357],[110.061453,27.238837],[110.064708,27.247504],[110.079275,27.257636],[110.087494,27.283759],[110.100515,27.293891],[110.117686,27.298163],[110.135916,27.297797],[110.125662,27.328233],[110.124522,27.344672],[110.132823,27.351833],[110.177419,27.365505],[110.19337,27.382188],[110.232839,27.454861],[110.277924,27.520575],[110.287364,27.544216],[110.292247,27.568915],[110.290538,27.579047],[110.283946,27.588568],[110.276134,27.597276],[110.269949,27.608018],[110.267996,27.620185],[110.273041,27.632921],[110.283702,27.627265],[110.293956,27.625841],[110.30421,27.627997],[110.314708,27.632921],[110.329275,27.643337],[110.33017,27.649604],[110.325043,27.656928],[110.321544,27.670518],[110.324636,27.676866],[110.332042,27.68004],[110.352306,27.681423],[110.358328,27.685167],[110.371755,27.70539],[110.37672,27.714911],[110.369721,27.722032],[110.367198,27.728827],[110.365896,27.735622],[110.363048,27.742784],[110.358979,27.748358],[110.34547,27.759874],[110.336843,27.772406],[110.341401,27.778022],[110.350678,27.783149],[110.359874,27.8074],[110.378835,27.836208],[110.382904,27.845893],[110.37851,27.866156],[110.368337,27.867499],[110.355479,27.863105],[110.342052,27.866319],[110.324718,27.911811],[110.321544,27.910427],[110.314057,27.902167],[110.296967,27.901719],[110.244395,27.908311],[110.238455,27.913357],[110.240489,27.922065],[110.250255,27.943468],[110.257904,27.95307],[110.268158,27.958604],[110.280528,27.955146],[110.282237,27.958075],[110.281993,27.959662],[110.282725,27.960517],[110.287364,27.96129],[110.287364,27.968777],[110.261485,27.972113],[110.180431,28.001247],[110.153901,28.013983],[110.146495,28.016547],[110.139171,28.021796],[110.137218,28.033962],[110.137543,28.047797],[110.135916,28.058173],[110.107188,28.085639],[110.102468,28.096015],[110.107432,28.105292],[110.119151,28.102891],[110.132742,28.097846],[110.143321,28.099148],[110.149343,28.11225],[110.143972,28.123603],[110.137218,28.133857],[110.139659,28.143826],[110.150076,28.148627],[110.160655,28.150214],[110.16505,28.154486],[110.156993,28.167344],[110.171153,28.172471],[110.176524,28.177924],[110.179128,28.185085],[110.184255,28.195339],[110.202159,28.219509],[110.204845,28.225775],[110.199474,28.234483],[110.175955,28.239285],[110.170665,28.246527],[110.169932,28.259589],[110.16448,28.29088],[110.199229,28.279893],[110.215017,28.278388],[110.232839,28.284044],[110.245209,28.293647],[110.287364,28.339301],[110.310639,28.383002],[110.321544,28.393337],[110.338471,28.40115],[110.357595,28.407172],[110.375662,28.415147],[110.38974,28.428738],[110.363048,28.437527],[110.371104,28.452012],[110.403412,28.472113],[110.403412,28.513739],[110.408946,28.518378],[110.435802,28.521552],[110.445079,28.523627],[110.454031,28.539822],[110.451915,28.577704],[110.462169,28.585069],[110.480479,28.585639],[110.500011,28.589545],[110.515147,28.600043],[110.520763,28.620469],[110.517345,28.629014],[110.509939,28.638129],[110.50294,28.645087],[110.499604,28.647162],[110.506358,28.659369],[110.517345,28.660468],[110.544444,28.653998],[110.566173,28.656114],[110.607188,28.665554],[110.667247,28.669298],[110.688731,28.676337],[110.698253,28.69184],[110.760265,28.722927],[110.765391,28.72956],[110.768158,28.735785],[110.771902,28.742255],[110.780284,28.749579],[110.791026,28.754584],[110.815847,28.761583],[110.840261,28.774726],[110.938487,28.798041],[110.972179,28.810126],[110.983165,28.811632],[111.003429,28.804389],[111.008311,28.790595],[111.013276,28.78205],[111.034679,28.790595],[111.062022,28.811632],[111.081391,28.82099],[111.086843,28.827745],[111.088634,28.842719],[111.091889,28.848904],[111.100027,28.856716],[111.110281,28.863389],[111.120372,28.866278],[111.12794,28.862616],[111.136729,28.842393],[111.143972,28.832139],[111.163829,28.823513],[111.186453,28.820624],[111.205089,28.813992],[111.212901,28.794257],[111.214773,28.770941],[111.221934,28.758409],[111.23642,28.752631],[111.295665,28.746161],[111.321544,28.746772],[111.339122,28.752997],[111.360037,28.7685],[111.363048,28.77379],[111.368175,28.786566],[111.380382,28.78913],[111.394216,28.788275],[111.404552,28.790595],[111.411143,28.800116],[111.417247,28.821479],[111.425141,28.832139],[111.433442,28.836005],[111.453868,28.838324],[111.462576,28.842719],[111.468028,28.850531],[111.472341,28.86225],[111.473643,28.874335],[111.469493,28.883653],[111.467296,28.893826],[111.475352,28.905097],[111.493337,28.921495],[111.514659,28.996161],[111.531668,29.034125],[111.561615,29.051296],[111.585948,29.046169],[111.593272,29.031033],[111.589692,28.98668],[111.591075,28.977403],[111.595632,28.972195],[111.603038,28.969835],[111.613455,28.969306],[111.626557,28.971137],[111.631358,28.976426],[111.63323,28.985053],[111.652273,29.028388],[111.665294,29.039415],[111.685802,29.037624],[111.696788,29.026679],[111.698985,28.995876],[111.705658,28.982978],[111.718354,28.976833],[111.775076,28.969306],[111.795421,28.970486],[111.811046,28.977566],[111.814952,28.990668],[111.80128,29.00963],[111.811697,29.017117],[111.82252,29.020535],[111.834727,29.020372],[111.84962,29.017117],[111.863455,29.009548],[111.888764,28.987576],[111.90089,28.982978],[111.958425,29.001329],[111.986746,29.003689],[111.992931,28.98489]]]}},{"type":"Feature","properties":{"kind":"rivers","name":"Han","source":"Natural Earth 1:10m"},"geometry":{"type":"MultiLineString","coordinates":[[[106.398448,33.067694],[106.421153,33.072292],[106.434174,33.08336],[106.444021,33.096788],[106.456554,33.10871],[106.473399,33.115261],[106.665619,33.143988],[106.67628,33.142198],[106.682872,33.137274],[106.686127,33.130642],[106.69044,33.124823],[106.70045,33.122341],[106.805756,33.124376],[106.841319,33.133816],[106.864268,33.136013],[106.883556,33.131415],[106.899913,33.120307],[106.929454,33.095038],[106.980398,33.064154],[106.99464,33.05036],[107.015636,33.038398],[107.038259,33.037706],[107.058849,33.033881],[107.073416,33.012478],[107.086925,33.01911],[107.102468,33.038357],[107.11435,33.046658],[107.126557,33.04739],[107.142589,33.045966],[107.156261,33.047471],[107.16212,33.057196],[107.169688,33.076239],[107.188243,33.088935],[107.212576,33.096747],[107.261729,33.103298],[107.323253,33.101264],[107.332123,33.106635],[107.34669,33.130561],[107.357595,33.136013],[107.368582,33.134345],[107.389903,33.128526],[107.402436,33.129177],[107.420828,33.136827],[107.490245,33.187445],[107.513601,33.200873],[107.522553,33.208035],[107.534923,33.215359],[107.541921,33.208523],[107.54713,33.190619],[107.567312,33.187812],[107.623546,33.187038],[107.635265,33.180365],[107.644949,33.170722],[107.667572,33.170233],[107.711436,33.176947],[107.735362,33.177436],[107.751394,33.174018],[107.764415,33.166775],[107.779226,33.155829],[107.787364,33.168769],[107.796967,33.174831],[107.820811,33.183783],[107.832937,33.191596],[107.838308,33.197781],[107.857595,33.237616],[107.863699,33.242947],[107.875418,33.245876],[107.888682,33.243598],[107.897878,33.236029],[107.905203,33.227891],[107.912608,33.224148],[107.938975,33.219306],[107.955658,33.206407],[107.959565,33.188056],[107.942149,33.158962],[107.937266,33.146267],[107.937266,33.134385],[107.947032,33.129177],[107.955089,33.123114],[107.957612,33.108995],[107.956716,33.080756],[107.977957,33.086615],[107.995046,33.07685],[108.026134,33.046658],[108.047781,33.037055],[108.064708,33.035346],[108.081147,33.039333],[108.101329,33.046658],[108.141368,33.037665],[108.219656,33.032335],[108.258881,33.019314],[108.274994,33.005683],[108.279063,32.989325],[108.274832,32.970771],[108.265717,32.950385],[108.260346,32.942206],[108.253673,32.934434],[108.248057,32.926215],[108.245372,32.916287],[108.247325,32.905951],[108.257091,32.892279],[108.258881,32.882148],[108.252208,32.867011],[108.241466,32.852729],[108.237722,32.839423],[108.252208,32.827501],[108.259858,32.828966],[108.266124,32.836005],[108.273692,32.840522],[108.286225,32.834337],[108.29184,32.824897],[108.289806,32.816107],[108.286225,32.807685],[108.286225,32.799628],[108.312511,32.769843],[108.35255,32.749783],[108.437755,32.724473],[108.437755,32.717637],[108.428722,32.713975],[108.407237,32.709052],[108.396088,32.703966],[108.413829,32.673936],[108.416596,32.662421],[108.431895,32.669745],[108.439464,32.666449],[108.44394,32.657782],[108.450206,32.648749],[108.47169,32.633409],[108.468435,32.628974],[108.454112,32.618354],[108.448171,32.599433],[108.469737,32.582831],[108.498057,32.566921],[108.512218,32.54975],[108.52296,32.528835],[108.54835,32.518419],[108.578054,32.512641],[108.601573,32.505398],[108.615652,32.488349],[108.622081,32.48489],[108.633311,32.485867],[108.639171,32.490424],[108.644216,32.495551],[108.681733,32.504991],[108.692882,32.504177],[108.697195,32.491767],[108.758067,32.537421],[108.774018,32.566352],[108.759858,32.601589],[108.759858,32.607774],[108.770925,32.609198],[108.777843,32.61461],[108.780691,32.623562],[108.779796,32.635118],[108.78712,32.630723],[108.792898,32.62462],[108.797293,32.61697],[108.800222,32.607774],[108.812511,32.620795],[108.81894,32.618191],[108.822846,32.608751],[108.827566,32.601589],[108.842703,32.58865],[108.851573,32.586534],[108.855479,32.598171],[108.85491,32.607123],[108.855968,32.609565],[108.879405,32.607774],[108.890391,32.61168],[108.894216,32.621039],[108.896658,32.632514],[108.903331,32.642524],[108.921316,32.649034],[108.996104,32.656195],[109.00351,32.664008],[109.022472,32.700303],[109.03297,32.711453],[109.042979,32.713975],[109.064545,32.715196],[109.074474,32.717637],[109.086436,32.724473],[109.093191,32.73196],[109.097992,32.739936],[109.1338,32.783962],[109.148529,32.787869],[109.255056,32.752387],[109.298432,32.74787],[109.334565,32.758612],[109.343191,32.766872],[109.345225,32.773953],[109.346609,32.781114],[109.352061,32.789984],[109.358897,32.795966],[109.374115,32.805732],[109.383067,32.813259],[109.386974,32.822699],[109.386241,32.831732],[109.389089,32.838487],[109.403412,32.841173],[109.411794,32.844591],[109.408295,32.852607],[109.402436,32.861762],[109.403412,32.868476],[109.412852,32.867743],[109.438975,32.860419],[109.448822,32.868679],[109.514252,32.883816],[109.52589,32.892198],[109.533946,32.909451],[109.547944,32.899237],[109.55657,32.888739],[109.565684,32.88349],[109.581635,32.888943],[109.585948,32.894558],[109.589366,32.902777],[109.593842,32.910915],[109.602061,32.916287],[109.612397,32.916368],[109.618744,32.911689],[109.624522,32.906033],[109.632823,32.903266],[109.650483,32.904731],[109.66741,32.909044],[109.682384,32.916368],[109.694591,32.92654],[109.706391,32.939032],[109.718191,32.94835],[109.729503,32.949327],[109.739268,32.936794]],[[109.739268,32.929958],[109.758474,32.914984],[109.782807,32.90115],[109.8095,32.893134],[109.83546,32.895819],[109.868175,32.912909],[109.883311,32.916287],[109.898855,32.914374],[109.925141,32.900662],[109.937918,32.895819],[109.992605,32.888943],[110.003347,32.88406],[110.040294,32.86164],[110.081716,32.848171],[110.095632,32.841173],[110.103445,32.834174],[110.114838,32.818793],[110.123546,32.813259],[110.215424,32.813259],[110.237885,32.807563],[110.257091,32.796658],[110.274099,32.789862],[110.290457,32.796454],[110.299815,32.801866],[110.309988,32.804633],[110.318126,32.808458],[110.325694,32.827745],[110.33546,32.834337],[110.397634,32.858018],[110.411794,32.856065],[110.403412,32.834337],[110.418468,32.829942],[110.431733,32.832872],[110.44573,32.838324],[110.462169,32.841173],[110.477143,32.836941],[110.497162,32.817979],[110.507091,32.813259],[110.566824,32.829128],[110.591726,32.829657],[110.588959,32.807074],[110.612641,32.819363],[110.616954,32.820665],[110.625011,32.81448],[110.63087,32.798692],[110.636729,32.793402],[110.651378,32.791856],[110.705089,32.799628],[110.705089,32.807074],[110.695974,32.808214],[110.692882,32.810248],[110.690684,32.814073],[110.685313,32.820665],[110.718761,32.837999],[110.746104,32.86164],[110.796397,32.831855],[110.811534,32.827501],[110.814708,32.825019],[110.817963,32.819648],[110.824229,32.814643],[110.83546,32.813259],[110.845714,32.817247],[110.857432,32.831326],[110.866466,32.834337],[110.875255,32.832587],[110.882416,32.828233],[110.893565,32.816962],[110.902273,32.810858],[110.910248,32.811103],[110.9192,32.813341],[110.931082,32.813259],[110.938243,32.810167],[110.952159,32.801378],[110.962413,32.799628],[110.982595,32.806912],[110.993175,32.807074],[110.983653,32.798936],[110.968435,32.790717],[110.9581,32.781195],[110.962413,32.769151],[110.983165,32.752509],[110.992198,32.748236],[111.000011,32.740668]],[[111.477631,32.567816],[111.48406,32.55447],[111.492198,32.530137],[111.547944,32.48489],[111.615245,32.454454],[111.643891,32.434149],[111.665294,32.402371],[111.640717,32.367947],[111.633067,32.349311],[111.637299,32.327257],[111.646414,32.318712],[111.672862,32.303412],[111.699474,32.265163],[111.693614,32.224189],[111.72698,32.19123],[111.771983,32.162869],[111.80128,32.135443],[111.814708,32.092882],[111.827159,32.078721],[111.853038,32.07335],[111.876231,32.075995],[111.931651,32.093858],[111.953054,32.094916],[111.975597,32.091254],[111.993256,32.082831],[112.008067,32.054511],[112.026541,32.046413],[112.157807,32.034206],[112.192882,32.021999],[112.192882,31.991482],[112.185964,31.98489],[112.177745,31.981228],[112.170095,31.975857],[112.164968,31.964179],[112.16448,31.951524],[112.167735,31.93948],[112.173839,31.928534],[112.182058,31.91946],[112.217459,31.895087],[112.220225,31.883612],[112.182546,31.822374],[112.177257,31.797309],[112.195893,31.785997],[112.215912,31.779853],[112.250662,31.749457],[112.268077,31.737616],[112.336681,31.724392],[112.353608,31.713975],[112.369884,31.69245],[112.380951,31.672675],[112.406749,31.606716],[112.41684,31.592597],[112.442393,31.569688],[112.452403,31.550238],[112.450043,31.528103],[112.442556,31.505398],[112.438569,31.484402],[112.440847,31.474677],[112.450206,31.45307],[112.452403,31.443386],[112.449229,31.433539],[112.435069,31.41238],[112.431895,31.405544],[112.425385,31.386013],[112.412364,31.372992],[112.402273,31.358262],[112.404552,31.333523],[112.414806,31.318915],[112.446707,31.302191],[112.462901,31.288845],[112.487804,31.254706],[112.500499,31.24197],[112.5206,31.230496],[112.545421,31.223497],[112.560476,31.221991],[112.567556,31.215399],[112.569753,31.192939],[112.566417,31.182644],[112.551768,31.161933],[112.548432,31.151679],[112.552826,31.139472],[112.574636,31.118354],[112.582774,31.10696],[112.584239,31.086127],[112.567393,31.086249],[112.54184,31.095079],[112.517507,31.100775],[112.506765,31.089179],[112.508067,31.063015],[112.5206,31.018826],[112.533702,30.990749],[112.561697,30.953437],[112.567149,30.94123],[112.572195,30.888699],[112.577729,30.877021],[112.589366,30.869208],[112.664561,30.842882],[112.678966,30.833279],[112.668224,30.830268],[112.637136,30.82571],[112.630463,30.82331],[112.635509,30.807929],[112.644786,30.795518],[112.649669,30.78323],[112.641612,30.768093],[112.625987,30.747626],[112.596283,30.676215],[112.624441,30.657904],[112.703298,30.661566],[112.719819,30.651964],[112.714122,30.640489],[112.687511,30.63113],[112.678966,30.620958],[112.67921,30.605333],[112.690929,30.57099],[112.692556,30.552069],[112.728526,30.574042],[112.748139,30.583116],[112.771414,30.586859],[112.783621,30.576728],[112.81601,30.51793],[112.8296,30.509345],[112.852631,30.499294],[112.874766,30.496039],[112.884288,30.508002],[112.881602,30.555732],[112.89088,30.570746],[112.918468,30.573188],[112.933442,30.563829],[112.951427,30.531277],[112.9699,30.524115],[113.004405,30.525458],[113.023041,30.52379],[113.042003,30.51793],[113.046641,30.517605],[113.059174,30.518988],[113.06308,30.51793],[113.066417,30.51085],[113.065522,30.505235],[113.063487,30.5008],[113.06308,30.497423],[113.063487,30.488959],[113.060313,30.482489],[113.062511,30.47838],[113.0796,30.476996],[113.099213,30.483425],[113.107432,30.483181],[113.11085,30.473253],[113.11142,30.461859],[113.113373,30.45307],[113.117279,30.446723],[113.124034,30.442206],[113.137299,30.439561],[113.146658,30.443549],[113.15504,30.448757],[113.165538,30.449652],[113.175304,30.444525],[113.186615,30.43122],[113.196218,30.428534],[113.289073,30.428534],[113.427338,30.395209],[113.466563,30.395046],[113.48585,30.398993],[113.491466,30.401679],[113.500662,30.408067],[113.5088,30.415839],[113.518158,30.431667],[113.532481,30.447821],[113.540294,30.465033],[113.545665,30.473253],[113.555919,30.481716],[113.590017,30.497423],[113.607432,30.511908],[113.622976,30.531684],[113.634288,30.554023],[113.638438,30.576239],[113.646983,30.586249],[113.73878,30.626899],[113.74822,30.627794],[113.760916,30.622992],[113.782481,30.604763],[113.789236,30.60045],[113.79892,30.604804],[113.807628,30.614325],[113.817475,30.622097],[113.830333,30.620958],[113.83839,30.610907],[113.834483,30.599962],[113.825125,30.591091],[113.816742,30.586859],[113.823416,30.575954],[113.830333,30.575141],[113.837332,30.580186],[113.844005,30.586859],[113.850597,30.595404],[113.852143,30.603217],[113.850678,30.61754],[113.838796,30.64411],[113.840587,30.648261],[113.843354,30.649482],[113.845225,30.651964],[113.848237,30.654568],[113.854503,30.655707],[113.862234,30.653876],[113.863292,30.649522],[113.862315,30.644721],[113.86435,30.641466],[113.878184,30.634304],[113.884858,30.633124],[113.911794,30.633653],[113.920421,30.632839],[113.925141,30.63703],[113.926524,30.651964],[113.930919,30.672675],[113.941498,30.6789],[113.955089,30.67414],[113.968028,30.661933],[113.983897,30.633979],[113.995697,30.624579],[114.018565,30.620958],[114.027436,30.616645],[114.028412,30.607001],[114.027843,30.597357],[114.031993,30.593044],[114.043468,30.594184],[114.069835,30.60045],[114.170665,30.598212],[114.289561,30.566352]]]}},{"type":"Feature","properties":{"kind":"rivers","name":"Dadu","source":"Natural Earth 1:10m"},"geometry":{"type":"MultiLineString","coordinates":[[[100.070242,33.005683],[100.082937,32.992377],[100.113455,32.968329],[100.169037,32.909735],[100.190929,32.898505],[100.193777,32.887397],[100.193126,32.865058],[100.196788,32.858995],[100.215587,32.849921],[100.251394,32.824327],[100.291515,32.803168],[100.334727,32.786404],[100.371186,32.77912],[100.441987,32.726508],[100.453868,32.714545],[100.458507,32.705634],[100.488455,32.683458],[100.49822,32.669013],[100.501557,32.65587],[100.503429,32.642768],[100.508393,32.628241],[100.515717,32.620388],[100.524994,32.615017],[100.53297,32.608832],[100.536388,32.598171],[100.54184,32.586534],[100.554454,32.576524],[100.569347,32.569444],[100.595714,32.563503],[100.638682,32.539496],[100.654389,32.535753],[100.667572,32.534369],[100.679861,32.530382],[100.69337,32.51907],[100.71046,32.522732],[100.725597,32.512478],[100.740815,32.498603],[100.758556,32.491767],[100.766368,32.487494],[100.789643,32.456977],[100.793386,32.454779],[100.796804,32.455512],[100.799897,32.455349],[100.803233,32.450751],[100.805919,32.442328],[100.805675,32.4383],[100.804128,32.434394],[100.803233,32.426581],[100.805186,32.391669],[100.806651,32.385281],[100.810557,32.37519],[100.802664,32.353298],[100.803233,32.341498],[100.813487,32.336697],[100.828217,32.347357],[100.847585,32.356472],[100.871511,32.347113],[100.862804,32.331488],[100.878835,32.320909],[100.91627,32.310167],[100.925304,32.303819],[100.942882,32.295437],[100.950694,32.289659],[100.960216,32.279853],[100.965587,32.272732],[100.979503,32.24079],[100.983897,32.233018],[101.00644,32.205268],[101.0088,32.199246],[101.009369,32.186957],[101.004975,32.169053],[100.974539,32.108181],[100.970876,32.088446],[100.974539,32.03616],[100.977061,32.023871],[100.982921,32.017849],[100.990733,32.014106],[100.99879,32.008816],[101.004893,31.999579],[101.005463,31.982367],[101.009369,31.970974],[101.023936,31.957343],[101.063894,31.94835],[101.081065,31.939968],[101.16627,31.833848],[101.192149,31.814399],[101.241222,31.802191],[101.272227,31.783474],[101.286143,31.779161],[101.329275,31.78616],[101.344493,31.785997],[101.361257,31.781562],[101.391612,31.768988],[101.405854,31.765489],[101.424815,31.765082],[101.4428,31.768093],[101.455984,31.775702],[101.461192,31.78913],[101.47755,31.802924],[101.513927,31.805121],[101.551524,31.800076],[101.571056,31.792263],[101.587494,31.801581],[101.627452,31.815945],[101.646658,31.819525],[101.649506,31.816107],[101.653901,31.809353],[101.660655,31.805243],[101.670095,31.809882],[101.688894,31.828721],[101.694591,31.833197],[101.725597,31.846625],[101.830577,31.861111],[101.840912,31.852973],[101.857026,31.828803],[101.865245,31.819525],[101.87851,31.812608],[101.903087,31.806464],[101.913097,31.799628],[101.906261,31.799628],[101.933604,31.789659],[102.026378,31.710517],[102.029796,31.704047],[102.030935,31.694119],[102.02825,31.6883],[102.024425,31.685004],[102.02296,31.6824],[102.030772,31.666938],[102.050955,31.646593],[102.050304,31.635199],[102.065929,31.619574],[102.071544,31.601386],[102.078136,31.4713],[102.076752,31.453803],[102.070893,31.442084],[101.997081,31.378607],[101.98878,31.367703],[101.993337,31.351386],[102.007335,31.331],[102.024913,31.313585],[102.040294,31.30622],[102.048757,31.298448],[102.040457,31.2803],[102.016124,31.244167],[102.001069,31.202948],[101.988048,31.188788],[101.943289,31.1789],[101.924083,31.167548],[101.907237,31.151964],[101.892589,31.134874],[101.879975,31.11168],[101.874034,31.083604],[101.872081,31.015082],[101.874441,30.998399],[101.884207,30.962999],[101.885753,30.943142],[101.880382,30.907823],[101.885834,30.894599],[101.906261,30.888495],[101.919932,30.867703],[101.933035,30.820502],[101.944021,30.802517],[101.954194,30.798041],[101.963959,30.797675],[101.971446,30.79446],[101.974539,30.781765],[101.975678,30.769843],[101.979503,30.762803],[101.995616,30.750678],[102.002452,30.74669],[102.016612,30.741482],[102.02296,30.737657],[102.029796,30.728461],[102.040538,30.707058],[102.04713,30.702908],[102.054861,30.699327],[102.055268,30.690863],[102.050304,30.672471],[102.051768,30.660915],[102.055431,30.654405],[102.060069,30.649237],[102.064464,30.641466],[102.067556,30.62462],[102.064952,30.536689],[102.068777,30.523871],[102.098643,30.497423],[102.115896,30.477891],[102.121349,30.462226],[102.119151,30.418647],[102.123057,30.398139],[102.143891,30.354844],[102.169851,30.313422],[102.180431,30.290839],[102.18629,30.267035],[102.187999,30.236762],[102.198985,30.222602],[102.203054,30.213487],[102.192393,30.205349],[102.187592,30.185492],[102.17864,30.166815],[102.172862,30.065009],[102.170665,30.058661],[102.177745,30.050564],[102.208507,30.004014],[102.21339,29.989447],[102.214366,29.982245],[102.214692,29.973253],[102.216807,29.965033],[102.226085,29.961005],[102.228282,29.95246],[102.225678,29.935899],[102.220795,29.920437],[102.218028,29.906358],[102.222179,29.89411],[102.211925,29.872016],[102.209402,29.848944],[102.216075,29.774726],[102.213145,29.763983],[102.204682,29.753852],[102.199718,29.742296],[102.202078,29.711127],[102.197683,29.69892],[102.194591,29.693305],[102.195323,29.681179],[102.194265,29.675076],[102.190929,29.670722],[102.182872,29.664171],[102.180593,29.661404],[102.168956,29.641466],[102.165538,29.628526],[102.170665,29.617011],[102.177257,29.593573],[102.15797,29.543036],[102.174327,29.524237],[102.16684,29.500922],[102.177013,29.482367],[102.195893,29.472927],[102.214692,29.477078],[102.222179,29.469591],[102.220144,29.455146],[102.23585,29.390733],[102.25294,29.352891],[102.261322,29.350531],[102.265229,29.344184],[102.278412,29.294013],[102.283621,29.284613],[102.293793,29.277899],[102.307384,29.272081],[102.319347,29.264919],[102.324474,29.253933],[102.333425,29.256659],[102.41627,29.26671],[102.45574,29.275743],[102.47877,29.277777],[102.501231,29.283026],[102.518891,29.295762],[102.550385,29.325629],[102.566742,29.332302],[102.580333,29.332831],[102.59547,29.335761],[102.615733,29.349473],[102.625418,29.350287],[102.647065,29.330837],[102.656993,29.325629],[102.701427,29.325629],[102.777273,29.316352],[102.807709,29.300849],[102.804454,29.271023],[102.818614,29.257432],[102.833425,29.233181],[102.84962,29.215033],[102.869151,29.219794],[102.878347,29.223822],[102.89088,29.226508],[102.901947,29.230821],[102.906749,29.239936],[102.908946,29.250922],[102.920909,29.27497],[102.927257,29.284613],[102.942556,29.300116],[102.958263,29.303331],[102.999278,29.298285],[103.02003,29.291612],[103.026134,29.257514],[103.043386,29.243028],[103.064545,29.244818],[103.084565,29.259141],[103.099539,29.278388],[103.105398,29.294542],[103.11378,29.303656],[103.132823,29.298367],[103.203054,29.253933],[103.217377,29.250922],[103.23935,29.250515],[103.262218,29.245632],[103.27296,29.24787],[103.278819,29.267401],[103.28712,29.285183],[103.291026,29.290839],[103.305756,29.300889],[103.324718,29.308173],[103.337169,29.306749],[103.33253,29.290839],[103.34669,29.293769],[103.366954,29.311876],[103.380382,29.318793],[103.386974,29.314073],[103.397634,29.309638],[103.410085,29.306423],[103.421316,29.305121],[103.433116,29.307196],[103.457937,29.316514],[103.461681,29.318793],[103.478445,29.30744],[103.493093,29.286485],[103.509288,29.271552],[103.530528,29.277777],[103.582123,29.212673],[103.590261,29.208686],[103.601329,29.207831],[103.638764,29.209784],[103.64503,29.213568],[103.646576,29.236843],[103.645518,29.245144],[103.640066,29.26671],[103.640391,29.277777],[103.645925,29.289008],[103.652761,29.295518],[103.658376,29.302517],[103.660818,29.315009],[103.651541,29.336737],[103.630463,29.340684],[103.592052,29.333075],[103.574229,29.339423],[103.561534,29.354112],[103.553722,29.374335],[103.550955,29.397284],[103.554128,29.420111],[103.562022,29.436225],[103.642833,29.521552],[103.677257,29.545111],[103.716238,29.558946]]]}},{"type":"Feature","properties":{"kind":"rivers","name":"Min","source":"Natural Earth 1:10m"},"geometry":{"type":"MultiLineString","coordinates":[[[103.716238,29.558946],[103.741222,29.561347],[103.755056,29.556342],[103.763194,29.544013],[103.788992,29.46247],[103.790538,29.438544],[103.793956,29.421332],[103.812266,29.371772],[103.822276,29.356309],[103.842865,29.344102],[103.860606,29.338162],[103.870209,29.328437],[103.866303,29.305121],[103.860037,29.298448],[103.852061,29.294786],[103.847992,29.289578],[103.852631,29.277777],[103.859467,29.272081],[103.867442,29.271837],[103.876557,29.272773],[103.887543,29.271023],[103.902924,29.263251],[103.952403,29.226264],[103.962901,29.209093],[103.970144,29.168728],[103.979991,29.15119],[104.004812,29.12169],[104.021007,29.115994],[104.043956,29.12698],[104.058849,29.112006],[104.069916,29.096137],[104.084483,29.083686],[104.121511,29.077216],[104.130789,29.073757],[104.138276,29.06863],[104.144786,29.062323],[104.157237,29.048774],[104.16505,29.042589],[104.174815,29.037624],[104.217052,29.030626],[104.235362,29.023464],[104.243093,29.006863],[104.246755,29.0008],[104.266124,28.992214],[104.274099,28.98668],[104.285737,28.974311],[104.285737,28.971137],[104.273204,28.92182],[104.274343,28.902289],[104.287852,28.883653],[104.307546,28.86994],[104.382335,28.832302],[104.424897,28.816596],[104.454112,28.79682],[104.472667,28.791449],[104.492279,28.791938],[104.511241,28.798041],[104.533621,28.819403],[104.547537,28.827338],[104.561534,28.821885],[104.599294,28.784369]]]}},{"type":"Feature","properties":{"kind":"rivers","name":"Lancang","source":"Natural Earth 1:10m"},"geometry":{"type":"MultiLineString","coordinates":[[[96.941335,31.965522],[96.959483,31.952094],[96.974701,31.932481],[96.989757,31.922553],[96.994884,31.913682],[96.992117,31.870673],[96.992931,31.854926],[96.999115,31.845974],[97.01588,31.834174],[97.020763,31.826972],[97.014578,31.799994],[97.013276,31.78913],[97.017589,31.767117],[97.028738,31.752387],[97.061697,31.723944],[97.072195,31.710761],[97.08074,31.694607],[97.086843,31.675157],[97.089122,31.611274],[97.093191,31.600653],[97.102794,31.59752],[97.114024,31.596991],[97.123139,31.594265],[97.128022,31.58751],[97.135753,31.568874],[97.143647,31.559434],[97.167979,31.548855],[97.180105,31.540961],[97.188487,31.522325],[97.202647,31.504218],[97.20574,31.494574],[97.203868,31.482733],[97.194591,31.462592],[97.191498,31.449571],[97.208018,31.392401],[97.216075,31.378241],[97.219005,31.371283],[97.220714,31.35989],[97.220714,31.348009],[97.219493,31.339708],[97.211843,31.328396],[97.203868,31.325466],[97.195242,31.324774],[97.185313,31.320502],[97.161062,31.289171],[97.157237,31.281684],[97.159597,31.270128],[97.169444,31.2508],[97.174327,31.230577],[97.180675,31.221218],[97.195242,31.206895],[97.200206,31.196397],[97.198334,31.185492],[97.193858,31.174994],[97.191498,31.165961],[97.192149,31.129665],[97.198171,31.085232],[97.215424,31.047675],[97.250092,31.031846],[97.269216,31.028103],[97.289073,31.018988],[97.321788,30.997097],[97.36142,30.952948],[97.376964,30.943142],[97.372,30.933173],[97.370209,30.902167],[97.357595,30.870714],[97.355968,30.857123],[97.357432,30.794298],[97.362804,30.771796],[97.37851,30.731879],[97.399099,30.701483],[97.427338,30.677191],[97.482188,30.645372],[97.524099,30.603868],[97.554617,30.583116],[97.557628,30.581814],[97.629405,30.452419],[97.66448,30.405829],[97.670665,30.400092],[97.678722,30.395046],[97.713471,30.388943],[97.723074,30.384141],[97.781749,30.332343],[97.810069,30.299913],[97.827891,30.284288],[97.846202,30.277696],[97.852306,30.27558],[97.862885,30.269965],[97.872976,30.262397],[97.877371,30.254177],[97.879487,30.239529],[97.885265,30.234931],[97.893972,30.233832],[97.904063,30.229926],[97.936941,30.205512],[97.947765,30.18891],[97.951752,30.165107],[97.965831,30.155829],[97.975515,30.14765],[97.979747,30.137478],[97.981375,30.131537],[97.985362,30.128363],[97.990896,30.127143],[97.996755,30.126899],[98.001557,30.123969],[97.999766,30.117377],[97.993337,30.107042],[98.004975,30.063096],[98.015717,30.041327],[98.030935,30.031928],[98.042979,30.021267],[98.051768,29.997178],[98.061615,29.956163],[98.073822,29.940863],[98.089936,29.924831],[98.104096,29.906195],[98.110037,29.883612],[98.113292,29.875434],[98.134288,29.849718],[98.138601,29.840684],[98.140391,29.819892],[98.144216,29.812201],[98.161713,29.807074],[98.210053,29.804267],[98.2199,29.794786],[98.225108,29.781806],[98.260834,29.723456],[98.339285,29.638861],[98.348155,29.623358],[98.34962,29.599921],[98.343435,29.572699],[98.343435,29.565782],[98.346202,29.554551],[98.36142,29.51378],[98.397472,29.453884],[98.404226,29.445095],[98.409597,29.435614],[98.411632,29.424872],[98.416026,29.417182],[98.434662,29.408311],[98.439057,29.397284],[98.436941,29.386664],[98.433197,29.375515],[98.431407,29.365017],[98.435313,29.356309],[98.443614,29.351996],[98.473155,29.342637],[98.479015,29.327094],[98.492686,29.31037],[98.53769,29.269232],[98.547944,29.256619],[98.568858,29.223212],[98.614024,29.167914],[98.631602,29.159532],[98.628347,29.140163],[98.610362,29.103095],[98.604991,29.08336],[98.584076,29.045193],[98.583018,29.023953],[98.592784,29.008409],[98.607514,28.996283],[98.620535,28.982774],[98.624034,28.963162],[98.634288,28.944159],[98.638113,28.930487],[98.638438,28.878607],[98.641531,28.870917],[98.654307,28.855048],[98.654796,28.850165],[98.652761,28.844916],[98.651378,28.835883],[98.652843,28.825507],[98.656505,28.818956],[98.660818,28.813178],[98.66505,28.804796],[98.677826,28.756944],[98.680186,28.724392],[98.685476,28.708604],[98.702729,28.670925],[98.774913,28.572089],[98.780935,28.555854],[98.790538,28.514594],[98.799083,28.499783],[98.812266,28.483954],[98.834483,28.441759],[98.850597,28.401475],[98.862397,28.357042],[98.864268,28.335557],[98.860932,28.319851],[98.846446,28.285753],[98.843028,28.270453],[98.8449,28.250312],[98.850108,28.225043],[98.857921,28.200954],[98.884776,28.150662],[98.90683,28.128852],[98.912608,28.119574],[98.914561,28.096259],[98.901947,28.053982],[98.898448,28.033962],[98.901134,28.011013],[98.908621,27.993516],[98.932546,27.96129],[99.018972,27.883816],[99.034923,27.852078],[99.036388,27.84044],[99.034923,27.817939],[99.037364,27.812079],[99.042003,27.808132],[99.048595,27.804958],[99.048269,27.797471],[99.043061,27.786404],[99.04184,27.780382],[99.044688,27.772162],[99.050792,27.765408],[99.054861,27.759385],[99.047293,27.743476],[99.05071,27.719306],[99.048595,27.708075],[99.038585,27.698106],[99.027192,27.694119],[99.016205,27.691962],[99.007498,27.687567],[99.003673,27.681098],[98.99879,27.669501],[98.997569,27.658393],[99.004242,27.653428],[99.008067,27.648708],[99.011322,27.637559],[99.014415,27.615587],[99.017589,27.60578],[99.031749,27.596503],[99.034923,27.585232],[99.030935,27.571641],[99.022472,27.56623],[99.013194,27.563503],[99.007498,27.557888],[99.009532,27.548285],[99.028087,27.516303],[99.031993,27.504747],[99.037608,27.480048],[99.04184,27.468533],[99.065929,27.437201],[99.069591,27.423774],[99.072846,27.416775],[99.087006,27.401801],[99.090261,27.396796],[99.090587,27.370551],[99.093354,27.358344],[99.100108,27.348415],[99.10849,27.330349],[99.110281,27.302843],[99.10255,27.276882],[99.082612,27.263007],[99.088959,27.24254],[99.098237,27.22488],[99.112641,27.21247],[99.134288,27.207831],[99.146658,27.197699],[99.17213,27.132676],[99.165457,27.11754],[99.16505,27.102322],[99.166433,27.086697],[99.165294,27.070624],[99.16269,27.064765],[99.154796,27.052802],[99.151541,27.043972],[99.149994,27.026801],[99.150401,27.017198],[99.151541,27.009792],[99.177013,26.952745],[99.18629,26.92239],[99.185639,26.886298],[99.183197,26.878038],[99.170095,26.848456],[99.163829,26.839626],[99.161794,26.837917],[99.157319,26.836005],[99.15919,26.831855],[99.165294,26.824815],[99.140554,26.771674],[99.13795,26.755927],[99.141205,26.748114],[99.154063,26.736599],[99.158376,26.728624],[99.159597,26.719265],[99.130463,26.625596],[99.136648,26.607123],[99.126231,26.587104],[99.111339,26.566718],[99.103933,26.547065],[99.110037,26.526475],[99.138438,26.501899],[99.144786,26.482204],[99.142345,26.474636],[99.132416,26.457587],[99.130463,26.447455],[99.142507,26.421413],[99.144786,26.409939],[99.141043,26.400255],[99.133718,26.392035],[99.129405,26.384141],[99.140391,26.36579],[99.143647,26.352607],[99.144949,26.339789],[99.144786,26.331366],[99.14267,26.324571],[99.134044,26.307074],[99.130463,26.296658],[99.13795,26.186794],[99.130626,26.07335],[99.13795,26.029731],[99.148855,26.005642],[99.151541,25.994981],[99.152761,25.908311],[99.156668,25.886542],[99.165294,25.865831],[99.167898,25.864081],[99.171397,25.863471],[99.175548,25.86225],[99.178803,25.858425],[99.183604,25.842475],[99.1963,25.816596],[99.202403,25.807156],[99.209972,25.803168],[99.217459,25.794501],[99.254649,25.734931],[99.267182,25.692247],[99.274425,25.649604],[99.281261,25.629706],[99.297374,25.616889],[99.336518,25.597724],[99.343272,25.591864],[99.350108,25.584093],[99.355235,25.57628],[99.357595,25.570421],[99.356456,25.558173],[99.351573,25.550645],[99.346446,25.545356],[99.344005,25.53974],[99.33782,25.515815],[99.336518,25.505235],[99.33839,25.499945],[99.347179,25.483466],[99.35019,25.47488],[99.35255,25.456366],[99.351329,25.43891],[99.344493,25.425564],[99.329845,25.419623],[99.313406,25.42475],[99.302745,25.433661],[99.297293,25.432969],[99.294526,25.399848],[99.289968,25.38935],[99.288666,25.3817],[99.292003,25.373562],[99.306651,25.359565],[99.309825,25.354763],[99.313731,25.338446],[99.323741,25.323065],[99.367442,25.27851],[99.413503,25.212185],[99.435557,25.199286],[99.472748,25.16531],[99.480561,25.155829],[99.48878,25.139472],[99.508311,25.133368],[99.530935,25.134101],[99.548839,25.138454],[99.558523,25.129096],[99.579112,25.117784],[99.60255,25.108262],[99.620942,25.104315],[99.635346,25.098904],[99.648367,25.085395],[99.730724,24.977647],[99.74114,24.956977],[99.745209,24.914089],[99.754893,24.892035],[99.765636,24.884345],[99.8095,24.862413],[99.826915,24.857856],[99.83546,24.849799],[99.864757,24.795762],[99.892589,24.77143],[99.926524,24.755805],[99.965587,24.746527],[100.076671,24.733425],[100.101003,24.719062],[100.116222,24.670966],[100.128998,24.67475],[100.142996,24.688666],[100.156749,24.707221],[100.163178,24.718126],[100.168956,24.723822],[100.17628,24.72838],[100.189708,24.732774],[100.210216,24.745917],[100.22934,24.751166],[100.281505,24.757392],[100.306244,24.76793],[100.323416,24.76911],[100.372081,24.750922],[100.381847,24.74494],[100.392507,24.735785],[100.417084,24.719265],[100.426524,24.707058],[100.423595,24.703192],[100.418956,24.693427],[100.433523,24.690741],[100.437104,24.681464],[100.433197,24.655544],[100.439708,24.646593],[100.467865,24.626899],[100.474294,24.614285],[100.47877,24.607937],[100.500662,24.587592],[100.508393,24.576117],[100.511241,24.561591],[100.510753,24.53559],[100.515229,24.522732],[100.524343,24.516547],[100.535818,24.514675],[100.545828,24.510606],[100.55714,24.476182],[100.557058,24.465277],[100.546641,24.460639],[100.527354,24.448432],[100.516775,24.420111],[100.515229,24.388007],[100.522716,24.364447],[100.517833,24.350409],[100.516531,24.27143],[100.528819,24.206732],[100.530935,24.162706],[100.519542,24.122585],[100.493907,24.091986],[100.453868,24.076443],[100.412852,24.076443],[100.403087,24.073269],[100.381847,24.062771],[100.381847,24.051703],[100.392345,23.980251],[100.406668,23.935614],[100.407481,23.915961],[100.395518,23.894843],[100.379487,23.882758],[100.339692,23.85989],[100.323416,23.843695],[100.28948,23.764838],[100.271983,23.754259],[100.255382,23.740668],[100.199962,23.668647],[100.197195,23.660671],[100.179454,23.631415],[100.138601,23.47309],[100.134044,23.467353],[100.120209,23.454169],[100.117442,23.449246],[100.104421,23.411689],[100.074311,23.360867],[100.070242,23.346788],[100.072276,23.329698],[100.081391,23.293321],[100.083263,23.27143],[100.077403,23.25377],[100.050548,23.22724],[100.042979,23.212429],[100.095876,23.17121],[100.114024,23.165229],[100.120046,23.155097],[100.142996,23.071316],[100.146658,23.065212],[100.161388,23.060736],[100.181895,23.04975],[100.18629,23.044867],[100.192963,23.030707],[100.208588,23.013739],[100.226736,23.002997],[100.240896,23.007636],[100.248464,23.007636],[100.257091,22.970771],[100.261974,22.959174],[100.269054,22.949652],[100.274343,22.948269],[100.296153,22.959174],[100.29184,22.915554],[100.300873,22.878852],[100.354991,22.790961],[100.361827,22.776801],[100.365489,22.746161],[100.370128,22.72663],[100.371186,22.716498],[100.362804,22.68244],[100.364513,22.67182],[100.368337,22.670437],[100.392345,22.657538],[100.402273,22.649766],[100.437755,22.612006],[100.512706,22.551703],[100.533295,22.53974],[100.553396,22.534613],[100.567882,22.526923],[100.572683,22.50906],[100.570567,22.473212],[100.574962,22.450954],[100.574718,22.437567],[100.566824,22.431586],[100.564057,22.425401],[100.573171,22.411933],[100.585053,22.398871],[100.590912,22.393744],[100.595144,22.386542],[100.625092,22.363349],[100.646658,22.326606],[100.659272,22.314887],[100.639659,22.309394],[100.631358,22.306098],[100.625092,22.301866],[100.61378,22.288398],[100.609304,22.27851],[100.615245,22.273953],[100.637625,22.262478],[100.660818,22.259101],[100.671153,22.255927],[100.679454,22.251532],[100.699474,22.237087],[100.702566,22.231391],[100.709972,22.209052],[100.713878,22.174913],[100.717052,22.168647],[100.731212,22.151435],[100.734386,22.140489],[100.731212,22.132758],[100.724294,22.125108],[100.71933,22.117377],[100.720714,22.109483],[100.730968,22.10871],[100.757253,22.098904],[100.777924,22.087592],[100.762625,22.071723],[100.771414,22.048774],[100.795909,22.013861],[100.803966,22.010362],[100.820811,22.009304],[100.830577,22.007025],[100.855724,21.989529],[100.867279,21.983466],[100.870372,21.975653],[100.871511,21.955512],[100.874522,21.943793],[100.881765,21.937445],[100.89088,21.932644],[100.899506,21.925116],[100.905935,21.913601],[100.910085,21.900824],[100.912527,21.873318],[100.917898,21.860948],[100.929861,21.853583],[100.941905,21.849229],[100.947276,21.846259],[101.029796,21.849392],[101.067393,21.828925],[101.070811,21.822537],[101.06837,21.808417],[101.068858,21.794379],[101.081065,21.78795],[101.108002,21.791449],[101.173839,21.815253],[101.181244,21.796942],[101.163097,21.784044],[101.118663,21.766872],[101.118663,21.760037],[101.124522,21.744412],[101.127371,21.695339],[101.135916,21.684923],[101.148855,21.676947],[101.161143,21.658555],[101.168468,21.638007],[101.166433,21.623481],[101.173595,21.612128],[101.167247,21.600409],[101.157481,21.586453],[101.153901,21.568223],[101.158702,21.552843],[101.160818,21.534857],[101.15683,21.519884],[101.142833,21.513617],[101.003184,21.406195],[100.909679,21.360297],[100.895763,21.355984],[100.862071,21.323513],[100.851085,21.315009],[100.814138,21.300401],[100.791596,21.297553],[100.772227,21.30447],[100.764659,21.309394],[100.756358,21.312608],[100.747488,21.31448],[100.738048,21.315009],[100.725108,21.311876],[100.72169,21.3039],[100.722179,21.292914],[100.720714,21.280829],[100.689138,21.159532],[100.637218,21.069892],[100.625092,21.054267],[100.606456,21.044135],[100.561534,21.035264],[100.543061,21.027615],[100.555593,21.000067],[100.556895,20.992255],[100.551687,20.985541],[100.53297,20.97366],[100.528819,20.968614],[100.526785,20.94713],[100.517345,20.906521],[100.515229,20.886746],[100.533946,20.874091],[100.622569,20.888739],[100.651785,20.883002],[100.651785,20.876776],[100.626231,20.853705],[100.598562,20.833686],[100.568614,20.817979],[100.536388,20.807888],[100.513113,20.807237],[100.47047,20.818468],[100.383393,20.831895],[100.364513,20.828396],[100.350841,20.815497],[100.341726,20.799669],[100.329275,20.7862],[100.289806,20.775214],[100.274343,20.762234],[100.248464,20.732204],[100.221446,20.709784],[100.210948,20.697577],[100.206716,20.680976],[100.202078,20.668077],[100.179698,20.638373],[100.172537,20.622341],[100.172537,20.609239],[100.15976,20.582872],[100.148855,20.548285],[100.136322,20.459418],[100.127045,20.428046],[100.124929,20.406602],[100.120697,20.388983],[100.11085,20.375067],[100.099294,20.362413],[100.09669,20.348578],[100.097179,20.33515],[100.098888,20.317979],[100.096934,20.283393],[100.10255,20.26378],[100.116222,20.248236],[100.134288,20.239285],[100.152192,20.239325],[100.16741,20.253852],[100.166921,20.292792],[100.175955,20.300808],[100.17921,20.30268],[100.201427,20.310492],[100.206716,20.311347],[100.208914,20.313178],[100.22047,20.349189],[100.240001,20.372992],[100.27003,20.392035],[100.306082,20.399848],[100.344005,20.390163],[100.363862,20.369167],[100.421397,20.250312],[100.447032,20.218207],[100.451752,20.210476],[100.45696,20.196601],[100.460704,20.190945],[100.468354,20.185899],[100.485281,20.178982],[100.488455,20.173529],[100.496023,20.165107],[100.512462,20.155463],[100.528819,20.14997],[100.536388,20.153673],[100.54184,20.166938],[100.554698,20.170356],[100.570404,20.167996],[100.584239,20.163601],[100.594493,20.128363],[100.584239,20.012763],[100.593028,19.819403],[100.601573,19.802843],[100.621674,19.810411],[100.631928,19.815945],[100.641775,19.816474],[100.655528,19.813544],[100.668875,19.81505],[100.678233,19.818793],[100.748546,19.858018],[100.779552,19.884874],[100.792084,19.891059],[100.805919,19.892035],[100.927989,19.873318],[100.974539,19.859565],[101.009369,19.834052],[101.013113,19.841132],[101.019542,19.850165],[101.02239,19.85574],[101.029796,19.85574],[101.043224,19.840888],[101.059581,19.845893],[101.084402,19.86876],[101.109386,19.885688],[101.118663,19.889268],[101.131358,19.888739],[101.142019,19.883857],[101.150401,19.878241],[101.169526,19.869005],[101.23463,19.827826],[101.257904,19.821357],[101.5595,19.823513],[101.596934,19.831366],[101.618907,19.85574],[101.606863,19.863145],[101.619395,19.874457],[101.641124,19.884792],[101.656342,19.889268],[101.666515,19.895087],[101.695811,19.922309],[101.707612,19.930854],[101.748057,19.941189],[101.829275,19.948065],[101.865245,19.957546],[101.898692,19.979356],[101.950206,20.034206],[101.974539,20.053738],[101.992198,20.059597],[102.04713,20.053738],[102.063569,20.058173],[102.119151,20.088487],[102.15797,20.092231],[102.190684,20.080675],[102.216807,20.057481],[102.23585,20.026435],[102.246511,19.988105],[102.240896,19.958808],[102.222341,19.935818],[102.194265,19.916571],[102.184988,19.91238],[102.16741,19.906765],[102.160167,19.902899],[102.141531,19.879259],[102.136241,19.875596],[102.127208,19.873481],[102.117686,19.864081],[102.10849,19.861925],[102.085948,19.860216],[102.045421,19.851996],[102.038829,19.848822],[102.029796,19.841498],[102.023855,19.832058],[102.011648,19.805935],[102.00587,19.800482],[101.993175,19.794379],[101.893565,19.705634],[101.885753,19.687201],[101.87672,19.679389],[101.835541,19.657986],[101.824311,19.649685],[101.814952,19.615017],[101.816742,19.481513],[101.820893,19.467149],[101.829112,19.454128],[101.841319,19.440863],[101.856944,19.43122],[101.896414,19.414374],[101.906261,19.403266],[101.899425,19.393419],[101.866222,19.360297],[101.858409,19.344916],[101.853282,19.325466],[101.830333,19.292304],[101.824311,19.27912],[101.823985,19.260199],[101.830577,19.200954],[101.828705,19.180772],[101.820323,19.147284],[101.808604,19.032579],[101.804861,19.021267],[101.803152,19.010565],[101.806895,19.002021],[101.812266,18.99433],[101.814952,18.985053],[101.816905,18.964423],[101.815929,18.94127],[101.805675,18.904161],[101.803233,18.885606],[101.808849,18.870307],[101.851003,18.826687],[101.861746,18.793402],[101.85434,18.763373],[101.824311,18.703721],[101.819591,18.682685],[101.815115,18.640815],[101.810639,18.621853],[101.779307,18.568874],[101.763764,18.549587],[101.742605,18.502265],[101.732188,18.491482],[101.729991,18.488471],[101.707612,18.471015],[101.696056,18.466742],[101.683197,18.464423],[101.670665,18.465359],[101.65976,18.471015],[101.644542,18.457628],[101.626394,18.421169],[101.615164,18.405544],[101.593028,18.390937],[101.577729,18.385077],[101.574229,18.375759],[101.573416,18.364447],[101.571056,18.354926],[101.561534,18.341335],[101.546967,18.325385],[101.529877,18.312079],[101.512462,18.306505],[101.490489,18.303046],[101.481212,18.293809],[101.476166,18.280707],[101.467377,18.26557],[101.420828,18.214708],[101.40325,18.182196],[101.399099,18.141425],[101.404307,18.127794],[101.422944,18.096381],[101.427013,18.084011],[101.433197,18.012315],[101.430919,17.982611],[101.424571,17.954657],[101.423595,17.9289],[101.444835,17.894884],[101.449474,17.884833],[101.456391,17.877387],[101.471202,17.874538],[101.495372,17.879096],[101.504242,17.875841],[101.509044,17.860867],[101.515717,17.860867],[101.523204,17.866645],[101.537364,17.873603],[101.551199,17.87519],[101.557384,17.864569],[101.554698,17.857123],[101.536794,17.826728],[101.536794,17.820502],[101.543468,17.815538],[101.550222,17.81391],[101.557058,17.815538],[101.563569,17.820502]]]}},{"type":"Feature","properties":{"kind":"rivers","name":"Wu","source":"Natural Earth 1:10m"},"geometry":{"type":"MultiLineString","coordinates":[[[106.730886,27.317694],[106.815847,27.317694],[106.822032,27.318712],[106.831554,27.32335],[106.836681,27.32449],[106.842459,27.322455],[106.851573,27.313503],[106.857432,27.311469],[106.862804,27.306667],[106.880382,27.284044],[106.88795,27.276679],[106.907237,27.26907],[106.917735,27.274482],[106.962983,27.33747],[106.975352,27.349921],[106.991466,27.358669],[107.018077,27.359483],[107.036632,27.347032],[107.053966,27.331895],[107.076915,27.32449],[107.097748,27.329047],[107.129893,27.350898],[107.149099,27.358669],[107.189952,27.354275],[107.183197,27.325059],[107.135509,27.263007],[107.129649,27.257188],[107.12379,27.253485],[107.121755,27.249335],[107.128022,27.24254],[107.142589,27.235704],[107.151866,27.238878],[107.160574,27.245673],[107.172862,27.249376],[107.238455,27.251573],[107.327403,27.281521],[107.360444,27.300116],[107.388682,27.32449],[107.398204,27.341335],[107.415131,27.386298],[107.425955,27.403347],[107.434581,27.4112],[107.445079,27.418769],[107.456391,27.424628],[107.480398,27.430691],[107.493256,27.448757],[107.504812,27.454861],[107.516775,27.454942],[107.520763,27.449978],[107.521983,27.442328],[107.525401,27.434353],[107.549083,27.405707],[107.553233,27.403347],[107.561697,27.395819],[107.614675,27.37226],[107.641368,27.372626],[107.667003,27.382839],[107.688731,27.399766],[107.704112,27.420722],[107.684093,27.420722],[107.687511,27.426947],[107.711436,27.441189],[107.723725,27.453477],[107.745128,27.489569],[107.752452,27.489569],[107.770112,27.479031],[107.78655,27.494981],[107.803722,27.530585],[107.813894,27.540473],[107.823985,27.547309],[107.83782,27.550401],[107.86142,27.550849],[107.872488,27.553005],[107.882253,27.557888],[107.892996,27.57392],[107.894054,27.594184],[107.888438,27.636746],[107.898041,27.643419],[107.956716,27.6671],[107.999034,27.702745],[108.015391,27.708075],[108.021658,27.711249],[108.040701,27.725409],[108.049815,27.728583],[108.069021,27.730089],[108.079031,27.732449],[108.087576,27.736029],[108.104991,27.749538],[108.138927,27.794379],[108.161794,27.804958],[108.181163,27.799872],[108.197358,27.791287],[108.210541,27.791287],[108.215912,27.801215],[108.23463,27.864773],[108.246511,27.953477],[108.245372,27.968777],[108.237071,27.984646],[108.19752,28.023993],[108.187022,28.052069],[108.190684,28.078966],[108.202891,28.104071],[108.236095,28.1553],[108.243175,28.172187],[108.245372,28.187852],[108.240245,28.204413],[108.231049,28.215196],[108.220225,28.224473],[108.210541,28.236274],[108.229015,28.25906],[108.251475,28.305609],[108.272553,28.325629],[108.285655,28.330593],[108.296641,28.332709],[108.303966,28.338894],[108.306733,28.356065],[108.301768,28.362331],[108.265717,28.380316],[108.272553,28.392686],[108.28183,28.399522],[108.306733,28.407009],[108.314871,28.40766],[108.323334,28.406806],[108.331472,28.40705],[108.338145,28.410712],[108.359874,28.426337],[108.397634,28.447333],[108.403575,28.451687],[108.407237,28.482367],[108.409923,28.489529],[108.4192,28.493964],[108.447765,28.498358],[108.458263,28.503201],[108.466319,28.514187],[108.472667,28.527411],[108.476654,28.541449],[108.478038,28.554714],[108.483165,28.573839],[108.503429,28.612616],[108.505382,28.639716],[108.484955,28.640245],[108.405772,28.658311],[108.36378,28.677598],[108.3449,28.681952],[108.330089,28.689073],[108.322765,28.705756],[108.320567,28.724962],[108.320404,28.739691],[108.329031,28.7567],[108.367117,28.776923],[108.37558,28.794257],[108.371349,28.815863],[108.361095,28.83039],[108.349701,28.843207],[108.341563,28.859442],[108.340261,28.869167],[108.341319,28.912055],[108.340343,28.919542],[108.30128,29.005927],[108.292084,29.044867],[108.300141,29.086005],[108.290538,29.136542],[108.266694,29.162706],[108.233653,29.18126],[108.19752,29.20893],[108.184825,29.224311],[108.173595,29.242255],[108.165701,29.261583],[108.16269,29.281195],[108.158376,29.292833],[108.149018,29.302069],[108.139659,29.309272],[108.135509,29.315009],[108.128673,29.352891],[108.108328,29.386786],[108.07252,29.396796],[107.952078,29.384792],[107.945404,29.374538],[107.943614,29.349473],[107.938406,29.32628],[107.925385,29.309149],[107.896495,29.284613],[107.891205,29.278754],[107.886811,29.272244],[107.8838,29.265082],[107.882253,29.257351],[107.867279,29.264106],[107.849132,29.276557],[107.833507,29.29206],[107.823985,29.315538],[107.816335,29.321397],[107.805105,29.326036],[107.79184,29.329698],[107.745128,29.339219],[107.72877,29.346137],[107.717703,29.352891],[107.688487,29.377061],[107.679861,29.380194],[107.676524,29.382636],[107.645763,29.397284],[107.634858,29.400458],[107.580577,29.400702],[107.562022,29.409491],[107.526296,29.436591],[107.515717,29.442247],[107.470714,29.518012],[107.478608,29.562852],[107.474864,29.583767],[107.453624,29.592475],[107.431163,29.596625],[107.412364,29.607489],[107.398041,29.622911],[107.388682,29.640937],[107.385671,29.655097],[107.385916,29.666938],[107.388682,29.685329],[107.394054,29.694403],[107.404063,29.703192],[107.409923,29.714301],[107.402436,29.730292]],[[106.730886,27.317694],[106.724132,27.317694]],[[104.592459,26.808295],[104.607432,26.800605],[104.646658,26.769151],[104.654552,26.757392],[104.735769,26.708319],[104.757091,26.699042],[104.764659,26.69892],[104.777924,26.704413],[104.78769,26.705878],[104.798595,26.702704],[104.815929,26.688585],[104.82252,26.685411],[104.837169,26.688056],[104.845225,26.6942],[104.851492,26.701036],[104.860037,26.705878],[104.891368,26.699246],[104.931163,26.687323],[104.935151,26.683946],[104.93629,26.661689],[104.942393,26.646064],[104.956716,26.638251],[104.983653,26.639228],[105.000255,26.64643],[105.020518,26.66002],[105.03769,26.674384],[105.051524,26.692165],[105.066335,26.683865],[105.092784,26.659735],[105.109955,26.648749],[105.127533,26.642279],[105.145763,26.643826],[105.164806,26.656602],[105.184662,26.664374],[105.192556,26.644639],[105.195811,26.598253],[105.216319,26.591417],[105.225841,26.562364],[105.226329,26.556098],[105.231049,26.551947],[105.247081,26.550482],[105.255951,26.548204],[105.275971,26.538438],[105.288097,26.5362],[105.294444,26.539618],[105.314708,26.553982],[105.326182,26.556708],[105.339692,26.552924],[105.346934,26.545518],[105.351085,26.536973],[105.353526,26.529364],[105.353526,26.523993],[105.347179,26.514757],[105.346121,26.508897],[105.348888,26.503607],[105.358409,26.498358],[105.360362,26.492133],[105.362234,26.472602],[105.367279,26.450507],[105.375987,26.429633],[105.387706,26.413357],[105.403331,26.403876],[105.421316,26.39643],[105.436046,26.386298],[105.450776,26.349555],[105.471609,26.340522],[105.496593,26.337714],[105.545665,26.337592],[105.563894,26.340115],[105.578868,26.349148],[105.596772,26.368598],[105.610281,26.376329],[105.675141,26.392849],[105.686697,26.392605],[105.706635,26.387397],[105.716726,26.386013],[105.722585,26.388292],[105.733165,26.398301],[105.737071,26.400255],[105.743175,26.397325],[105.747813,26.392524],[105.751231,26.388007],[105.754242,26.386013],[105.78712,26.387722],[105.803803,26.391913],[105.825857,26.400255],[105.882904,26.429877],[105.90504,26.433783],[105.930186,26.435085],[105.950776,26.438992],[106.075694,26.480984],[106.10963,26.49905],[106.134939,26.5362],[106.150401,26.599433],[106.158783,26.615058],[106.162039,26.626003],[106.157644,26.638617],[106.148692,26.649115],[106.138276,26.65351],[106.132335,26.657335],[106.142345,26.665351],[106.156505,26.672553],[106.162364,26.674018],[106.170665,26.690497],[106.17213,26.708197],[106.1692,26.752509],[106.163097,26.777615],[106.149669,26.793809],[106.135509,26.805691],[106.127452,26.81741],[106.130382,26.838406],[106.14503,26.853583],[106.165619,26.862657],[106.186127,26.86579],[106.196381,26.870063],[106.209727,26.888861],[106.220307,26.893134],[106.238455,26.8935],[106.250418,26.886298],[106.259858,26.878119],[106.264415,26.871527],[106.2706,26.86872],[106.285167,26.872016],[106.290294,26.875678],[106.309255,26.896552],[106.31894,26.899359],[106.339936,26.887397],[106.350352,26.889716],[106.357188,26.89822],[106.358653,26.905707],[106.35849,26.914618],[106.360281,26.927273],[106.366791,26.946072],[106.37794,26.966376],[106.393077,26.982611],[106.437022,26.995958],[106.440033,27.011583],[106.431407,27.029731],[106.422374,27.043972],[106.41212,27.064073],[106.405854,27.083686],[106.402761,27.1046],[106.401866,27.128974],[106.40504,27.141425],[106.412852,27.146918],[106.422944,27.150499],[106.432628,27.156928],[106.446707,27.188056],[106.450206,27.194159],[106.458995,27.196112],[106.481293,27.193142],[106.490652,27.194159],[106.520274,27.222602],[106.607921,27.269884],[106.631277,27.29267],[106.642833,27.298529],[106.714773,27.312364],[106.730886,27.317694]]]}},{"type":"Feature","properties":{"kind":"rivers","name":"Jialing","source":"Natural Earth 1:10m"},"geometry":{"type":"MultiLineString","coordinates":[[[106.881602,34.207953],[106.874766,34.197455],[106.858653,34.196234],[106.826427,34.20421],[106.779714,34.163357],[106.769054,34.15705],[106.757904,34.146999],[106.724132,34.081326],[106.698253,34.061876],[106.687511,34.049099],[106.681733,34.025458],[106.667735,34.000352],[106.6421,33.965196],[106.601492,33.946234],[106.510916,33.924669],[106.47698,33.902533],[106.435557,33.856391],[106.424083,33.834906],[106.411713,33.830024],[106.384858,33.82807],[106.376964,33.824571],[106.362071,33.807318],[106.354015,33.800727],[106.312592,33.795844],[106.306244,33.789903],[106.302989,33.778998],[106.288503,33.755805],[106.285167,33.748969],[106.276296,33.735297],[106.256114,33.739691],[106.223725,33.759141],[106.21046,33.739325],[106.209483,33.7237],[106.213878,33.707953],[106.216889,33.687812],[106.218761,33.682074],[106.22226,33.677314],[106.223888,33.672553],[106.220307,33.666693],[106.205333,33.655626],[106.203217,33.653347],[106.199311,33.651923],[106.175955,33.628852],[106.070079,33.573432],[106.045502,33.546902],[106.022227,33.51496],[106.019786,33.503119],[106.038585,33.474189],[106.044444,33.45893],[106.052419,33.423407],[106.0678,33.378974],[106.081065,33.357856],[106.097179,33.348904],[106.121755,33.345282],[106.136322,33.335761],[106.142345,33.322292],[106.141694,33.306708],[106.136241,33.288764],[106.128184,33.27497],[106.082286,33.22366],[106.068858,33.212104],[106.052419,33.204901],[106.058442,33.186103],[106.060557,33.16295],[106.056895,33.141872],[106.045502,33.129177],[106.085704,33.09101],[106.100841,33.080756],[106.072276,33.00373],[106.059255,32.985175],[105.971609,32.943793],[105.956716,32.933376],[105.953543,32.916205],[105.945079,32.909206],[105.934093,32.904853],[105.922537,32.895819],[105.914561,32.880968],[105.915538,32.870714],[105.919932,32.860216],[105.922537,32.844591],[105.924734,32.840888],[105.933686,32.830634],[105.935802,32.824083],[105.934825,32.816718],[105.930593,32.807725],[105.927175,32.782416],[105.92685,32.771064],[105.929454,32.760321],[105.935802,32.744981],[105.9192,32.746934],[105.910167,32.744452],[105.905365,32.737087],[105.901541,32.724473],[105.901541,32.686632],[105.900483,32.683783],[105.898204,32.679389],[105.895925,32.673448],[105.893077,32.656073],[105.889089,32.651801],[105.884532,32.64879],[105.881114,32.642524],[105.867442,32.591376],[105.865245,32.576483],[105.855479,32.560004],[105.853282,32.54975],[105.861339,32.507676],[105.860606,32.491767],[105.85255,32.470404],[105.836518,32.445828],[105.81544,32.427069],[105.79184,32.423448],[105.795095,32.417426],[105.802013,32.401638],[105.805431,32.395535],[105.76767,32.393093],[105.750662,32.38703],[105.737071,32.375027],[105.709076,32.31977],[105.713634,32.316759],[105.730968,32.308458],[105.737804,32.303778],[105.731375,32.297065],[105.716726,32.286241],[105.715424,32.272732],[105.717784,32.258246],[105.722667,32.245673],[105.729747,32.23786],[105.723888,32.229315],[105.723643,32.223741],[105.727143,32.219184],[105.733409,32.213975],[105.737722,32.205105],[105.731619,32.19892],[105.722585,32.194444],[105.716726,32.190701],[105.688731,32.149115],[105.711681,32.142849],[105.715424,32.12877],[105.712901,32.111029],[105.716726,32.093858],[105.707937,32.092149],[105.7046,32.089871],[105.702078,32.08629],[105.695567,32.080837],[105.70574,32.075019],[105.709239,32.06684],[105.70574,32.058661],[105.695567,32.052924],[105.701915,32.045518],[105.717052,32.037665],[105.723562,32.032416],[105.727143,32.024034],[105.72755,32.010606],[105.733409,32.002021],[105.741222,31.996853],[105.746593,31.995673],[105.749766,31.992377],[105.750662,31.980902],[105.749604,31.971381],[105.744395,31.953721],[105.743337,31.943061],[105.757742,31.950141],[105.768321,31.948432],[105.776785,31.944037],[105.784923,31.943061],[105.794037,31.947292],[105.803966,31.957628],[105.812755,31.964179],[105.820567,31.951687],[105.822846,31.940863],[105.81837,31.931342],[105.805431,31.922553],[105.839692,31.910427],[105.853282,31.908881],[105.845876,31.884711],[105.838878,31.876288],[105.825857,31.874132],[105.825857,31.867947],[105.831716,31.863715],[105.835053,31.860297],[105.835704,31.855577],[105.833425,31.84748],[105.848074,31.850287],[105.85906,31.855292],[105.869151,31.858344],[105.881114,31.854926],[105.873139,31.82335],[105.8921,31.799384],[105.921153,31.789374],[105.943289,31.799628],[105.943858,31.780463],[105.935069,31.763495],[105.933849,31.749091],[105.956716,31.737616],[105.940115,31.723578],[105.938731,31.708564],[105.948171,31.6942],[105.963145,31.6824],[105.956391,31.682929],[105.935802,31.6824],[105.94044,31.67296],[105.943289,31.669298],[105.936941,31.663886],[105.931651,31.657253],[105.928396,31.649604],[105.928803,31.641384],[105.934255,31.635443],[105.942556,31.635932],[105.951264,31.637641],[105.956716,31.635199],[105.961436,31.618516],[105.963145,31.586778],[105.97047,31.573106],[105.982595,31.582465],[105.997976,31.609158],[106.008067,31.614691],[106.052419,31.579901],[106.059255,31.568671],[106.064138,31.552354],[106.060802,31.537787],[106.042084,31.531521],[106.030691,31.525214],[106.021007,31.511339],[106.020112,31.497423],[106.035248,31.491156],[106.038097,31.483751],[106.039806,31.448513],[106.038666,31.436591],[106.024669,31.412624],[106.0206,31.400255],[106.028412,31.394965],[106.034679,31.393866],[106.048106,31.389228],[106.055919,31.388129],[106.065115,31.385199],[106.069265,31.378526],[106.070811,31.371609],[106.073009,31.367703],[106.08839,31.363471],[106.119884,31.358669],[106.134939,31.354031],[106.134939,31.347195],[106.117279,31.337917],[106.114757,31.321723],[106.12322,31.310655],[106.138276,31.316759],[106.151459,31.329454],[106.197032,31.361436],[106.208995,31.336778],[106.210704,31.330105],[106.213878,31.32628],[106.22169,31.326483],[106.230398,31.327582],[106.236827,31.326687],[106.247325,31.318712],[106.258556,31.308173],[106.267345,31.2956],[106.270925,31.281684],[106.267833,31.26789],[106.259939,31.252265],[106.250011,31.23782],[106.240489,31.227118],[106.228038,31.221137],[106.214366,31.216579],[106.211436,31.211249],[106.230479,31.203192],[106.243337,31.207139],[106.249522,31.197292],[106.253673,31.181016],[106.261241,31.165961],[106.287852,31.146552],[106.292003,31.144843],[106.296641,31.131863],[106.307546,31.130194],[106.326182,31.134874],[106.346202,31.120307],[106.346772,31.107042],[106.341319,31.094753],[106.343435,31.083075],[106.351329,31.079942],[106.361746,31.079617],[106.370697,31.077663],[106.374522,31.069688],[106.39503,31.045518],[106.378184,31.033515],[106.355968,31.030219],[106.332937,31.029486],[106.312511,31.02501],[106.325043,31.013617],[106.344656,30.998969],[106.356863,30.985297],[106.34669,30.97663],[106.33253,30.980007],[106.297537,31.003201],[106.279063,31.01142],[106.256114,31.016669],[106.255951,31.013495],[106.257823,31.004584],[106.261729,30.996161],[106.271495,30.992377],[106.270925,30.984076],[106.258311,30.965115],[106.240489,30.962266],[106.200206,30.970404],[106.188406,30.959744],[106.180756,30.912787],[106.172537,30.902167],[106.161143,30.893663],[106.141124,30.852159],[106.131277,30.836697],[106.09962,30.801947],[106.085704,30.780382],[106.079682,30.761257],[106.089122,30.746039],[106.106456,30.728583],[106.115652,30.711249],[106.100841,30.696112],[106.088308,30.709337],[106.072195,30.714138],[106.058442,30.707302],[106.052419,30.685858],[106.057384,30.665717],[106.069835,30.666368],[106.087413,30.672471],[106.107026,30.668769],[106.118907,30.649929],[106.106375,30.634711],[106.083018,30.624701],[106.062999,30.620958],[106.062755,30.61404],[106.069265,30.579535],[106.066742,30.566352],[106.084076,30.571723],[106.093761,30.576361],[106.098399,30.574286],[106.100841,30.559516],[106.096609,30.54914],[106.089366,30.538845],[106.089366,30.531806],[106.107026,30.531602],[106.120046,30.538886],[106.132904,30.549872],[106.145112,30.553494],[106.155365,30.538398],[106.152924,30.532172],[106.141694,30.483181],[106.11378,30.500759],[106.10377,30.499701],[106.090343,30.486884],[106.095307,30.477851],[106.135346,30.455268],[106.148529,30.449652],[106.152761,30.465155],[106.164561,30.463446],[106.177013,30.450466],[106.182872,30.432237],[106.185964,30.413113],[106.19337,30.411566],[106.202566,30.421332],[106.210704,30.435981],[106.224701,30.398301],[106.230479,30.387559],[106.243175,30.375352],[106.254975,30.370063],[106.266775,30.366645],[106.279063,30.360297],[106.250418,30.339789],[106.264903,30.327704],[106.268565,30.305365],[106.264903,30.281562],[106.257823,30.264716],[106.251964,30.270453],[106.241954,30.278144],[106.236827,30.285183],[106.226329,30.250067],[106.220307,30.240505],[106.203217,30.203233],[106.205496,30.189724],[106.211681,30.186794],[106.221283,30.185858],[106.233653,30.178412],[106.235037,30.170844],[106.230072,30.160915],[106.216889,30.14057],[106.22991,30.136908],[106.249522,30.15412],[106.264659,30.154853],[106.263276,30.147528],[106.26295,30.133409],[106.268484,30.124945],[106.285167,30.134345],[106.289561,30.123847],[106.285655,30.114854],[106.277843,30.105414],[106.270925,30.09337],[106.294851,30.091986],[106.309581,30.085557],[106.31544,30.07099],[106.311615,30.03738],[106.309662,30.028388],[106.303152,30.020819],[106.27589,30.01435],[106.271495,30.006537],[106.273204,29.99726],[106.279063,29.989691],[106.285167,29.989691],[106.295828,30.002061],[106.319021,30.002061],[106.337494,29.989325],[106.333018,29.962999],[106.362071,29.946885],[106.379242,29.926622],[106.408702,29.873643],[106.426362,29.853461],[106.509369,29.782294],[106.520112,29.769477],[106.524832,29.753852],[106.523529,29.721381],[106.516694,29.703437],[106.501231,29.695502],[106.470795,29.705878],[106.456391,29.704291],[106.450206,29.685329],[106.452159,29.677598],[106.461029,29.662421],[106.463878,29.654568],[106.462413,29.650702],[106.459402,29.645128],[106.458507,29.637519],[106.463878,29.627265],[106.459239,29.595567],[106.497813,29.577094],[106.550222,29.573269],[106.586843,29.585639]]]}},{"type":"Feature","properties":{"kind":"rivers","name":"Yalong","source":"Natural Earth 1:10m"},"geometry":{"type":"MultiLineString","coordinates":[[[97.616628,34.064236],[97.60906,34.046007],[97.591319,34.033718],[97.345714,33.942084],[97.328298,33.931912],[97.313243,33.920478],[97.235769,33.841986],[97.226736,33.834906],[97.216401,33.831732],[97.190847,33.828803],[97.181895,33.824327],[97.172374,33.81745],[97.164643,33.81448],[97.159272,33.809638],[97.157237,33.797065],[97.159434,33.787706],[97.171641,33.759141],[97.217296,33.554145],[97.223562,33.538275],[97.231944,33.524115],[97.243663,33.50906],[97.248057,33.494086],[97.24822,33.474921],[97.251557,33.458319],[97.276378,33.444892],[97.331716,33.373155],[97.344168,33.360907],[97.359386,33.35574],[97.396902,33.352607],[97.417003,33.348171],[97.431651,33.341417],[97.473888,33.358222],[97.518647,33.370063],[97.564545,33.376166],[97.609793,33.375556],[97.672374,33.363634],[97.695404,33.361925],[97.715831,33.368516],[97.749441,33.399766],[97.768077,33.409735],[97.800548,33.402371],[97.840017,33.376573],[97.875662,33.343329],[97.897227,33.313544],[97.899343,33.304145],[97.901378,33.281358],[97.904063,33.272528],[97.911388,33.262966],[97.951264,33.228624],[97.969493,33.22248],[98.045665,33.215115],[98.055431,33.211127],[98.060313,33.205146],[98.065115,33.19599],[98.071056,33.187527],[98.079112,33.183783],[98.116303,33.179755],[98.157807,33.170193],[98.172944,33.158393],[98.186453,33.142442],[98.201915,33.128363],[98.223399,33.122341],[98.237641,33.1164],[98.319753,33.0456],[98.336925,33.014594],[98.364024,32.936794],[98.391612,32.904975],[98.432384,32.888983],[98.521007,32.868476],[98.576427,32.844428],[98.593272,32.841173],[98.60377,32.846544],[98.612234,32.859198],[98.61964,32.873969],[98.627452,32.885565],[98.643891,32.890163],[98.664643,32.883368],[98.761241,32.820665],[98.765636,32.833686],[98.775808,32.832221],[98.788097,32.825019],[98.799083,32.820665],[98.816905,32.817694],[98.822032,32.809516],[98.824229,32.797431],[98.8331,32.782823],[98.851654,32.759345],[98.862397,32.752875],[98.87794,32.755479],[98.904307,32.764472],[98.905284,32.766059],[98.914806,32.76378],[98.925792,32.754503],[98.935964,32.752387],[98.953543,32.754706],[98.981456,32.764431],[98.99407,32.766059],[99.003917,32.762315],[99.04184,32.738105],[99.049734,32.728135],[99.056163,32.703681],[99.062266,32.689765],[99.095876,32.650458],[99.103933,32.635118],[99.089854,32.627753],[99.082123,32.610053],[99.081716,32.589708],[99.090261,32.574286],[99.071544,32.562283],[99.064464,32.539618],[99.065033,32.513699],[99.069591,32.491767],[99.082612,32.456651],[99.082612,32.443915],[99.076752,32.437323],[99.053722,32.423611],[99.043224,32.414862],[99.031505,32.412543],[99.019786,32.408637],[99.014415,32.398953],[99.010265,32.383653],[99.000255,32.37877],[98.988048,32.377143],[98.966563,32.367255],[98.951671,32.365261],[98.938243,32.361151],[98.932546,32.350857],[98.934988,32.338935],[98.952891,32.299913],[98.976573,32.305528],[98.995942,32.299994],[99.013276,32.290961],[99.031505,32.286241],[99.04127,32.285102],[99.062266,32.279975],[99.072765,32.278835],[99.082286,32.282782],[99.106619,32.301052],[99.117442,32.306749],[99.142019,32.308214],[99.203136,32.293077],[99.225515,32.292426],[99.245697,32.289008],[99.264415,32.280626],[99.281993,32.265163],[99.302338,32.231635],[99.32366,32.186957],[99.326671,32.17536],[99.333751,32.170274],[99.340831,32.168321],[99.344005,32.165839],[99.345144,32.150702],[99.348399,32.147162],[99.354747,32.147081],[99.364513,32.142279],[99.39503,32.117621],[99.412201,32.110622],[99.43629,32.108181],[99.455333,32.102973],[99.463878,32.089301],[99.467459,32.046698],[99.471446,32.027899],[99.480479,32.007351],[99.494151,31.99079],[99.511811,31.983995],[99.528575,31.975165],[99.561046,31.932156],[99.576182,31.916327],[99.635834,31.896755],[99.64503,31.885037],[99.647227,31.875352],[99.656668,31.853624],[99.658702,31.844021],[99.656749,31.822577],[99.658376,31.817003],[99.665538,31.806464],[99.68214,31.79088],[99.720714,31.772895],[99.737641,31.762152],[99.752045,31.743435],[99.781668,31.676134],[99.806163,31.651719],[99.841319,31.640937],[99.970225,31.628852],[100.017833,31.616034],[100.060557,31.595567],[100.090017,31.56627],[100.096934,31.545193],[100.102306,31.500596],[100.114024,31.480984],[100.140554,31.460273],[100.155528,31.453681],[100.15919,31.445868],[100.161632,31.436632],[100.165131,31.429145],[100.183116,31.416612],[100.206147,31.405707],[100.226166,31.392117],[100.234793,31.371405],[100.239268,31.349677],[100.268891,31.298774],[100.282319,31.25727],[100.291515,31.191921],[100.305186,31.150458],[100.309825,31.128038],[100.309825,31.064521],[100.306407,31.052314],[100.308604,31.040839],[100.308849,30.959255],[100.307872,30.950792],[100.306244,30.943671],[100.302989,30.936306],[100.278901,30.918728],[100.266205,30.896023],[100.245128,30.888739],[100.199962,30.881659],[100.163829,30.856716],[100.149832,30.821112],[100.152192,30.779893],[100.197032,30.657986],[100.217703,30.626329],[100.248464,30.60045],[100.271983,30.584581],[100.288829,30.570258],[100.316742,30.538398],[100.332774,30.52501],[100.355724,30.514431],[100.382335,30.507392],[100.409434,30.50491],[100.440115,30.463324],[100.453624,30.448798],[100.463145,30.444037],[100.53297,30.438666],[100.562511,30.430528],[100.577403,30.414903],[100.587983,30.420762],[100.594005,30.419786],[100.604584,30.408067],[100.605235,30.405219],[100.604584,30.391303],[100.606456,30.387152],[100.610362,30.387478],[100.614838,30.388861],[100.618256,30.387559],[100.628673,30.374864],[100.63974,30.366807],[100.666108,30.354071],[100.680919,30.34337],[100.69101,30.330634],[100.707042,30.298855],[100.716563,30.285427],[100.728038,30.272325],[100.737722,30.257921],[100.741791,30.240505],[100.750255,30.225898],[100.787364,30.221055],[100.80421,30.193427],[100.822846,30.194037],[100.842865,30.199042],[100.854503,30.19953],[100.863048,30.189724],[100.866222,30.187038],[100.915701,30.196072],[100.936697,30.207587],[100.956635,30.210639],[100.977957,30.209093],[100.995697,30.203233],[101.002208,30.18004],[100.99879,30.157294],[100.991954,30.136013],[100.98821,30.117255],[100.994395,30.11046],[101.006114,30.107001],[101.013194,30.101833],[101.005626,30.089952],[101.001964,30.082221],[101.00351,30.073106],[101.007253,30.063056],[101.009369,30.052436],[101.003022,30.006903],[101.003022,29.981147],[101.012462,29.969835],[101.027192,29.960476],[101.061941,29.916124],[101.070811,29.901557],[101.086925,29.859158],[101.090343,29.839179],[101.08839,29.75377],[101.084402,29.736436],[101.072358,29.712348],[101.070811,29.702338],[101.074148,29.691474],[101.088145,29.671698],[101.091238,29.665107],[101.089936,29.66059],[101.083751,29.647895],[101.081065,29.643988],[101.080089,29.640489],[101.083425,29.629828],[101.084402,29.623847],[101.086681,29.617377],[101.118337,29.575629],[101.125092,29.569892],[101.132253,29.565782],[101.124766,29.52794],[101.152354,29.464667],[101.139659,29.428575],[101.107188,29.399726],[101.087576,29.386054],[101.074229,29.380194],[101.07252,29.378363],[101.058604,29.369656],[101.050304,29.366523],[101.039806,29.367051],[101.030528,29.370673],[101.021088,29.372138],[101.009369,29.366523],[101.009369,29.359727],[101.01588,29.350287],[101.018158,29.345486],[101.015636,29.346055],[101.021495,29.344509],[101.029307,29.345242],[101.035492,29.34809],[101.036062,29.352891],[101.040701,29.342353],[101.042979,29.331977],[101.054617,29.202948],[101.061697,29.1789],[101.074229,29.167914],[101.093761,29.160834],[101.105235,29.143256],[101.118663,29.099677],[101.151378,29.029975],[101.149913,29.013373],[101.142833,29.003363],[101.142182,28.994249],[101.150401,28.966661],[101.160818,28.960476],[101.172455,28.956163],[101.180675,28.948798],[101.184255,28.928005],[101.173839,28.86286],[101.175141,28.796454],[101.180675,28.776923],[101.186046,28.768663],[101.191417,28.764675],[101.196707,28.759874],[101.201101,28.749579],[101.202566,28.739285],[101.201915,28.684923],[101.242117,28.495185],[101.270437,28.415961],[101.279796,28.399115],[101.292979,28.383653],[101.31129,28.374701],[101.331065,28.372138],[101.349864,28.36579],[101.365001,28.345526],[101.366628,28.335761],[101.363292,28.315863],[101.365001,28.304551],[101.369395,28.298163],[101.382742,28.285753],[101.385509,28.280707],[101.384044,28.257351],[101.371755,28.201524],[101.378917,28.166083],[101.408214,28.140937],[101.443126,28.118964],[101.467377,28.092882],[101.478282,28.070746],[101.487315,28.063056],[101.525971,28.065009],[101.540538,28.073676],[101.571056,28.133857],[101.587901,28.149604],[101.608328,28.164618],[101.625418,28.180447],[101.632416,28.198432],[101.634776,28.208441],[101.644542,28.227851],[101.652924,28.284044],[101.652924,28.325629],[101.655772,28.33629],[101.666515,28.36286],[101.674408,28.372138],[101.71046,28.396674],[101.721202,28.407009],[101.746023,28.474392],[101.749115,28.492947],[101.745046,28.534857],[101.74822,28.550401],[101.762787,28.565253],[101.828136,28.594062],[101.84962,28.612087],[101.875987,28.618354],[101.903819,28.621202],[101.919932,28.620469],[101.937999,28.606757],[101.936046,28.592597],[101.925873,28.577582],[101.913829,28.54446],[101.872081,28.482733],[101.864268,28.442694],[101.881928,28.363349],[101.885753,28.325629],[101.883556,28.316514],[101.874278,28.294989],[101.861908,28.277655],[101.86085,28.26907],[101.860932,28.260321],[101.858409,28.249945],[101.848237,28.231716],[101.813731,28.191596],[101.796397,28.160509],[101.791596,28.146308],[101.790538,28.139268],[101.790131,28.130154],[101.786713,28.109483],[101.771983,28.07746],[101.769054,28.058173],[101.773936,28.036811],[101.785574,28.028347],[101.824311,28.023993],[101.845225,28.024237],[101.854503,28.021674],[101.858409,28.013129],[101.853526,28.0067],[101.827159,27.989285],[101.822846,27.980658],[101.839447,27.96251],[101.861257,27.946804],[101.872081,27.944892],[101.868582,27.923774],[101.85963,27.911241],[101.848562,27.900946],[101.837901,27.886176],[101.867442,27.886094],[101.882335,27.876532],[101.885346,27.859809],[101.878917,27.838446],[101.91155,27.82453],[101.924897,27.786241],[101.934255,27.743109],[101.9546,27.714911],[101.977306,27.710883],[101.997081,27.712429],[102.010834,27.707587],[102.016124,27.684516],[102.015147,27.665839],[102.010916,27.642768],[102.002615,27.622626],[101.98878,27.612494],[101.994395,27.603868],[101.99822,27.59573],[102.000499,27.587999],[102.001394,27.580675],[101.997569,27.560126],[101.97877,27.519843],[101.974539,27.496405],[101.97226,27.430487],[101.960867,27.365505],[101.950125,27.337226],[101.937266,27.317003],[101.90325,27.280097],[101.889089,27.257636],[101.871349,27.205349],[101.858409,27.180487],[101.868175,27.176052],[101.874278,27.166693],[101.87672,27.157416],[101.875499,27.153144],[101.875662,27.150946],[101.844737,27.139512],[101.828705,27.128038],[101.815522,27.11461],[101.80657,27.097439],[101.803233,27.074327],[101.797944,27.056098],[101.773692,27.011786],[101.72877,26.968817],[101.708425,26.962022],[101.696788,26.956814],[101.687104,26.947781],[101.699311,26.932156],[101.702729,26.893134],[101.72519,26.848456],[101.732188,26.844672],[101.769054,26.837917],[101.796479,26.817694],[101.836436,26.763454],[101.865245,26.742947],[101.855968,26.732042],[101.824311,26.674018],[101.82366,26.669257],[101.825206,26.65823],[101.824311,26.65351],[101.813406,26.638129],[101.796397,26.605089]]]}},{"type":"Feature","properties":{"kind":"rivers","name":"Huang","source":"Natural Earth 1:10m"},"geometry":{"type":"MultiLineString","coordinates":[[[96.164154,35.129665],[96.22877,35.111762],[96.249278,35.109198],[96.483165,35.105658],[96.53419,35.096137],[96.654877,35.050116],[96.705496,35.047716],[96.747651,35.053249],[96.81129,35.061347],[96.829275,35.0539],[96.867931,35.0185],[96.889903,35.006781],[96.946707,34.999701],[96.97462,34.991645],[96.986746,34.975694],[96.994884,34.94835],[97.015391,34.937445],[97.042084,34.932807],[97.072032,34.930609]],[[97.762787,35.08808],[97.795909,35.111111],[97.848888,35.11225],[97.951752,35.096137],[97.991628,35.080593],[98.018484,35.049425],[98.042979,35.012315],[98.075857,34.978827],[98.10849,34.953884],[98.124441,34.937038],[98.131277,34.920762],[98.131114,34.91002],[98.132416,34.900255],[98.137299,34.893378],[98.147553,34.890692],[98.161794,34.889228],[98.192149,34.87641],[98.263682,34.860785],[98.275076,34.852159],[98.284679,34.842108],[98.306651,34.835517],[98.34962,34.827989],[98.37794,34.815294],[98.391775,34.79682],[98.396251,34.773627],[98.395763,34.74669],[98.395112,34.719835],[98.402192,34.666775],[98.401459,34.649278],[98.394786,34.634874],[98.380951,34.619167],[98.361908,34.610419],[98.34075,34.606757],[98.326671,34.598171],[98.329845,34.574774],[98.345144,34.563259],[98.394786,34.547431],[98.405528,34.537218],[98.413503,34.526638],[98.452159,34.503282],[98.466319,34.492214],[98.467296,34.488064],[98.46575,34.476874],[98.466319,34.472357],[98.469249,34.468614],[98.478445,34.459744],[98.479991,34.458686],[98.490164,34.424384],[98.497081,34.414008],[98.51474,34.40119],[98.627371,34.357449],[98.641124,34.355048],[98.709727,34.355048],[98.724294,34.368598],[98.724294,34.399522],[98.720714,34.433214],[98.723643,34.454942],[98.733979,34.457872],[98.78297,34.451239],[98.797862,34.455675],[98.836925,34.479193],[98.867931,34.478705],[98.928233,34.45307],[98.952891,34.458686],[98.970876,34.446845],[98.97934,34.439399],[98.986501,34.430772],[99.002045,34.436876],[99.016205,34.432644],[99.04184,34.410264],[99.044688,34.409695],[99.053233,34.410997],[99.056082,34.410264],[99.057221,34.406358],[99.056895,34.397244],[99.062266,34.387152],[99.069591,34.362494],[99.045909,34.321153],[99.037852,34.300645],[99.034923,34.270046],[99.036713,34.253607],[99.041596,34.243516],[99.056082,34.225898],[99.063569,34.213935],[99.067556,34.205024],[99.069347,34.194403],[99.069591,34.177517],[99.070567,34.171088],[99.074962,34.16002],[99.075776,34.153347],[99.073741,34.146186],[99.064382,34.132595],[99.062266,34.125678],[99.060069,34.112901],[99.050792,34.083441],[99.048595,34.071357],[99.048432,34.046007],[99.050385,34.034776],[99.056082,34.019843],[99.067393,33.998847],[99.068777,33.986884],[99.062266,33.971462],[99.081472,33.966824],[99.096772,33.950141],[99.106944,33.929633],[99.110606,33.913398],[99.119233,33.906684],[99.17213,33.875841],[99.248057,33.784369],[99.281993,33.759141],[99.306163,33.746609],[99.322846,33.743232],[99.361095,33.746161],[99.369233,33.74787],[99.376882,33.752753],[99.382335,33.760199],[99.384288,33.769721],[99.386485,33.775417],[99.390147,33.779608],[99.392019,33.783962],[99.384858,33.794257],[99.381114,33.801459],[99.378429,33.809027],[99.378184,33.814399],[99.395274,33.827216],[99.42213,33.82807],[99.480479,33.818468],[99.501231,33.809109],[99.525483,33.802802],[99.531749,33.793077],[99.535492,33.781928],[99.542003,33.773464],[99.569347,33.765977],[99.586436,33.76793],[99.645763,33.765652],[99.658702,33.769721],[99.692475,33.795478],[99.694347,33.800116],[99.697276,33.804796],[99.703298,33.806952],[99.72755,33.806952],[99.771495,33.799994],[99.792247,33.79267],[99.814952,33.778388],[99.837006,33.775662],[99.847341,33.769721],[99.857839,33.761298],[99.875662,33.752753],[99.885916,33.746161],[99.892345,33.73904],[99.901459,33.723415],[99.905772,33.718207],[99.915538,33.713243],[99.92392,33.712104],[99.933035,33.709744],[99.959239,33.690619],[99.999115,33.675645],[100.015636,33.663601],[100.013764,33.663845],[100.015636,33.657335],[100.019135,33.648953],[100.022472,33.643134],[100.048269,33.618354],[100.053152,33.61518],[100.064138,33.610907],[100.070567,33.601508],[100.074962,33.592108],[100.080089,33.587917],[100.124929,33.581651],[100.148692,33.573594],[100.158946,33.574246],[100.16684,33.578681],[100.171397,33.585557],[100.174083,33.591905],[100.175955,33.594672],[100.187266,33.599473],[100.226166,33.623358],[100.237804,33.632514],[100.280691,33.677314],[100.288666,33.691514],[100.286143,33.706488],[100.27589,33.719835],[100.263438,33.732611],[100.254649,33.746161],[100.240896,33.738715],[100.245616,33.760321],[100.267182,33.761908],[100.316742,33.746161],[100.323334,33.757595],[100.357839,33.756415],[100.375011,33.762559],[100.404796,33.786933],[100.421641,33.796739],[100.436697,33.800727],[100.449148,33.806098],[100.479991,33.829535],[100.498546,33.834906],[100.516775,33.837714],[100.564952,33.854804],[100.58074,33.865302],[100.604503,33.889187],[100.632091,33.910468],[100.663992,33.925564],[100.700206,33.930487],[100.766043,33.928168],[100.782237,33.924262],[100.791026,33.912706],[100.801524,33.893826],[100.814545,33.879828],[100.830577,33.883328],[100.836518,33.861518],[100.850352,33.833564],[100.869884,33.807969],[100.8921,33.79328],[100.896983,33.799831],[100.898204,33.802802],[100.899506,33.806952],[100.903901,33.789618],[100.912039,33.78559],[100.920421,33.787136],[100.926199,33.786444],[100.930186,33.77794],[100.928722,33.770941],[100.922374,33.764919],[100.912527,33.759141],[100.958995,33.738064],[100.97991,33.737494],[100.995697,33.751736],[100.99464,33.742743],[100.996104,33.733466],[101.000662,33.726589],[101.009369,33.725043],[101.016531,33.7296],[101.019542,33.73782],[101.021495,33.74726],[101.034434,33.771755],[101.034434,33.791083],[101.028331,33.809841],[101.019054,33.824327],[101.015636,33.831366],[101.01474,33.84044],[101.015636,33.858507],[101.018321,33.871934],[101.025483,33.876899],[101.034597,33.87698],[101.043468,33.875841],[101.063975,33.863796],[101.074229,33.861599],[101.10255,33.862576],[101.111827,33.861599],[101.139089,33.844428],[101.182872,33.786078],[101.236257,33.75963],[101.260753,33.732123],[101.288178,33.711371],[101.323334,33.718207],[101.335541,33.708197],[101.356619,33.703721],[101.376557,33.69713],[101.385509,33.680691],[101.389659,33.676622],[101.399099,33.677843],[101.408376,33.682196],[101.417735,33.694525],[101.42921,33.692165],[101.442963,33.686632],[101.454275,33.684109],[101.46282,33.687323],[101.483897,33.700385],[101.495372,33.704535],[101.508718,33.704779],[101.54005,33.697781],[101.545502,33.694525],[101.563406,33.680447],[101.574229,33.677273],[101.586029,33.675808],[101.606619,33.670193],[101.618907,33.669786],[101.687022,33.682318],[101.737315,33.683458],[101.753673,33.680243],[101.766775,33.672065],[101.820323,33.625067],[101.837576,33.605984],[101.844737,33.584784],[101.851736,33.572943],[101.8838,33.54621],[101.892589,33.526435],[101.891124,33.517524],[101.887625,33.507514],[101.885753,33.497423],[101.889171,33.488552],[101.974539,33.40351],[102.009288,33.376288],[102.052257,33.354356],[102.09669,33.339911],[102.165538,33.333197],[102.174327,33.334581],[102.183197,33.340522],[102.202078,33.358222],[102.211518,33.361925],[102.221121,33.369737],[102.256358,33.413153],[102.266531,33.419013],[102.288992,33.416083],[102.321381,33.406602],[102.333507,33.41352],[102.343191,33.411648],[102.349294,33.40644],[102.35198,33.40351],[102.361257,33.404324],[102.375499,33.408271],[102.385916,33.409735],[102.439382,33.448513],[102.461843,33.457546],[102.458995,33.461493],[102.454194,33.471788],[102.467296,33.469916],[102.471202,33.468695],[102.476085,33.464952],[102.481619,33.464952],[102.465343,33.486274],[102.458507,33.498725],[102.454194,33.512763],[102.452729,33.523261],[102.453298,33.535509],[102.45989,33.541571],[102.476085,33.533271],[102.481619,33.540066],[102.423432,33.576239],[102.413259,33.577948],[102.402599,33.594021],[102.355724,33.60932],[102.345144,33.625759],[102.341889,33.632025],[102.327729,33.646104],[102.324474,33.653347],[102.326427,33.676134],[102.331391,33.697781],[102.336518,33.709174],[102.341889,33.717312],[102.342865,33.725124],[102.334727,33.735622],[102.327403,33.734483],[102.317393,33.726386],[102.304861,33.720242],[102.290457,33.725043],[102.298106,33.734402],[102.305919,33.739936],[102.314545,33.744656],[102.324474,33.751736],[102.314138,33.767442],[102.299327,33.780707],[102.280772,33.789903],[102.259776,33.79328],[102.247081,33.797553],[102.243744,33.806952],[102.248464,33.816352],[102.259776,33.820624],[102.263927,33.826036],[102.257253,33.837999],[102.194347,33.919257],[102.166515,33.945828],[102.132823,33.965196],[102.109955,33.953721],[102.069591,33.968451],[102.050304,33.957831],[102.027192,33.979071],[101.98642,34.000271],[101.943451,34.010565],[101.913097,33.999376],[101.858409,34.03974],[101.829845,34.052069],[101.816417,34.060167],[101.803233,34.075059],[101.785085,34.066189],[101.759532,34.072699],[101.737315,34.088813],[101.72877,34.108588],[101.718435,34.103298],[101.714773,34.10578],[101.712576,34.111518],[101.707612,34.116034],[101.680919,34.12226],[101.646983,34.135932],[101.635753,34.145209],[101.639252,34.15705],[101.630789,34.166042],[101.621755,34.171454],[101.614757,34.178249],[101.611339,34.191189],[101.569591,34.208075],[101.529389,34.218451],[101.517019,34.219306],[101.496104,34.218044],[101.488455,34.218451],[101.480479,34.221625],[101.472748,34.226264],[101.46339,34.230333],[101.425385,34.234239],[101.365001,34.252631],[101.334239,34.256537],[101.323334,34.259467],[101.314952,34.26496],[101.307872,34.27204],[101.299246,34.27794],[101.286143,34.280544],[101.279714,34.283637],[101.265717,34.297309],[101.255789,34.300401],[101.242686,34.299994],[101.233979,34.300727],[101.22934,34.305609],[101.226573,34.327826],[101.222341,34.335273],[101.215017,34.339789],[101.204194,34.341376],[101.197276,34.34516],[101.195567,34.354438],[101.195811,34.36579],[101.194265,34.376166],[101.196056,34.383816],[101.196381,34.38996],[101.194265,34.396023],[101.19044,34.396918],[101.177745,34.395087],[101.173839,34.396023],[101.165701,34.406358],[101.164073,34.410956],[101.165294,34.415839],[101.166433,34.427354],[101.163992,34.443223],[101.149018,34.481635],[101.139659,34.49962],[101.060557,34.505886],[101.052175,34.509304],[101.042491,34.524197],[101.03297,34.527615],[101.020518,34.530097],[101.014089,34.535915],[101.009044,34.542304],[101.001964,34.54682],[100.950694,34.546942],[100.928966,34.551825],[100.919932,34.571641],[100.91684,34.595771],[100.908702,34.613878],[100.885834,34.649848],[100.870616,34.708808],[100.861339,34.718126],[100.835867,34.714911],[100.817556,34.706651],[100.782237,34.684597],[100.763438,34.677843],[100.742931,34.673692],[100.696788,34.670966],[100.674815,34.675727],[100.635671,34.692898],[100.618256,34.691474],[100.573985,34.739814],[100.559093,34.745307],[100.539561,34.758083],[100.522553,34.772773],[100.515229,34.783962],[100.49464,34.805487],[100.447195,34.818956],[100.354503,34.827989],[100.336355,34.833848],[100.327729,34.848253],[100.316742,34.883246],[100.309255,34.892157],[100.2942,34.906928],[100.288666,34.917344],[100.285818,34.929389],[100.288666,34.958319],[100.285818,34.984565],[100.278331,34.999376],[100.254649,35.027208],[100.249034,35.04621],[100.249034,35.089219],[100.240896,35.109198],[100.247651,35.13288],[100.247162,35.173611],[100.238455,35.214911],[100.22047,35.240668],[100.230235,35.253852],[100.241954,35.26203],[100.253347,35.26793],[100.261974,35.274766],[100.272227,35.289496],[100.271251,35.295437],[100.248464,35.302069],[100.2199,35.316433],[100.205333,35.330634],[100.203705,35.349799],[100.214285,35.378445],[100.193126,35.370958],[100.191173,35.402289],[100.168386,35.428656],[100.142345,35.450222],[100.131114,35.466579],[100.135916,35.472113],[100.154796,35.479438],[100.158946,35.483954],[100.15797,35.507839],[100.158946,35.51496],[100.166433,35.532782],[100.174815,35.542344],[100.199962,35.562812],[100.207612,35.574042],[100.240652,35.661689],[100.282481,35.723944],[100.295828,35.751288],[100.296153,35.771674],[100.337169,35.771674],[100.348399,35.774766],[100.360444,35.790961],[100.371186,35.798407],[100.390554,35.800564],[100.411225,35.795722],[100.447032,35.77912],[100.442556,35.800849],[100.444347,35.818183],[100.455089,35.829657],[100.477794,35.833767],[100.497081,35.841579],[100.529226,35.877875],[100.543061,35.888983],[100.554698,35.890448],[100.579275,35.888007],[100.590912,35.888983],[100.601085,35.893866],[100.617931,35.906358],[100.628835,35.908881],[100.637787,35.913113],[100.638927,35.922471],[100.638276,35.931912],[100.6421,35.936143],[100.704112,35.975898],[100.72047,35.989081],[100.72755,36.001288],[100.727631,36.03144],[100.730886,36.052802],[100.74171,36.070868],[100.815929,36.13227],[100.842377,36.140082],[100.900971,36.132758],[100.938406,36.139757],[100.9581,36.140245],[100.992686,36.132636],[101.004893,36.132432],[101.012706,36.134589],[101.029796,36.142279],[101.038015,36.144843],[101.064138,36.14643],[101.0796,36.139675],[101.087576,36.124538],[101.091807,36.100898],[101.105479,36.100938],[101.135183,36.115587],[101.150645,36.119574],[101.16627,36.118476],[101.179861,36.113593],[101.189057,36.103787],[101.191173,36.087592],[101.205496,36.086127],[101.234386,36.092475],[101.249604,36.093207],[101.262136,36.091173],[101.273692,36.087958],[101.327078,36.061591],[101.358816,36.053494],[101.392019,36.051093],[101.427257,36.052924],[101.456472,36.057725],[101.478526,36.065945],[101.631277,36.153998],[101.653819,36.173774],[101.666433,36.181586],[101.681082,36.185655],[101.697195,36.184353],[101.782725,36.146064],[101.789236,36.144965],[101.811941,36.146348],[101.826589,36.144395],[101.839936,36.140652],[101.852306,36.134345],[101.905772,36.088406],[101.913097,36.086982],[101.912852,36.068427],[101.958425,36.053249],[101.947765,36.038601],[101.985606,36.020819],[102.016124,35.991563],[102.036632,35.956122],[102.044037,35.919379],[102.048106,35.912299],[102.066498,35.894721],[102.07073,35.885281],[102.071788,35.864122],[102.073985,35.855251],[102.078136,35.847439],[102.098888,35.830146],[102.121511,35.827094],[102.163585,35.833767],[102.182384,35.840155],[102.225597,35.868272],[102.246104,35.874701],[102.345144,35.874701],[102.41741,35.887722],[102.441498,35.887763],[102.458425,35.882921],[102.489187,35.866889],[102.506277,35.86168],[102.554861,35.857042],[102.604584,35.842108],[102.636485,35.83865],[102.704845,35.839464],[102.716807,35.837348],[102.725597,35.833197],[102.735037,35.830349],[102.749766,35.831977],[102.759532,35.83751],[102.787201,35.859931],[102.837332,35.860663],[102.858897,35.85696],[102.872569,35.846259],[102.899506,35.84988],[103.009207,35.825792],[103.116466,35.778184],[103.133311,35.781114],[103.138194,35.791612],[103.149832,35.798041],[103.164236,35.803656],[103.18629,35.817084],[103.196788,35.820339],[103.219005,35.822333],[103.22934,35.825507],[103.244558,35.839667],[103.253184,35.842841],[103.26767,35.845974],[103.28712,35.853827],[103.30421,35.863878],[103.311453,35.873847],[103.317312,35.885199],[103.359304,35.911689],[103.270518,35.938422],[103.263682,35.941718],[103.250255,35.952012],[103.242931,35.955675],[103.235932,35.956855],[103.221934,35.95661],[103.215261,35.957465],[103.203624,35.961453],[103.194021,35.967393],[103.188731,35.976508],[103.189138,35.989773],[103.194021,35.999335],[103.202403,36.007107],[103.220714,36.020575],[103.250418,36.055487],[103.261322,36.065619],[103.392345,36.131049],[103.422944,36.156073],[103.424734,36.161566],[103.430675,36.165839],[103.446788,36.184638],[103.454845,36.18891],[103.492768,36.184923],[103.502615,36.182074],[103.515147,36.169786],[103.541026,36.134223],[103.554454,36.126817],[103.574636,36.130316],[103.610444,36.145209],[103.634288,36.147895],[103.646251,36.146511],[103.654552,36.143337],[103.667735,36.133653],[103.695567,36.103868],[103.698416,36.098904],[103.748953,36.094672],[103.876475,36.064643],[103.921804,36.060981],[104.012787,36.071967],[104.034679,36.078477],[104.043956,36.088935],[104.045421,36.110053],[104.044688,36.121934],[104.040701,36.123725],[104.047944,36.136501],[104.041433,36.14289],[104.023367,36.147895],[104.018647,36.182237],[104.047944,36.205024],[104.090912,36.22309],[104.126964,36.243516],[104.132335,36.251044],[104.140147,36.277045],[104.157237,36.299994],[104.191498,36.335273],[104.232595,36.368354],[104.259532,36.378689],[104.317312,36.382595],[104.345144,36.390326],[104.364268,36.404364],[104.399018,36.439399],[104.420014,36.450507],[104.445323,36.454128],[104.469819,36.455024],[104.493907,36.459662],[104.517589,36.474677],[104.546153,36.503445],[104.559093,36.51081],[104.592784,36.52143],[104.607921,36.528998],[104.620046,36.542548],[104.631358,36.564154],[104.638927,36.571641],[104.652761,36.579169],[104.684825,36.58865],[104.694916,36.592963],[104.710378,36.606024],[104.713796,36.620795],[104.709239,36.664618],[104.711436,36.669745],[104.716075,36.674831],[104.720714,36.681708],[104.722992,36.692247],[104.719168,36.697333],[104.691905,36.718451],[104.684093,36.721625],[104.681244,36.723334],[104.677175,36.728461],[104.672537,36.73904],[104.668224,36.74376],[104.612804,36.772569],[104.604747,36.792182],[104.600027,36.81505],[104.592459,36.833116],[104.579112,36.839179],[104.560802,36.841579],[104.544363,36.847235],[104.537364,36.863308],[104.527843,36.871934],[104.482026,36.884304],[104.466238,36.890896],[104.44752,36.894884],[104.408702,36.882025],[104.401378,36.890896],[104.393077,36.905829],[104.373953,36.907742],[104.335948,36.900824],[104.330007,36.909857],[104.328705,36.930528],[104.337494,37.006781],[104.332123,37.019843],[104.305186,37.055935],[104.298432,37.067247],[104.298595,37.079657],[104.305186,37.100043],[104.317149,37.122626],[104.328298,37.127794],[104.341726,37.127794],[104.359793,37.134833],[104.351329,37.141425],[104.338796,37.147895],[104.325613,37.152696],[104.305919,37.157009],[104.306163,37.162299],[104.311046,37.16824],[104.31544,37.17239],[104.323985,37.17654],[104.332286,37.174425],[104.339773,37.170478],[104.346121,37.168972],[104.406749,37.194688],[104.438975,37.203437],[104.469656,37.195665],[104.492686,37.208564],[104.578217,37.324083],[104.603119,37.339667],[104.627208,37.343695],[104.678966,37.344102],[104.696218,37.349433],[104.728282,37.366034],[104.745616,37.371121],[104.800955,37.37169],[104.819021,37.377875],[104.83253,37.38821],[104.843435,37.399115],[104.856944,37.407823],[104.877452,37.411404],[104.919363,37.407823],[104.938731,37.408515],[104.95696,37.415391],[104.992605,37.44245],[104.997162,37.452663],[104.995535,37.463324],[104.993663,37.469509],[104.997325,37.473253],[105.011485,37.476833],[105.020112,37.473741],[105.041515,37.456855],[105.052419,37.453559],[105.063243,37.457099],[105.08546,37.469997],[105.096202,37.472724],[105.102061,37.474962],[105.111095,37.484809],[105.11671,37.487006],[105.122976,37.485907],[105.132253,37.481269],[105.137218,37.48017],[105.150971,37.481269],[105.174897,37.485907],[105.188487,37.487006],[105.198171,37.485867],[105.218354,37.48078],[105.229991,37.48017],[105.243256,37.4831],[105.261811,37.492458],[105.274669,37.494452],[105.547862,37.497626],[105.573253,37.500678],[105.62794,37.524522],[105.69394,37.53559],[105.78419,37.568874],[105.857921,37.578721],[105.876069,37.586046],[105.889089,37.598822],[105.917979,37.642279],[105.94044,37.688015],[105.943289,37.695868],[105.946056,37.712429],[105.958995,37.753038],[105.963145,37.774441],[105.961843,37.805976],[105.963145,37.815985],[105.975597,37.842475],[105.977306,37.854193],[105.992686,37.885037],[106.029063,37.922227],[106.071056,37.95364],[106.104015,37.966864],[106.121511,37.971462],[106.139578,37.98253],[106.1692,38.007758],[106.18214,38.022773],[106.202729,38.058295],[106.220632,38.082302],[106.223562,38.091824],[106.223725,38.113959],[106.226329,38.127468],[106.232351,38.136908],[106.239187,38.144395],[106.244151,38.151801],[106.247,38.16059],[106.248464,38.175971],[106.250418,38.185899],[106.270925,38.223822],[106.278087,38.233262],[106.40797,38.36225],[106.49879,38.411729],[106.517019,38.426866],[106.539236,38.474636],[106.564708,38.50434],[106.572765,38.526557],[106.535655,38.535346],[106.521007,38.564399],[106.518565,38.573269],[106.520763,38.584418],[106.540457,38.621446],[106.594249,38.666327],[106.582042,38.680935],[106.575694,38.690253],[106.573416,38.698676],[106.573171,38.710395],[106.577159,38.712958],[106.596934,38.719591],[106.604096,38.720974],[106.607514,38.724799],[106.60849,38.733751],[106.607921,38.751654],[106.648936,38.803534],[106.665538,38.820258],[106.717784,38.858181],[106.840343,38.987616],[106.859386,39.013617],[106.866222,39.043158],[106.85377,39.077216],[106.881602,39.10456],[106.848155,39.163886],[106.836681,39.172797],[106.819591,39.180487],[106.808035,39.19892],[106.80128,39.221625],[106.799083,39.241726],[106.809093,39.309272],[106.802419,39.327094],[106.797781,39.334906],[106.793468,39.352891],[106.788829,39.360907],[106.780365,39.368354],[106.765147,39.378363],[106.7588,39.385077],[106.749929,39.418809],[106.752452,39.465522],[106.77532,39.559272],[106.778575,39.584337],[106.778331,39.595486],[106.773529,39.616563],[106.772472,39.62873],[106.776541,39.652452],[106.783621,39.664333],[106.785085,39.674628],[106.772472,39.693549],[106.767345,39.69599],[106.760509,39.696885],[106.754487,39.698798],[106.751964,39.704169],[106.75294,39.713731],[106.757498,39.729682],[106.7588,39.738593],[106.759939,39.742133],[106.762706,39.747178],[106.765147,39.753933],[106.765636,39.762519],[106.763194,39.772325],[106.754893,39.788357],[106.751964,39.796658],[106.744558,39.854926],[106.739757,39.862738],[106.717377,39.886176],[106.710378,39.898993],[106.738292,39.919501],[106.738455,39.929755],[106.733653,39.93891],[106.730235,39.947781],[106.73463,39.957343],[106.738048,39.971503],[106.733002,39.990302],[106.724539,40.007392],[106.717784,40.016303],[106.709076,40.038113],[106.727143,40.062608],[106.858653,40.179755],[106.870128,40.183621],[106.874278,40.166571],[106.977306,40.241645],[106.999034,40.251085],[107.007091,40.257148],[107.01474,40.269314],[107.02589,40.30268],[107.03183,40.310492],[107.057872,40.33279],[107.06601,40.337836],[107.080984,40.341742],[107.113862,40.345567],[107.128022,40.351508],[107.151541,40.376044],[107.158702,40.402045],[107.154063,40.428331],[107.141694,40.453925],[107.147227,40.462226],[107.163259,40.47724],[107.169688,40.481879],[107.179861,40.486396],[107.20574,40.494412],[107.214366,40.499213],[107.220225,40.512397],[107.20517,40.540229],[107.203868,40.563788],[107.211843,40.582709],[107.224864,40.59516],[107.2553,40.615587],[107.26295,40.625434],[107.266124,40.632921],[107.270763,40.637803],[107.282644,40.639472],[107.309825,40.640082],[107.322195,40.642279],[107.348562,40.652452],[107.380056,40.656684],[107.39503,40.66059],[107.440359,40.701606],[107.466563,40.709906],[107.490245,40.72663],[107.513927,40.739203],[107.539073,40.735053],[107.561453,40.73725],[107.573985,40.746853],[107.583507,40.757432],[107.643972,40.774766],[107.663097,40.776068],[107.694591,40.768866],[107.706635,40.77143],[107.711436,40.786933],[107.706716,40.801581],[107.699636,40.816596],[107.699799,40.829779],[107.717703,40.838731],[107.732432,40.851264],[107.758393,40.859483],[107.862071,40.8699],[107.885183,40.867499],[107.905528,40.85517],[107.91627,40.850165],[107.928315,40.851752],[107.95045,40.858588],[108.011974,40.858588],[108.086681,40.847724],[108.115001,40.851752],[108.1421,40.870551],[108.156749,40.877143],[108.173269,40.879706],[108.178803,40.874579],[108.19752,40.838731],[108.208751,40.827908],[108.224213,40.817939],[108.240815,40.81391],[108.268891,40.826687],[108.283702,40.822943],[108.306733,40.810818],[108.33782,40.810167],[108.404796,40.820583],[108.437755,40.817003],[108.451752,40.808539],[108.467296,40.793321],[108.479747,40.775458],[108.484874,40.758979],[108.492605,40.752509],[108.52825,40.739773],[108.550873,40.717963],[108.576264,40.682725],[108.581065,40.670233],[108.590831,40.661566],[108.612885,40.65412],[108.670421,40.642646],[108.680268,40.632636],[108.687592,40.621039],[108.697195,40.612169],[108.713959,40.609931],[108.748057,40.617987],[108.766124,40.612169],[108.757091,40.58808],[108.763601,40.573188],[108.779796,40.564032],[108.81129,40.551866],[108.820323,40.546739],[108.830007,40.54328],[108.842377,40.54328],[108.848399,40.546942],[108.856456,40.5539],[108.86671,40.560736],[108.879405,40.563788],[108.88323,40.558417],[108.886648,40.546698],[108.891612,40.53498],[108.900401,40.529608],[108.913097,40.531684],[108.921397,40.534695],[108.929454,40.534369],[108.94101,40.526231],[108.950694,40.522162],[108.963796,40.521348],[108.989268,40.522773],[109.000255,40.526313],[109.004405,40.53498],[109.005626,40.556952],[109.015391,40.547431],[109.02589,40.545193],[109.03655,40.548855],[109.046641,40.556952],[109.046397,40.540635],[109.049897,40.528673],[109.057872,40.52501],[109.087332,40.546658],[109.098155,40.547227],[109.122325,40.529608],[109.150076,40.523708],[109.185069,40.520697],[109.207286,40.511908],[109.19752,40.488715],[109.222341,40.492051],[109.286713,40.522773],[109.279552,40.490424],[109.28712,40.488227],[109.335134,40.487331],[109.355479,40.483425],[109.396576,40.468207],[109.413097,40.477362],[109.459483,40.489814],[109.472341,40.502305],[109.460704,40.502305],[109.450043,40.504503],[109.439952,40.508857],[109.430919,40.515326],[109.447032,40.520819],[109.482514,40.524604],[109.499034,40.529608],[109.50587,40.51671],[109.519216,40.52265],[109.53655,40.535509],[109.554454,40.54328],[109.572846,40.542263],[109.582042,40.53913],[109.590831,40.539984],[109.608328,40.550727],[109.665131,40.496772],[109.69044,40.484687],[109.700857,40.477607],[109.71339,40.475287],[109.737641,40.492458],[109.749034,40.497829],[109.762299,40.501166],[109.789561,40.504014],[109.828054,40.515326],[109.883311,40.515326],[109.892507,40.519965],[109.901378,40.52265],[109.910655,40.522773],[109.916026,40.52029],[109.924246,40.512397],[109.931163,40.509141],[109.941498,40.505886],[109.952891,40.503974],[109.963634,40.508124],[109.972097,40.522773],[109.988292,40.511583],[109.999604,40.512803],[110.010183,40.51907],[110.023936,40.522773],[110.039643,40.520575],[110.054779,40.51671],[110.069021,40.515977],[110.08253,40.522773],[110.095225,40.510688],[110.102306,40.505398],[110.109874,40.502305],[110.122813,40.502875],[110.142589,40.512885],[110.153331,40.515326],[110.154307,40.518907],[110.167572,40.540229],[110.175141,40.541571],[110.202566,40.539618],[110.211681,40.537055],[110.223155,40.522773],[110.237804,40.482733],[110.246104,40.474433],[110.286388,40.483913],[110.30364,40.481391],[110.293549,40.461371],[110.306651,40.453192],[110.347097,40.453152],[110.355724,40.450792],[110.362071,40.4442],[110.403412,40.420437],[110.4192,40.398383],[110.430268,40.388495],[110.441417,40.38935],[110.456391,40.397081],[110.467377,40.394599],[110.475027,40.385077],[110.479096,40.372016],[110.486501,40.372016],[110.506847,40.381374],[110.542979,40.360541],[110.58074,40.331855],[110.606049,40.31741],[110.638194,40.32213],[110.658132,40.321804],[110.688487,40.305732],[110.727306,40.296739],[110.746104,40.290066],[110.76588,40.280341],[110.779796,40.276068],[110.814952,40.276435],[110.834402,40.273708],[110.864838,40.258816],[110.879893,40.255316],[110.941335,40.253282],[110.964854,40.262641],[110.987397,40.261664],[110.996593,40.265896],[111.014903,40.283393],[111.034679,40.296902],[111.061046,40.267198],[111.184825,40.208116],[111.209565,40.180447],[111.219737,40.172716],[111.231293,40.168972],[111.254975,40.166775],[111.277192,40.160753],[111.290701,40.159044],[111.302745,40.156073],[111.328298,40.11872],[111.33839,40.110663],[111.361339,40.097968],[111.369884,40.090847],[111.379893,40.062445],[111.380789,40.057318],[111.39739,40.047919],[111.405365,40.025824],[111.411388,39.981553],[111.436534,39.917304],[111.435313,39.90644],[111.423432,39.895941],[111.397227,39.830756],[111.365245,39.777533],[111.359467,39.750434],[111.369884,39.721503],[111.417572,39.683661],[111.420095,39.672431],[111.426768,39.658881],[111.435639,39.646593],[111.445567,39.638983],[111.463145,39.620185],[111.453624,39.617255],[111.425141,39.625312],[111.424246,39.617214],[111.425141,39.535956],[111.420909,39.52204],[111.372488,39.489081],[111.342377,39.444363],[111.316987,39.429389],[111.284109,39.424872],[111.199148,39.427069],[111.163992,39.423163],[111.134288,39.410509],[111.109874,39.385077],[111.118175,39.376044],[111.141205,39.367255],[111.150808,39.357123],[111.16684,39.364691],[111.174571,39.356757],[111.17921,39.342353],[111.184825,39.33043],[111.200206,39.320909],[111.214773,39.316352],[111.22462,39.310492],[111.226573,39.296942],[111.221609,39.283393],[111.158214,39.172797],[111.134207,39.099433],[111.117686,39.067328],[111.088634,39.042507],[111.021902,39.018581],[110.99464,39.00377],[110.972585,38.974189],[110.994151,38.937201],[111.00351,38.916083],[111.003429,38.902533],[110.994151,38.885281],[110.979991,38.816514],[110.969005,38.798855],[110.95753,38.785264],[110.948334,38.771104],[110.9428,38.739366],[110.937511,38.731553],[110.921397,38.717231],[110.91505,38.708441],[110.904307,38.679389],[110.871511,38.621283],[110.87322,38.61168],[110.875255,38.607489],[110.900645,38.58039],[110.901296,38.573676],[110.899018,38.545356],[110.896983,38.535346],[110.890717,38.525092],[110.876475,38.509955],[110.870128,38.501817],[110.865326,38.490302],[110.859467,38.467963],[110.85255,38.457099],[110.833751,38.445828],[110.792084,38.439561],[110.774018,38.426093],[110.755626,38.390408],[110.746104,38.377712],[110.711192,38.356798],[110.705089,38.354438],[110.700694,38.346747],[110.67099,38.316921],[110.659679,38.310004],[110.647472,38.305609],[110.634288,38.30329],[110.60434,38.301378],[110.589854,38.296698],[110.579275,38.287218],[110.568614,38.232204],[110.568614,38.226874],[110.559255,38.216905],[110.54713,38.210883],[110.532807,38.207872],[110.517019,38.207058],[110.510916,38.202094],[110.499604,38.166042],[110.509288,38.144965],[110.509044,38.128038],[110.499604,38.090359],[110.507091,38.011542],[110.507823,38.008653],[110.511648,38.005072],[110.513276,38.001003],[110.513601,37.98253],[110.513276,37.980496],[110.514171,37.97016],[110.51295,37.961249],[110.514903,37.954901],[110.524099,37.952501],[110.545095,37.949652],[110.562511,37.942003],[110.576915,37.93126],[110.588959,37.919013],[110.653087,37.813096],[110.674408,37.796169],[110.728933,37.773546],[110.742686,37.764757],[110.752859,37.745673],[110.743744,37.732449],[110.705089,37.713568],[110.727061,37.700263],[110.778901,37.67829],[110.794444,37.658311],[110.78769,37.652411],[110.770437,37.641181],[110.766612,37.637885],[110.766043,37.623969],[110.771007,37.613349],[110.777192,37.603868],[110.786713,37.573513],[110.788585,37.561347],[110.783702,37.555935],[110.775808,37.551866],[110.76946,37.542344],[110.746104,37.48017],[110.738455,37.469428],[110.715343,37.449774],[110.696218,37.439399],[110.653331,37.433905],[110.636729,37.418158],[110.630056,37.396552],[110.633311,37.379218],[110.646251,37.367703],[110.667898,37.363552],[110.687104,37.357123],[110.687511,37.342108],[110.67099,37.309516],[110.669363,37.301093],[110.670014,37.295722],[110.669688,37.290391],[110.664806,37.282172],[110.660818,37.2803],[110.647634,37.276638],[110.643565,37.274726],[110.64088,37.269639],[110.636729,37.256374],[110.633718,37.250841],[110.568614,37.178534],[110.536794,37.155382],[110.527599,37.144395],[110.516368,37.115017],[110.508718,37.101589],[110.496186,37.095974],[110.489268,37.091824],[110.478933,37.081651],[110.469493,37.069403],[110.465587,37.058783],[110.45989,37.051134],[110.446381,37.044257],[110.417735,37.035183],[110.417735,37.027696],[110.425385,37.027045],[110.445079,37.021511],[110.427257,37.010199],[110.40797,37.014757],[110.389171,37.021837],[110.373057,37.017768],[110.372813,37.00727],[110.3838,36.994981],[110.397878,36.984809],[110.407156,36.980536],[110.417979,36.967231],[110.412527,36.937527],[110.394786,36.906928],[110.369233,36.891181],[110.37672,36.878485],[110.400808,36.861111],[110.410818,36.849555],[110.403819,36.837266],[110.407237,36.829942],[110.414236,36.824001],[110.417735,36.816026],[110.414968,36.805121],[110.409109,36.795762],[110.397227,36.781317],[110.393077,36.780707],[110.385753,36.781033],[110.378998,36.779893],[110.37672,36.775092],[110.379893,36.769965],[110.3921,36.765001],[110.397227,36.76081],[110.399913,36.760525],[110.417735,36.753974],[110.412201,36.753689],[110.413097,36.745307],[110.416108,36.736151],[110.417735,36.733507],[110.439057,36.742255],[110.44101,36.726426],[110.432058,36.703966],[110.421153,36.692572],[110.410574,36.695014],[110.400483,36.698839],[110.392833,36.698554],[110.38974,36.688788],[110.393565,36.682318],[110.482921,36.592882],[110.489757,36.577338],[110.498546,36.524482],[110.499604,36.507595],[110.495942,36.483995],[110.482188,36.448554],[110.476329,36.404853],[110.458751,36.349311],[110.459076,36.327094],[110.470144,36.28616],[110.472992,36.263699],[110.469005,36.243232],[110.450613,36.206855],[110.445079,36.185411],[110.446869,36.141791],[110.497488,35.9796],[110.500662,35.933132],[110.505951,35.911973],[110.507091,35.900824],[110.510753,35.886786],[110.519542,35.885077],[110.530691,35.88703],[110.54127,35.883816],[110.560151,35.849148],[110.57545,35.71247],[110.611339,35.637722],[110.61964,35.597195],[110.602631,35.554226],[110.572765,35.52794],[110.555919,35.50849],[110.558442,35.499579],[110.562755,35.490749],[110.559255,35.470811],[110.552745,35.449897],[110.547455,35.438178],[110.537527,35.427761],[110.523448,35.416571],[110.5088,35.40766],[110.496186,35.403998],[110.468272,35.356024],[110.458751,35.343126],[110.444835,35.335028],[110.437104,35.322333],[110.431651,35.307807],[110.424571,35.294135],[110.417247,35.286404],[110.372569,35.255316],[110.357595,35.238227],[110.335134,35.197943],[110.326182,35.149197],[110.316905,35.125678],[110.310476,35.090888],[110.29184,35.05036],[110.284597,35.00963],[110.268647,34.959418],[110.259369,34.944688],[110.271007,34.913438],[110.272227,34.881456],[110.262706,34.851182],[110.242442,34.824897],[110.237234,34.801337],[110.241628,34.71894],[110.251964,34.663153],[110.269949,34.637274]],[[97.288178,34.835476],[97.301199,34.817979],[97.315929,34.81684],[97.352794,34.821804],[97.406342,34.817939],[97.424815,34.821804],[97.437266,34.828437],[97.484955,34.871283],[97.50172,34.876247],[97.546967,34.876003]]]}},{"type":"Feature","properties":{"kind":"rivers","name":"Duliu","source":"Natural Earth 1:10m"},"geometry":{"type":"MultiLineString","coordinates":[[[109.459239,25.650743],[109.439871,25.681342],[109.413666,25.702338],[109.401459,25.706895],[109.33253,25.717393],[109.276296,25.717108],[109.195567,25.705756],[109.163259,25.706488],[109.151866,25.718777],[109.156261,25.746934],[109.149913,25.76378],[109.131928,25.772813],[109.055105,25.78498],[109.034109,25.783271],[109.011974,25.771837],[108.973562,25.731513],[108.952078,25.714667],[108.924897,25.709011],[108.898529,25.721137],[108.887299,25.745876],[108.879649,25.773627],[108.864268,25.794989],[108.851736,25.800238],[108.844819,25.79739],[108.838959,25.790798],[108.8296,25.784776],[108.774994,25.769639],[108.746023,25.749864],[108.735606,25.744737],[108.724701,25.742987],[108.710948,25.744452],[108.69101,25.752265],[108.684825,25.763617],[108.682628,25.778022],[108.675548,25.794989],[108.666921,25.802517],[108.655772,25.806749],[108.632091,25.811225],[108.606944,25.831814],[108.598155,25.837348],[108.561046,25.84748],[108.550141,25.855007],[108.542003,25.866645],[108.527924,25.893826],[108.517507,25.902167],[108.500011,25.902615],[108.482595,25.894314],[108.465912,25.883612],[108.449636,25.876736],[108.441824,25.876654],[108.426524,25.880072],[108.419932,25.880316],[108.413178,25.877712],[108.402273,25.868923],[108.396658,25.866767],[108.383718,25.867947],[108.342865,25.879421],[108.313569,25.87698],[108.233165,25.844346],[108.204845,25.840277],[108.175141,25.840766],[108.117279,25.850857],[108.093272,25.86754],[108.083995,25.895697],[108.075613,25.959418],[108.06837,25.974555],[108.060557,25.977891],[108.049815,25.976345],[108.033295,25.976833],[108.025645,25.979315],[108.005382,25.9914],[108.001231,25.993476],[107.996593,25.995063],[107.991628,25.995958],[107.985932,25.996039],[107.932221,25.983669],[107.913829,25.983344],[107.902843,25.985907],[107.895925,25.988471],[107.88795,25.989325],[107.874115,25.986925],[107.814871,25.965399],[107.784597,25.945176],[107.777761,25.924587],[107.780772,25.899237],[107.779552,25.864936],[107.764578,25.82921],[107.735606,25.789984],[107.699229,25.760199],[107.66212,25.753119],[107.647472,25.761054],[107.60906,25.792914],[107.597992,25.806016]]]}},{"type":"Feature","properties":{"kind":"rivers","name":"Wei","source":"Natural Earth 1:10m"},"geometry":{"type":"MultiLineString","coordinates":[[[104.064952,34.986274],[104.067475,34.995714],[104.069021,35.018663],[104.071788,35.027208],[104.080984,35.033149],[104.094656,35.038398],[104.107351,35.045762],[104.115896,35.066921],[104.124278,35.074774],[104.134288,35.080349],[104.156505,35.086371],[104.166108,35.095567],[104.181651,35.115994],[104.197358,35.127956],[104.23406,35.139228],[104.271983,35.134101],[104.352957,35.109198],[104.373139,35.107001],[104.438569,35.109198],[104.456716,35.104112],[104.503835,35.068183],[104.592459,35.057969],[104.603526,35.048692],[104.668224,35.019802],[104.687999,34.998481],[104.694916,34.992499],[104.705089,34.987413],[104.713878,34.984198],[104.72047,34.979112],[104.725108,34.957628],[104.734386,34.938747],[104.736501,34.927924],[104.735037,34.915635],[104.729503,34.894355],[104.729096,34.883246],[104.750011,34.836941],[104.756358,34.828437],[104.774425,34.81155],[104.784434,34.807196],[104.794932,34.808905],[104.805675,34.812812],[104.815684,34.815009],[104.846446,34.780829],[104.886485,34.757921],[104.93629,34.749457],[104.987641,34.754747],[105.031342,34.773383],[105.041026,34.781928],[105.045339,34.788153],[105.051524,34.792304],[105.066824,34.79446],[105.166026,34.778754],[105.175222,34.773464],[105.183604,34.766628],[105.195811,34.759711],[105.239757,34.752224],[105.340017,34.758409],[105.387706,34.753485],[105.451427,34.734687],[105.473237,34.732449],[105.49114,34.725531],[105.499929,34.711249],[105.509939,34.699001],[105.531749,34.698269],[105.538259,34.702216],[105.547374,34.714464],[105.552175,34.718126],[105.563975,34.720079],[105.627533,34.714423],[105.647227,34.70543],[105.681895,34.684597],[105.723237,34.669013],[105.742686,34.656928],[105.750662,34.640204],[105.761485,34.626736],[105.786388,34.620958],[105.833425,34.615749],[105.85019,34.605292],[105.856619,34.594102],[105.86085,34.581081],[105.870616,34.564805],[105.884695,34.560085],[105.953136,34.554267],[105.976573,34.54796],[105.987315,34.54682],[105.995942,34.550238],[106.011241,34.565131],[106.021658,34.568549],[106.027843,34.560899],[106.048106,34.546088],[106.069591,34.536322],[106.079682,34.543728],[106.088878,34.556912],[106.10906,34.552191],[106.141694,34.5338],[106.161713,34.531562],[106.177257,34.536566],[106.192475,34.543484],[106.210704,34.54682],[106.225841,34.544501],[106.270925,34.527615],[106.307058,34.521674],[106.34669,34.520087],[106.450206,34.520087],[106.475678,34.524115],[106.486257,34.524034],[106.498057,34.520087],[106.510346,34.511094],[106.522065,34.499823],[106.534679,34.490098],[106.549327,34.486029],[106.572683,34.482489],[106.595876,34.472846],[106.613862,34.458604],[106.621023,34.44127],[106.626964,34.419501],[106.641612,34.405626],[106.65976,34.394884],[106.67628,34.382351],[106.764415,34.371365],[106.809093,34.373643],[106.85377,34.382351],[106.8838,34.393378],[106.895274,34.396023],[106.90797,34.396348],[106.926687,34.391181],[106.939708,34.389757],[106.949718,34.391913],[106.968842,34.401313],[106.980724,34.403428],[106.991954,34.401882],[107.03183,34.389757],[107.062266,34.372911],[107.073416,34.36933],[107.084727,34.370632],[107.096202,34.374945],[107.107432,34.377305],[107.137706,34.361396],[107.163585,34.356269],[107.296641,34.355048],[107.319591,34.351996],[107.358897,34.338446],[107.381277,34.33515],[107.429779,34.340766],[107.454845,34.340644],[107.474132,34.331732],[107.488292,34.322781],[107.533621,34.305447],[107.553233,34.300401],[107.604747,34.296658],[107.634369,34.298122],[107.671153,34.310126],[107.694753,34.304023],[107.738292,34.28738],[107.774913,34.284857],[107.786632,34.280544],[107.810964,34.25141],[107.816987,34.246405],[108.00172,34.232123],[108.087576,34.238959],[108.112234,34.232042],[108.135671,34.221869],[108.158946,34.216986],[108.183849,34.225898],[108.19573,34.219672],[108.206065,34.2213],[108.217377,34.225287],[108.231619,34.225898],[108.242686,34.221381],[108.263682,34.207221],[108.276378,34.20421],[108.368744,34.211697],[108.448416,34.208767],[108.467459,34.215115],[108.481944,34.226508],[108.497162,34.233913],[108.515554,34.23782],[108.587576,34.240587],[108.611827,34.245632],[108.622081,34.256049],[108.632823,34.260525],[108.690929,34.307888],[108.731944,34.320909],[108.760265,34.339179],[108.769542,34.341376],[108.782644,34.347032],[108.842377,34.382351],[108.903331,34.403428],[108.955984,34.414659],[108.995372,34.436306],[109.05421,34.45185],[109.074474,34.472357],[109.096446,34.47016],[109.129242,34.458686],[109.172862,34.431952],[109.179128,34.430121],[109.201182,34.430772],[109.211192,34.4324],[109.223074,34.436591],[109.23406,34.442206],[109.242198,34.448106],[109.250092,34.45893],[109.252533,34.467637],[109.253835,34.476142],[109.258881,34.486029],[109.263601,34.489203],[109.286713,34.49962],[109.286713,34.505886],[109.278738,34.509548],[109.273529,34.513861],[109.269949,34.519639],[109.266368,34.527615],[109.305675,34.543077],[109.328624,34.548041],[109.34547,34.543728],[109.361501,34.535712],[109.382335,34.532904],[109.399099,34.538113],[109.403412,34.554267],[109.416026,34.550238],[109.434255,34.548407],[109.450857,34.550401],[109.466075,34.565253],[109.483165,34.558295],[109.499034,34.546698],[109.502859,34.540635],[109.513927,34.538642],[109.553233,34.519843],[109.56837,34.514024],[109.583263,34.511664],[109.598074,34.51435],[109.612071,34.523871],[109.63144,34.549872],[109.643891,34.57099],[109.661713,34.582872],[109.697765,34.58161],[109.725597,34.575466],[109.735606,34.574774],[109.740896,34.578477],[109.742931,34.587104],[109.743907,34.596259],[109.746104,34.602078],[109.755626,34.614366],[109.761241,34.617051],[109.777436,34.608222],[109.784434,34.60989],[109.79005,34.615261],[109.793956,34.622504],[109.815684,34.60456],[109.848399,34.616319],[109.86964,34.602078],[109.878835,34.609158],[109.917491,34.622504],[109.921886,34.628241],[109.923106,34.635281],[109.925792,34.641181],[109.934581,34.643622],[109.95696,34.642849],[109.967459,34.645453],[109.972097,34.653266],[109.976329,34.67121],[109.986746,34.663886],[110.006277,34.636827],[110.021576,34.634955],[110.071707,34.643622],[110.083507,34.647895],[110.104991,34.666693],[110.112722,34.670966],[110.124522,34.66767],[110.15032,34.650824],[110.223888,34.620307],[110.257742,34.614366],[110.293468,34.623155]]]}},{"type":"Feature","properties":{"kind":"rivers","name":"Zayü","source":"Natural Earth 1:10m"},"geometry":{"type":"MultiLineString","coordinates":[[[97.148204,29.438747],[97.143077,29.415229],[97.142345,29.392768],[97.146983,29.371283],[97.172293,29.325466],[97.191905,29.263861],[97.206635,29.166693],[97.217703,29.135688],[97.242605,29.109971],[97.262706,29.102362],[97.306407,29.098741],[97.327891,29.092149],[97.342784,29.082953],[97.356619,29.071641],[97.379242,29.047919],[97.397227,29.022528],[97.434011,28.939561],[97.476166,28.875067],[97.486257,28.851386],[97.490652,28.823798],[97.486095,28.801215],[97.469819,28.752468],[97.47226,28.689154],[97.465261,28.669501],[97.435476,28.642524],[97.399913,28.631903],[97.325613,28.626288],[97.267833,28.607489],[97.246755,28.608222],[97.226573,28.612372],[97.212983,28.612982],[97.199962,28.609971],[97.140066,28.584988],[97.108409,28.56037],[97.083995,28.527615]]]}}]}