{"type":"FeatureCollection","features":[{"type":"Feature","properties":{"kind":"rivers","name":"Tuo","source":"Natural Earth 1:10m"},"geometry":{"type":"MultiLineString","coordinates":[[[103.530528,33.067491],[103.555593,33.054958],[103.573009,33.040635],[103.58074,33.021593],[103.576589,32.994737],[103.568289,32.978583],[103.545828,32.949286],[103.53712,32.933458],[103.532156,32.907497],[103.537608,32.886542],[103.561534,32.846137],[103.577647,32.806464],[103.586192,32.796576],[103.596446,32.791287],[103.606456,32.787909],[103.615652,32.783474],[103.623057,32.774848],[103.626231,32.76557],[103.62672,32.755316],[103.625418,32.74433],[103.622651,32.732978],[103.613455,32.700385],[103.601573,32.629503],[103.601085,32.611518],[103.606863,32.591254],[103.630626,32.541612],[103.709076,32.434272],[103.727061,32.403266],[103.734874,32.372585],[103.735362,32.312445],[103.744558,32.281317],[103.768484,32.242784],[103.775076,32.223253],[103.77296,32.199286],[103.741954,32.135037],[103.72991,32.096625],[103.720876,32.079372],[103.706635,32.065619],[103.695404,32.050564],[103.689871,32.027899],[103.683442,31.941514],[103.690033,31.903144],[103.704519,31.867621],[103.726573,31.835883],[103.758067,31.810411],[103.831716,31.768419],[103.857188,31.741645],[103.859467,31.708319],[103.839366,31.67414],[103.702891,31.552191],[103.679779,31.526557],[103.652843,31.506171],[103.593679,31.480658],[103.566173,31.459825],[103.489675,31.359565],[103.471202,31.327175],[103.470307,31.290554],[103.490245,31.218085],[103.492686,31.195746],[103.469005,31.033962],[103.472097,31.013617],[103.48349,31.010688],[103.558116,31.034613],[103.570893,31.035956],[103.583751,31.031562],[103.634044,31.006944],[103.65797,31.024359],[103.681651,31.034695],[103.706554,31.037543],[103.73463,31.032782],[103.757823,31.022976],[103.772227,31.010565],[103.799408,30.978217],[103.83546,30.955146],[103.886485,30.934597],[103.939952,30.92003],[103.983002,30.914903],[104.282807,30.927843],[104.348399,30.92003],[104.405284,30.888495],[104.421641,30.869208],[104.447195,30.827501],[104.461925,30.809027],[104.469493,30.803249],[104.486095,30.793972],[104.493256,30.787706],[104.49822,30.778103],[104.501964,30.759385],[104.509776,30.751044],[104.533214,30.733995],[104.542898,30.720649],[104.54127,30.70421],[104.520763,30.66116],[104.511811,30.646918],[104.506114,30.63349],[104.506114,30.618354],[104.512136,30.609442],[104.523692,30.611029],[104.520763,30.600043],[104.515229,30.594509],[104.506928,30.59101],[104.498953,30.586005],[104.494558,30.575629],[104.497081,30.565741],[104.520518,30.537218],[104.521007,30.527533],[104.517996,30.51793],[104.519054,30.511746],[104.532237,30.512152],[104.545909,30.508165],[104.557628,30.49433],[104.564545,30.476752],[104.564057,30.461697],[104.54892,30.444892],[104.536062,30.441352],[104.53419,30.434272],[104.576101,30.371405],[104.588308,30.358954],[104.605724,30.348497],[104.613048,30.34809],[104.620372,30.350124],[104.627533,30.34988],[104.634288,30.342597],[104.642996,30.32921],[104.67392,30.295722],[104.653087,30.292182],[104.647634,30.279731],[104.644054,30.263536],[104.628347,30.248643],[104.636322,30.232042],[104.704275,30.172919],[104.705007,30.150092],[104.673269,30.134792],[104.667003,30.12641],[104.662852,30.106147],[104.662364,30.102647],[104.660248,30.097724],[104.653331,30.086249],[104.652599,30.081244],[104.656342,30.075751],[104.662039,30.074001],[104.667572,30.072862],[104.671397,30.069607],[104.682628,30.03738],[104.683116,30.028998],[104.677745,30.022813],[104.660492,30.01435],[104.655203,30.004991],[104.659109,30.000678],[104.67099,29.970649],[104.669526,29.967353],[104.674327,29.962429],[104.67864,29.959174],[104.685557,29.957139],[104.714122,29.954169],[104.720876,29.951728],[104.72405,29.945258],[104.731375,29.919216],[104.735037,29.911078],[104.74171,29.904608],[104.753347,29.897162],[104.762787,29.887315],[104.764415,29.876899],[104.764659,29.866807],[104.77003,29.858181],[104.786794,29.848904],[104.825125,29.834825],[104.841238,29.822537],[104.849864,29.808702],[104.855072,29.795966],[104.862641,29.784735],[104.877615,29.77558],[104.892996,29.773301],[104.924327,29.774604],[104.938569,29.76907],[104.958018,29.745225],[105.004242,29.646837],[105.038503,29.59748],[105.083018,29.57099],[105.101166,29.551825],[105.092459,29.531073],[105.076182,29.530056],[105.063243,29.543036],[105.050955,29.55211],[105.037608,29.53974],[105.030772,29.516384],[105.023855,29.513617],[105.007904,29.524604],[105.011974,29.512803],[105.025401,29.489081],[105.028412,29.477484],[105.025401,29.465644],[105.018891,29.455105],[105.014252,29.445014],[105.01767,29.434841],[105.031179,29.411648],[105.031505,29.390448],[105.004893,29.308661],[105.001069,29.286566],[105.000011,29.269843],[105.010183,29.224473],[105.008556,29.201768],[104.992117,29.185492],[104.975352,29.175564],[104.961436,29.160997],[104.956065,29.1435],[104.965343,29.124538],[104.977143,29.118028],[104.985606,29.122667],[104.993663,29.12877],[105.004649,29.126573],[105.012543,29.117987],[105.01588,29.109076],[105.020518,29.100694],[105.031668,29.094021],[105.038992,29.095323],[105.046886,29.100653],[105.055186,29.105048],[105.063731,29.10338],[105.065359,29.095486],[105.064871,29.064276],[105.0713,29.050849],[105.076182,29.04975],[105.08489,29.049587],[105.095307,29.047065],[105.115001,29.031928],[105.137706,29.021511],[105.163015,29.013007],[105.177419,29.010321],[105.191905,29.009833],[105.206472,29.011908],[105.220225,29.006415],[105.232595,28.989569],[105.243663,28.970771],[105.25294,28.95954],[105.254487,28.962714],[105.259288,28.968858],[105.266368,28.973822],[105.274913,28.97309],[105.280935,28.96601],[105.283214,28.956244],[105.284109,28.94713],[105.285574,28.942084],[105.299083,28.935899],[105.315359,28.935655],[105.331635,28.940985],[105.3449,28.951728],[105.356456,28.926703],[105.384044,28.903591],[105.417084,28.890082],[105.445242,28.894151]]]}},{"type":"Feature","properties":{"kind":"rivers","name":"Nmai","source":"Natural Earth 1:10m"},"geometry":{"type":"MultiLineString","coordinates":[[[97.983165,28.424994],[97.993663,28.420356],[98.020274,28.422065],[98.030935,28.417833],[98.054454,28.396593],[98.061615,28.387071],[98.077078,28.321112],[98.085948,28.311387],[98.100515,28.305284],[98.150971,28.263617],[98.161143,28.259467],[98.183116,28.253689],[98.192149,28.249945],[98.201671,28.240505],[98.208995,28.229193],[98.217296,28.219753],[98.230235,28.215766],[98.235606,28.212226],[98.24464,28.193223],[98.250662,28.184434],[98.26295,28.176052],[98.274099,28.173285],[98.285167,28.171902],[98.295665,28.167344],[98.297455,28.163764],[98.315522,28.140082],[98.322195,28.110419],[98.331716,28.092475],[98.330333,28.082628],[98.325206,28.074083],[98.319347,28.068061],[98.311127,28.05683],[98.312511,28.046658],[98.318126,28.03616],[98.323009,28.023993],[98.325613,27.981513],[98.329275,27.96129],[98.339773,27.944892],[98.34433,27.928778],[98.329845,27.859565],[98.327159,27.823594],[98.330333,27.803778],[98.3449,27.778632],[98.346934,27.767279],[98.345144,27.755805],[98.339773,27.746609],[98.33253,27.736925],[98.320893,27.715277],[98.315522,27.708075],[98.30071,27.697211],[98.295665,27.695095],[98.279389,27.709011],[98.266124,27.697374],[98.25294,27.677558],[98.237071,27.6671],[98.171479,27.652777],[98.150971,27.659695],[98.139415,27.678331],[98.130626,27.703803],[98.119233,27.726345],[98.099864,27.736029],[98.059093,27.734158],[98.03712,27.730048],[98.021414,27.722357],[98.019542,27.696885],[98.046967,27.604315],[98.061615,27.57156],[98.080333,27.544949],[98.086925,27.529364],[98.091238,27.483507],[98.09547,27.462429],[98.102061,27.443549],[98.110037,27.426866],[98.186615,27.319159],[98.205658,27.276679],[98.215831,27.230251],[98.227794,27.209988],[98.250662,27.201606],[98.302013,27.146999],[98.339773,27.070624],[98.34962,27.060004],[98.357351,27.03559],[98.364024,26.989325],[98.357188,26.910224],[98.359874,26.88821],[98.373057,26.847357],[98.377533,26.824815],[98.377859,26.787543],[98.370046,26.757636],[98.354991,26.731269],[98.333018,26.704698],[98.341889,26.642117],[98.337006,26.603217],[98.309255,26.591417],[98.313731,26.57038],[98.305675,26.549506],[98.294037,26.528103],[98.288178,26.505479],[98.280935,26.442898],[98.280284,26.428494],[98.281342,26.413357],[98.28419,26.403673],[98.293712,26.380968],[98.295665,26.372382],[98.292247,26.361111],[98.278331,26.345404],[98.275076,26.334499],[98.27296,26.313666],[98.116954,25.892524],[98.086925,25.863634],[98.076182,25.84337],[98.034272,25.789578],[98.009532,25.767646],[97.944428,25.725531],[97.871023,25.659125],[97.863048,25.649604],[97.855398,25.637274],[97.817149,25.598334],[97.802257,25.590888],[97.800304,25.594591],[97.781342,25.61286],[97.774343,25.618232],[97.750662,25.623155],[97.739024,25.627509],[97.733897,25.635565],[97.72934,25.655219],[97.717865,25.677029],[97.704112,25.696112],[97.692393,25.707587],[97.667979,25.715196],[97.615652,25.707831],[97.589366,25.707587],[97.537039,25.717637],[97.508556,25.715847],[97.486339,25.700751]]]}},{"type":"Feature","properties":{"kind":"rivers","name":"Nanpan","source":"Natural Earth 1:10m"},"geometry":{"type":"MultiLineString","coordinates":[[[103.921641,25.878933],[103.912364,25.859483],[103.874766,25.837836],[103.866303,25.813747],[103.873139,25.794013],[103.875011,25.781073],[103.870128,25.775255],[103.860444,25.772488],[103.852631,25.76789],[103.844168,25.766913],[103.832286,25.775255],[103.832286,25.697048],[103.83546,25.69184],[103.842459,25.686306],[103.849539,25.679267],[103.852631,25.669745],[103.849132,25.658149],[103.841075,25.652899],[103.832286,25.650214],[103.826101,25.646186],[103.819916,25.62405],[103.827729,25.608344],[103.839854,25.593451],[103.845876,25.573839],[103.849132,25.56863],[103.86321,25.558417],[103.866303,25.553046],[103.861908,25.295966],[103.86907,25.281317],[103.883718,25.27558],[103.895437,25.263983],[103.88795,25.23782],[103.872325,25.210069],[103.859467,25.193671],[103.84547,25.185492],[103.818858,25.176703],[103.804861,25.165717],[103.795909,25.151638],[103.788666,25.135932],[103.780935,25.123358],[103.770112,25.118598],[103.770112,25.111151],[103.778575,25.107611],[103.782725,25.103339],[103.78419,25.097113],[103.784434,25.08751],[103.780935,25.08336],[103.772634,25.083564],[103.763438,25.084784],[103.75644,25.083808],[103.708751,25.046454],[103.701915,25.039415],[103.69573,25.03144],[103.681407,25.023505],[103.664236,25.017361],[103.632823,25.010199],[103.585867,24.973944],[103.566742,24.98253],[103.552338,24.974962],[103.539236,24.96015],[103.523692,24.946641],[103.507904,24.941107],[103.464366,24.934272],[103.427338,24.932929],[103.423106,24.937934],[103.426362,24.95071],[103.428152,24.973944],[103.422455,24.995429],[103.41155,25.001288],[103.396902,25.005683],[103.380382,25.022325],[103.355968,25.01085],[103.316417,25.00849],[103.276134,25.013129],[103.249441,25.022325],[103.231293,25.005154],[103.207774,24.987982],[103.186453,24.981147],[103.174327,24.995063],[103.164561,24.984076],[103.161632,24.973253],[103.163503,24.961249],[103.167491,24.946641],[103.169688,24.944037],[103.174083,24.941759],[103.178396,24.938503],[103.181163,24.932969],[103.181163,24.925157],[103.162364,24.866278],[103.160655,24.85102],[103.161632,24.844835],[103.166515,24.834255],[103.167491,24.830593],[103.165131,24.822618],[103.15325,24.80329],[103.145518,24.804511],[103.12794,24.776679],[103.10906,24.76911],[103.085867,24.764594],[103.073171,24.752468],[103.038097,24.674018],[103.032319,24.654568],[103.030284,24.627875],[103.032237,24.606798],[103.038503,24.58454],[103.049083,24.566026],[103.064464,24.55622],[103.075125,24.556749],[103.080577,24.562038],[103.084972,24.567816],[103.092296,24.569892],[103.10377,24.56684],[103.114675,24.560329],[103.120209,24.550849],[103.109874,24.519884],[103.112397,24.471991],[103.105398,24.453192],[103.09669,24.449246],[103.073253,24.445909],[103.064464,24.439521],[103.058686,24.427273],[103.060476,24.418972],[103.06837,24.414333],[103.081716,24.412869],[103.089854,24.401882],[103.092296,24.329657],[103.098237,24.32156],[103.10434,24.317939],[103.109386,24.313544],[103.112804,24.303005],[103.111339,24.292426],[103.101085,24.268744],[103.098562,24.258328],[103.098888,24.235907],[103.10198,24.226671],[103.117279,24.207302],[103.120209,24.199774],[103.122081,24.191718],[103.126475,24.18004],[103.130951,24.174628],[103.143565,24.164008],[103.146983,24.158393],[103.146251,24.14822],[103.135916,24.131659],[103.133311,24.121121],[103.125255,24.056098],[103.126475,24.035468],[103.129405,24.025824],[103.134044,24.017686],[103.145518,24.00377],[103.151134,23.997016],[103.155935,23.989447],[103.159434,23.98078],[103.16212,23.947292],[103.174327,23.891466],[103.173106,23.848212],[103.177257,23.825548],[103.191742,23.815741],[103.211436,23.810411],[103.230479,23.80036],[103.249766,23.794623],[103.270518,23.802069],[103.277192,23.812201],[103.285167,23.840888],[103.291026,23.850531],[103.300222,23.854804],[103.36907,23.859971],[103.434255,23.88463],[103.545909,23.878974],[103.602306,23.888699],[103.598888,23.925605],[103.620616,23.96072],[103.630056,23.981147],[103.634288,23.997626],[103.626882,24.014757],[103.591401,24.04503],[103.578298,24.062771],[103.574799,24.087673],[103.583507,24.105821],[103.616222,24.134467],[103.627371,24.148627],[103.632091,24.156684],[103.638764,24.175401],[103.649669,24.181342],[103.674571,24.186306],[103.733409,24.204535],[103.753022,24.206732],[103.764171,24.206732],[103.774425,24.208279],[103.781668,24.213324],[103.784434,24.224189],[103.786225,24.238471],[103.791108,24.246527],[103.797537,24.252875],[103.804861,24.26203],[103.813975,24.286811],[103.818614,24.295518],[103.836843,24.315131],[103.839773,24.319688],[103.846202,24.34162],[103.861746,24.357693],[103.894216,24.378038],[103.914236,24.397895],[103.933442,24.421332],[103.95517,24.44184],[103.983653,24.453192],[104.004487,24.454372],[104.018565,24.451524],[104.05128,24.439521],[104.067556,24.438096],[104.083588,24.441352],[104.112804,24.453192],[104.146251,24.471788],[104.197846,24.512274],[104.229503,24.528917],[104.243337,24.532172],[104.291515,24.535102],[104.304454,24.539618],[104.352957,24.562445],[104.372162,24.570746],[104.381602,24.58336],[104.393972,24.617703],[104.401134,24.627509],[104.412364,24.636583],[104.470225,24.669949],[104.511729,24.718329],[104.537364,24.741156],[104.555756,24.745307],[104.582123,24.72838],[104.630056,24.682807],[104.640147,24.676622],[104.654552,24.671251],[104.670502,24.667507],[104.685069,24.666083],[104.694916,24.661689],[104.717459,24.63996],[104.729096,24.631374],[104.746349,24.646267],[104.762787,24.664333],[104.780772,24.679551],[104.801768,24.685899],[104.825125,24.688178],[104.840831,24.694892],[104.851573,24.705756],[104.876475,24.75495],[104.889415,24.765326],[104.931733,24.771064],[104.973643,24.782579],[104.999522,24.793036],[105.006358,24.794786],[105.012218,24.797431],[105.018321,24.80329],[105.024099,24.814521],[105.03004,24.838324],[105.038992,24.855048],[105.0442,24.879665],[105.045014,24.888617],[105.047862,24.895331],[105.066824,24.912543],[105.099864,24.95421],[105.110281,24.960273],[105.119558,24.962429],[105.139171,24.971788],[105.15089,24.973944],[105.163585,24.978787],[105.177013,25.001329],[105.188487,25.008734],[105.205658,25.003852],[105.228608,24.988878],[105.248627,24.970974],[105.267019,24.938096],[105.289073,24.933132],[105.314138,24.935818],[105.332449,24.940456],[105.360444,24.953315],[105.380463,24.957058],[105.39796,24.950059],[105.413585,24.940456],[105.430675,24.934027],[105.444021,24.923529],[105.457774,24.866319],[105.478933,24.837185],[105.508393,24.81741],[105.541921,24.810085],[105.580089,24.812323],[105.593028,24.810655],[105.607432,24.80329],[105.636241,24.784125],[105.654796,24.780626],[105.675141,24.789618],[105.728282,24.753241],[105.760346,24.742784],[105.787527,24.715644],[105.805431,24.707058],[105.82545,24.70893],[105.851736,24.729315],[105.870616,24.734402],[105.89796,24.733344],[105.916108,24.728624],[105.931407,24.718329],[106.000906,24.648383],[106.020437,24.641872],[106.036143,24.654731],[106.059255,24.693427],[106.083751,24.715196],[106.150808,24.759711],[106.175955,24.782172],[106.199148,24.829779],[106.198334,24.876736],[106.181244,24.920925],[106.155365,24.960273],[106.16741,24.964545],[106.176524,24.962429],[106.185639,24.959255],[106.197032,24.960273],[106.203624,24.965603],[106.207774,24.972683],[106.213878,24.978787],[106.227143,24.981391],[106.306244,24.981391],[106.370372,25.00434],[106.380789,25.011786],[106.456554,25.035997],[106.504405,25.071316],[106.515147,25.076972],[106.586843,25.104315],[106.61671,25.126899],[106.640391,25.15294],[106.666515,25.173407],[106.704112,25.179389],[106.784923,25.179714],[106.885753,25.196885],[106.889089,25.199286],[106.895274,25.206732],[106.900076,25.216498],[106.904796,25.240098],[106.908946,25.248318],[106.923595,25.254828],[106.944428,25.256171],[106.962983,25.25019],[106.97047,25.234646]]]}},{"type":"Feature","properties":{"kind":"rivers","name":"Ayeyarwady","source":"Natural Earth 1:10m"},"geometry":{"type":"MultiLineString","coordinates":[[[97.486339,25.700751],[97.500499,25.696601],[97.516124,25.694363],[97.528819,25.689154],[97.53419,25.676296],[97.530772,25.66706],[97.513601,25.64407],[97.506765,25.631903],[97.501475,25.605496],[97.496755,25.548774],[97.486339,25.52204],[97.438894,25.454779],[97.409109,25.397976],[97.403575,25.381415],[97.407481,25.368109],[97.418956,25.354275],[97.424327,25.340928],[97.420502,25.330186],[97.404389,25.324042],[97.397716,25.327012],[97.378835,25.333279],[97.370209,25.337673],[97.34669,25.366807],[97.336925,25.369452],[97.325206,25.365098],[97.313487,25.357204],[97.308197,25.347927],[97.309174,25.342841],[97.313894,25.333279],[97.314952,25.327094],[97.313731,25.318671],[97.310802,25.317816],[97.306163,25.319037],[97.300792,25.316596],[97.292247,25.310899],[97.282725,25.307196],[97.274018,25.301296],[97.267833,25.289252],[97.267019,25.277777],[97.27296,25.256374],[97.274669,25.2449],[97.271495,25.217353],[97.262787,25.207139],[97.249766,25.201117],[97.233002,25.186225],[97.227957,25.168565],[97.231537,25.146104],[97.243744,25.126776],[97.264415,25.118598],[97.30714,25.129503],[97.318858,25.126899],[97.314952,25.104315],[97.297944,25.081488],[97.279877,25.086615],[97.259858,25.098009],[97.236827,25.094062],[97.226166,25.089545],[97.218679,25.089423],[97.214122,25.086453],[97.212576,25.073269],[97.215424,25.060899],[97.229096,25.045966],[97.233002,25.035997],[97.221934,24.997016],[97.188569,24.969428],[97.116954,24.932969],[97.101492,24.916205],[97.098155,24.899766],[97.102794,24.867784],[97.093028,24.860541],[97.048106,24.840115],[97.034434,24.823106],[97.034923,24.802761],[97.050792,24.757921],[97.060557,24.716376],[97.102794,24.651801],[97.111339,24.631415],[97.115489,24.611396],[97.118093,24.544542],[97.117117,24.533474],[97.106944,24.513983],[97.110932,24.502712],[97.123139,24.487901],[97.121593,24.372504],[97.136811,24.337104],[97.185476,24.289008],[97.188487,24.281277],[97.205007,24.270453],[97.203054,24.246161],[97.193126,24.220811],[97.185313,24.206732],[97.17628,24.194851],[97.163585,24.181342],[97.147227,24.170356],[97.112804,24.161444],[97.084076,24.142198],[97.061697,24.137885],[97.050304,24.138739],[97.030772,24.143093],[97.009532,24.145372],[96.976085,24.144721],[96.956147,24.140082],[96.942393,24.1317],[96.92921,24.128119],[96.910818,24.137885],[96.867442,24.186794],[96.836925,24.199042],[96.8213,24.212755],[96.808442,24.228624],[96.800955,24.240912],[96.790945,24.277411],[96.781993,24.290391],[96.750662,24.299587],[96.69866,24.329657],[96.652761,24.346625],[96.640636,24.354193],[96.633556,24.357286],[96.622488,24.358832],[96.610932,24.358954],[96.602468,24.357611],[96.591889,24.352403],[96.588634,24.346869],[96.587169,24.339789],[96.58196,24.329657],[96.567556,24.314154],[96.55128,24.303534],[96.532319,24.297471],[96.509939,24.295518],[96.490896,24.29918],[96.472667,24.305854],[96.454845,24.309272],[96.437999,24.303005],[96.446381,24.275173],[96.431407,24.253241],[96.383311,24.221055],[96.362641,24.200222],[96.303233,24.113959],[96.295014,24.096218],[96.289806,24.075141],[96.28712,24.048529],[96.289968,23.970282],[96.280284,23.946112],[96.274425,23.940009],[96.271007,23.932074],[96.250418,23.857611],[96.245372,23.844997],[96.237804,23.834052],[96.22877,23.829413],[96.221446,23.824246],[96.216726,23.812079],[96.205007,23.7685],[96.200287,23.761583],[96.191498,23.754259],[96.180675,23.752224],[96.167247,23.752631],[96.155528,23.749701],[96.150483,23.73725],[96.14796,23.71308],[96.140147,23.691026],[96.127371,23.670722],[96.10963,23.651923],[96.057058,23.609076],[96.034923,23.585232],[96.020274,23.55504],[96.012299,23.514228],[96.006602,23.384955],[95.978119,23.261746],[95.964854,22.76907],[95.962006,22.759385],[95.955089,22.750312],[95.943451,22.744249],[95.920095,22.743232],[95.910492,22.739447],[95.901296,22.707221],[95.917003,22.661689],[95.985281,22.550116],[95.990245,22.529324],[95.982432,22.510443],[95.969493,22.49197],[95.964773,22.472602],[95.963796,22.392524],[95.97047,22.374376],[95.989513,22.35281],[96.012706,22.331855],[96.013682,22.323025],[96.006602,22.308702],[96.001475,22.302802],[95.995942,22.298407],[95.990489,22.292304],[95.986095,22.281358],[95.98463,22.270819],[95.987804,22.216498],[96.000418,22.157904],[96.007498,22.089423],[96.024994,22.058214],[96.048106,21.994005],[96.05128,21.956366],[96.04127,21.923448],[96.021007,21.896552],[95.992931,21.876736],[95.973155,21.867255],[95.955496,21.860907],[95.936534,21.857367],[95.913829,21.856269],[95.90089,21.863389],[95.848888,21.910834],[95.814708,21.925564],[95.776459,21.931505],[95.526866,21.922146],[95.511974,21.917507],[95.505789,21.907782],[95.499441,21.88996],[95.47169,21.856879],[95.465343,21.839464],[95.461518,21.811306],[95.45045,21.780829],[95.432058,21.756374],[95.406749,21.746405],[95.387136,21.7331],[95.368337,21.66531],[95.355479,21.636542],[95.355479,21.630316],[95.348888,21.621283],[95.342296,21.608913],[95.337006,21.595974],[95.327403,21.545966],[95.324474,21.537462],[95.33017,21.463935],[95.3213,21.465847],[95.313406,21.452094],[95.305593,21.450466],[95.296886,21.452989],[95.287201,21.452175],[95.280365,21.448513],[95.275483,21.445095],[95.271983,21.441759],[95.269135,21.438422],[95.255463,21.421088],[95.19101,21.370225],[95.158621,21.329657],[95.141612,21.31391],[95.118663,21.307563],[95.077403,21.301337],[95.069428,21.30329],[95.056407,21.312283],[95.047537,21.315009],[95.021902,21.311225],[95.002208,21.296698],[94.989757,21.275092],[94.985606,21.249823],[94.975027,21.244208],[94.90976,21.225613],[94.863048,21.22602],[94.85963,21.227159],[94.855968,21.227566],[94.848399,21.225613],[94.843028,21.22248],[94.833751,21.213731],[94.819347,21.204372],[94.809825,21.185981],[94.803315,21.16352],[94.799897,21.143663],[94.800955,21.099636],[94.817149,21.015733],[94.820323,20.972357],[94.806407,20.924506],[94.776459,20.89114],[94.742931,20.864203],[94.718028,20.835801],[94.713145,20.813829],[94.718761,20.796088],[94.727631,20.779975],[94.732351,20.76321],[94.733979,20.745551],[94.744884,20.706488],[94.752208,20.691189],[94.766694,20.672919],[94.782481,20.658067],[94.794932,20.643419],[94.799897,20.626044],[94.802989,20.606147],[94.816417,20.565945],[94.820323,20.547187],[94.818451,20.515245],[94.820323,20.506212],[94.828624,20.496121],[94.83839,20.491726],[94.848888,20.488552],[94.858653,20.482001],[94.869233,20.463935],[94.889252,20.396348],[94.905203,20.364854],[94.908702,20.343817],[94.900076,20.324652],[94.896495,20.310411],[94.896658,20.245551],[94.899425,20.236029],[94.908376,20.216824],[94.90976,20.204617],[94.907644,20.199774],[94.898692,20.190497],[94.896658,20.184109],[94.89796,20.177314],[94.900076,20.17296],[94.902599,20.169867],[94.903575,20.16706],[94.906749,20.146593],[94.91448,20.124335],[94.925548,20.103787],[94.937755,20.088487],[94.967296,20.066433],[94.985606,20.0574],[95.002533,20.053738],[95.010834,20.04918],[95.017019,20.038601],[95.019216,20.02619],[95.016205,20.016466],[95.010834,20.005439],[95.014089,19.996446],[95.026459,19.98489],[95.033132,19.980536],[95.050304,19.972724],[95.053803,19.96837],[95.047537,19.93769],[95.048595,19.924384],[95.052175,19.915107],[95.061941,19.910224],[95.081147,19.910346],[95.112641,19.890733],[95.142182,19.860867],[95.160167,19.823065],[95.156261,19.780056],[95.138682,19.7508],[95.135753,19.739081],[95.138438,19.726752],[95.152843,19.708279],[95.156261,19.701199],[95.169932,19.622382],[95.16448,19.500556],[95.169932,19.457872],[95.19394,19.396674],[95.197276,19.37226],[95.195567,19.350857],[95.187266,19.320014],[95.174897,19.15294],[95.169932,19.135769],[95.154877,19.116238],[95.139415,19.106879],[95.127045,19.095649],[95.112722,19.015163],[95.115245,18.991767],[95.125906,18.950751],[95.134207,18.930854],[95.146251,18.913194],[95.19337,18.865831],[95.204112,18.848334],[95.213145,18.805487],[95.2046,18.76789],[95.185639,18.737576],[95.163097,18.716824],[95.152843,18.710801],[95.122081,18.697537],[95.117279,18.696845],[95.106212,18.698432],[95.101573,18.697537],[95.099376,18.693305],[95.095225,18.67947],[95.079845,18.66706],[95.075857,18.645087],[95.073741,18.601345],[95.066498,18.579698],[95.062999,18.561794],[95.067475,18.543769],[95.084565,18.522244],[95.163097,18.464179],[95.179454,18.447618],[95.192393,18.43004],[95.200857,18.409857],[95.204112,18.385606],[95.20989,18.363227],[95.224132,18.348578],[95.242198,18.339545],[95.259288,18.333808],[95.287364,18.320014],[95.311697,18.300076],[95.355479,18.251288],[95.361095,18.246649],[95.377208,18.236151],[95.382823,18.23078],[95.387787,18.219916],[95.394786,18.195258],[95.399913,18.186103],[95.403575,18.176703],[95.402843,18.154568],[95.406749,18.145087],[95.412364,18.13585],[95.450287,18.033067],[95.4546,17.996365],[95.444835,17.957099],[95.439871,17.949408],[95.42864,17.938544],[95.423839,17.929145],[95.424246,17.921088],[95.433686,17.875922],[95.439871,17.866645],[95.454519,17.850287],[95.459076,17.839952],[95.457774,17.829535],[95.451101,17.813056],[95.449718,17.770209],[95.4581,17.72602],[95.473562,17.685899],[95.492605,17.655382],[95.502452,17.64529],[95.516612,17.63406],[95.533132,17.625027],[95.55071,17.621283],[95.565522,17.614285],[95.561453,17.597439],[95.541026,17.559841],[95.540294,17.544257],[95.542491,17.521104],[95.547862,17.500067],[95.557546,17.490912],[95.570079,17.484402],[95.604096,17.453315],[95.623057,17.443142],[95.648448,17.44005],[95.66505,17.440741],[95.674246,17.436591],[95.677013,17.418972],[95.669851,17.408067],[95.623057,17.381049],[95.610362,17.366034],[95.599539,17.345526],[95.591726,17.323188],[95.588878,17.302558],[95.588878,17.261908],[95.591319,17.25141],[95.639903,17.14765],[95.646495,17.109931],[95.635916,17.073188],[95.595795,17.036444],[95.571707,17.018826],[95.560964,17.014838],[95.56308,16.981716],[95.567393,16.964057],[95.575206,16.942247],[95.612234,16.879747],[95.612641,16.86404],[95.593272,16.848944],[95.575694,16.847683],[95.556895,16.850165],[95.533702,16.846625],[95.521495,16.837836],[95.492279,16.811306],[95.47519,16.805691],[95.450206,16.803778],[95.433116,16.798163],[95.403331,16.777777],[95.388682,16.772488],[95.348562,16.764757],[95.334972,16.75788],[95.331147,16.743476],[95.33253,16.719591],[95.338471,16.6942],[95.348643,16.67536],[95.323741,16.661444],[95.323334,16.647569],[95.327891,16.631293],[95.317556,16.610175],[95.302257,16.602118],[95.281749,16.596055],[95.262706,16.587714],[95.25172,16.572943],[95.253184,16.563341],[95.264578,16.544989],[95.266124,16.538153],[95.258881,16.529242],[95.230886,16.508165],[95.221446,16.504014],[95.200694,16.499091],[95.188243,16.486355],[95.177745,16.468777],[95.163097,16.449408],[95.080089,16.393866],[95.060639,16.367499],[95.04005,16.295193],[95.033783,16.281277],[95.007091,16.260688],[94.992442,16.2508]]]}},{"type":"Feature","properties":{"kind":"rivers","name":"Nu","source":"Natural Earth 1:10m"},"geometry":{"type":"MultiLineString","coordinates":[[[96.595632,30.447943],[96.615896,30.450995],[96.68157,30.449652],[96.701752,30.441759],[96.703868,30.422919],[96.691824,30.380723],[96.691742,30.370225],[96.694835,30.349636],[96.70989,30.309516],[96.715343,30.301378],[96.722179,30.297065],[96.730398,30.29621],[96.747162,30.29739],[96.755951,30.296576],[96.764578,30.294745],[96.772553,30.291449],[96.779796,30.286241],[96.793468,30.272976],[96.800873,30.267849],[96.826671,30.258572],[96.849864,30.243272],[96.857432,30.239936],[96.865489,30.239081],[96.896495,30.244005],[96.917979,30.241767],[96.938487,30.234198],[96.982595,30.201768],[96.991954,30.197537],[97.003429,30.194648],[97.009369,30.194037],[97.015391,30.194037],[97.033214,30.197292],[97.039561,30.197455],[97.053396,30.195909],[97.060313,30.194281],[97.066905,30.191596],[97.079031,30.182685],[97.100027,30.160224],[97.111746,30.150906],[97.14739,30.131212],[97.169037,30.113389],[97.177745,30.109442],[97.186941,30.107937],[97.205333,30.1081],[97.214447,30.107042],[97.222667,30.104275],[97.247813,30.089667],[97.258718,30.078925],[97.266612,30.066107],[97.287608,30.021511],[97.293468,30.013983],[97.300222,30.007351],[97.306733,30.002631],[97.3213,29.994696],[97.327403,29.989569],[97.337413,29.974311],[97.344249,29.955919],[97.348399,29.936632],[97.349701,29.918647],[97.358165,29.899482],[97.377615,29.885443],[97.400483,29.873481],[97.418061,29.860663],[97.422374,29.84455],[97.428233,29.795274],[97.435069,29.784939],[97.447276,29.773139],[97.447276,29.746609],[97.438487,29.702338],[97.442393,29.684678],[97.453543,29.664496],[97.468272,29.647773],[97.483165,29.640937],[97.494395,29.638292],[97.499115,29.631415],[97.500255,29.621446],[97.499929,29.60989],[97.503917,29.60281],[97.561453,29.548041],[97.571707,29.531073],[97.581147,29.486111],[97.595144,29.473456],[97.614838,29.466579],[97.68214,29.459296],[97.703705,29.450873],[97.712901,29.431749],[97.723643,29.422716],[97.829194,29.381781],[97.848155,29.371772],[97.856212,29.356309],[97.85906,29.346544],[97.866466,29.339219],[97.876475,29.334662],[97.886974,29.333075],[97.897716,29.327826],[97.899425,29.315538],[97.89739,29.30154],[97.897227,29.290839],[97.900971,29.28205],[97.906749,29.273383],[97.913666,29.266791],[97.932384,29.261501],[97.935639,29.25491],[97.936127,29.246039],[97.94337,29.219428],[97.9428,29.206488],[97.944347,29.194119],[97.993337,29.1164],[98.003998,29.103868],[98.025076,29.088487],[98.040538,29.072455],[98.034272,29.058051],[98.046967,29.038153],[98.082286,29.019151],[98.089692,29.000352],[98.091726,28.958564],[98.095795,28.938056],[98.103282,28.921495],[98.182384,28.818468],[98.226736,28.804796],[98.257498,28.790229],[98.290294,28.767605],[98.320567,28.741238],[98.343435,28.71544],[98.358979,28.677517],[98.370697,28.544135],[98.374441,28.531195],[98.378184,28.522813],[98.38323,28.516791],[98.391205,28.510606],[98.432221,28.494005],[98.439057,28.492947],[98.443126,28.457058],[98.442149,28.451687],[98.448253,28.439276],[98.445323,28.420681],[98.452729,28.407009],[98.448253,28.394721],[98.444753,28.354438],[98.445323,28.339301],[98.451915,28.324246],[98.45753,28.314561],[98.47047,28.297675],[98.4699,28.290107],[98.466726,28.282172],[98.466319,28.270453],[98.473237,28.234198],[98.472992,28.178087],[98.476003,28.152655],[98.485444,28.129665],[98.558523,28.09752],[98.568858,28.096015],[98.572276,28.082384],[98.581716,28.067654],[98.596202,28.055609],[98.614024,28.050645],[98.645518,28.010688],[98.651378,28.006293],[98.65325,28.001654],[98.659679,27.972032],[98.658214,27.968777],[98.667003,27.956081],[98.673432,27.95539],[98.685476,27.96129],[98.681244,27.949734],[98.675873,27.940782],[98.668386,27.933702],[98.658214,27.927802],[98.679861,27.904079],[98.68629,27.867377],[98.674571,27.770575],[98.673106,27.769558],[98.677419,27.761664],[98.690115,27.751044],[98.692882,27.746609],[98.698253,27.731553],[98.72169,27.699571],[98.731619,27.669013],[98.743337,27.656846],[98.774913,27.632921],[98.810313,27.59101],[98.816417,27.581488],[98.818451,27.576606],[98.823009,27.57331],[98.827566,27.568956],[98.829519,27.561306],[98.829519,27.523749],[98.825125,27.488634],[98.819753,27.475694],[98.809011,27.461697],[98.830658,27.421942],[98.839692,27.399848],[98.846446,27.371202],[98.860932,27.351671],[98.864268,27.341864],[98.863292,27.313015],[98.864268,27.304023],[98.867931,27.296576],[98.879893,27.279812],[98.884776,27.269884],[98.88616,27.261013],[98.88323,27.203315],[98.879975,27.193427],[98.868663,27.173855],[98.898448,26.454901],[98.891612,26.38227],[98.889415,26.373358],[98.883881,26.365058],[98.867686,26.348456],[98.859467,26.335639],[98.861257,26.325263],[98.866791,26.315294],[98.871104,26.303494],[98.871511,26.280626],[98.86321,26.207953],[98.85849,26.188422],[98.857432,26.177191],[98.859793,26.167589],[98.869558,26.15705],[98.871104,26.145819],[98.869233,26.139757],[98.857432,26.118476],[98.856944,26.107978],[98.85906,26.099189],[98.857026,26.091498],[98.843028,26.084337],[98.853282,26.048041],[98.836925,25.920478],[98.878998,25.66588],[98.880056,25.556423],[98.894786,25.471259],[98.891612,25.426459],[98.886729,25.415798],[98.873627,25.395819],[98.871104,25.3817],[98.879242,25.33865],[98.877371,25.324042],[98.870128,25.31505],[98.847992,25.295681],[98.843028,25.28616],[98.850515,25.254421],[98.851329,25.238878],[98.843028,25.22781],[98.848643,25.221015],[98.855398,25.209418],[98.858653,25.198513],[98.854015,25.193671],[98.843028,25.188056],[98.842784,25.175238],[98.850597,25.152126],[98.843028,25.073269],[98.848399,25.048774],[98.872,25.007636],[98.877371,24.991319],[98.880382,24.972846],[98.905284,24.918728],[98.888601,24.901557],[98.895437,24.873603],[98.923269,24.818061],[98.942393,24.796088],[98.946788,24.785915],[98.947683,24.772406],[98.95045,24.757758],[98.955496,24.746039],[98.963145,24.741156],[98.983409,24.734198],[99.010671,24.717353],[99.035492,24.69713],[99.048595,24.679755],[99.054698,24.653876],[99.057546,24.624823],[99.054291,24.599189],[99.04184,24.583564],[99.040538,24.563096],[99.024994,24.490261],[99.014903,24.468817],[98.986501,24.439521],[98.977306,24.422634],[98.97934,24.415391],[99.007498,24.406033],[99.027192,24.396593],[99.046967,24.383897],[99.061615,24.367621],[99.065684,24.347439],[99.06308,24.329413],[99.064952,24.321479],[99.071218,24.313544],[99.0796,24.307969],[99.108328,24.297065],[99.125255,24.284247],[99.118907,24.274237],[99.100515,24.267524],[99.052745,24.261257],[99.025076,24.254259],[98.999034,24.243232],[98.975108,24.227484],[98.965261,24.217637],[98.947276,24.195421],[98.937511,24.186591],[98.897065,24.168647],[98.884776,24.158393],[98.85491,24.139228],[98.817556,24.129218],[98.715831,24.121527],[98.681244,24.107001],[98.640066,24.100938],[98.612234,24.087755],[98.59669,24.083279],[98.58489,24.075995],[98.544444,24.05919],[98.53183,24.055976],[98.510265,24.053331],[98.492931,24.046698],[98.431895,24.000067],[98.417572,23.982693],[98.411632,23.963446],[98.415294,23.919949],[98.425385,23.878445],[98.444916,23.841498],[98.473399,23.814236],[98.54892,23.768581],[98.574718,23.744981],[98.600027,23.709662],[98.637625,23.637559],[98.648936,23.608913],[98.649099,23.596788],[98.644542,23.582953],[98.638194,23.575303],[98.629324,23.567084],[98.621349,23.55744],[98.613373,23.533759],[98.594249,23.517442],[98.589854,23.504177],[98.592784,23.49018],[98.599864,23.474718],[98.617768,23.445828],[98.606863,23.42654],[98.617931,23.419257],[98.639089,23.420437],[98.658214,23.425971],[98.720225,23.388048],[98.733165,23.301825],[98.731212,23.276557],[98.724213,23.262315],[98.710704,23.256049],[98.689138,23.254665],[98.683442,23.251492],[98.66505,23.237372],[98.649832,23.232978],[98.640554,23.227851],[98.634288,23.226671],[98.626475,23.228542],[98.616791,23.23725],[98.610362,23.240343],[98.588471,23.241278],[98.55421,23.229844],[98.53183,23.226671],[98.526459,23.223497],[98.516368,23.209418],[98.510916,23.206244],[98.500011,23.207465],[98.478608,23.212226],[98.466319,23.212429],[98.443451,23.205512],[98.446056,23.195136],[98.458751,23.184109],[98.471202,23.17003],[98.482432,23.164374],[98.495128,23.159735],[98.504242,23.157782],[98.516043,23.152777],[98.524099,23.141181],[98.535248,23.117499],[98.559255,23.092719],[98.564708,23.076443],[98.545095,23.069037],[98.527192,23.065294],[98.511322,23.055691],[98.499522,23.042507],[98.493663,23.028103],[98.496511,23.013617],[98.505056,22.989529],[98.517589,22.97016],[98.53183,22.970038],[98.54892,22.974718],[98.566335,22.963975],[98.589854,22.938747],[98.655284,22.909857],[98.66505,22.90119],[98.664561,22.876166],[98.661143,22.859239],[98.651134,22.847032],[98.63087,22.83629],[98.611339,22.830837],[98.545095,22.822618],[98.540538,22.818305],[98.524669,22.791327],[98.521983,22.781602],[98.527599,22.770331],[98.541515,22.75373],[98.54892,22.737331],[98.548106,22.730292],[98.543956,22.723822],[98.541515,22.709337],[98.544526,22.70071],[98.558849,22.685858],[98.563243,22.678656],[98.562999,22.669135],[98.559662,22.661322],[98.556163,22.655341],[98.555186,22.651313],[98.558849,22.639268],[98.562755,22.637803],[98.57252,22.637722],[98.578298,22.634874],[98.58074,22.628201],[98.582612,22.620225],[98.59075,22.606472],[98.5949,22.58808],[98.600108,22.579291],[98.612397,22.563503],[98.616303,22.554633],[98.621674,22.528103],[98.639415,22.496283],[98.644542,22.480048],[98.641612,22.459988],[98.622488,22.429958],[98.617768,22.414862],[98.61321,22.381659],[98.601085,22.346625],[98.585378,22.314032],[98.568858,22.288194],[98.578298,22.273139],[98.631114,22.158271],[98.643484,22.139431],[98.698253,22.086982],[98.720144,22.073798],[98.744151,22.068468],[98.756358,22.063259],[98.767833,22.051785],[98.774425,22.040229],[98.771495,22.03498],[98.756847,22.034857],[98.745697,22.032904],[98.738048,22.026719],[98.733165,22.013861],[98.740733,22.007025],[98.734793,21.998318],[98.726085,21.980089],[98.720225,21.972276],[98.713308,21.967637],[98.697195,21.961208],[98.671397,21.942939],[98.628998,21.926459],[98.569347,21.893622],[98.554698,21.878974],[98.54892,21.85932],[98.551199,21.838324],[98.58546,21.715277],[98.635753,21.647528],[98.644542,21.630316],[98.648529,21.581366],[98.618337,21.562079],[98.582286,21.547716],[98.568858,21.513617],[98.578136,21.492947],[98.610769,21.455512],[98.625255,21.417019],[98.642345,21.406806],[98.661062,21.399482],[98.673106,21.390082],[98.676768,21.372911],[98.678722,21.30447],[98.683523,21.290839],[98.706147,21.258653],[98.71282,21.239285],[98.710867,21.221015],[98.705577,21.199734],[98.703136,21.178534],[98.709727,21.160468],[98.726492,21.14289],[98.78297,21.102118],[98.801687,21.074734],[98.796397,21.043402],[98.773855,21.013983],[98.740733,20.992255],[98.712413,20.989814],[98.673432,20.992255],[98.638927,20.990546],[98.607432,20.960395],[98.530691,20.962755],[98.507904,20.951239]]]}},{"type":"Feature","properties":{"kind":"rivers","name":"Jinsha","source":"Natural Earth 1:10m"},"geometry":{"type":"MultiLineString","coordinates":[[[98.541515,31.689765],[98.547781,31.684638],[98.553233,31.68126],[98.558523,31.677029],[98.563243,31.669298],[98.565684,31.66059],[98.568858,31.631781],[98.575694,31.615912],[98.591889,31.598741],[98.840831,31.396796],[98.864268,31.367703],[98.867442,31.364854],[98.884776,31.354031],[98.874278,31.341173],[98.830577,31.298285],[98.802745,31.257839],[98.781749,31.238959],[98.767589,31.230292],[98.761241,31.234198],[98.755951,31.244412],[98.731375,31.277899],[98.723643,31.285102],[98.713634,31.290961],[98.682546,31.315863],[98.66505,31.320502],[98.648936,31.316596],[98.637625,31.30919],[98.620942,31.288845],[98.611095,31.25613],[98.619884,31.187852],[98.603526,31.169623],[98.612804,31.164862],[98.638438,31.159735],[98.651378,31.155382],[98.692882,31.12462],[98.720876,31.066352],[98.726003,31.059638],[98.745046,31.040554],[98.764659,31.015082],[98.774913,31.007432],[98.796804,30.997097],[98.802745,30.990912],[98.805105,30.966254],[98.797862,30.940782],[98.786062,30.91824],[98.774913,30.902167],[98.787364,30.880805],[98.800792,30.867784],[98.8331,30.843533],[98.8803,30.793077],[98.898448,30.778632],[98.938243,30.760199],[98.954112,30.747829],[98.96046,30.727118],[98.952891,30.708116],[98.935964,30.700466],[98.91741,30.694892],[98.905284,30.68244],[98.90504,30.663682],[98.921886,30.623643],[98.92628,30.603868],[98.927257,30.593695],[98.93157,30.579454],[98.930919,30.500027],[98.932546,30.490587],[98.937999,30.485297],[98.947358,30.479112],[98.956391,30.471055],[98.96046,30.459906],[98.986501,30.144314],[99.029552,30.067898],[99.033946,30.055243],[99.036632,29.975531],[99.043224,29.944892],[99.056082,29.915229],[99.017345,29.853298],[99.0053,29.820014],[99.000662,29.784939],[99.00294,29.781033],[99.012218,29.773017],[99.014415,29.767849],[99.012625,29.764716],[99.003673,29.761583],[99.000662,29.756944],[98.98821,29.688585],[98.986501,29.650824],[98.991791,29.63463],[99.015229,29.604356],[99.023855,29.581488],[99.038585,29.567328],[99.04184,29.562364],[99.04184,29.52794],[99.058686,29.417996],[99.048595,29.387641],[99.058849,29.367051],[99.062755,29.34809],[99.062266,29.308214],[99.067149,29.296698],[99.089854,29.26671],[99.096446,29.250515],[99.10849,29.224148],[99.103933,29.092149],[99.120942,28.964626],[99.117442,28.921495],[99.09905,28.855984],[99.096446,28.835883],[99.100352,28.813503],[99.118663,28.77086],[99.124278,28.749579],[99.123546,28.738959],[99.118093,28.720079],[99.117442,28.708604],[99.120128,28.698513],[99.128673,28.677558],[99.130463,28.664578],[99.134858,28.654568],[99.154063,28.640652],[99.158376,28.630154],[99.160248,28.617133],[99.1692,28.602403],[99.17213,28.592597],[99.171641,28.582628],[99.166515,28.565009],[99.165294,28.554714],[99.175955,28.532172],[99.178803,28.523627],[99.180186,28.504706],[99.178233,28.482204],[99.17213,28.463324],[99.161794,28.45539],[99.162364,28.438056],[99.226654,28.339301],[99.244558,28.321804],[99.254975,28.314399],[99.264903,28.311387],[99.273448,28.307237],[99.274506,28.297471],[99.273204,28.2862],[99.274425,28.277208],[99.278412,28.274034],[99.293061,28.264716],[99.29892,28.259874],[99.30421,28.2508],[99.308442,28.240831],[99.314545,28.232774],[99.326671,28.229438],[99.339447,28.224066],[99.381277,28.184434],[99.388601,28.168077],[99.386485,28.139268],[99.398529,28.12641]],[[99.398529,28.119574],[99.391124,28.085313],[99.394542,28.042507],[99.405203,28.000515],[99.449962,27.906317],[99.457774,27.86876],[99.453868,27.832221],[99.446218,27.818712],[99.437511,27.809394],[99.431651,27.797716],[99.432872,27.776964],[99.441335,27.750027],[99.471446,27.689032],[99.480968,27.674628],[99.494151,27.659695],[99.514578,27.657538],[99.523041,27.653591],[99.518484,27.6435],[99.518647,27.637722],[99.522553,27.628241],[99.525401,27.616726],[99.521495,27.605048],[99.549815,27.588894],[99.560313,27.563259],[99.560069,27.534613],[99.555675,27.509467],[99.571707,27.500312],[99.586192,27.486925],[99.594168,27.472846],[99.589854,27.461697],[99.615815,27.421332],[99.64503,27.385932],[99.635916,27.350206],[99.653087,27.317694],[99.802419,27.195583],[99.947765,27.029486],[99.956391,27.009955],[99.960053,26.989366],[99.962576,26.920722],[99.966563,26.898708],[99.97405,26.886298],[99.989024,26.888983],[100.024669,26.919623],[100.039154,26.927273],[100.041026,26.931952],[100.063406,26.958279],[100.062429,26.992133],[100.063406,27.002997],[100.079112,27.045111],[100.084727,27.069119],[100.080089,27.087999],[100.067475,27.106798],[100.059011,27.12873],[100.056733,27.151638],[100.063406,27.173651],[100.075613,27.183661],[100.11614,27.208523],[100.129242,27.224677],[100.14796,27.243272],[100.155772,27.26085],[100.164154,27.267157],[100.173269,27.272244],[100.179454,27.276679],[100.237804,27.341864],[100.244558,27.361151],[100.236501,27.382025],[100.214285,27.413886],[100.211436,27.423285],[100.206716,27.454861],[100.194835,27.480292],[100.193126,27.485867],[100.193126,27.511013],[100.195323,27.52794],[100.203217,27.541938],[100.237641,27.576524],[100.244151,27.592556],[100.24822,27.607367],[100.263764,27.63113],[100.271251,27.652655],[100.278819,27.663398],[100.290131,27.675564],[100.295014,27.683539],[100.296316,27.690863],[100.296153,27.701239],[100.294851,27.711005],[100.289073,27.731024],[100.288666,27.742784],[100.300792,27.768622],[100.302989,27.780382],[100.296153,27.821357],[100.299571,27.832099],[100.307221,27.832221],[100.323416,27.824774],[100.334402,27.824042],[100.339936,27.82453],[100.378673,27.841864],[100.388194,27.844794],[100.402273,27.845893],[100.420339,27.838487],[100.429698,27.820624],[100.433197,27.798041],[100.432384,27.749457],[100.433197,27.742784],[100.45045,27.704657],[100.461843,27.688096],[100.464936,27.670681],[100.443777,27.538398],[100.448822,27.498969],[100.481049,27.468533],[100.527599,27.452826],[100.542979,27.438788],[100.524425,27.400499],[100.522716,27.376654],[100.528819,27.331326],[100.545909,27.284451],[100.552419,27.255479],[100.546641,27.24254],[100.543712,27.238308],[100.54184,27.228868],[100.538829,27.21955],[100.532644,27.215277],[100.521414,27.211371],[100.503184,27.193386],[100.494721,27.187934],[100.482595,27.187201],[100.45045,27.194159],[100.437592,27.190985],[100.433849,27.183905],[100.436615,27.176825],[100.443614,27.173651],[100.466075,27.166083],[100.486257,27.147488],[100.497081,27.124132],[100.49171,27.102322],[100.486257,27.092841],[100.474294,27.057644],[100.453868,27.0303],[100.453543,27.008897],[100.458263,26.980658],[100.46575,26.953315],[100.474294,26.934678],[100.464773,26.922919],[100.458263,26.905341],[100.454845,26.885199],[100.454194,26.843858],[100.451915,26.826443],[100.441173,26.814765],[100.415945,26.810574],[100.398204,26.803819],[100.393972,26.787177],[100.398529,26.746039],[100.40089,26.74018],[100.410655,26.730902],[100.412852,26.724921],[100.411713,26.719062],[100.409434,26.716254],[100.407156,26.714464],[100.405935,26.711534],[100.407807,26.69949],[100.418956,26.674018],[100.419526,26.663926],[100.41741,26.650417],[100.418956,26.639228],[100.421641,26.635443],[100.431244,26.626329],[100.433197,26.625596],[100.432628,26.619412],[100.427419,26.608751],[100.426524,26.605089],[100.426524,26.519477],[100.430756,26.499132],[100.449474,26.465277],[100.460704,26.403388],[100.454845,26.391547],[100.444835,26.3817],[100.440847,26.373074],[100.453868,26.364936],[100.439952,26.344997],[100.426524,26.333686],[100.41684,26.321845],[100.412852,26.300076],[100.41505,26.294786],[100.419688,26.289903],[100.424327,26.28323],[100.428966,26.262559],[100.447032,26.227729],[100.473725,26.214952],[100.547944,26.229438],[100.584239,26.221503],[100.589692,26.215928],[100.593272,26.210232],[100.599294,26.205024],[100.612071,26.201036],[100.618337,26.204128],[100.625987,26.210517],[100.635671,26.213162],[100.667735,26.191677],[100.687918,26.190131],[100.734386,26.1942],[100.774913,26.184149],[100.793875,26.184638],[100.813243,26.197618],[100.83074,26.206],[100.84962,26.200507],[100.885834,26.180528],[100.890554,26.178738],[100.895763,26.175605],[100.900971,26.171454],[100.905772,26.166287],[100.925955,26.186876],[100.949474,26.22663],[100.987804,26.269721],[101.000011,26.27912],[101.026134,26.287177],[101.045828,26.305487],[101.053722,26.309638],[101.080496,26.31627],[101.125662,26.345282],[101.170665,26.355089],[101.191173,26.369208],[101.201101,26.372382],[101.217377,26.369086],[101.228608,26.363878],[101.239675,26.362982],[101.255056,26.372382],[101.279714,26.36994],[101.369721,26.379503],[101.403331,26.392157],[101.422944,26.393093],[101.427013,26.396552],[101.429861,26.400702],[101.471772,26.445583],[101.476329,26.461046],[101.457774,26.467963],[101.451915,26.471625],[101.454845,26.479804],[101.464366,26.492133],[101.464366,26.498155],[101.450857,26.511908],[101.44752,26.519477],[101.452729,26.531195],[101.488455,26.57038],[101.518484,26.590644],[101.552338,26.593573],[101.587006,26.591864],[101.618907,26.598253],[101.631765,26.582302],[101.638601,26.576199],[101.646658,26.57038],[101.652354,26.589952],[101.660492,26.586249],[101.670421,26.573025],[101.680919,26.564154],[101.697846,26.564805],[101.705089,26.573065],[101.708588,26.583686],[101.715017,26.591417],[101.723074,26.594306],[101.730886,26.59516],[101.738455,26.593288],[101.745697,26.587999],[101.754975,26.583319],[101.762218,26.587104],[101.768647,26.594021],[101.77589,26.598253],[101.805675,26.601426],[101.817556,26.598904],[101.830577,26.591417],[101.845876,26.571885],[101.88616,26.474636],[101.892833,26.462266],[101.901134,26.45128],[101.913097,26.44123],[101.931895,26.428778],[101.94044,26.421739],[101.947765,26.413357],[101.94101,26.398749],[101.939138,26.381212],[101.941742,26.326972],[101.94044,26.317165],[101.928315,26.289659],[101.926768,26.279568],[101.921397,26.265652],[101.911225,26.251532],[101.904389,26.23782],[101.909679,26.224636],[101.917247,26.210517],[101.908295,26.201199],[101.878917,26.186794],[101.857026,26.169013],[101.844737,26.13935],[101.839122,26.103583],[101.837901,26.067328],[101.839122,26.059841],[101.843761,26.042304],[101.844737,26.032823],[101.842052,26.022284],[101.831147,26.006049],[101.830577,25.994981],[101.838796,25.98253],[101.854747,25.975409],[101.874115,25.972968],[101.892589,25.974473],[101.940033,25.992214],[101.957774,25.994981],[102.017833,25.98668],[102.046886,25.996039],[102.065359,25.995876],[102.083995,25.999579],[102.098643,26.015448],[102.102061,26.034451],[102.100841,26.053738],[102.10198,26.071112],[102.112315,26.084337],[102.117605,26.096259],[102.130382,26.114814],[102.145437,26.132107],[102.222179,26.186794],[102.231944,26.197781],[102.24114,26.214057],[102.25172,26.228787],[102.266612,26.235175],[102.289806,26.237087],[102.314545,26.24254],[102.338308,26.251166],[102.358165,26.262519],[102.375092,26.280463],[102.386648,26.298204],[102.40032,26.311713],[102.423839,26.317165],[102.4463,26.318549],[102.464854,26.322618],[102.502615,26.337592],[102.55421,26.373114],[102.567882,26.378526],[102.584727,26.374945],[102.602794,26.366238],[102.617931,26.355251],[102.626231,26.345038],[102.623139,26.318671],[102.61142,26.286892],[102.60963,26.260118],[102.646576,26.244574],[102.667491,26.225775],[102.680919,26.221503],[102.698741,26.223456],[102.710867,26.228949],[102.720144,26.237576],[102.766775,26.293321],[102.791026,26.310329],[102.821788,26.317165],[102.845225,26.327094],[102.87794,26.365017],[102.893077,26.364936],[102.891775,26.355292],[102.908376,26.349229],[102.951182,26.345038],[102.971609,26.350857],[102.988292,26.365098],[102.999278,26.383124],[103.00294,26.400255],[103.000499,26.410346],[102.991303,26.430528],[102.989268,26.44123],[102.991303,26.44599],[103.000662,26.456855],[103.00294,26.461127],[103.002371,26.468533],[102.996755,26.47956],[102.995535,26.485378],[102.999766,26.495795],[103.009939,26.500678],[103.022553,26.502061],[103.033702,26.502061],[103.038666,26.506171],[103.053233,26.527045],[103.057628,26.5362],[103.057709,26.557196],[103.047862,26.57038],[103.036062,26.582831],[103.030284,26.601671],[103.030935,26.643866],[103.029226,26.661811],[103.023448,26.680243],[103.011974,26.703721],[103.009207,26.714952],[103.006602,26.738634],[103.003917,26.750759],[102.999278,26.755927],[102.992279,26.765815],[102.975108,26.831081],[102.953054,26.86164],[102.924734,26.892117],[102.901134,26.924628],[102.893077,26.961371],[102.900483,26.992458],[102.899343,27.002997],[102.895518,27.00849],[102.8838,27.017768],[102.879975,27.023464],[102.87794,27.031846],[102.878184,27.035712],[102.879405,27.039374],[102.879975,27.04739],[102.884776,27.06623],[102.906505,27.097764],[102.913585,27.11225],[102.915457,27.134345],[102.903575,27.221625],[102.889578,27.256619],[102.886241,27.276679],[102.889252,27.291368],[102.906993,27.333686],[102.929454,27.367133],[102.941905,27.405097],[102.9546,27.420722],[102.966319,27.398993],[102.977061,27.38878],[102.991222,27.385932],[103.012787,27.385932],[103.019054,27.389106],[103.037852,27.403266],[103.04713,27.40644],[103.070811,27.408149],[103.083507,27.410468],[103.092296,27.413886],[103.106375,27.408474],[103.120616,27.412177],[103.134288,27.421902],[103.146983,27.434353],[103.150076,27.473171],[103.160167,27.497138],[103.217865,27.566759],[103.228933,27.573513],[103.249441,27.577704],[103.28476,27.580756],[103.295909,27.587755],[103.304698,27.605048],[103.285737,27.633612],[103.28419,27.640448],[103.290701,27.646064],[103.313487,27.654853],[103.318289,27.663398],[103.326752,27.673529],[103.414561,27.742784],[103.444021,27.755561],[103.451427,27.759874],[103.454682,27.768663],[103.456065,27.781277],[103.458507,27.792548],[103.465017,27.797431],[103.476573,27.799872],[103.479015,27.80626],[103.478608,27.81505],[103.482188,27.824774],[103.503022,27.849677],[103.508311,27.864447],[103.510916,27.93004],[103.518565,27.94538],[103.536713,27.96129],[103.555431,27.970242],[103.562755,27.97545],[103.564708,27.983018],[103.560069,27.98786],[103.550792,27.98786],[103.540945,27.984442],[103.533702,27.979315],[103.513927,27.971381],[103.50172,27.99197],[103.489024,28.037665],[103.474539,28.039822],[103.456391,28.037136],[103.440929,28.042304],[103.434255,28.068061],[103.436046,28.075792],[103.440115,28.083319],[103.445567,28.090196],[103.451427,28.096015],[103.456472,28.105251],[103.452647,28.123887],[103.454845,28.133857],[103.458914,28.134711],[103.538178,28.184434],[103.551524,28.206122],[103.562022,28.229275],[103.571544,28.243109],[103.58074,28.246365],[103.602468,28.247748],[103.612641,28.249945],[103.619395,28.254747],[103.626231,28.261583],[103.634044,28.267768],[103.643565,28.270453],[103.666026,28.26321],[103.683442,28.246649],[103.697032,28.228339],[103.708751,28.215766],[103.722097,28.21544],[103.749278,28.242743],[103.788992,28.255479],[103.879975,28.325629],[103.870128,28.343777],[103.859467,28.400743],[103.8213,28.484809],[103.796804,28.525336],[103.794932,28.531073],[103.804861,28.551581],[103.828217,28.587429],[103.836436,28.604844],[103.832286,28.620469],[103.841563,28.636257],[103.845144,28.653591],[103.850678,28.668036]]]}},{"type":"Feature","properties":{"kind":"rivers","name":"Chang Jiang","source":"Natural Earth 1:10m"},"geometry":{"type":"MultiLineString","coordinates":[[[112.78183,29.743964],[112.816905,29.753974],[112.852957,29.779079],[112.885834,29.791693],[112.912364,29.764431],[112.914806,29.754218],[112.916515,29.733954],[112.918468,29.723456],[112.929291,29.701361],[112.936046,29.693223],[112.945323,29.709255],[112.987315,29.743964],[113.012706,29.772895],[113.019216,29.77086],[113.021495,29.747382],[113.017182,29.724555],[113.005951,29.706122],[112.990652,29.691962],[112.935069,29.659532],[112.913503,29.634467],[112.908214,29.600694],[112.927664,29.495185],[112.935557,29.480496],[112.953136,29.476589],[112.972097,29.489325],[112.990815,29.507025],[113.007823,29.518012],[113.032644,29.518988],[113.044526,29.508368],[113.048595,29.48961],[113.048595,29.454169],[113.049815,29.446885],[113.054698,29.443223],[113.066173,29.442247],[113.07545,29.447455],[113.076427,29.459581],[113.074718,29.473456],[113.076182,29.483832],[113.084727,29.494656],[113.089936,29.496039],[113.112885,29.474189],[113.115245,29.467637],[113.117768,29.463935],[113.127615,29.462755]],[[103.850678,28.668036],[103.866303,28.675116],[103.870209,28.666205],[103.872569,28.657172],[103.87379,28.636583],[103.87794,28.630439],[103.887706,28.630683],[103.899099,28.633083],[103.908376,28.63349],[103.927826,28.626288],[103.939952,28.619696],[103.952403,28.614854],[103.972748,28.613064],[103.992279,28.616238],[104.029063,28.630316],[104.047537,28.63349],[104.05657,28.630398],[104.078624,28.613064],[104.091807,28.612616],[104.101085,28.615994],[104.11964,28.626736],[104.139903,28.633368],[104.178722,28.638536],[104.232188,28.639594],[104.239675,28.643419],[104.246511,28.654893],[104.248057,28.661933],[104.25058,28.661485],[104.260509,28.65058],[104.275076,28.638861],[104.292491,28.632148],[104.311697,28.630439],[104.33253,28.63349],[104.341401,28.637478],[104.34669,28.641913],[104.352306,28.645697],[104.36321,28.647162],[104.456472,28.6435],[104.483002,28.657579],[104.507823,28.678412],[104.563731,28.707546],[104.588634,28.728339],[104.603526,28.754747],[104.599294,28.784369],[104.622,28.79031],[104.66269,28.782253],[104.685069,28.794257],[104.699718,28.799587],[104.740001,28.795233],[104.757091,28.798041],[104.7671,28.80504],[104.783295,28.82038],[104.791108,28.825303],[104.803803,28.828477],[104.835948,28.825303],[104.858409,28.817735],[104.902436,28.784369],[104.92213,28.776923],[104.939952,28.784857],[104.95696,28.803005],[104.980235,28.835883],[104.991628,28.841498],[105.002045,28.837022],[105.011974,28.829413],[105.021495,28.825303],[105.029877,28.81977],[105.03004,28.807563],[105.026541,28.795518],[105.020763,28.782538],[105.015391,28.775214],[105.013113,28.767035],[105.018321,28.756415],[105.028575,28.750434],[105.05185,28.750434],[105.062755,28.746446],[105.095714,28.719184],[105.115733,28.71369],[105.140636,28.722927],[105.14796,28.728135],[105.15089,28.732245],[105.154307,28.749579],[105.155284,28.763495],[105.153331,28.770046],[105.154714,28.775824],[105.164806,28.787462],[105.176199,28.783881],[105.219493,28.7567],[105.236257,28.749579],[105.259939,28.752712],[105.2942,28.772244],[105.339936,28.783515],[105.351573,28.799872],[105.360362,28.839626],[105.36964,28.856798],[105.384044,28.869696],[105.402843,28.877753],[105.425222,28.880561],[105.435557,28.883816],[105.443858,28.891913],[105.459565,28.911241],[105.470714,28.913153],[105.481619,28.904486],[105.497569,28.886786],[105.518158,28.888292],[105.542735,28.899197],[105.559174,28.915107],[105.555919,28.931749],[105.545909,28.95128],[105.560069,28.961127],[105.585378,28.962266],[105.607432,28.955675],[105.622325,28.942165],[105.62794,28.927354],[105.62794,28.890489],[105.639252,28.887478],[105.692475,28.891059],[105.709076,28.894232],[105.752859,28.921698],[105.77532,28.928249],[105.784923,28.911241],[105.786632,28.887234],[105.79184,28.868679],[105.800548,28.853461],[105.812755,28.839626],[105.84547,28.825385],[105.877208,28.836127],[105.897227,28.863715],[105.894786,28.900458],[105.878184,28.910102],[105.873627,28.914659],[105.87322,28.919623],[105.874766,28.925971],[105.877452,28.930121],[105.881114,28.928331],[105.874034,28.939887],[105.86907,28.946072],[105.860769,28.948432],[105.843272,28.948798],[105.818858,28.957546],[105.823741,28.977078],[105.880626,29.047309],[105.897227,29.058621],[105.928803,29.064887],[105.97698,29.062445],[105.990896,29.064887],[106.001231,29.071804],[106.025076,29.106513],[106.089854,29.081244],[106.117931,29.078559],[106.14088,29.090522],[106.135753,29.117621],[106.121593,29.146674],[106.117931,29.164496],[106.155365,29.202094],[106.157725,29.208686],[106.156993,29.21544],[106.157237,29.222439],[106.162364,29.229356],[106.170828,29.233466],[106.177826,29.232611],[106.184011,29.23017],[106.189545,29.229356],[106.213471,29.235622],[106.237315,29.246527],[106.250987,29.264268],[106.244151,29.290839],[106.259369,29.290391],[106.308686,29.276394],[106.324311,29.283515],[106.348888,29.289578],[106.370128,29.29206],[106.374766,29.295925],[106.376475,29.302273],[106.385509,29.319932],[106.388438,29.32807],[106.392996,29.336493],[106.401866,29.346055],[106.411632,29.35281],[106.429779,29.362006],[106.439464,29.370307],[106.455089,29.389431],[106.463878,29.397406],[106.473562,29.400702],[106.501964,29.399522],[106.516205,29.401435],[106.524832,29.408149],[106.522472,29.415351],[106.504405,29.442247],[106.499522,29.455024],[106.497813,29.464952],[106.498057,29.480496],[106.500987,29.488471],[106.508311,29.491034],[106.528575,29.490058],[106.536062,29.494452],[106.536388,29.504584],[106.532237,29.524237],[106.534434,29.544989],[106.537608,29.551134],[106.545909,29.558946],[106.556082,29.562771],[106.569591,29.565009],[106.581635,29.568427],[106.586843,29.575751],[106.585704,29.591742],[106.586843,29.610378],[106.596446,29.624538],[106.621023,29.627265],[106.619884,29.624376],[106.665701,29.588406],[106.672293,29.577012],[106.680756,29.572618],[106.69101,29.571479],[106.70045,29.575751],[106.704275,29.57864],[106.716401,29.58454],[106.720795,29.585639],[106.724294,29.588446],[106.728526,29.601752],[106.730886,29.606147],[106.775076,29.617377],[106.810802,29.600409],[106.842214,29.593329],[106.908132,29.686713],[106.929698,29.70421],[106.963634,29.756944],[107.017345,29.787136],[107.025645,29.794786],[107.033132,29.809434],[107.050385,29.819892],[107.070893,29.82392],[107.087169,29.819648],[107.095876,29.804999],[107.107351,29.759589],[107.117768,29.740261],[107.149425,29.710639],[107.167572,29.696967],[107.183442,29.688747],[107.221121,29.691718],[107.295421,29.740058],[107.334076,29.7508],[107.375662,29.733222],[107.399018,29.728217],[107.409272,29.740261],[107.414073,29.763617],[107.425955,29.780463],[107.457042,29.805365],[107.473888,29.824164],[107.479747,29.841905],[107.47519,29.859198],[107.46046,29.876776],[107.458751,29.884711],[107.466563,29.892768],[107.478038,29.899034],[107.488048,29.901557],[107.501394,29.900499],[107.508311,29.897488],[107.519786,29.887315],[107.55714,29.867011],[107.596121,29.855333],[107.635916,29.853054],[107.676768,29.860663],[107.68629,29.864691],[107.744395,29.903754],[107.836681,29.987006],[107.84962,30.004706],[107.865896,30.048163],[107.865245,30.055528],[107.861501,30.063585],[107.860362,30.07628],[107.861827,30.099555],[107.868256,30.113227],[107.881277,30.129218],[107.897065,30.142442],[107.912608,30.148017],[107.928233,30.155544],[107.934581,30.173204],[107.937592,30.193671],[107.943614,30.209418],[107.961029,30.222032],[107.977794,30.226671],[107.992931,30.233018],[108.005056,30.250434],[108.014578,30.286322],[108.02003,30.299913],[108.032319,30.313096],[108.046886,30.320868],[108.064952,30.327582],[108.069347,30.329942],[108.074311,30.331977],[108.08074,30.332343],[108.085378,30.329047],[108.090261,30.322455],[108.093761,30.315985],[108.094493,30.313096],[108.118337,30.317572],[108.117198,30.331366],[108.102957,30.347846],[108.087576,30.360297],[108.152843,30.408067],[108.174327,30.411973],[108.196869,30.422146],[108.217214,30.435614],[108.231619,30.449652],[108.308116,30.579535],[108.314138,30.586859],[108.348725,30.638983],[108.358328,30.648261],[108.369558,30.65705],[108.409923,30.709744],[108.418956,30.729315],[108.422293,30.739814],[108.424083,30.750678],[108.422455,30.763943],[108.412201,30.784776],[108.409923,30.795722],[108.410818,30.820746],[108.416596,30.833808],[108.431163,30.840644],[108.480561,30.853298],[108.497569,30.862413],[108.508393,30.876776],[108.512218,30.898464],[108.522227,30.911933],[108.545909,30.918769],[108.573334,30.922919],[108.594737,30.928819],[108.624278,30.943671],[108.6421,30.948269],[108.666515,30.949978],[108.687511,30.945421],[108.722179,30.926296],[108.745616,30.922634],[108.790538,30.931586],[108.877208,30.95954],[108.924327,30.956814],[108.96933,30.94892],[109.012543,30.949408],[109.17685,30.97663],[109.199229,30.975694],[109.258881,30.963568],[109.296641,30.965847],[109.430105,30.996202],[109.4463,31.00255],[109.459972,31.010037],[109.486339,31.028876],[109.497813,31.034125],[109.573985,31.04267],[109.591807,31.040554],[109.608328,31.031846],[109.617198,31.016913],[109.623953,31.008328],[109.632823,31.004584],[109.653087,31.00434],[109.661713,31.002224],[109.670421,30.997097],[109.731456,31.021267],[109.765636,31.047553],[109.784679,31.053656],[109.871755,31.067572],[109.896658,31.068549],[109.923106,31.060492],[109.933849,31.064561],[109.944753,31.070421],[109.955007,31.073432],[109.965343,31.071967],[109.976085,31.068427],[109.985769,31.06391],[109.992605,31.059841],[110.02589,31.032904],[110.042735,31.026923],[110.071707,31.02501],[110.089854,31.027126],[110.12794,31.036322],[110.149506,31.038682],[110.281749,31.021023],[110.321544,31.031846],[110.328868,31.037909],[110.334972,31.044623],[110.342784,31.049994],[110.355724,31.052314],[110.366791,31.05032],[110.384288,31.040839],[110.427338,31.031277],[110.44394,31.02558],[110.511729,31.033271],[110.532807,31.031846],[110.550548,31.026231],[110.565115,31.015082],[110.583751,31.004991],[110.657319,30.997097],[110.720876,30.967719],[110.7588,30.960476],[110.801524,30.943874],[110.814952,30.936306],[110.827647,30.921698],[110.837494,30.906073],[110.850678,30.893622],[110.87322,30.888495],[110.921886,30.886827],[110.945242,30.882636],[110.965831,30.874213],[110.995209,30.844835],[111.006928,30.83808],[111.011974,30.833564],[111.018647,30.829047],[111.027599,30.827012],[111.036062,30.827989],[111.05128,30.832302],[111.058197,30.833279],[111.076182,30.838813],[111.098643,30.8487],[111.124034,30.852566],[111.150808,30.840115],[111.161225,30.826768],[111.162852,30.815538],[111.158214,30.788601],[111.166433,30.783718],[111.204275,30.778835],[111.216319,30.775214],[111.238292,30.764268],[111.263276,30.756537],[111.277599,30.741807],[111.267507,30.709744],[111.386974,30.593044],[111.391205,30.58572],[111.39739,30.553249],[111.40089,30.545844],[111.412364,30.533149],[111.432546,30.503526],[111.448822,30.47016],[111.448741,30.445909],[111.444428,30.423204],[111.470714,30.413845],[111.505626,30.409247],[111.527436,30.401231],[111.507253,30.358507],[111.499522,30.333686],[111.503673,30.31623],[111.533132,30.282538],[111.55071,30.271674],[111.575857,30.271511],[111.592052,30.281277],[111.607432,30.299506],[111.619151,30.319851],[111.629324,30.356024],[111.643158,30.371894],[111.678315,30.395046],[111.711029,30.41059],[111.751964,30.422187],[111.797293,30.428534],[111.842784,30.428534],[111.881358,30.41828],[111.908295,30.39765],[111.980968,30.304551],[111.997813,30.291815],[112.021007,30.285183],[112.063894,30.287299],[112.087413,30.291938],[112.103526,30.298855],[112.103526,30.291368],[112.146658,30.304877],[112.195323,30.307481],[112.239024,30.295478],[112.268077,30.264716],[112.270518,30.223578],[112.246023,30.196357],[112.213634,30.1706],[112.192882,30.134345],[112.196544,30.092353],[112.223155,30.076728],[112.309011,30.072862],[112.352468,30.05919],[112.391205,30.031684],[112.417898,29.99372],[112.425141,29.948798],[112.400645,29.884141],[112.394216,29.873643],[112.384369,29.863064],[112.379812,29.838487],[112.376557,29.791693],[112.36671,29.747504],[112.368663,29.726589],[112.387543,29.733425],[112.423839,29.761542],[112.443858,29.77204],[112.466075,29.778673],[112.53297,29.774359],[112.54184,29.781806],[112.543386,29.802069],[112.548839,29.823065],[112.559255,29.839626],[112.575857,29.8463],[112.600352,29.839219],[112.602631,29.821357],[112.590017,29.77497],[112.593435,29.742377],[112.59962,29.721991],[112.610606,29.709784],[112.636241,29.71369],[112.6421,29.743679],[112.63795,29.805365],[112.654307,29.822333],[112.682872,29.82685],[112.714773,29.822292],[112.740326,29.812201],[112.764171,29.789984],[112.748464,29.779812],[112.716807,29.77379],[112.692556,29.764431],[112.693126,29.747382],[112.721772,29.738593],[112.760183,29.737616],[112.788829,29.743964]]]}},{"type":"Feature","properties":{"kind":"rivers","name":"Hong","source":"Natural Earth 1:10m"},"geometry":{"type":"MultiLineString","coordinates":[[[106.500987,20.299506],[106.492442,20.290229],[106.486827,20.286404],[106.480886,20.284125],[106.47462,20.283149],[106.461681,20.283271],[106.455089,20.284491],[106.449799,20.287218],[106.409434,20.31627],[106.394542,20.332953],[106.386241,20.34044],[106.354503,20.355536],[106.349132,20.364529],[106.334239,20.365587],[106.322765,20.360704],[106.302013,20.341417],[106.29127,20.334174],[106.278087,20.329535],[106.267345,20.331488],[106.263927,20.344062],[106.268077,20.356879],[106.274669,20.367458],[106.279796,20.378445],[106.279307,20.392524],[106.271983,20.406073],[106.261322,20.410956],[106.233653,20.409613],[106.21933,20.413601],[106.213878,20.424343],[106.213878,20.438585],[106.217865,20.461249],[106.217459,20.468533],[106.214447,20.47488],[106.208018,20.480089],[106.201671,20.48253],[106.195323,20.484198],[106.189464,20.486436],[106.184093,20.49079],[106.177419,20.50373],[106.171967,20.532579],[106.167572,20.546332],[106.158214,20.557929],[106.136485,20.575222],[106.129975,20.58869],[106.127615,20.616807],[106.125011,20.625067],[106.112071,20.631537],[106.076182,20.615058],[106.059255,20.616563],[106.053396,20.622341],[106.031261,20.653428],[106.026785,20.663194],[106.024913,20.673651],[106.027192,20.684597],[106.030935,20.693956],[106.032725,20.70185],[106.029877,20.708035],[106.02003,20.712348],[105.990489,20.714138],[105.981049,20.717108],[105.968272,20.731716],[105.964366,20.77086],[105.955984,20.786729],[105.947276,20.791124],[105.928233,20.795844],[105.920014,20.801296],[105.914806,20.809597],[105.91212,20.819403],[105.911143,20.829698],[105.911388,20.839626],[105.916515,20.855902],[105.923595,20.872138],[105.924571,20.886664],[105.910248,20.897773],[105.901134,20.901964],[105.896088,20.907172],[105.89503,20.914333],[105.899343,20.933865],[105.895925,20.938585],[105.890147,20.942654],[105.884532,20.949815],[105.885509,20.966742],[105.89503,20.983954],[105.90089,21.000434],[105.890717,21.015408],[105.859467,21.030585],[105.851085,21.039659],[105.846934,21.049872],[105.841075,21.070828],[105.834076,21.079128],[105.82252,21.085639],[105.748953,21.109198],[105.73821,21.113959],[105.708507,21.136786],[105.669932,21.157538],[105.656342,21.160468],[105.514089,21.167426],[105.50351,21.169501],[105.494233,21.173651],[105.477143,21.185858],[105.465343,21.196723],[105.455577,21.208523],[105.439871,21.235907],[105.433849,21.252509],[105.425873,21.29206],[105.41448,21.307156],[105.394949,21.31155],[105.373546,21.308946],[105.353526,21.301337],[105.348399,21.29206],[105.336192,21.265815],[105.329275,21.260362],[105.312022,21.259345],[105.302989,21.260932],[105.291515,21.266628],[105.268077,21.284003],[105.264171,21.290798],[105.266368,21.299831],[105.275645,21.309027],[105.277843,21.318386],[105.274669,21.333604],[105.258311,21.377305],[105.250499,21.390082],[105.224539,21.405056],[105.214854,21.3935],[105.211681,21.373481],[105.20574,21.36282],[105.200694,21.357733],[105.200857,21.347602],[105.199474,21.339911],[105.188487,21.342312],[105.183116,21.34809],[105.175385,21.37641],[105.158783,21.403998],[105.137136,21.43183],[105.086681,21.480089],[105.057384,21.496527],[105.048839,21.503038],[104.962169,21.603135],[104.953298,21.609687],[104.94337,21.614285],[104.93214,21.616034],[104.922781,21.615302],[104.920095,21.615546],[104.92099,21.620307],[104.92213,21.633409],[104.924897,21.640896],[104.930756,21.643907],[104.935557,21.647813],[104.935151,21.657579],[104.93157,21.665107],[104.926524,21.669745],[104.920828,21.673367],[104.914643,21.678087],[104.905854,21.69127],[104.90032,21.696479],[104.890717,21.698554],[104.88795,21.697455],[104.885916,21.695136],[104.883311,21.692816],[104.877452,21.691718],[104.874034,21.693874],[104.874522,21.703233],[104.870616,21.70539],[104.863048,21.707709],[104.856456,21.713162],[104.846446,21.725898],[104.812266,21.75377],[104.803396,21.763129],[104.804128,21.766466],[104.804779,21.777696],[104.803315,21.786689],[104.798839,21.791856],[104.791515,21.794257],[104.781261,21.794786],[104.7671,21.799587],[104.7553,21.810981],[104.736501,21.835761],[104.645518,21.904568],[104.640391,21.925116],[104.627615,21.923407],[104.624929,21.921983],[104.620535,21.91767],[104.59433,21.938096],[104.587413,21.949327],[104.592459,21.959255],[104.493337,22.039089],[104.490245,22.044623],[104.48642,22.044542],[104.471446,22.06448],[104.469656,22.068468],[104.421479,22.098456],[104.407644,22.109483],[104.384044,22.140489],[104.36964,22.152655],[104.364268,22.159695],[104.359793,22.171495],[104.352957,22.171495],[104.341807,22.16474],[104.33253,22.17532],[104.318858,22.205024],[104.308116,22.215277],[104.271007,22.240424],[104.264578,22.247748],[104.255626,22.261786],[104.249929,22.267768],[104.243663,22.271593],[104.230561,22.276964],[104.222667,22.281358],[104.180756,22.316026],[104.137706,22.36164],[104.126964,22.370185],[104.099132,22.383816],[104.051768,22.42414],[103.988048,22.475775],[103.977061,22.487657],[103.96933,22.500515],[103.959239,22.50727],[103.950613,22.516669],[103.940359,22.524848],[103.925141,22.528428],[103.91684,22.533474],[103.902354,22.558783],[103.894216,22.569403],[103.888194,22.571967],[103.872162,22.573798],[103.866303,22.575629],[103.843842,22.599473],[103.835948,22.602891],[103.829519,22.609402],[103.809255,22.638983],[103.804861,22.647569],[103.793956,22.659613],[103.726085,22.716498],[103.658214,22.793484],[103.646576,22.799262],[103.605398,22.837836],[103.592052,22.847724],[103.590343,22.850165],[103.589936,22.853624],[103.588878,22.857489],[103.585867,22.860704],[103.581065,22.861355],[103.568858,22.859646],[103.564708,22.860704],[103.557546,22.868476],[103.5442,22.888699],[103.519542,22.910509],[103.461843,22.943142],[103.417979,22.977566],[103.390147,22.9914],[103.36085,23.014268],[103.328543,23.032538],[103.287852,23.061632],[103.174327,23.108425],[103.132904,23.117865],[103.09547,23.122097],[103.084402,23.12462],[103.076182,23.130642],[103.064464,23.141913],[103.023448,23.156195],[102.975597,23.186347],[102.948416,23.192979],[102.940684,23.199164],[102.933849,23.206],[102.927257,23.210801],[102.918224,23.212958],[102.912039,23.212022],[102.906261,23.210517],[102.899343,23.210801],[102.891205,23.214138],[102.884532,23.218451],[102.875987,23.222235],[102.862722,23.223822],[102.854584,23.228217],[102.848399,23.247423],[102.836681,23.255316],[102.82545,23.279079],[102.81894,23.284451],[102.779226,23.299872],[102.761974,23.303982],[102.725597,23.306423],[102.714366,23.304145],[102.698009,23.294542],[102.687755,23.292751],[102.685069,23.294542],[102.600841,23.327826],[102.591563,23.337429],[102.586843,23.340684],[102.557221,23.347357],[102.54127,23.354193],[102.506765,23.379584],[102.499278,23.382107],[102.476329,23.377061],[102.466075,23.377387],[102.461843,23.385525],[102.450857,23.394639],[102.425873,23.39704],[102.379242,23.39643],[102.342377,23.405219],[102.307628,23.418809],[102.249522,23.450385],[102.208995,23.464057],[102.168386,23.46894],[102.135753,23.480536],[102.119151,23.514106],[102.10434,23.537869],[102.078298,23.552598],[102.02296,23.576768],[101.996674,23.59809],[101.986257,23.612087],[101.977794,23.642768],[101.967296,23.647528],[101.953705,23.648383],[101.94044,23.651923],[101.930919,23.659491],[101.910167,23.682644],[101.901541,23.699286],[101.891043,23.705756],[101.878429,23.710883],[101.868663,23.716742],[101.830577,23.754259],[101.827891,23.755927],[101.819835,23.759223],[101.816905,23.761094],[101.813487,23.76671],[101.812511,23.777615],[101.810639,23.782253],[101.804291,23.787299],[101.797537,23.790798],[101.79241,23.795925],[101.790131,23.805772],[101.786713,23.814968],[101.778575,23.827582],[101.768565,23.838813],[101.759776,23.843695],[101.750662,23.850898],[101.72877,23.898261],[101.717296,23.913764],[101.698009,23.911933],[101.693289,23.915391],[101.687511,23.923692],[101.682872,23.933865],[101.680919,23.942694],[101.674815,23.957709],[101.577403,24.081895],[101.571056,24.117377],[101.562999,24.126532],[101.551768,24.134101],[101.529389,24.144721],[101.529389,24.152167],[101.533621,24.163642],[101.509776,24.186876],[101.502859,24.20307],[101.500255,24.217719],[101.466319,24.319363],[101.450694,24.348212],[101.445811,24.385118],[101.440684,24.398546],[101.435069,24.401964],[101.409272,24.412869],[101.401378,24.417589],[101.397227,24.428656],[101.394054,24.441107],[101.389171,24.450059],[101.377615,24.462226],[101.318858,24.540961],[101.308116,24.545478],[101.303396,24.525824],[101.298839,24.51557],[101.287852,24.509467],[101.274343,24.507148],[101.262625,24.508409],[101.257335,24.512641],[101.247813,24.528144],[101.241466,24.535102],[101.231212,24.537055],[101.2199,24.535102],[101.210948,24.537624],[101.207286,24.552802],[101.203136,24.558417],[101.184825,24.568061],[101.180675,24.572943],[101.178722,24.584662],[101.174083,24.592068],[101.132253,24.624538],[101.12672,24.635321],[101.120209,24.660427],[101.115245,24.669216],[101.08782,24.696845],[101.041921,24.730048],[100.949474,24.835476],[100.914561,24.901394],[100.90919,24.908759],[100.904307,24.911811],[100.898529,24.913764],[100.893972,24.916693],[100.8921,24.922431],[100.894135,24.928168],[100.89796,24.932929],[100.899832,24.93769],[100.895763,24.943549],[100.866466,24.965603],[100.857921,24.973944],[100.85255,24.982123],[100.844493,25.00019],[100.837413,25.008734],[100.818858,25.025458],[100.808035,25.027411],[100.803233,25.011786],[100.799083,25.00849],[100.780284,25.002143],[100.770763,24.994696],[100.758556,24.990424],[100.744721,24.987413],[100.734386,24.987616],[100.729747,24.992011],[100.720632,25.008572],[100.713878,25.014919],[100.695079,25.019843],[100.650808,25.024359],[100.635671,25.032294],[100.616954,25.051622],[100.598237,25.064643],[100.578624,25.072618],[100.556895,25.076972],[100.521088,25.080146],[100.498627,25.087104],[100.488455,25.100531],[100.405935,25.111151],[100.366628,25.122097],[100.350515,25.132514],[100.344005,25.148708],[100.34075,25.174262],[100.33196,25.195502],[100.302989,25.234646],[100.28297,25.266872],[100.234793,25.385443],[100.225352,25.400702],[100.182872,25.443183]]]}},{"type":"Feature","properties":{"kind":"rivers","name":"Dadu","source":"Natural Earth 1:10m"},"geometry":{"type":"MultiLineString","coordinates":[[[100.070242,33.005683],[100.082937,32.992377],[100.113455,32.968329],[100.169037,32.909735],[100.190929,32.898505],[100.193777,32.887397],[100.193126,32.865058],[100.196788,32.858995],[100.215587,32.849921],[100.251394,32.824327],[100.291515,32.803168],[100.334727,32.786404],[100.371186,32.77912],[100.441987,32.726508],[100.453868,32.714545],[100.458507,32.705634],[100.488455,32.683458],[100.49822,32.669013],[100.501557,32.65587],[100.503429,32.642768],[100.508393,32.628241],[100.515717,32.620388],[100.524994,32.615017],[100.53297,32.608832],[100.536388,32.598171],[100.54184,32.586534],[100.554454,32.576524],[100.569347,32.569444],[100.595714,32.563503],[100.638682,32.539496],[100.654389,32.535753],[100.667572,32.534369],[100.679861,32.530382],[100.69337,32.51907],[100.71046,32.522732],[100.725597,32.512478],[100.740815,32.498603],[100.758556,32.491767],[100.766368,32.487494],[100.789643,32.456977],[100.793386,32.454779],[100.796804,32.455512],[100.799897,32.455349],[100.803233,32.450751],[100.805919,32.442328],[100.805675,32.4383],[100.804128,32.434394],[100.803233,32.426581],[100.805186,32.391669],[100.806651,32.385281],[100.810557,32.37519],[100.802664,32.353298],[100.803233,32.341498],[100.813487,32.336697],[100.828217,32.347357],[100.847585,32.356472],[100.871511,32.347113],[100.862804,32.331488],[100.878835,32.320909],[100.91627,32.310167],[100.925304,32.303819],[100.942882,32.295437],[100.950694,32.289659],[100.960216,32.279853],[100.965587,32.272732],[100.979503,32.24079],[100.983897,32.233018],[101.00644,32.205268],[101.0088,32.199246],[101.009369,32.186957],[101.004975,32.169053],[100.974539,32.108181],[100.970876,32.088446],[100.974539,32.03616],[100.977061,32.023871],[100.982921,32.017849],[100.990733,32.014106],[100.99879,32.008816],[101.004893,31.999579],[101.005463,31.982367],[101.009369,31.970974],[101.023936,31.957343],[101.063894,31.94835],[101.081065,31.939968],[101.16627,31.833848],[101.192149,31.814399],[101.241222,31.802191],[101.272227,31.783474],[101.286143,31.779161],[101.329275,31.78616],[101.344493,31.785997],[101.361257,31.781562],[101.391612,31.768988],[101.405854,31.765489],[101.424815,31.765082],[101.4428,31.768093],[101.455984,31.775702],[101.461192,31.78913],[101.47755,31.802924],[101.513927,31.805121],[101.551524,31.800076],[101.571056,31.792263],[101.587494,31.801581],[101.627452,31.815945],[101.646658,31.819525],[101.649506,31.816107],[101.653901,31.809353],[101.660655,31.805243],[101.670095,31.809882],[101.688894,31.828721],[101.694591,31.833197],[101.725597,31.846625],[101.830577,31.861111],[101.840912,31.852973],[101.857026,31.828803],[101.865245,31.819525],[101.87851,31.812608],[101.903087,31.806464],[101.913097,31.799628],[101.906261,31.799628],[101.933604,31.789659],[102.026378,31.710517],[102.029796,31.704047],[102.030935,31.694119],[102.02825,31.6883],[102.024425,31.685004],[102.02296,31.6824],[102.030772,31.666938],[102.050955,31.646593],[102.050304,31.635199],[102.065929,31.619574],[102.071544,31.601386],[102.078136,31.4713],[102.076752,31.453803],[102.070893,31.442084],[101.997081,31.378607],[101.98878,31.367703],[101.993337,31.351386],[102.007335,31.331],[102.024913,31.313585],[102.040294,31.30622],[102.048757,31.298448],[102.040457,31.2803],[102.016124,31.244167],[102.001069,31.202948],[101.988048,31.188788],[101.943289,31.1789],[101.924083,31.167548],[101.907237,31.151964],[101.892589,31.134874],[101.879975,31.11168],[101.874034,31.083604],[101.872081,31.015082],[101.874441,30.998399],[101.884207,30.962999],[101.885753,30.943142],[101.880382,30.907823],[101.885834,30.894599],[101.906261,30.888495],[101.919932,30.867703],[101.933035,30.820502],[101.944021,30.802517],[101.954194,30.798041],[101.963959,30.797675],[101.971446,30.79446],[101.974539,30.781765],[101.975678,30.769843],[101.979503,30.762803],[101.995616,30.750678],[102.002452,30.74669],[102.016612,30.741482],[102.02296,30.737657],[102.029796,30.728461],[102.040538,30.707058],[102.04713,30.702908],[102.054861,30.699327],[102.055268,30.690863],[102.050304,30.672471],[102.051768,30.660915],[102.055431,30.654405],[102.060069,30.649237],[102.064464,30.641466],[102.067556,30.62462],[102.064952,30.536689],[102.068777,30.523871],[102.098643,30.497423],[102.115896,30.477891],[102.121349,30.462226],[102.119151,30.418647],[102.123057,30.398139],[102.143891,30.354844],[102.169851,30.313422],[102.180431,30.290839],[102.18629,30.267035],[102.187999,30.236762],[102.198985,30.222602],[102.203054,30.213487],[102.192393,30.205349],[102.187592,30.185492],[102.17864,30.166815],[102.172862,30.065009],[102.170665,30.058661],[102.177745,30.050564],[102.208507,30.004014],[102.21339,29.989447],[102.214366,29.982245],[102.214692,29.973253],[102.216807,29.965033],[102.226085,29.961005],[102.228282,29.95246],[102.225678,29.935899],[102.220795,29.920437],[102.218028,29.906358],[102.222179,29.89411],[102.211925,29.872016],[102.209402,29.848944],[102.216075,29.774726],[102.213145,29.763983],[102.204682,29.753852],[102.199718,29.742296],[102.202078,29.711127],[102.197683,29.69892],[102.194591,29.693305],[102.195323,29.681179],[102.194265,29.675076],[102.190929,29.670722],[102.182872,29.664171],[102.180593,29.661404],[102.168956,29.641466],[102.165538,29.628526],[102.170665,29.617011],[102.177257,29.593573],[102.15797,29.543036],[102.174327,29.524237],[102.16684,29.500922],[102.177013,29.482367],[102.195893,29.472927],[102.214692,29.477078],[102.222179,29.469591],[102.220144,29.455146],[102.23585,29.390733],[102.25294,29.352891],[102.261322,29.350531],[102.265229,29.344184],[102.278412,29.294013],[102.283621,29.284613],[102.293793,29.277899],[102.307384,29.272081],[102.319347,29.264919],[102.324474,29.253933],[102.333425,29.256659],[102.41627,29.26671],[102.45574,29.275743],[102.47877,29.277777],[102.501231,29.283026],[102.518891,29.295762],[102.550385,29.325629],[102.566742,29.332302],[102.580333,29.332831],[102.59547,29.335761],[102.615733,29.349473],[102.625418,29.350287],[102.647065,29.330837],[102.656993,29.325629],[102.701427,29.325629],[102.777273,29.316352],[102.807709,29.300849],[102.804454,29.271023],[102.818614,29.257432],[102.833425,29.233181],[102.84962,29.215033],[102.869151,29.219794],[102.878347,29.223822],[102.89088,29.226508],[102.901947,29.230821],[102.906749,29.239936],[102.908946,29.250922],[102.920909,29.27497],[102.927257,29.284613],[102.942556,29.300116],[102.958263,29.303331],[102.999278,29.298285],[103.02003,29.291612],[103.026134,29.257514],[103.043386,29.243028],[103.064545,29.244818],[103.084565,29.259141],[103.099539,29.278388],[103.105398,29.294542],[103.11378,29.303656],[103.132823,29.298367],[103.203054,29.253933],[103.217377,29.250922],[103.23935,29.250515],[103.262218,29.245632],[103.27296,29.24787],[103.278819,29.267401],[103.28712,29.285183],[103.291026,29.290839],[103.305756,29.300889],[103.324718,29.308173],[103.337169,29.306749],[103.33253,29.290839],[103.34669,29.293769],[103.366954,29.311876],[103.380382,29.318793],[103.386974,29.314073],[103.397634,29.309638],[103.410085,29.306423],[103.421316,29.305121],[103.433116,29.307196],[103.457937,29.316514],[103.461681,29.318793],[103.478445,29.30744],[103.493093,29.286485],[103.509288,29.271552],[103.530528,29.277777],[103.582123,29.212673],[103.590261,29.208686],[103.601329,29.207831],[103.638764,29.209784],[103.64503,29.213568],[103.646576,29.236843],[103.645518,29.245144],[103.640066,29.26671],[103.640391,29.277777],[103.645925,29.289008],[103.652761,29.295518],[103.658376,29.302517],[103.660818,29.315009],[103.651541,29.336737],[103.630463,29.340684],[103.592052,29.333075],[103.574229,29.339423],[103.561534,29.354112],[103.553722,29.374335],[103.550955,29.397284],[103.554128,29.420111],[103.562022,29.436225],[103.642833,29.521552],[103.677257,29.545111],[103.716238,29.558946]]]}},{"type":"Feature","properties":{"kind":"rivers","name":"Min","source":"Natural Earth 1:10m"},"geometry":{"type":"MultiLineString","coordinates":[[[103.716238,29.558946],[103.741222,29.561347],[103.755056,29.556342],[103.763194,29.544013],[103.788992,29.46247],[103.790538,29.438544],[103.793956,29.421332],[103.812266,29.371772],[103.822276,29.356309],[103.842865,29.344102],[103.860606,29.338162],[103.870209,29.328437],[103.866303,29.305121],[103.860037,29.298448],[103.852061,29.294786],[103.847992,29.289578],[103.852631,29.277777],[103.859467,29.272081],[103.867442,29.271837],[103.876557,29.272773],[103.887543,29.271023],[103.902924,29.263251],[103.952403,29.226264],[103.962901,29.209093],[103.970144,29.168728],[103.979991,29.15119],[104.004812,29.12169],[104.021007,29.115994],[104.043956,29.12698],[104.058849,29.112006],[104.069916,29.096137],[104.084483,29.083686],[104.121511,29.077216],[104.130789,29.073757],[104.138276,29.06863],[104.144786,29.062323],[104.157237,29.048774],[104.16505,29.042589],[104.174815,29.037624],[104.217052,29.030626],[104.235362,29.023464],[104.243093,29.006863],[104.246755,29.0008],[104.266124,28.992214],[104.274099,28.98668],[104.285737,28.974311],[104.285737,28.971137],[104.273204,28.92182],[104.274343,28.902289],[104.287852,28.883653],[104.307546,28.86994],[104.382335,28.832302],[104.424897,28.816596],[104.454112,28.79682],[104.472667,28.791449],[104.492279,28.791938],[104.511241,28.798041],[104.533621,28.819403],[104.547537,28.827338],[104.561534,28.821885],[104.599294,28.784369]]]}},{"type":"Feature","properties":{"kind":"rivers","name":"Lancang","source":"Natural Earth 1:10m"},"geometry":{"type":"MultiLineString","coordinates":[[[96.941335,31.965522],[96.959483,31.952094],[96.974701,31.932481],[96.989757,31.922553],[96.994884,31.913682],[96.992117,31.870673],[96.992931,31.854926],[96.999115,31.845974],[97.01588,31.834174],[97.020763,31.826972],[97.014578,31.799994],[97.013276,31.78913],[97.017589,31.767117],[97.028738,31.752387],[97.061697,31.723944],[97.072195,31.710761],[97.08074,31.694607],[97.086843,31.675157],[97.089122,31.611274],[97.093191,31.600653],[97.102794,31.59752],[97.114024,31.596991],[97.123139,31.594265],[97.128022,31.58751],[97.135753,31.568874],[97.143647,31.559434],[97.167979,31.548855],[97.180105,31.540961],[97.188487,31.522325],[97.202647,31.504218],[97.20574,31.494574],[97.203868,31.482733],[97.194591,31.462592],[97.191498,31.449571],[97.208018,31.392401],[97.216075,31.378241],[97.219005,31.371283],[97.220714,31.35989],[97.220714,31.348009],[97.219493,31.339708],[97.211843,31.328396],[97.203868,31.325466],[97.195242,31.324774],[97.185313,31.320502],[97.161062,31.289171],[97.157237,31.281684],[97.159597,31.270128],[97.169444,31.2508],[97.174327,31.230577],[97.180675,31.221218],[97.195242,31.206895],[97.200206,31.196397],[97.198334,31.185492],[97.193858,31.174994],[97.191498,31.165961],[97.192149,31.129665],[97.198171,31.085232],[97.215424,31.047675],[97.250092,31.031846],[97.269216,31.028103],[97.289073,31.018988],[97.321788,30.997097],[97.36142,30.952948],[97.376964,30.943142],[97.372,30.933173],[97.370209,30.902167],[97.357595,30.870714],[97.355968,30.857123],[97.357432,30.794298],[97.362804,30.771796],[97.37851,30.731879],[97.399099,30.701483],[97.427338,30.677191],[97.482188,30.645372],[97.524099,30.603868],[97.554617,30.583116],[97.557628,30.581814],[97.629405,30.452419],[97.66448,30.405829],[97.670665,30.400092],[97.678722,30.395046],[97.713471,30.388943],[97.723074,30.384141],[97.781749,30.332343],[97.810069,30.299913],[97.827891,30.284288],[97.846202,30.277696],[97.852306,30.27558],[97.862885,30.269965],[97.872976,30.262397],[97.877371,30.254177],[97.879487,30.239529],[97.885265,30.234931],[97.893972,30.233832],[97.904063,30.229926],[97.936941,30.205512],[97.947765,30.18891],[97.951752,30.165107],[97.965831,30.155829],[97.975515,30.14765],[97.979747,30.137478],[97.981375,30.131537],[97.985362,30.128363],[97.990896,30.127143],[97.996755,30.126899],[98.001557,30.123969],[97.999766,30.117377],[97.993337,30.107042],[98.004975,30.063096],[98.015717,30.041327],[98.030935,30.031928],[98.042979,30.021267],[98.051768,29.997178],[98.061615,29.956163],[98.073822,29.940863],[98.089936,29.924831],[98.104096,29.906195],[98.110037,29.883612],[98.113292,29.875434],[98.134288,29.849718],[98.138601,29.840684],[98.140391,29.819892],[98.144216,29.812201],[98.161713,29.807074],[98.210053,29.804267],[98.2199,29.794786],[98.225108,29.781806],[98.260834,29.723456],[98.339285,29.638861],[98.348155,29.623358],[98.34962,29.599921],[98.343435,29.572699],[98.343435,29.565782],[98.346202,29.554551],[98.36142,29.51378],[98.397472,29.453884],[98.404226,29.445095],[98.409597,29.435614],[98.411632,29.424872],[98.416026,29.417182],[98.434662,29.408311],[98.439057,29.397284],[98.436941,29.386664],[98.433197,29.375515],[98.431407,29.365017],[98.435313,29.356309],[98.443614,29.351996],[98.473155,29.342637],[98.479015,29.327094],[98.492686,29.31037],[98.53769,29.269232],[98.547944,29.256619],[98.568858,29.223212],[98.614024,29.167914],[98.631602,29.159532],[98.628347,29.140163],[98.610362,29.103095],[98.604991,29.08336],[98.584076,29.045193],[98.583018,29.023953],[98.592784,29.008409],[98.607514,28.996283],[98.620535,28.982774],[98.624034,28.963162],[98.634288,28.944159],[98.638113,28.930487],[98.638438,28.878607],[98.641531,28.870917],[98.654307,28.855048],[98.654796,28.850165],[98.652761,28.844916],[98.651378,28.835883],[98.652843,28.825507],[98.656505,28.818956],[98.660818,28.813178],[98.66505,28.804796],[98.677826,28.756944],[98.680186,28.724392],[98.685476,28.708604],[98.702729,28.670925],[98.774913,28.572089],[98.780935,28.555854],[98.790538,28.514594],[98.799083,28.499783],[98.812266,28.483954],[98.834483,28.441759],[98.850597,28.401475],[98.862397,28.357042],[98.864268,28.335557],[98.860932,28.319851],[98.846446,28.285753],[98.843028,28.270453],[98.8449,28.250312],[98.850108,28.225043],[98.857921,28.200954],[98.884776,28.150662],[98.90683,28.128852],[98.912608,28.119574],[98.914561,28.096259],[98.901947,28.053982],[98.898448,28.033962],[98.901134,28.011013],[98.908621,27.993516],[98.932546,27.96129],[99.018972,27.883816],[99.034923,27.852078],[99.036388,27.84044],[99.034923,27.817939],[99.037364,27.812079],[99.042003,27.808132],[99.048595,27.804958],[99.048269,27.797471],[99.043061,27.786404],[99.04184,27.780382],[99.044688,27.772162],[99.050792,27.765408],[99.054861,27.759385],[99.047293,27.743476],[99.05071,27.719306],[99.048595,27.708075],[99.038585,27.698106],[99.027192,27.694119],[99.016205,27.691962],[99.007498,27.687567],[99.003673,27.681098],[98.99879,27.669501],[98.997569,27.658393],[99.004242,27.653428],[99.008067,27.648708],[99.011322,27.637559],[99.014415,27.615587],[99.017589,27.60578],[99.031749,27.596503],[99.034923,27.585232],[99.030935,27.571641],[99.022472,27.56623],[99.013194,27.563503],[99.007498,27.557888],[99.009532,27.548285],[99.028087,27.516303],[99.031993,27.504747],[99.037608,27.480048],[99.04184,27.468533],[99.065929,27.437201],[99.069591,27.423774],[99.072846,27.416775],[99.087006,27.401801],[99.090261,27.396796],[99.090587,27.370551],[99.093354,27.358344],[99.100108,27.348415],[99.10849,27.330349],[99.110281,27.302843],[99.10255,27.276882],[99.082612,27.263007],[99.088959,27.24254],[99.098237,27.22488],[99.112641,27.21247],[99.134288,27.207831],[99.146658,27.197699],[99.17213,27.132676],[99.165457,27.11754],[99.16505,27.102322],[99.166433,27.086697],[99.165294,27.070624],[99.16269,27.064765],[99.154796,27.052802],[99.151541,27.043972],[99.149994,27.026801],[99.150401,27.017198],[99.151541,27.009792],[99.177013,26.952745],[99.18629,26.92239],[99.185639,26.886298],[99.183197,26.878038],[99.170095,26.848456],[99.163829,26.839626],[99.161794,26.837917],[99.157319,26.836005],[99.15919,26.831855],[99.165294,26.824815],[99.140554,26.771674],[99.13795,26.755927],[99.141205,26.748114],[99.154063,26.736599],[99.158376,26.728624],[99.159597,26.719265],[99.130463,26.625596],[99.136648,26.607123],[99.126231,26.587104],[99.111339,26.566718],[99.103933,26.547065],[99.110037,26.526475],[99.138438,26.501899],[99.144786,26.482204],[99.142345,26.474636],[99.132416,26.457587],[99.130463,26.447455],[99.142507,26.421413],[99.144786,26.409939],[99.141043,26.400255],[99.133718,26.392035],[99.129405,26.384141],[99.140391,26.36579],[99.143647,26.352607],[99.144949,26.339789],[99.144786,26.331366],[99.14267,26.324571],[99.134044,26.307074],[99.130463,26.296658],[99.13795,26.186794],[99.130626,26.07335],[99.13795,26.029731],[99.148855,26.005642],[99.151541,25.994981],[99.152761,25.908311],[99.156668,25.886542],[99.165294,25.865831],[99.167898,25.864081],[99.171397,25.863471],[99.175548,25.86225],[99.178803,25.858425],[99.183604,25.842475],[99.1963,25.816596],[99.202403,25.807156],[99.209972,25.803168],[99.217459,25.794501],[99.254649,25.734931],[99.267182,25.692247],[99.274425,25.649604],[99.281261,25.629706],[99.297374,25.616889],[99.336518,25.597724],[99.343272,25.591864],[99.350108,25.584093],[99.355235,25.57628],[99.357595,25.570421],[99.356456,25.558173],[99.351573,25.550645],[99.346446,25.545356],[99.344005,25.53974],[99.33782,25.515815],[99.336518,25.505235],[99.33839,25.499945],[99.347179,25.483466],[99.35019,25.47488],[99.35255,25.456366],[99.351329,25.43891],[99.344493,25.425564],[99.329845,25.419623],[99.313406,25.42475],[99.302745,25.433661],[99.297293,25.432969],[99.294526,25.399848],[99.289968,25.38935],[99.288666,25.3817],[99.292003,25.373562],[99.306651,25.359565],[99.309825,25.354763],[99.313731,25.338446],[99.323741,25.323065],[99.367442,25.27851],[99.413503,25.212185],[99.435557,25.199286],[99.472748,25.16531],[99.480561,25.155829],[99.48878,25.139472],[99.508311,25.133368],[99.530935,25.134101],[99.548839,25.138454],[99.558523,25.129096],[99.579112,25.117784],[99.60255,25.108262],[99.620942,25.104315],[99.635346,25.098904],[99.648367,25.085395],[99.730724,24.977647],[99.74114,24.956977],[99.745209,24.914089],[99.754893,24.892035],[99.765636,24.884345],[99.8095,24.862413],[99.826915,24.857856],[99.83546,24.849799],[99.864757,24.795762],[99.892589,24.77143],[99.926524,24.755805],[99.965587,24.746527],[100.076671,24.733425],[100.101003,24.719062],[100.116222,24.670966],[100.128998,24.67475],[100.142996,24.688666],[100.156749,24.707221],[100.163178,24.718126],[100.168956,24.723822],[100.17628,24.72838],[100.189708,24.732774],[100.210216,24.745917],[100.22934,24.751166],[100.281505,24.757392],[100.306244,24.76793],[100.323416,24.76911],[100.372081,24.750922],[100.381847,24.74494],[100.392507,24.735785],[100.417084,24.719265],[100.426524,24.707058],[100.423595,24.703192],[100.418956,24.693427],[100.433523,24.690741],[100.437104,24.681464],[100.433197,24.655544],[100.439708,24.646593],[100.467865,24.626899],[100.474294,24.614285],[100.47877,24.607937],[100.500662,24.587592],[100.508393,24.576117],[100.511241,24.561591],[100.510753,24.53559],[100.515229,24.522732],[100.524343,24.516547],[100.535818,24.514675],[100.545828,24.510606],[100.55714,24.476182],[100.557058,24.465277],[100.546641,24.460639],[100.527354,24.448432],[100.516775,24.420111],[100.515229,24.388007],[100.522716,24.364447],[100.517833,24.350409],[100.516531,24.27143],[100.528819,24.206732],[100.530935,24.162706],[100.519542,24.122585],[100.493907,24.091986],[100.453868,24.076443],[100.412852,24.076443],[100.403087,24.073269],[100.381847,24.062771],[100.381847,24.051703],[100.392345,23.980251],[100.406668,23.935614],[100.407481,23.915961],[100.395518,23.894843],[100.379487,23.882758],[100.339692,23.85989],[100.323416,23.843695],[100.28948,23.764838],[100.271983,23.754259],[100.255382,23.740668],[100.199962,23.668647],[100.197195,23.660671],[100.179454,23.631415],[100.138601,23.47309],[100.134044,23.467353],[100.120209,23.454169],[100.117442,23.449246],[100.104421,23.411689],[100.074311,23.360867],[100.070242,23.346788],[100.072276,23.329698],[100.081391,23.293321],[100.083263,23.27143],[100.077403,23.25377],[100.050548,23.22724],[100.042979,23.212429],[100.095876,23.17121],[100.114024,23.165229],[100.120046,23.155097],[100.142996,23.071316],[100.146658,23.065212],[100.161388,23.060736],[100.181895,23.04975],[100.18629,23.044867],[100.192963,23.030707],[100.208588,23.013739],[100.226736,23.002997],[100.240896,23.007636],[100.248464,23.007636],[100.257091,22.970771],[100.261974,22.959174],[100.269054,22.949652],[100.274343,22.948269],[100.296153,22.959174],[100.29184,22.915554],[100.300873,22.878852],[100.354991,22.790961],[100.361827,22.776801],[100.365489,22.746161],[100.370128,22.72663],[100.371186,22.716498],[100.362804,22.68244],[100.364513,22.67182],[100.368337,22.670437],[100.392345,22.657538],[100.402273,22.649766],[100.437755,22.612006],[100.512706,22.551703],[100.533295,22.53974],[100.553396,22.534613],[100.567882,22.526923],[100.572683,22.50906],[100.570567,22.473212],[100.574962,22.450954],[100.574718,22.437567],[100.566824,22.431586],[100.564057,22.425401],[100.573171,22.411933],[100.585053,22.398871],[100.590912,22.393744],[100.595144,22.386542],[100.625092,22.363349],[100.646658,22.326606],[100.659272,22.314887],[100.639659,22.309394],[100.631358,22.306098],[100.625092,22.301866],[100.61378,22.288398],[100.609304,22.27851],[100.615245,22.273953],[100.637625,22.262478],[100.660818,22.259101],[100.671153,22.255927],[100.679454,22.251532],[100.699474,22.237087],[100.702566,22.231391],[100.709972,22.209052],[100.713878,22.174913],[100.717052,22.168647],[100.731212,22.151435],[100.734386,22.140489],[100.731212,22.132758],[100.724294,22.125108],[100.71933,22.117377],[100.720714,22.109483],[100.730968,22.10871],[100.757253,22.098904],[100.777924,22.087592],[100.762625,22.071723],[100.771414,22.048774],[100.795909,22.013861],[100.803966,22.010362],[100.820811,22.009304],[100.830577,22.007025],[100.855724,21.989529],[100.867279,21.983466],[100.870372,21.975653],[100.871511,21.955512],[100.874522,21.943793],[100.881765,21.937445],[100.89088,21.932644],[100.899506,21.925116],[100.905935,21.913601],[100.910085,21.900824],[100.912527,21.873318],[100.917898,21.860948],[100.929861,21.853583],[100.941905,21.849229],[100.947276,21.846259],[101.029796,21.849392],[101.067393,21.828925],[101.070811,21.822537],[101.06837,21.808417],[101.068858,21.794379],[101.081065,21.78795],[101.108002,21.791449],[101.173839,21.815253],[101.181244,21.796942],[101.163097,21.784044],[101.118663,21.766872],[101.118663,21.760037],[101.124522,21.744412],[101.127371,21.695339],[101.135916,21.684923],[101.148855,21.676947],[101.161143,21.658555],[101.168468,21.638007],[101.166433,21.623481],[101.173595,21.612128],[101.167247,21.600409],[101.157481,21.586453],[101.153901,21.568223],[101.158702,21.552843],[101.160818,21.534857],[101.15683,21.519884],[101.142833,21.513617],[101.003184,21.406195],[100.909679,21.360297],[100.895763,21.355984],[100.862071,21.323513],[100.851085,21.315009],[100.814138,21.300401],[100.791596,21.297553],[100.772227,21.30447],[100.764659,21.309394],[100.756358,21.312608],[100.747488,21.31448],[100.738048,21.315009],[100.725108,21.311876],[100.72169,21.3039],[100.722179,21.292914],[100.720714,21.280829],[100.689138,21.159532],[100.637218,21.069892],[100.625092,21.054267],[100.606456,21.044135],[100.561534,21.035264],[100.543061,21.027615],[100.555593,21.000067],[100.556895,20.992255],[100.551687,20.985541],[100.53297,20.97366],[100.528819,20.968614],[100.526785,20.94713],[100.517345,20.906521],[100.515229,20.886746],[100.533946,20.874091],[100.622569,20.888739],[100.651785,20.883002],[100.651785,20.876776],[100.626231,20.853705],[100.598562,20.833686],[100.568614,20.817979],[100.536388,20.807888],[100.513113,20.807237],[100.47047,20.818468],[100.383393,20.831895],[100.364513,20.828396],[100.350841,20.815497],[100.341726,20.799669],[100.329275,20.7862],[100.289806,20.775214],[100.274343,20.762234],[100.248464,20.732204],[100.221446,20.709784],[100.210948,20.697577],[100.206716,20.680976],[100.202078,20.668077],[100.179698,20.638373],[100.172537,20.622341],[100.172537,20.609239],[100.15976,20.582872],[100.148855,20.548285],[100.136322,20.459418],[100.127045,20.428046],[100.124929,20.406602],[100.120697,20.388983],[100.11085,20.375067],[100.099294,20.362413],[100.09669,20.348578],[100.097179,20.33515],[100.098888,20.317979],[100.096934,20.283393],[100.10255,20.26378],[100.116222,20.248236],[100.134288,20.239285],[100.152192,20.239325],[100.16741,20.253852],[100.166921,20.292792],[100.175955,20.300808],[100.17921,20.30268],[100.201427,20.310492],[100.206716,20.311347],[100.208914,20.313178],[100.22047,20.349189],[100.240001,20.372992],[100.27003,20.392035],[100.306082,20.399848],[100.344005,20.390163],[100.363862,20.369167],[100.421397,20.250312],[100.447032,20.218207],[100.451752,20.210476],[100.45696,20.196601],[100.460704,20.190945],[100.468354,20.185899],[100.485281,20.178982],[100.488455,20.173529],[100.496023,20.165107],[100.512462,20.155463],[100.528819,20.14997],[100.536388,20.153673],[100.54184,20.166938],[100.554698,20.170356],[100.570404,20.167996],[100.584239,20.163601],[100.594493,20.128363],[100.584239,20.012763],[100.593028,19.819403],[100.601573,19.802843],[100.621674,19.810411],[100.631928,19.815945],[100.641775,19.816474],[100.655528,19.813544],[100.668875,19.81505],[100.678233,19.818793],[100.748546,19.858018],[100.779552,19.884874],[100.792084,19.891059],[100.805919,19.892035],[100.927989,19.873318],[100.974539,19.859565],[101.009369,19.834052],[101.013113,19.841132],[101.019542,19.850165],[101.02239,19.85574],[101.029796,19.85574],[101.043224,19.840888],[101.059581,19.845893],[101.084402,19.86876],[101.109386,19.885688],[101.118663,19.889268],[101.131358,19.888739],[101.142019,19.883857],[101.150401,19.878241],[101.169526,19.869005],[101.23463,19.827826],[101.257904,19.821357],[101.5595,19.823513],[101.596934,19.831366],[101.618907,19.85574],[101.606863,19.863145],[101.619395,19.874457],[101.641124,19.884792],[101.656342,19.889268],[101.666515,19.895087],[101.695811,19.922309],[101.707612,19.930854],[101.748057,19.941189],[101.829275,19.948065],[101.865245,19.957546],[101.898692,19.979356],[101.950206,20.034206],[101.974539,20.053738],[101.992198,20.059597],[102.04713,20.053738],[102.063569,20.058173],[102.119151,20.088487],[102.15797,20.092231],[102.190684,20.080675],[102.216807,20.057481],[102.23585,20.026435],[102.246511,19.988105],[102.240896,19.958808],[102.222341,19.935818],[102.194265,19.916571],[102.184988,19.91238],[102.16741,19.906765],[102.160167,19.902899],[102.141531,19.879259],[102.136241,19.875596],[102.127208,19.873481],[102.117686,19.864081],[102.10849,19.861925],[102.085948,19.860216],[102.045421,19.851996],[102.038829,19.848822],[102.029796,19.841498],[102.023855,19.832058],[102.011648,19.805935],[102.00587,19.800482],[101.993175,19.794379],[101.893565,19.705634],[101.885753,19.687201],[101.87672,19.679389],[101.835541,19.657986],[101.824311,19.649685],[101.814952,19.615017],[101.816742,19.481513],[101.820893,19.467149],[101.829112,19.454128],[101.841319,19.440863],[101.856944,19.43122],[101.896414,19.414374],[101.906261,19.403266],[101.899425,19.393419],[101.866222,19.360297],[101.858409,19.344916],[101.853282,19.325466],[101.830333,19.292304],[101.824311,19.27912],[101.823985,19.260199],[101.830577,19.200954],[101.828705,19.180772],[101.820323,19.147284],[101.808604,19.032579],[101.804861,19.021267],[101.803152,19.010565],[101.806895,19.002021],[101.812266,18.99433],[101.814952,18.985053],[101.816905,18.964423],[101.815929,18.94127],[101.805675,18.904161],[101.803233,18.885606],[101.808849,18.870307],[101.851003,18.826687],[101.861746,18.793402],[101.85434,18.763373],[101.824311,18.703721],[101.819591,18.682685],[101.815115,18.640815],[101.810639,18.621853],[101.779307,18.568874],[101.763764,18.549587],[101.742605,18.502265],[101.732188,18.491482],[101.729991,18.488471],[101.707612,18.471015],[101.696056,18.466742],[101.683197,18.464423],[101.670665,18.465359],[101.65976,18.471015],[101.644542,18.457628],[101.626394,18.421169],[101.615164,18.405544],[101.593028,18.390937],[101.577729,18.385077],[101.574229,18.375759],[101.573416,18.364447],[101.571056,18.354926],[101.561534,18.341335],[101.546967,18.325385],[101.529877,18.312079],[101.512462,18.306505],[101.490489,18.303046],[101.481212,18.293809],[101.476166,18.280707],[101.467377,18.26557],[101.420828,18.214708],[101.40325,18.182196],[101.399099,18.141425],[101.404307,18.127794],[101.422944,18.096381],[101.427013,18.084011],[101.433197,18.012315],[101.430919,17.982611],[101.424571,17.954657],[101.423595,17.9289],[101.444835,17.894884],[101.449474,17.884833],[101.456391,17.877387],[101.471202,17.874538],[101.495372,17.879096],[101.504242,17.875841],[101.509044,17.860867],[101.515717,17.860867],[101.523204,17.866645],[101.537364,17.873603],[101.551199,17.87519],[101.557384,17.864569],[101.554698,17.857123],[101.536794,17.826728],[101.536794,17.820502],[101.543468,17.815538],[101.550222,17.81391],[101.557058,17.815538],[101.563569,17.820502]]]}},{"type":"Feature","properties":{"kind":"rivers","name":"Wu","source":"Natural Earth 1:10m"},"geometry":{"type":"MultiLineString","coordinates":[[[106.730886,27.317694],[106.815847,27.317694],[106.822032,27.318712],[106.831554,27.32335],[106.836681,27.32449],[106.842459,27.322455],[106.851573,27.313503],[106.857432,27.311469],[106.862804,27.306667],[106.880382,27.284044],[106.88795,27.276679],[106.907237,27.26907],[106.917735,27.274482],[106.962983,27.33747],[106.975352,27.349921],[106.991466,27.358669],[107.018077,27.359483],[107.036632,27.347032],[107.053966,27.331895],[107.076915,27.32449],[107.097748,27.329047],[107.129893,27.350898],[107.149099,27.358669],[107.189952,27.354275],[107.183197,27.325059],[107.135509,27.263007],[107.129649,27.257188],[107.12379,27.253485],[107.121755,27.249335],[107.128022,27.24254],[107.142589,27.235704],[107.151866,27.238878],[107.160574,27.245673],[107.172862,27.249376],[107.238455,27.251573],[107.327403,27.281521],[107.360444,27.300116],[107.388682,27.32449],[107.398204,27.341335],[107.415131,27.386298],[107.425955,27.403347],[107.434581,27.4112],[107.445079,27.418769],[107.456391,27.424628],[107.480398,27.430691],[107.493256,27.448757],[107.504812,27.454861],[107.516775,27.454942],[107.520763,27.449978],[107.521983,27.442328],[107.525401,27.434353],[107.549083,27.405707],[107.553233,27.403347],[107.561697,27.395819],[107.614675,27.37226],[107.641368,27.372626],[107.667003,27.382839],[107.688731,27.399766],[107.704112,27.420722],[107.684093,27.420722],[107.687511,27.426947],[107.711436,27.441189],[107.723725,27.453477],[107.745128,27.489569],[107.752452,27.489569],[107.770112,27.479031],[107.78655,27.494981],[107.803722,27.530585],[107.813894,27.540473],[107.823985,27.547309],[107.83782,27.550401],[107.86142,27.550849],[107.872488,27.553005],[107.882253,27.557888],[107.892996,27.57392],[107.894054,27.594184],[107.888438,27.636746],[107.898041,27.643419],[107.956716,27.6671],[107.999034,27.702745],[108.015391,27.708075],[108.021658,27.711249],[108.040701,27.725409],[108.049815,27.728583],[108.069021,27.730089],[108.079031,27.732449],[108.087576,27.736029],[108.104991,27.749538],[108.138927,27.794379],[108.161794,27.804958],[108.181163,27.799872],[108.197358,27.791287],[108.210541,27.791287],[108.215912,27.801215],[108.23463,27.864773],[108.246511,27.953477],[108.245372,27.968777],[108.237071,27.984646],[108.19752,28.023993],[108.187022,28.052069],[108.190684,28.078966],[108.202891,28.104071],[108.236095,28.1553],[108.243175,28.172187],[108.245372,28.187852],[108.240245,28.204413],[108.231049,28.215196],[108.220225,28.224473],[108.210541,28.236274],[108.229015,28.25906],[108.251475,28.305609],[108.272553,28.325629],[108.285655,28.330593],[108.296641,28.332709],[108.303966,28.338894],[108.306733,28.356065],[108.301768,28.362331],[108.265717,28.380316],[108.272553,28.392686],[108.28183,28.399522],[108.306733,28.407009],[108.314871,28.40766],[108.323334,28.406806],[108.331472,28.40705],[108.338145,28.410712],[108.359874,28.426337],[108.397634,28.447333],[108.403575,28.451687],[108.407237,28.482367],[108.409923,28.489529],[108.4192,28.493964],[108.447765,28.498358],[108.458263,28.503201],[108.466319,28.514187],[108.472667,28.527411],[108.476654,28.541449],[108.478038,28.554714],[108.483165,28.573839],[108.503429,28.612616],[108.505382,28.639716],[108.484955,28.640245],[108.405772,28.658311],[108.36378,28.677598],[108.3449,28.681952],[108.330089,28.689073],[108.322765,28.705756],[108.320567,28.724962],[108.320404,28.739691],[108.329031,28.7567],[108.367117,28.776923],[108.37558,28.794257],[108.371349,28.815863],[108.361095,28.83039],[108.349701,28.843207],[108.341563,28.859442],[108.340261,28.869167],[108.341319,28.912055],[108.340343,28.919542],[108.30128,29.005927],[108.292084,29.044867],[108.300141,29.086005],[108.290538,29.136542],[108.266694,29.162706],[108.233653,29.18126],[108.19752,29.20893],[108.184825,29.224311],[108.173595,29.242255],[108.165701,29.261583],[108.16269,29.281195],[108.158376,29.292833],[108.149018,29.302069],[108.139659,29.309272],[108.135509,29.315009],[108.128673,29.352891],[108.108328,29.386786],[108.07252,29.396796],[107.952078,29.384792],[107.945404,29.374538],[107.943614,29.349473],[107.938406,29.32628],[107.925385,29.309149],[107.896495,29.284613],[107.891205,29.278754],[107.886811,29.272244],[107.8838,29.265082],[107.882253,29.257351],[107.867279,29.264106],[107.849132,29.276557],[107.833507,29.29206],[107.823985,29.315538],[107.816335,29.321397],[107.805105,29.326036],[107.79184,29.329698],[107.745128,29.339219],[107.72877,29.346137],[107.717703,29.352891],[107.688487,29.377061],[107.679861,29.380194],[107.676524,29.382636],[107.645763,29.397284],[107.634858,29.400458],[107.580577,29.400702],[107.562022,29.409491],[107.526296,29.436591],[107.515717,29.442247],[107.470714,29.518012],[107.478608,29.562852],[107.474864,29.583767],[107.453624,29.592475],[107.431163,29.596625],[107.412364,29.607489],[107.398041,29.622911],[107.388682,29.640937],[107.385671,29.655097],[107.385916,29.666938],[107.388682,29.685329],[107.394054,29.694403],[107.404063,29.703192],[107.409923,29.714301],[107.402436,29.730292]],[[106.730886,27.317694],[106.724132,27.317694]],[[104.592459,26.808295],[104.607432,26.800605],[104.646658,26.769151],[104.654552,26.757392],[104.735769,26.708319],[104.757091,26.699042],[104.764659,26.69892],[104.777924,26.704413],[104.78769,26.705878],[104.798595,26.702704],[104.815929,26.688585],[104.82252,26.685411],[104.837169,26.688056],[104.845225,26.6942],[104.851492,26.701036],[104.860037,26.705878],[104.891368,26.699246],[104.931163,26.687323],[104.935151,26.683946],[104.93629,26.661689],[104.942393,26.646064],[104.956716,26.638251],[104.983653,26.639228],[105.000255,26.64643],[105.020518,26.66002],[105.03769,26.674384],[105.051524,26.692165],[105.066335,26.683865],[105.092784,26.659735],[105.109955,26.648749],[105.127533,26.642279],[105.145763,26.643826],[105.164806,26.656602],[105.184662,26.664374],[105.192556,26.644639],[105.195811,26.598253],[105.216319,26.591417],[105.225841,26.562364],[105.226329,26.556098],[105.231049,26.551947],[105.247081,26.550482],[105.255951,26.548204],[105.275971,26.538438],[105.288097,26.5362],[105.294444,26.539618],[105.314708,26.553982],[105.326182,26.556708],[105.339692,26.552924],[105.346934,26.545518],[105.351085,26.536973],[105.353526,26.529364],[105.353526,26.523993],[105.347179,26.514757],[105.346121,26.508897],[105.348888,26.503607],[105.358409,26.498358],[105.360362,26.492133],[105.362234,26.472602],[105.367279,26.450507],[105.375987,26.429633],[105.387706,26.413357],[105.403331,26.403876],[105.421316,26.39643],[105.436046,26.386298],[105.450776,26.349555],[105.471609,26.340522],[105.496593,26.337714],[105.545665,26.337592],[105.563894,26.340115],[105.578868,26.349148],[105.596772,26.368598],[105.610281,26.376329],[105.675141,26.392849],[105.686697,26.392605],[105.706635,26.387397],[105.716726,26.386013],[105.722585,26.388292],[105.733165,26.398301],[105.737071,26.400255],[105.743175,26.397325],[105.747813,26.392524],[105.751231,26.388007],[105.754242,26.386013],[105.78712,26.387722],[105.803803,26.391913],[105.825857,26.400255],[105.882904,26.429877],[105.90504,26.433783],[105.930186,26.435085],[105.950776,26.438992],[106.075694,26.480984],[106.10963,26.49905],[106.134939,26.5362],[106.150401,26.599433],[106.158783,26.615058],[106.162039,26.626003],[106.157644,26.638617],[106.148692,26.649115],[106.138276,26.65351],[106.132335,26.657335],[106.142345,26.665351],[106.156505,26.672553],[106.162364,26.674018],[106.170665,26.690497],[106.17213,26.708197],[106.1692,26.752509],[106.163097,26.777615],[106.149669,26.793809],[106.135509,26.805691],[106.127452,26.81741],[106.130382,26.838406],[106.14503,26.853583],[106.165619,26.862657],[106.186127,26.86579],[106.196381,26.870063],[106.209727,26.888861],[106.220307,26.893134],[106.238455,26.8935],[106.250418,26.886298],[106.259858,26.878119],[106.264415,26.871527],[106.2706,26.86872],[106.285167,26.872016],[106.290294,26.875678],[106.309255,26.896552],[106.31894,26.899359],[106.339936,26.887397],[106.350352,26.889716],[106.357188,26.89822],[106.358653,26.905707],[106.35849,26.914618],[106.360281,26.927273],[106.366791,26.946072],[106.37794,26.966376],[106.393077,26.982611],[106.437022,26.995958],[106.440033,27.011583],[106.431407,27.029731],[106.422374,27.043972],[106.41212,27.064073],[106.405854,27.083686],[106.402761,27.1046],[106.401866,27.128974],[106.40504,27.141425],[106.412852,27.146918],[106.422944,27.150499],[106.432628,27.156928],[106.446707,27.188056],[106.450206,27.194159],[106.458995,27.196112],[106.481293,27.193142],[106.490652,27.194159],[106.520274,27.222602],[106.607921,27.269884],[106.631277,27.29267],[106.642833,27.298529],[106.714773,27.312364],[106.730886,27.317694]]]}},{"type":"Feature","properties":{"kind":"rivers","name":"Ou","source":"Natural Earth 1:10m"},"geometry":{"type":"MultiLineString","coordinates":[[[101.759288,22.434149],[101.75294,22.421942],[101.750662,22.405788],[101.75294,22.374864],[101.758881,22.3581],[101.789073,22.311306],[101.809825,22.258897],[101.819021,22.210069],[101.814952,22.162706],[101.79599,22.114691],[101.778819,22.070828],[101.775483,22.044989],[101.785167,22.030056],[101.794444,22.030463],[101.800792,22.036485],[101.806082,22.044053],[101.812266,22.049262],[101.823416,22.052843],[101.833588,22.054755],[101.844168,22.054999],[101.868256,22.052069],[101.876394,22.051947],[101.909679,22.061835],[101.949474,22.06212],[101.960867,22.064317],[101.990652,22.078681],[102.014659,22.083767],[102.06544,22.084418],[102.090587,22.089382],[102.139903,22.106553],[102.160167,22.117703],[102.170828,22.122016],[102.182628,22.124132],[102.225841,22.112494],[102.253917,22.080024],[102.311534,21.94477],[102.315359,21.917426],[102.305268,21.89114],[102.28655,21.871772],[102.208425,21.820624],[102.198985,21.812812],[102.191335,21.803738],[102.186697,21.792833],[102.186941,21.777045],[102.203705,21.728827],[102.208751,21.705837],[102.212576,21.695136],[102.219249,21.685167],[102.228445,21.678819],[102.249278,21.670681],[102.257253,21.662706],[102.257823,21.6553],[102.254812,21.646918],[102.252371,21.637478],[102.255056,21.627061],[102.262136,21.621527],[102.292247,21.60989],[102.312999,21.592719],[102.326101,21.573676],[102.33253,21.551581],[102.333263,21.50491],[102.342214,21.451687],[102.343435,21.425564],[102.339936,21.378526],[102.34669,21.352118],[102.353282,21.337755],[102.358979,21.32807],[102.38087,21.304307],[102.386811,21.29328],[102.390554,21.288764],[102.401134,21.28205],[102.412201,21.279405],[102.437022,21.277615],[102.458751,21.26557],[102.468679,21.242947],[102.476654,21.135606],[102.48463,21.106798],[102.497813,21.085313],[102.51588,21.076199],[102.539806,21.073269],[102.66155,21.07453],[102.686127,21.065497],[102.712169,21.046413],[102.734386,21.022732],[102.747813,20.999864],[102.769216,20.910915],[102.768321,20.89114],[102.756114,20.878241],[102.722097,20.858344],[102.716319,20.851874],[102.706716,20.836737],[102.700613,20.830593],[102.691173,20.826606],[102.668061,20.820746],[102.660818,20.816921],[102.652843,20.7921],[102.657725,20.762763],[102.666515,20.732733],[102.670095,20.706122],[102.665945,20.68712],[102.652192,20.652371],[102.6456,20.608507],[102.643321,20.60163],[102.638113,20.592719],[102.630789,20.58515],[102.621104,20.578925],[102.60849,20.574001],[102.600841,20.574571],[102.5949,20.578681],[102.588878,20.58157],[102.580577,20.578559],[102.576671,20.571885],[102.569835,20.541205],[102.570567,20.503119],[102.568126,20.486762],[102.557221,20.470242],[102.466075,20.408962],[102.441173,20.381537],[102.435069,20.365587],[102.432384,20.315253],[102.421316,20.292792],[102.378347,20.268581],[102.359955,20.250556],[102.319021,20.146308],[102.302989,20.119167],[102.279307,20.088731],[102.25172,20.062771],[102.224213,20.048651]]]}},{"type":"Feature","properties":{"kind":"rivers","name":"Yalong","source":"Natural Earth 1:10m"},"geometry":{"type":"MultiLineString","coordinates":[[[97.616628,34.064236],[97.60906,34.046007],[97.591319,34.033718],[97.345714,33.942084],[97.328298,33.931912],[97.313243,33.920478],[97.235769,33.841986],[97.226736,33.834906],[97.216401,33.831732],[97.190847,33.828803],[97.181895,33.824327],[97.172374,33.81745],[97.164643,33.81448],[97.159272,33.809638],[97.157237,33.797065],[97.159434,33.787706],[97.171641,33.759141],[97.217296,33.554145],[97.223562,33.538275],[97.231944,33.524115],[97.243663,33.50906],[97.248057,33.494086],[97.24822,33.474921],[97.251557,33.458319],[97.276378,33.444892],[97.331716,33.373155],[97.344168,33.360907],[97.359386,33.35574],[97.396902,33.352607],[97.417003,33.348171],[97.431651,33.341417],[97.473888,33.358222],[97.518647,33.370063],[97.564545,33.376166],[97.609793,33.375556],[97.672374,33.363634],[97.695404,33.361925],[97.715831,33.368516],[97.749441,33.399766],[97.768077,33.409735],[97.800548,33.402371],[97.840017,33.376573],[97.875662,33.343329],[97.897227,33.313544],[97.899343,33.304145],[97.901378,33.281358],[97.904063,33.272528],[97.911388,33.262966],[97.951264,33.228624],[97.969493,33.22248],[98.045665,33.215115],[98.055431,33.211127],[98.060313,33.205146],[98.065115,33.19599],[98.071056,33.187527],[98.079112,33.183783],[98.116303,33.179755],[98.157807,33.170193],[98.172944,33.158393],[98.186453,33.142442],[98.201915,33.128363],[98.223399,33.122341],[98.237641,33.1164],[98.319753,33.0456],[98.336925,33.014594],[98.364024,32.936794],[98.391612,32.904975],[98.432384,32.888983],[98.521007,32.868476],[98.576427,32.844428],[98.593272,32.841173],[98.60377,32.846544],[98.612234,32.859198],[98.61964,32.873969],[98.627452,32.885565],[98.643891,32.890163],[98.664643,32.883368],[98.761241,32.820665],[98.765636,32.833686],[98.775808,32.832221],[98.788097,32.825019],[98.799083,32.820665],[98.816905,32.817694],[98.822032,32.809516],[98.824229,32.797431],[98.8331,32.782823],[98.851654,32.759345],[98.862397,32.752875],[98.87794,32.755479],[98.904307,32.764472],[98.905284,32.766059],[98.914806,32.76378],[98.925792,32.754503],[98.935964,32.752387],[98.953543,32.754706],[98.981456,32.764431],[98.99407,32.766059],[99.003917,32.762315],[99.04184,32.738105],[99.049734,32.728135],[99.056163,32.703681],[99.062266,32.689765],[99.095876,32.650458],[99.103933,32.635118],[99.089854,32.627753],[99.082123,32.610053],[99.081716,32.589708],[99.090261,32.574286],[99.071544,32.562283],[99.064464,32.539618],[99.065033,32.513699],[99.069591,32.491767],[99.082612,32.456651],[99.082612,32.443915],[99.076752,32.437323],[99.053722,32.423611],[99.043224,32.414862],[99.031505,32.412543],[99.019786,32.408637],[99.014415,32.398953],[99.010265,32.383653],[99.000255,32.37877],[98.988048,32.377143],[98.966563,32.367255],[98.951671,32.365261],[98.938243,32.361151],[98.932546,32.350857],[98.934988,32.338935],[98.952891,32.299913],[98.976573,32.305528],[98.995942,32.299994],[99.013276,32.290961],[99.031505,32.286241],[99.04127,32.285102],[99.062266,32.279975],[99.072765,32.278835],[99.082286,32.282782],[99.106619,32.301052],[99.117442,32.306749],[99.142019,32.308214],[99.203136,32.293077],[99.225515,32.292426],[99.245697,32.289008],[99.264415,32.280626],[99.281993,32.265163],[99.302338,32.231635],[99.32366,32.186957],[99.326671,32.17536],[99.333751,32.170274],[99.340831,32.168321],[99.344005,32.165839],[99.345144,32.150702],[99.348399,32.147162],[99.354747,32.147081],[99.364513,32.142279],[99.39503,32.117621],[99.412201,32.110622],[99.43629,32.108181],[99.455333,32.102973],[99.463878,32.089301],[99.467459,32.046698],[99.471446,32.027899],[99.480479,32.007351],[99.494151,31.99079],[99.511811,31.983995],[99.528575,31.975165],[99.561046,31.932156],[99.576182,31.916327],[99.635834,31.896755],[99.64503,31.885037],[99.647227,31.875352],[99.656668,31.853624],[99.658702,31.844021],[99.656749,31.822577],[99.658376,31.817003],[99.665538,31.806464],[99.68214,31.79088],[99.720714,31.772895],[99.737641,31.762152],[99.752045,31.743435],[99.781668,31.676134],[99.806163,31.651719],[99.841319,31.640937],[99.970225,31.628852],[100.017833,31.616034],[100.060557,31.595567],[100.090017,31.56627],[100.096934,31.545193],[100.102306,31.500596],[100.114024,31.480984],[100.140554,31.460273],[100.155528,31.453681],[100.15919,31.445868],[100.161632,31.436632],[100.165131,31.429145],[100.183116,31.416612],[100.206147,31.405707],[100.226166,31.392117],[100.234793,31.371405],[100.239268,31.349677],[100.268891,31.298774],[100.282319,31.25727],[100.291515,31.191921],[100.305186,31.150458],[100.309825,31.128038],[100.309825,31.064521],[100.306407,31.052314],[100.308604,31.040839],[100.308849,30.959255],[100.307872,30.950792],[100.306244,30.943671],[100.302989,30.936306],[100.278901,30.918728],[100.266205,30.896023],[100.245128,30.888739],[100.199962,30.881659],[100.163829,30.856716],[100.149832,30.821112],[100.152192,30.779893],[100.197032,30.657986],[100.217703,30.626329],[100.248464,30.60045],[100.271983,30.584581],[100.288829,30.570258],[100.316742,30.538398],[100.332774,30.52501],[100.355724,30.514431],[100.382335,30.507392],[100.409434,30.50491],[100.440115,30.463324],[100.453624,30.448798],[100.463145,30.444037],[100.53297,30.438666],[100.562511,30.430528],[100.577403,30.414903],[100.587983,30.420762],[100.594005,30.419786],[100.604584,30.408067],[100.605235,30.405219],[100.604584,30.391303],[100.606456,30.387152],[100.610362,30.387478],[100.614838,30.388861],[100.618256,30.387559],[100.628673,30.374864],[100.63974,30.366807],[100.666108,30.354071],[100.680919,30.34337],[100.69101,30.330634],[100.707042,30.298855],[100.716563,30.285427],[100.728038,30.272325],[100.737722,30.257921],[100.741791,30.240505],[100.750255,30.225898],[100.787364,30.221055],[100.80421,30.193427],[100.822846,30.194037],[100.842865,30.199042],[100.854503,30.19953],[100.863048,30.189724],[100.866222,30.187038],[100.915701,30.196072],[100.936697,30.207587],[100.956635,30.210639],[100.977957,30.209093],[100.995697,30.203233],[101.002208,30.18004],[100.99879,30.157294],[100.991954,30.136013],[100.98821,30.117255],[100.994395,30.11046],[101.006114,30.107001],[101.013194,30.101833],[101.005626,30.089952],[101.001964,30.082221],[101.00351,30.073106],[101.007253,30.063056],[101.009369,30.052436],[101.003022,30.006903],[101.003022,29.981147],[101.012462,29.969835],[101.027192,29.960476],[101.061941,29.916124],[101.070811,29.901557],[101.086925,29.859158],[101.090343,29.839179],[101.08839,29.75377],[101.084402,29.736436],[101.072358,29.712348],[101.070811,29.702338],[101.074148,29.691474],[101.088145,29.671698],[101.091238,29.665107],[101.089936,29.66059],[101.083751,29.647895],[101.081065,29.643988],[101.080089,29.640489],[101.083425,29.629828],[101.084402,29.623847],[101.086681,29.617377],[101.118337,29.575629],[101.125092,29.569892],[101.132253,29.565782],[101.124766,29.52794],[101.152354,29.464667],[101.139659,29.428575],[101.107188,29.399726],[101.087576,29.386054],[101.074229,29.380194],[101.07252,29.378363],[101.058604,29.369656],[101.050304,29.366523],[101.039806,29.367051],[101.030528,29.370673],[101.021088,29.372138],[101.009369,29.366523],[101.009369,29.359727],[101.01588,29.350287],[101.018158,29.345486],[101.015636,29.346055],[101.021495,29.344509],[101.029307,29.345242],[101.035492,29.34809],[101.036062,29.352891],[101.040701,29.342353],[101.042979,29.331977],[101.054617,29.202948],[101.061697,29.1789],[101.074229,29.167914],[101.093761,29.160834],[101.105235,29.143256],[101.118663,29.099677],[101.151378,29.029975],[101.149913,29.013373],[101.142833,29.003363],[101.142182,28.994249],[101.150401,28.966661],[101.160818,28.960476],[101.172455,28.956163],[101.180675,28.948798],[101.184255,28.928005],[101.173839,28.86286],[101.175141,28.796454],[101.180675,28.776923],[101.186046,28.768663],[101.191417,28.764675],[101.196707,28.759874],[101.201101,28.749579],[101.202566,28.739285],[101.201915,28.684923],[101.242117,28.495185],[101.270437,28.415961],[101.279796,28.399115],[101.292979,28.383653],[101.31129,28.374701],[101.331065,28.372138],[101.349864,28.36579],[101.365001,28.345526],[101.366628,28.335761],[101.363292,28.315863],[101.365001,28.304551],[101.369395,28.298163],[101.382742,28.285753],[101.385509,28.280707],[101.384044,28.257351],[101.371755,28.201524],[101.378917,28.166083],[101.408214,28.140937],[101.443126,28.118964],[101.467377,28.092882],[101.478282,28.070746],[101.487315,28.063056],[101.525971,28.065009],[101.540538,28.073676],[101.571056,28.133857],[101.587901,28.149604],[101.608328,28.164618],[101.625418,28.180447],[101.632416,28.198432],[101.634776,28.208441],[101.644542,28.227851],[101.652924,28.284044],[101.652924,28.325629],[101.655772,28.33629],[101.666515,28.36286],[101.674408,28.372138],[101.71046,28.396674],[101.721202,28.407009],[101.746023,28.474392],[101.749115,28.492947],[101.745046,28.534857],[101.74822,28.550401],[101.762787,28.565253],[101.828136,28.594062],[101.84962,28.612087],[101.875987,28.618354],[101.903819,28.621202],[101.919932,28.620469],[101.937999,28.606757],[101.936046,28.592597],[101.925873,28.577582],[101.913829,28.54446],[101.872081,28.482733],[101.864268,28.442694],[101.881928,28.363349],[101.885753,28.325629],[101.883556,28.316514],[101.874278,28.294989],[101.861908,28.277655],[101.86085,28.26907],[101.860932,28.260321],[101.858409,28.249945],[101.848237,28.231716],[101.813731,28.191596],[101.796397,28.160509],[101.791596,28.146308],[101.790538,28.139268],[101.790131,28.130154],[101.786713,28.109483],[101.771983,28.07746],[101.769054,28.058173],[101.773936,28.036811],[101.785574,28.028347],[101.824311,28.023993],[101.845225,28.024237],[101.854503,28.021674],[101.858409,28.013129],[101.853526,28.0067],[101.827159,27.989285],[101.822846,27.980658],[101.839447,27.96251],[101.861257,27.946804],[101.872081,27.944892],[101.868582,27.923774],[101.85963,27.911241],[101.848562,27.900946],[101.837901,27.886176],[101.867442,27.886094],[101.882335,27.876532],[101.885346,27.859809],[101.878917,27.838446],[101.91155,27.82453],[101.924897,27.786241],[101.934255,27.743109],[101.9546,27.714911],[101.977306,27.710883],[101.997081,27.712429],[102.010834,27.707587],[102.016124,27.684516],[102.015147,27.665839],[102.010916,27.642768],[102.002615,27.622626],[101.98878,27.612494],[101.994395,27.603868],[101.99822,27.59573],[102.000499,27.587999],[102.001394,27.580675],[101.997569,27.560126],[101.97877,27.519843],[101.974539,27.496405],[101.97226,27.430487],[101.960867,27.365505],[101.950125,27.337226],[101.937266,27.317003],[101.90325,27.280097],[101.889089,27.257636],[101.871349,27.205349],[101.858409,27.180487],[101.868175,27.176052],[101.874278,27.166693],[101.87672,27.157416],[101.875499,27.153144],[101.875662,27.150946],[101.844737,27.139512],[101.828705,27.128038],[101.815522,27.11461],[101.80657,27.097439],[101.803233,27.074327],[101.797944,27.056098],[101.773692,27.011786],[101.72877,26.968817],[101.708425,26.962022],[101.696788,26.956814],[101.687104,26.947781],[101.699311,26.932156],[101.702729,26.893134],[101.72519,26.848456],[101.732188,26.844672],[101.769054,26.837917],[101.796479,26.817694],[101.836436,26.763454],[101.865245,26.742947],[101.855968,26.732042],[101.824311,26.674018],[101.82366,26.669257],[101.825206,26.65823],[101.824311,26.65351],[101.813406,26.638129],[101.796397,26.605089]]]}},{"type":"Feature","properties":{"kind":"rivers","name":"You","source":"Natural Earth 1:10m"},"geometry":{"type":"MultiLineString","coordinates":[[[105.257335,24.448065],[105.312429,24.418891],[105.34905,24.409695],[105.387543,24.385362],[105.408214,24.3758],[105.477061,24.372138],[105.493907,24.365587],[105.503429,24.35989],[105.524913,24.352403],[105.535085,24.344794],[105.542491,24.337836],[105.550792,24.332546],[105.560802,24.329047],[105.573253,24.32746],[105.625092,24.329779],[105.631114,24.330268],[105.636648,24.330024],[105.641205,24.328803],[105.644949,24.326606],[105.698416,24.312771],[105.722992,24.298448],[105.737315,24.295478],[105.747488,24.296942],[105.755056,24.300605],[105.780284,24.319688],[105.815359,24.337348],[105.829031,24.351833],[105.836192,24.356798],[105.845144,24.356024],[105.849132,24.352403],[105.862234,24.335232],[105.891368,24.312567],[105.896902,24.296658],[105.886322,24.255561],[105.88795,24.234687],[105.90504,24.217882],[105.958995,24.19241],[105.97047,24.183173],[105.973643,24.170681],[105.980724,24.162462],[105.987804,24.156033],[105.990896,24.148464],[105.993337,24.137478],[105.998953,24.132636],[106.005789,24.129747],[106.011485,24.124823],[106.020925,24.110867],[106.018321,24.096869],[106.014171,24.088813],[106.007904,24.08161],[106.006114,24.072618],[106.014903,24.059353],[106.035818,24.044623],[106.060313,24.031928],[106.082774,24.016913],[106.097179,23.995307],[106.097585,23.985867],[106.089692,23.970649],[106.08839,23.962673],[106.091401,23.956366],[106.096934,23.953192],[106.126475,23.944281],[106.139171,23.941962],[106.152354,23.942572],[106.1692,23.946112],[106.190115,23.945828],[106.199311,23.948065],[106.203217,23.956895],[106.20574,23.960883],[106.219005,23.971218],[106.223725,23.973985],[106.244558,23.975287],[106.262706,23.967312],[106.280365,23.956895],[106.299897,23.951199],[106.322195,23.952094],[106.348399,23.956855],[106.373546,23.965277],[106.392019,23.977118],[106.411632,23.981065],[106.437429,23.971951],[106.456554,23.955919],[106.456554,23.946112]],[[106.456554,23.946112],[106.450206,23.939276],[106.463471,23.933865],[106.504405,23.925605],[106.514089,23.91824],[106.532156,23.899237],[106.545909,23.891466],[106.559662,23.88821],[106.573009,23.888292],[106.613455,23.897528],[106.621023,23.898057],[106.627208,23.896267],[106.632335,23.889919],[106.633556,23.8817],[106.633556,23.872829],[106.634695,23.864122],[106.643972,23.834784],[106.655284,23.810858],[106.673839,23.793077],[106.704112,23.782253],[106.752452,23.775214],[106.777843,23.775173],[106.80071,23.779812],[106.816417,23.779853],[106.831472,23.758653],[106.846772,23.755439],[106.887299,23.761094],[106.90919,23.760565],[106.928152,23.754747],[106.933686,23.746649],[106.930593,23.73668],[106.924734,23.725775],[106.922293,23.714952],[106.92628,23.706081],[106.933686,23.699897],[106.942312,23.694444],[106.949474,23.687527],[106.960948,23.664578],[106.966889,23.657497],[106.989268,23.641547],[107.018647,23.626247],[107.049815,23.614814],[107.141694,23.596625],[107.193126,23.598456],[107.211192,23.596625],[107.244151,23.584337],[107.265717,23.565863],[107.283946,23.545681],[107.306895,23.528388],[107.316498,23.514228],[107.335053,23.495876],[107.357351,23.479926],[107.37794,23.47309],[107.381765,23.470038],[107.409272,23.452663],[107.411388,23.446845],[107.411632,23.432807],[107.415538,23.425971],[107.420421,23.423041],[107.431651,23.42121],[107.437266,23.418524],[107.54005,23.32449],[107.555268,23.314765],[107.561941,23.31269],[107.573009,23.311713],[107.579194,23.310248],[107.581391,23.308417],[107.585541,23.302436],[107.587901,23.300482],[107.591319,23.299994],[107.601329,23.30154],[107.620128,23.297227],[107.6303,23.289089],[107.635265,23.27615],[107.643158,23.229682],[107.64796,23.21955],[107.65919,23.209337],[107.698009,23.182929],[107.704112,23.175157],[107.713308,23.166693],[107.755382,23.153876],[107.768077,23.146552],[107.769054,23.133328],[107.764171,23.120714],[107.763438,23.111274],[107.776866,23.107489],[107.783946,23.108222],[107.790294,23.109687],[107.796397,23.110297],[107.803396,23.108832],[107.810557,23.10456],[107.816742,23.098456],[107.826264,23.08454],[107.827729,23.088568],[107.830333,23.083279],[107.854096,23.065538],[107.85963,23.059109],[107.868663,23.044542],[107.87379,23.038642],[107.880626,23.034491],[107.886322,23.034369],[107.899425,23.04088],[107.940847,23.054389],[107.946869,23.057563],[107.958588,23.065497],[107.964854,23.068305],[107.976166,23.070095],[107.981537,23.066921],[107.981619,23.059678],[107.977306,23.049262],[107.960541,23.020087],[107.956472,23.00434],[107.961436,22.990505],[107.973155,22.98253],[108.026866,22.964179],[108.03419,22.96369],[108.040294,22.961737],[108.045665,22.955105],[108.046804,22.949042],[108.045014,22.935655],[108.045095,22.929307],[108.046397,22.924872],[108.056651,22.904568],[108.058197,22.898546],[108.057058,22.892605],[108.052175,22.884223],[108.049734,22.88227],[108.043549,22.880439],[108.04184,22.878038],[108.042084,22.872178],[108.045095,22.867255],[108.060557,22.854804],[108.0678,22.850898],[108.083263,22.845282],[108.092296,22.844346]],[[106.456554,23.939276],[106.456554,23.946112]]]}},{"type":"Feature","properties":{"kind":"rivers","name":"Da","source":"Natural Earth 1:10m"},"geometry":{"type":"MultiLineString","coordinates":[[[100.612071,24.748643],[100.656505,24.715644],[100.6692,24.70364],[100.677989,24.698106],[100.702159,24.687812],[100.707042,24.682807],[100.720714,24.651801],[100.739268,24.638495],[100.759288,24.629665],[100.775483,24.617499],[100.782237,24.594062],[100.784434,24.589057],[100.789073,24.583848],[100.793712,24.576768],[100.797862,24.551378],[100.802826,24.545193],[100.8095,24.541612],[100.816335,24.535102],[100.824718,24.521186],[100.840831,24.460639],[100.85434,24.454169],[100.8838,24.423367],[100.896495,24.406277],[100.917491,24.349311],[100.923106,24.34394],[100.929128,24.339626],[100.93214,24.329942],[100.934093,24.32038],[100.937022,24.315985],[100.952078,24.310167],[100.95574,24.297065],[100.954112,24.27501],[100.992686,24.239081],[101.009695,24.215928],[101.005626,24.196234],[101.000418,24.186347],[101.002208,24.175157],[101.006847,24.164252],[101.009369,24.1553],[101.014089,24.148546],[101.02532,24.147488],[101.038829,24.147569],[101.050304,24.144721],[101.060802,24.132392],[101.069591,24.113227],[101.07545,24.091905],[101.077647,24.07331],[101.084565,24.055447],[101.11671,24.021064],[101.125987,24.007514],[101.132742,23.966335],[101.137706,23.950263],[101.149913,23.936143],[101.157237,23.919013],[101.15504,23.894721],[101.145925,23.856716],[101.145763,23.788886],[101.149669,23.755194],[101.159597,23.727607],[101.176524,23.696153],[101.186697,23.664822],[101.185069,23.632025],[101.166433,23.596625],[101.181244,23.582628],[101.225352,23.574327],[101.23463,23.565945],[101.237804,23.559434],[101.251964,23.545966],[101.255056,23.538642],[101.25294,23.528754],[101.249929,23.520941],[101.251394,23.514228],[101.262625,23.50788],[101.280203,23.425401],[101.279307,23.411689],[101.282481,23.396064],[101.251231,23.286729],[101.245128,23.274482],[101.244884,23.264838],[101.2588,23.26085],[101.276785,23.259101],[101.290619,23.254421],[101.317149,23.240343],[101.342214,23.232733],[101.34905,23.22602],[101.351329,23.209337],[101.342703,23.16352],[101.337576,23.150987],[101.339692,23.144721],[101.33074,23.124294],[101.367931,23.08808],[101.382091,23.083319],[101.39088,23.08865],[101.427013,23.124294],[101.432628,23.114691],[101.443126,23.109931],[101.467377,23.103827],[101.486908,23.087104],[101.497976,23.075019],[101.51295,23.048367],[101.515717,23.041124],[101.516368,23.036322],[101.515717,23.017849],[101.5088,23.015408],[101.467377,22.986518],[101.477306,22.981024],[101.483653,22.975369],[101.495372,22.959174],[101.506928,22.931179],[101.509044,22.928494],[101.520518,22.905382],[101.522553,22.89407],[101.550548,22.870429],[101.56837,22.860948],[101.586355,22.854438],[101.606049,22.850613],[101.628998,22.849311],[101.645518,22.855292],[101.656993,22.869208],[101.673432,22.897773],[101.700613,22.91588],[101.731619,22.919216],[101.764415,22.908271],[101.796397,22.884101],[101.819591,22.847439],[101.834402,22.830024],[101.854747,22.822618],[101.860444,22.819444],[101.865245,22.812364],[101.871593,22.805284],[101.882335,22.80211],[101.89503,22.803819],[101.904063,22.807725],[101.911794,22.812323],[101.919932,22.815782],[101.927419,22.817694],[101.933604,22.818305],[101.940033,22.817735],[101.947765,22.815782],[101.961436,22.805854],[101.97047,22.801703],[101.974539,22.805243],[101.980398,22.80211],[102.016124,22.767401],[102.036143,22.735622],[102.052257,22.702948],[102.07252,22.673529],[102.104747,22.651313],[102.163992,22.626532],[102.184255,22.623399],[102.226492,22.624132],[102.247081,22.622341],[102.263194,22.616563],[102.276541,22.601426],[102.292979,22.568305],[102.307546,22.561957],[102.379242,22.575629],[102.401785,22.57453],[102.458018,22.561957],[102.508556,22.566759],[102.523204,22.561957],[102.526947,22.557563],[102.537039,22.541693],[102.543793,22.534613],[102.55128,22.531073],[102.560557,22.528388],[102.568289,22.524482],[102.577566,22.50727],[102.644949,22.436225],[102.662852,22.423692],[102.701427,22.414374],[102.737234,22.39289],[102.776785,22.360378],[102.800304,22.330919],[102.817556,22.297065],[102.82545,22.260321],[102.824799,22.252631],[102.823334,22.247911],[102.822846,22.24254],[102.82545,22.232978],[102.828543,22.228339],[102.837332,22.219184],[102.84547,22.20543],[102.860362,22.20539],[102.889659,22.21247],[102.908376,22.202948],[102.916515,22.180732],[102.922374,22.155707],[102.934662,22.137397],[102.951915,22.136176],[103.040294,22.147732],[103.066742,22.140001],[103.095795,22.122178],[103.140147,22.085557],[103.177338,22.087958],[103.264415,22.048041],[103.28419,22.054267],[103.280854,22.057481],[103.273448,22.062771],[103.266124,22.069159],[103.263113,22.075995],[103.266531,22.08157],[103.323985,22.149482],[103.338796,22.157904],[103.360932,22.158067],[103.38323,22.14997],[103.400076,22.136298],[103.406993,22.119981],[103.409679,22.095771],[103.416515,22.081407],[103.441173,22.061632],[103.452159,22.048367],[103.458263,22.031317],[103.460948,22.011583],[103.461681,21.990302],[103.465343,21.985541],[103.473888,21.97956],[103.483979,21.974473],[103.492686,21.972276],[103.497488,21.967841],[103.543956,21.893093],[103.550955,21.876736],[103.555186,21.857733],[103.559662,21.813015],[103.564708,21.794786],[103.58074,21.770046],[103.585867,21.760037],[103.584483,21.759548],[103.585378,21.74376],[103.585867,21.743272],[103.587576,21.739936],[103.596121,21.735378],[103.598888,21.733344],[103.625418,21.689521],[103.642589,21.67239],[103.660818,21.671251],[103.67335,21.665595],[103.67628,21.666815],[103.681407,21.671251],[103.704112,21.661404],[103.749522,21.652208],[103.7671,21.640204],[103.805919,21.58161],[103.811697,21.565131],[103.815115,21.558621],[103.824311,21.553534],[103.853038,21.546983],[103.900401,21.54088],[103.912608,21.533718],[103.921153,21.527045],[103.930593,21.522284],[103.958507,21.517524],[103.967703,21.510321],[103.983653,21.493109],[103.995209,21.498562],[104.003429,21.496772],[104.0171,21.485663],[104.034272,21.463446],[104.03769,21.462104],[104.046479,21.451483],[104.089854,21.438544],[104.105968,21.431667],[104.111501,21.425605],[104.132742,21.397284],[104.150645,21.379828],[104.160085,21.364325],[104.161794,21.33747],[104.167491,21.321845],[104.177989,21.313422],[104.209239,21.295722],[104.223888,21.272325],[104.277354,21.252956],[104.283376,21.246161],[104.290945,21.231228],[104.297781,21.225613],[104.364024,21.213731],[104.381358,21.201361],[104.42864,21.143581],[104.441335,21.133857],[104.459402,21.129991],[104.47226,21.124701],[104.511241,21.089057],[104.515717,21.081407],[104.514415,21.076728],[104.514903,21.073065],[104.524913,21.06863],[104.531749,21.068915],[104.540619,21.071845],[104.54835,21.075629],[104.551524,21.078477],[104.553722,21.083075],[104.558116,21.080675],[104.562592,21.073798],[104.567149,21.053494],[104.57366,21.048204],[104.58253,21.048611],[104.592459,21.054267],[104.618337,21.035712],[104.653901,21.03502],[104.687999,21.047553],[104.709239,21.06863],[104.728038,21.061957],[104.766612,21.053331],[104.781261,21.044053],[104.797537,21.037177],[104.847179,21.036566],[104.866954,21.0338],[104.877615,21.02501],[104.891531,21.008612],[104.903331,20.990302],[104.913259,20.96369],[104.996593,20.877021],[105.003998,20.873074],[105.013438,20.860297],[105.086436,20.813096],[105.09075,20.807318],[105.092784,20.794257],[105.088634,20.792751],[105.081065,20.783026],[105.076752,20.772081],[105.082937,20.766913],[105.093272,20.765733],[105.11671,20.759467],[105.129405,20.761298],[105.136811,20.765448],[105.142019,20.770046],[105.147472,20.773139],[105.178803,20.772732],[105.196544,20.774604],[105.212901,20.784003],[105.228608,20.796698],[105.244233,20.803249],[105.304779,20.810899],[105.324799,20.817572],[105.340017,20.828803],[105.346121,20.845486],[105.343028,20.850653],[105.329275,20.860419],[105.326182,20.865912],[105.332449,20.910264],[105.332612,20.956366],[105.3296,20.981309],[105.322765,20.992255],[105.31544,20.999783],[105.290619,21.038153],[105.284679,21.054267],[105.28655,21.075507],[105.302013,21.104315],[105.305675,21.126573],[105.300548,21.141221],[105.289643,21.154893],[105.28183,21.170681],[105.284679,21.191474],[105.302745,21.209499],[105.326427,21.220974],[105.342784,21.238105],[105.339854,21.273383]]]}},{"type":"Feature","properties":{"kind":"rivers","name":"Zuo","source":"Natural Earth 1:10m"},"geometry":{"type":"MultiLineString","coordinates":[[[105.902192,22.933132],[105.981944,22.79328],[106.013927,22.758816],[106.032156,22.748806],[106.110362,22.726426],[106.139252,22.72252],[106.14796,22.720486],[106.15683,22.716986],[106.166921,22.711697],[106.178396,22.703884],[106.180756,22.699978],[106.182872,22.689154],[106.187104,22.684638],[106.192149,22.684149],[106.197358,22.686957],[106.201752,22.690253],[106.205089,22.691352],[106.22991,22.68122],[106.290619,22.647162],[106.307384,22.635077],[106.331554,22.60696],[106.374766,22.584011],[106.399343,22.557156],[106.409109,22.552273],[106.41627,22.554796],[106.427989,22.569281],[106.438243,22.571641],[106.447765,22.568183],[106.507416,22.531562],[106.5595,22.486274],[106.626231,22.452582],[106.725597,22.380683],[106.938975,22.320502],[106.961843,22.32449],[106.98406,22.341864],[106.997813,22.363064],[107.002859,22.36876],[107.015554,22.377794],[107.018972,22.376329],[107.019135,22.370958],[107.021983,22.368476],[107.03655,22.373358],[107.044526,22.380561],[107.052013,22.38996],[107.064138,22.40119],[107.081065,22.409613],[107.102061,22.414374],[107.122813,22.414171],[107.138194,22.407823],[107.144623,22.399766],[107.146902,22.391913],[107.147553,22.384711],[107.149669,22.378526],[107.155691,22.367377],[107.155854,22.365098],[107.158214,22.365831],[107.170095,22.363878],[107.213145,22.351426],[107.231619,22.349718],[107.246511,22.355333],[107.252452,22.364325],[107.253998,22.373155],[107.258718,22.381537],[107.320811,22.412421],[107.321788,22.413926],[107.337006,22.425564],[107.337901,22.42475],[107.35255,22.44363],[107.356049,22.454901],[107.358897,22.459906],[107.375418,22.466173],[107.3803,22.468858],[107.41741,22.514268],[107.434662,22.527126],[107.446544,22.522569],[107.492686,22.495144],[107.512706,22.487982],[107.513601,22.49905],[107.520925,22.510281],[107.531342,22.520046],[107.556407,22.534939],[107.565359,22.542304],[107.571544,22.551134],[107.577647,22.563992],[107.585867,22.595649],[107.591319,22.609565],[107.602143,22.618679],[107.611501,22.624457],[107.613048,22.630072],[107.612234,22.63581],[107.615245,22.642157],[107.621023,22.647488],[107.639903,22.659613],[107.671967,22.667914],[107.703543,22.662177],[107.734874,22.651882],[107.780772,22.64407],[107.803966,22.63463],[107.820811,22.634385],[107.854015,22.643988],[107.869884,22.646308],[107.883067,22.64114],[107.889415,22.659857],[107.900971,22.673774],[107.932709,22.695746],[107.934581,22.698798],[107.937266,22.709093],[107.939138,22.712999],[107.943858,22.715155],[107.953298,22.710801],[107.95753,22.712673],[107.961681,22.720649],[107.963634,22.728583],[107.964854,22.737657],[107.972585,22.752753],[107.975108,22.7567],[107.983897,22.762152],[108.001475,22.762519],[108.010346,22.767646],[108.020274,22.786689],[108.021007,22.804755],[108.024343,22.821316],[108.042572,22.835761],[108.027192,22.840196],[108.042084,22.855577],[108.05714,22.849962],[108.073741,22.838243],[108.093761,22.835273],[108.092296,22.844346]]]}},{"type":"Feature","properties":{"kind":"rivers","name":"Mytinge","source":"Natural Earth 1:10m"},"geometry":{"type":"MultiLineString","coordinates":[[[95.987071,21.873725],[95.988373,21.859565],[95.991791,21.843126],[95.99822,21.82807],[96.009044,21.817939],[96.022878,21.814073],[96.031261,21.81745],[96.038585,21.824327],[96.048757,21.831244],[96.068126,21.834784],[96.080577,21.828721],[96.092296,21.812038],[96.09075,21.809109],[96.086843,21.803534],[96.08489,21.796902],[96.088878,21.790635],[96.093761,21.791287],[96.107188,21.801093],[96.112804,21.804307],[96.125092,21.805976],[96.133311,21.803412],[96.139089,21.79682],[96.144216,21.786566],[96.154552,21.772773],[96.163097,21.775417],[96.203543,21.828437],[96.219249,21.837755],[96.239513,21.835313],[96.249278,21.828884],[96.276378,21.802517],[96.309011,21.784491],[96.318614,21.776679],[96.379975,21.703966],[96.392019,21.697374],[96.4546,21.685899],[96.477306,21.684638],[96.497651,21.691514],[96.511811,21.709255],[96.514415,21.730902],[96.510753,21.776882],[96.516205,21.794989],[96.527436,21.804511],[96.594249,21.818915],[96.603608,21.823065],[96.612397,21.832221],[96.623546,21.854071],[96.631928,21.864081],[96.643891,21.872138],[96.684988,21.887763],[96.716563,21.898627],[96.730724,21.906277],[96.743093,21.916531],[96.752045,21.934516],[96.750499,21.974799],[96.754242,21.994412],[96.765391,22.008368],[96.775971,22.006415],[96.801362,21.984971],[96.81601,21.978949],[96.846934,21.971625],[96.894949,21.951361],[96.930431,21.953721],[96.959483,21.971381],[96.973888,22.00373],[96.97755,22.059882],[96.974864,22.11225],[96.964854,22.163845],[96.946788,22.217597],[96.94044,22.253607],[96.953624,22.272976],[96.980724,22.277655],[97.059093,22.256537],[97.081472,22.253241],[97.149018,22.252387],[97.168712,22.247178],[97.189545,22.236111],[97.240164,22.221137],[97.292735,22.233018],[97.331391,22.267524],[97.340587,22.320339],[97.315684,22.386298],[97.305919,22.402533],[97.280854,22.431749],[97.242198,22.524522],[97.238292,22.560248],[97.260346,22.595567],[97.302989,22.617743],[97.354584,22.637397],[97.388764,22.663194],[97.379487,22.703884],[97.377208,22.702948],[97.354991,22.715684],[97.35198,22.71837],[97.325857,22.72602],[97.31544,22.730821],[97.302989,22.740424],[97.287364,22.755642],[97.272716,22.774604],[97.264659,22.795478],[97.268647,22.816596],[97.276541,22.825263],[97.298106,22.839138],[97.306895,22.847195],[97.310964,22.854193],[97.31837,22.873603],[97.322846,22.882148],[97.361827,22.93122],[97.372569,22.949001],[97.379893,22.972276],[97.378835,22.992621],[97.368907,23.035712],[97.375906,23.066026],[97.398692,23.081366],[97.422374,23.092597],[97.432384,23.110297],[97.426768,23.123114],[97.406179,23.146064],[97.401866,23.159206],[97.410167,23.179226],[97.428966,23.193549],[97.45224,23.201036],[97.474132,23.200751],[97.513438,23.193223],[97.555756,23.190009],[97.598155,23.192328],[97.637299,23.201728],[97.800955,23.279893],[97.85906,23.294623],[97.892833,23.295966],[97.925792,23.297431],[97.943614,23.301337],[97.993907,23.320421],[98.032319,23.327175],[98.108979,23.328477],[98.146251,23.334581],[98.217459,23.360175],[98.255463,23.366278],[98.289236,23.356635]]]}},{"type":"Feature","properties":{"kind":"rivers","name":"Zayü","source":"Natural Earth 1:10m"},"geometry":{"type":"MultiLineString","coordinates":[[[97.148204,29.438747],[97.143077,29.415229],[97.142345,29.392768],[97.146983,29.371283],[97.172293,29.325466],[97.191905,29.263861],[97.206635,29.166693],[97.217703,29.135688],[97.242605,29.109971],[97.262706,29.102362],[97.306407,29.098741],[97.327891,29.092149],[97.342784,29.082953],[97.356619,29.071641],[97.379242,29.047919],[97.397227,29.022528],[97.434011,28.939561],[97.476166,28.875067],[97.486257,28.851386],[97.490652,28.823798],[97.486095,28.801215],[97.469819,28.752468],[97.47226,28.689154],[97.465261,28.669501],[97.435476,28.642524],[97.399913,28.631903],[97.325613,28.626288],[97.267833,28.607489],[97.246755,28.608222],[97.226573,28.612372],[97.212983,28.612982],[97.199962,28.609971],[97.140066,28.584988],[97.108409,28.56037],[97.083995,28.527615]]]}}]}