{"type":"FeatureCollection","features":[{"type":"Feature","properties":{"kind":"lakes","name":"纳木错","source":"Natural Earth 1:10m"},"geometry":{"type":"Polygon","coordinates":[[[90.39437,30.535093],[90.384068,30.523319],[90.361107,30.510956],[90.337558,30.50448],[90.325489,30.51125],[90.325489,30.515665],[90.326667,30.518609],[90.33226,30.524202],[90.337558,30.539803],[90.324606,30.552167],[90.306944,30.565119],[90.298113,30.583075],[90.301646,30.591906],[90.315775,30.610451],[90.315186,30.614277],[90.284867,30.623403],[90.277508,30.627818],[90.277802,30.646363],[90.298702,30.695522],[90.304295,30.713478],[90.301057,30.736438],[90.277508,30.792368],[90.271915,30.835639],[90.284867,30.869785],[90.314598,30.887447],[90.359635,30.88156],[90.38083,30.875084],[90.400552,30.874201],[90.417331,30.881266],[90.428222,30.883326],[90.438525,30.878028],[90.479736,30.829163],[90.496809,30.819449],[90.521241,30.813856],[90.582763,30.812679],[90.595127,30.817094],[90.611611,30.835934],[90.623386,30.840055],[90.68167,30.840055],[90.658121,30.865664],[90.67019,30.888036],[90.705513,30.912174],[90.711401,30.90923],[90.718465,30.908347],[90.733184,30.908936],[90.743486,30.90717],[90.746724,30.902754],[90.747313,30.898044],[90.749962,30.894806],[90.762914,30.890685],[90.77881,30.888036],[90.792056,30.889802],[90.797944,30.898339],[90.80442,30.901577],[90.832679,30.880383],[90.839449,30.885092],[90.845336,30.887447],[90.875361,30.863309],[90.887136,30.86066],[90.889491,30.871257],[90.88066,30.904815],[90.884192,30.918944],[90.894789,30.922477],[90.905975,30.913646],[90.917455,30.901282],[90.92923,30.894806],[90.933057,30.922182],[90.938944,30.932191],[90.952779,30.936312],[90.967792,30.936017],[90.984276,30.933368],[90.998111,30.926303],[91.003704,30.912174],[91.007531,30.906581],[91.025487,30.88627],[91.03108,30.874201],[91.030491,30.862132],[91.007531,30.800315],[90.995168,30.787952],[90.977506,30.784714],[90.846219,30.784714],[90.864176,30.714361],[90.798827,30.657843],[90.633394,30.593083],[90.590711,30.582486],[90.555388,30.579248],[90.535076,30.565119],[90.523008,30.558643],[90.512116,30.567768],[90.498575,30.566296],[90.435287,30.545691],[90.410855,30.544807],[90.399375,30.542158],[90.39437,30.535093]]]}},{"type":"Feature","properties":{"kind":"lakes","name":"色林错","source":"Natural Earth 1:10m"},"geometry":{"type":"Polygon","coordinates":[[[89.338486,31.818521],[89.342607,31.816166],[89.345257,31.806452],[89.331127,31.783197],[89.296981,31.777899],[89.269899,31.792028],[89.276964,31.827058],[89.248411,31.80292],[89.241641,31.763475],[89.242524,31.717848],[89.235459,31.676049],[89.225156,31.661625],[89.188361,31.622474],[89.177469,31.614821],[89.158335,31.606579],[89.146267,31.588623],[89.137141,31.569783],[89.12625,31.559481],[89.107999,31.563896],[89.087688,31.578909],[89.070909,31.597454],[89.064139,31.611289],[89.051481,31.61541],[88.975241,31.600397],[88.960817,31.607756],[88.941095,31.622769],[88.925493,31.639548],[88.924316,31.652205],[88.945216,31.686057],[88.95964,31.702836],[88.980245,31.709901],[88.937857,31.735805],[88.915779,31.740809],[88.893702,31.7308],[88.87869,31.736688],[88.85985,31.737865],[88.840717,31.73551],[88.824527,31.7308],[88.811869,31.722558],[88.787142,31.70107],[88.780372,31.696654],[88.76271,31.698715],[88.734451,31.708134],[88.718555,31.710195],[88.683526,31.710784],[88.667925,31.71461],[88.653795,31.72403],[88.653795,31.717848],[88.648202,31.734333],[88.646731,31.756999],[88.648202,31.77731],[88.650263,31.786141],[88.618472,31.779665],[88.61229,31.779076],[88.601987,31.787024],[88.602576,31.793794],[88.60552,31.800859],[88.601693,31.809984],[88.584325,31.818521],[88.568724,31.816166],[88.558716,31.818521],[88.557244,31.840598],[88.561659,31.85826],[88.571373,31.869152],[88.585797,31.875922],[88.604931,31.881515],[88.638783,31.886225],[88.687353,31.887108],[88.730624,31.882692],[88.749464,31.870918],[88.745343,31.859732],[88.738572,31.848252],[88.7371,31.835594],[88.749464,31.819404],[88.76742,31.810868],[88.787142,31.80969],[88.806865,31.813517],[88.824527,31.819404],[88.805393,31.833239],[88.798328,31.849429],[88.80451,31.866502],[88.824527,31.881515],[88.831886,31.874156],[88.838362,31.881515],[88.845721,31.874156],[88.865149,31.883281],[88.927554,31.90212],[89.009682,31.936855],[89.029993,31.916839],[89.0662,31.91625],[89.136553,31.929496],[89.155392,31.924198],[89.178647,31.900943],[89.191304,31.895939],[89.205728,31.893584],[89.241641,31.88387],[89.269605,31.879454],[89.285795,31.873273],[89.299925,31.864736],[89.31111,31.855022],[89.325534,31.827058],[89.332893,31.819993],[89.338486,31.818521]]]}},{"type":"Feature","properties":{"kind":"lakes","name":"鄂陵湖","source":"Natural Earth 1:10m"},"geometry":{"type":"Polygon","coordinates":[[[97.867981,34.871666],[97.900656,34.831632],[97.901539,34.821624],[97.883583,34.821329],[97.850025,34.8281],[97.85709,34.808377],[97.845315,34.806611],[97.808225,34.821624],[97.779672,34.829572],[97.769958,34.835459],[97.760833,34.849],[97.754945,34.817208],[97.734929,34.808377],[97.712263,34.818386],[97.698428,34.842229],[97.681649,34.820446],[97.678705,34.815148],[97.681649,34.808672],[97.69725,34.799841],[97.698428,34.794542],[97.688419,34.786006],[97.672523,34.781885],[97.65545,34.780707],[97.60482,34.784534],[97.581271,34.79572],[97.565964,34.814853],[97.546241,34.870488],[97.545358,34.889328],[97.5536,34.906401],[97.591573,34.946434],[97.61159,34.957914],[97.636905,34.963507],[97.671935,34.965274],[97.6581,34.968806],[97.644559,34.967628],[97.632784,34.970572],[97.623953,34.986173],[97.631018,35.000008],[97.636317,35.007073],[97.64397,35.013549],[97.634551,35.025618],[97.650446,35.042397],[97.676939,35.058293],[97.692246,35.068301],[97.72963,35.085963],[97.746998,35.088612],[97.768486,35.087729],[97.768486,35.081253],[97.764071,35.06889],[97.771135,35.051228],[97.804399,35.020908],[97.808225,35.010017],[97.80587,35.000008],[97.792918,34.987351],[97.788503,34.978814],[97.788503,34.969983],[97.790564,34.961447],[97.794685,34.951438],[97.796451,34.925829],[97.800278,34.914643],[97.808225,34.903751],[97.855324,34.887267],[97.862977,34.879908],[97.867981,34.871666]]]}},{"type":"Feature","properties":{"kind":"lakes","name":"扎陵湖","source":"Natural Earth 1:10m"},"geometry":{"type":"Polygon","coordinates":[[[97.436738,34.994416],[97.466174,34.992355],[97.48678,34.983818],[97.486191,34.96704],[97.472062,34.956148],[97.452045,34.965274],[97.445863,34.93672],[97.396116,34.90905],[97.383752,34.886973],[97.378748,34.872843],[97.366679,34.864307],[97.342247,34.855181],[97.318109,34.835165],[97.304274,34.829277],[97.288378,34.835459],[97.248345,34.836048],[97.109699,34.917292],[97.083795,34.926123],[97.069371,34.935248],[97.06319,34.949378],[97.061718,34.972633],[97.056419,34.988234],[97.055831,34.997948],[97.061718,35.006779],[97.074376,35.012077],[97.085856,35.009723],[97.093804,35.000892],[97.095864,34.986173],[97.107344,34.998242],[97.113526,35.016493],[97.122946,35.027973],[97.162979,35.012961],[97.250111,35.013549],[97.263063,35.016493],[97.288378,35.030034],[97.300742,35.034155],[97.317226,35.034155],[97.333122,35.030622],[97.413189,35.000008],[97.436738,34.994416]]]}},{"type":"Feature","properties":{"kind":"lakes","name":"拉昂错","source":"Natural Earth 1:10m"},"geometry":{"type":"Polygon","coordinates":[[[81.312943,30.674328],[81.322068,30.65225],[81.327955,30.641653],[81.315886,30.618987],[81.299108,30.608096],[81.277325,30.605446],[81.252304,30.607213],[81.246711,30.605741],[81.241412,30.601914],[81.235525,30.599854],[81.228166,30.603975],[81.225517,30.608096],[81.219924,30.618693],[81.218158,30.621048],[81.206089,30.620459],[81.194903,30.616632],[81.183423,30.614866],[81.170176,30.621048],[81.143683,30.628996],[81.132792,30.646952],[81.125138,30.665791],[81.108654,30.676094],[81.130143,30.687868],[81.135441,30.68934],[81.14545,30.68728],[81.148982,30.682864],[81.151631,30.678154],[81.159579,30.676094],[81.171942,30.681687],[81.180185,30.68728],[81.183717,30.692578],[81.180773,30.70347],[81.178418,30.708768],[81.176652,30.709651],[81.179007,30.713184],[81.188427,30.723781],[81.189899,30.724075],[81.203734,30.782654],[81.203439,30.812679],[81.189899,30.846825],[81.201673,30.853595],[81.212859,30.857716],[81.224045,30.857422],[81.247005,30.843881],[81.273204,30.841821],[81.283212,30.836522],[81.296164,30.82151],[81.300874,30.810913],[81.299991,30.799138],[81.291749,30.787658],[81.282623,30.78648],[81.272321,30.788247],[81.259663,30.784714],[81.242884,30.766758],[81.240824,30.745858],[81.248771,30.724958],[81.262606,30.706413],[81.273498,30.698171],[81.297341,30.688751],[81.30735,30.68257],[81.312943,30.674328]]]}},{"type":"Feature","properties":{"kind":"lakes","name":"玛旁雍错","source":"Natural Earth 1:10m"},"geometry":{"type":"Polygon","coordinates":[[[81.57787,30.748507],[81.602891,30.722603],[81.60348,30.690223],[81.574338,30.655783],[81.540192,30.634],[81.509578,30.607213],[81.498392,30.601325],[81.451294,30.566296],[81.445407,30.565413],[81.424212,30.566296],[81.430394,30.566296],[81.412438,30.579837],[81.394482,30.584547],[81.377409,30.592494],[81.362102,30.614277],[81.378586,30.641359],[81.369166,30.724075],[81.375642,30.764403],[81.406551,30.788541],[81.450411,30.787658],[81.53401,30.764403],[81.57787,30.748507]]]}},{"type":"Feature","properties":{"kind":"lakes","name":"昂拉仁错","source":"Natural Earth 1:10m"},"geometry":{"type":"Polygon","coordinates":[[[83.348176,31.436142],[83.316385,31.443795],[83.285771,31.456159],[83.260161,31.471466],[83.25604,31.462929],[83.253097,31.459102],[83.248976,31.459397],[83.240145,31.463812],[83.230136,31.461457],[83.21012,31.459397],[83.190103,31.459691],[83.178328,31.463812],[83.144182,31.449683],[83.133585,31.462046],[83.097378,31.490894],[83.08943,31.501491],[83.080894,31.518858],[83.06176,31.530927],[83.042921,31.53652],[83.03409,31.535343],[83.027908,31.518564],[83.01319,31.517975],[82.995234,31.523568],[82.979632,31.525334],[82.970507,31.519153],[82.958733,31.501491],[82.94843,31.497958],[82.939599,31.499725],[82.910751,31.512382],[82.891912,31.514149],[82.878077,31.523568],[82.866008,31.533871],[82.832745,31.545351],[82.822148,31.559481],[82.823325,31.57361],[82.838632,31.579792],[82.939599,31.581264],[82.957261,31.579203],[82.972273,31.573021],[82.967858,31.581264],[82.965209,31.58509],[82.961971,31.586856],[82.954023,31.588034],[82.952845,31.590978],[82.954023,31.595393],[82.951668,31.600397],[82.949313,31.60393],[82.945781,31.613055],[82.941659,31.617765],[82.923703,31.619531],[82.917522,31.621003],[82.928413,31.634838],[82.941659,31.641903],[82.958144,31.643374],[82.979632,31.641314],[82.99906,31.634249],[83.018783,31.623652],[83.034679,31.619825],[83.041155,31.631894],[83.050574,31.643963],[83.072652,31.65456],[83.097967,31.659564],[83.115923,31.655738],[83.125048,31.642197],[83.120339,31.631894],[83.11033,31.623358],[83.102382,31.614821],[83.09208,31.610111],[83.089136,31.605696],[83.095612,31.600397],[83.10091,31.600692],[83.10827,31.60393],[83.11975,31.611289],[83.130641,31.615115],[83.135645,31.60599],[83.138,31.593332],[83.14065,31.586856],[83.19128,31.578026],[83.201289,31.57361],[83.209531,31.568017],[83.212769,31.563013],[83.21689,31.553299],[83.226015,31.549472],[83.247209,31.54594],[83.261633,31.537109],[83.305788,31.502963],[83.324038,31.474704],[83.364072,31.451449],[83.37673,31.436436],[83.348176,31.436142]]]}},{"type":"Feature","properties":{"kind":"lakes","name":"当惹雍错","source":"Natural Earth 1:10m"},"geometry":{"type":"Polygon","coordinates":[[[86.768982,31.223611],[86.77899,31.180928],[86.796063,31.141778],[86.773986,31.122939],[86.748671,31.119406],[86.686854,31.121172],[86.659184,31.113519],[86.634752,31.099389],[86.614146,31.078784],[86.597368,31.052291],[86.609142,31.026387],[86.606787,31.001955],[86.59619,30.980466],[86.583827,30.963688],[86.567342,30.94632],[86.559689,30.936312],[86.552035,30.913646],[86.529664,30.894218],[86.521716,30.88156],[86.520833,30.869491],[86.527309,30.849769],[86.529369,30.836522],[86.524954,30.824159],[86.514946,30.813562],[86.47344,30.780887],[86.451069,30.769113],[86.429874,30.770585],[86.412507,30.784714],[86.408091,30.80061],[86.374828,30.864193],[86.376006,30.871257],[86.389841,30.874201],[86.406325,30.875673],[86.416039,30.878028],[86.421632,30.885092],[86.426636,30.89304],[86.433112,30.908936],[86.442238,30.950147],[86.446653,30.987531],[86.454012,30.999894],[86.501405,31.03875],[86.513768,31.054057],[86.519067,31.05965],[86.529369,31.066126],[86.552919,31.075252],[86.565576,31.082022],[86.570875,31.08997],[86.574996,31.112636],[86.605021,31.169742],[86.615029,31.211248],[86.620622,31.265705],[86.629748,31.284544],[86.631514,31.29573],[86.630336,31.307211],[86.625627,31.32811],[86.625627,31.339885],[86.647704,31.368733],[86.689798,31.368438],[86.734247,31.34695],[86.761917,31.313098],[86.766333,31.291904],[86.768982,31.223611]]]}},{"type":"Feature","properties":{"kind":"lakes","name":"羊卓雍错","source":"Natural Earth 1:10m"},"geometry":{"type":"Polygon","coordinates":[[[91.017539,28.870759],[91.002232,28.876057],[90.915101,28.93964],[90.905387,28.93493],[90.899205,28.935813],[90.895084,28.941995],[90.893906,28.952886],[90.887136,28.952886],[90.884487,28.937874],[90.877716,28.927277],[90.867119,28.919034],[90.85299,28.911675],[90.851224,28.919329],[90.851224,28.925805],[90.853873,28.931986],[90.85976,28.93964],[90.844748,28.939934],[90.833562,28.936696],[90.811484,28.926099],[90.810601,28.933753],[90.80648,28.945821],[90.805303,28.952886],[90.794117,28.937874],[90.775278,28.925216],[90.757616,28.922567],[90.749962,28.936402],[90.752023,28.940523],[90.756733,28.94435],[90.761443,28.948765],[90.763503,28.956419],[90.759382,28.963189],[90.749374,28.967899],[90.729357,28.974375],[90.725824,28.961128],[90.722586,28.952886],[90.764386,28.896957],[90.766152,28.87223],[90.729357,28.857218],[90.735244,28.868109],[90.733772,28.874291],[90.728474,28.878706],[90.722586,28.885182],[90.719643,28.88636],[90.701981,28.903139],[90.702275,28.905788],[90.689323,28.90932],[90.67225,28.910203],[90.656649,28.905788],[90.647524,28.891953],[90.682259,28.88842],[90.680198,28.878706],[90.604252,28.8216],[90.599248,28.812769],[90.597776,28.796579],[90.593066,28.785687],[90.582763,28.780683],[90.56569,28.782155],[90.56569,28.788337],[90.553621,28.785393],[90.523891,28.786276],[90.517709,28.785099],[90.514765,28.781861],[90.507406,28.782155],[90.499753,28.785687],[90.496809,28.792163],[90.498575,28.798639],[90.502402,28.806293],[90.505051,28.814535],[90.50358,28.823072],[90.491216,28.833374],[90.456187,28.846032],[90.448828,28.85398],[90.444707,28.868109],[90.437642,28.882533],[90.437348,28.893719],[90.45236,28.898135],[90.459131,28.896074],[90.471788,28.887243],[90.48003,28.885182],[90.490333,28.884299],[90.492982,28.88165],[90.493277,28.877235],[90.496809,28.870759],[90.495632,28.867521],[90.491805,28.862222],[90.490333,28.856335],[90.496809,28.851036],[90.504168,28.850448],[90.510939,28.854274],[90.515943,28.860456],[90.517709,28.867815],[90.520064,28.871347],[90.524774,28.871053],[90.529189,28.867815],[90.531544,28.861045],[90.530367,28.853391],[90.524185,28.836612],[90.523008,28.823366],[90.524774,28.813063],[90.533016,28.807765],[90.551855,28.809531],[90.547145,28.819245],[90.544496,28.823072],[90.549795,28.826015],[90.559803,28.833963],[90.56569,28.836612],[90.553621,28.845443],[90.558626,28.876057],[90.551855,28.891953],[90.563335,28.890481],[90.573049,28.891953],[90.580703,28.896957],[90.586296,28.905788],[90.58659,28.907849],[90.630745,28.915208],[90.641342,28.919623],[90.640164,28.926099],[90.629273,28.930515],[90.606607,28.934341],[90.599248,28.93964],[90.59601,28.950531],[90.600425,28.959068],[90.609845,28.964955],[90.623386,28.967016],[90.648701,28.965838],[90.661653,28.966427],[90.671073,28.970842],[90.68373,28.979085],[90.691089,28.979085],[90.694622,28.982028],[90.695211,28.998218],[90.690501,29.022062],[90.678432,29.041195],[90.647524,29.076225],[90.665774,29.086822],[90.66548,29.11302],[90.656649,29.139807],[90.650762,29.152171],[90.63781,29.155114],[90.628684,29.169244],[90.603663,29.174542],[90.583647,29.183668],[90.572461,29.186317],[90.545674,29.181902],[90.502402,29.157764],[90.460602,29.145989],[90.435876,29.130977],[90.39437,29.097419],[90.399669,29.086528],[90.396725,29.078874],[90.390544,29.077697],[90.387306,29.086822],[90.381418,29.099774],[90.369349,29.105661],[90.361107,29.111548],[90.366406,29.124795],[90.380535,29.111843],[90.400846,29.125384],[90.423512,29.147461],[90.44559,29.158941],[90.473849,29.165123],[90.520947,29.193382],[90.548323,29.199858],[90.606607,29.194559],[90.661064,29.179252],[90.675783,29.171304],[90.68844,29.162473],[90.701981,29.155114],[90.734067,29.148933],[90.741131,29.142162],[90.738188,29.134803],[90.722586,29.130977],[90.731712,29.115964],[90.73701,29.11096],[90.729357,29.103601],[90.722586,29.107722],[90.715816,29.11096],[90.719937,29.056797],[90.726119,29.048849],[90.730829,29.045905],[90.736422,29.038841],[90.743781,29.031776],[90.753789,29.028538],[90.763209,29.029715],[90.781165,29.034131],[90.791468,29.035308],[90.784697,29.023239],[90.773806,29.016469],[90.759382,29.014114],[90.743192,29.015586],[90.759088,28.99969],[90.782342,28.986149],[90.832384,28.967016],[90.832384,28.974375],[90.818255,28.980851],[90.823259,28.992625],[90.846219,29.015586],[90.839449,29.015586],[90.844748,29.024417],[90.846219,29.028538],[90.861821,29.019118],[90.874184,29.020001],[90.88537,29.0253],[90.898027,29.028538],[90.932762,29.028243],[90.94542,29.024417],[90.941888,29.015586],[90.953662,29.001751],[90.963376,28.993803],[91.013418,28.967604],[91.022838,28.957302],[91.017539,28.946705],[91.004882,28.944644],[90.991341,28.950531],[90.978978,28.957596],[90.969852,28.960245],[90.953074,28.953181],[90.951896,28.94435],[90.95955,28.934636],[90.969852,28.926099],[91.02431,28.891953],[91.041972,28.874585],[91.017539,28.870759]]]}},{"type":"Feature","properties":{"kind":"lakes","name":"可可西里湖","source":"Natural Earth 1:10m"},"geometry":{"type":"Polygon","coordinates":[[[91.283056,35.630242],[91.297774,35.609048],[91.338985,35.579906],[91.306605,35.568426],[91.288649,35.565188],[91.270692,35.565482],[91.298951,35.538695],[91.300129,35.528686],[91.274519,35.524565],[91.233014,35.526626],[91.218884,35.530747],[91.2024,35.538989],[91.160012,35.551353],[91.072291,35.557534],[91.03785,35.573135],[91.019305,35.589325],[91.003704,35.599923],[90.985454,35.605516],[90.959844,35.607282],[90.941888,35.614641],[90.932174,35.63142],[90.935412,35.647904],[90.956606,35.654969],[90.967792,35.653202],[90.996934,35.642017],[90.998111,35.639956],[91.001644,35.634952],[91.006648,35.630242],[91.011946,35.628182],[91.016067,35.631714],[91.018422,35.638484],[91.021072,35.645549],[91.028136,35.648787],[91.094368,35.646726],[91.113502,35.642017],[91.139112,35.62877],[91.149709,35.62671],[91.223005,35.634658],[91.21859,35.641428],[91.217118,35.647021],[91.218884,35.653497],[91.223005,35.662328],[91.241256,35.648198],[91.262745,35.64025],[91.283056,35.630242]]]}},{"type":"Feature","properties":{"kind":"lakes","name":null,"source":"Natural Earth 1:10m"},"geometry":{"type":"Polygon","coordinates":[[[85.89472,30.955445],[85.900019,30.944554],[85.902963,30.933957],[85.898841,30.922477],[85.885889,30.913646],[85.876764,30.916589],[85.873232,30.926009],[85.878236,30.936312],[85.870877,30.931896],[85.862046,30.93013],[85.852332,30.93013],[85.841735,30.931308],[85.856453,30.91394],[85.862046,30.886859],[85.861752,30.85595],[85.85557,30.814445],[85.843501,30.777355],[85.836731,30.764403],[85.815536,30.747624],[85.799935,30.749096],[85.784039,30.756455],[85.761373,30.758221],[85.765789,30.766169],[85.770793,30.770585],[85.778152,30.772351],[85.788749,30.771762],[85.788749,30.778533],[85.771676,30.782065],[85.769027,30.789424],[85.772854,30.795606],[85.775797,30.795606],[85.780801,30.793839],[85.791693,30.800315],[85.803468,30.810324],[85.809944,30.819449],[85.785806,30.817683],[85.761962,30.830929],[85.743417,30.852418],[85.733998,30.874201],[85.718985,30.868019],[85.70515,30.871257],[85.69102,30.878028],[85.675419,30.88156],[85.658935,30.879499],[85.610659,30.86066],[85.598001,30.871257],[85.589759,30.864781],[85.584461,30.848297],[85.582694,30.830046],[85.574452,30.819744],[85.555319,30.82622],[85.522055,30.846825],[85.413435,30.87008],[85.377817,30.888625],[85.36928,30.895689],[85.358683,30.909525],[85.331307,30.957212],[85.333368,30.975757],[85.341905,30.993418],[85.353973,31.008137],[85.396656,31.036101],[85.405193,31.045521],[85.406076,31.05494],[85.3996,31.070247],[85.40166,31.076429],[85.411963,31.081139],[85.424327,31.080845],[85.43669,31.077606],[85.446698,31.073485],[85.480844,31.049348],[85.497034,31.041694],[85.522055,31.03875],[85.536774,31.034335],[85.567682,31.015496],[85.586816,31.011375],[85.613603,31.001955],[85.629204,30.999011],[85.638035,31.004604],[85.634503,31.014907],[85.626555,31.020794],[85.627732,31.02727],[85.651576,31.03875],[85.656285,31.031686],[85.665705,31.02256],[85.67483,31.019028],[85.678951,31.028448],[85.685133,31.037573],[85.698968,31.037573],[85.747244,31.02727],[85.783745,31.005487],[85.802879,30.996951],[85.854393,30.992241],[85.880591,30.984293],[85.891777,30.966926],[85.89472,30.955445]]]}},{"type":"Feature","properties":{"kind":"lakes","name":null,"source":"Natural Earth 1:10m"},"geometry":{"type":"Polygon","coordinates":[[[90.310771,33.319189],[90.290754,33.313596],[90.236003,33.341561],[90.213337,33.349803],[90.194497,33.360989],[90.160351,33.389837],[90.124144,33.357751],[90.085877,33.362461],[89.99639,33.403377],[90.014641,33.426044],[90.016996,33.433991],[90.014346,33.44606],[90.008165,33.450181],[90.0011,33.452242],[89.99639,33.45754],[89.994918,33.475202],[90.005515,33.473142],[90.023177,33.463428],[90.052908,33.453714],[90.091175,33.43458],[90.11914,33.413091],[90.137979,33.403672],[90.158879,33.398668],[90.181251,33.396607],[90.195969,33.398079],[90.207449,33.402789],[90.281923,33.453419],[90.294287,33.45754],[90.302823,33.479912],[90.293109,33.529071],[90.270149,33.602073],[90.277508,33.602073],[90.286928,33.599424],[90.293404,33.612965],[90.296936,33.632393],[90.298113,33.725117],[90.31607,33.689499],[90.318719,33.680668],[90.337558,33.670954],[90.341679,33.66389],[90.325489,33.656825],[90.336086,33.623856],[90.344034,33.608549],[90.356103,33.602073],[90.362285,33.593537],[90.378475,33.555564],[90.390838,33.546733],[90.402024,33.530543],[90.407028,33.49257],[90.407911,33.419862],[90.400258,33.420745],[90.364051,33.414563],[90.352865,33.409853],[90.347567,33.401317],[90.343151,33.383066],[90.339619,33.375707],[90.311654,33.361872],[90.311654,33.34892],[90.314598,33.33273],[90.310771,33.319189]]]}},{"type":"Feature","properties":{"kind":"lakes","name":null,"source":"Natural Earth 1:10m"},"geometry":{"type":"Polygon","coordinates":[[[89.956357,33.512587],[89.973135,33.492275],[89.976668,33.484916],[89.972841,33.471964],[89.964893,33.46696],[89.955768,33.464016],[89.948703,33.45754],[89.947231,33.437818],[89.949292,33.410442],[89.946937,33.38601],[89.93163,33.375707],[89.916912,33.370409],[89.902488,33.35834],[89.891597,33.343622],[89.887181,33.330964],[89.882471,33.308298],[89.870402,33.292991],[89.85274,33.282099],[89.832429,33.27268],[89.848325,33.260317],[89.843321,33.247364],[89.82507,33.242949],[89.800932,33.255901],[89.793573,33.266498],[89.798577,33.269736],[89.807703,33.271797],[89.811529,33.280039],[89.807408,33.286221],[89.790041,33.302116],[89.784154,33.313596],[89.777678,33.347743],[89.777383,33.383361],[89.788863,33.41162],[89.8183,33.423394],[89.806231,33.430165],[89.752657,33.430459],[89.728813,33.436935],[89.674356,33.478146],[89.661404,33.492275],[89.667585,33.499046],[89.692606,33.483445],[89.739116,33.464605],[89.788569,33.453419],[89.821832,33.461367],[89.830074,33.46696],[89.838022,33.470198],[89.84391,33.475497],[89.846264,33.488449],[89.84597,33.499635],[89.847442,33.509349],[89.852152,33.516413],[89.863043,33.519063],[89.929569,33.525244],[89.948703,33.519063],[89.956357,33.512587]]]}},{"type":"Feature","properties":{"kind":"lakes","name":null,"source":"Natural Earth 1:10m"},"geometry":{"type":"Polygon","coordinates":[[[91.527084,32.119067],[91.533854,32.094046],[91.534443,32.067553],[91.532088,32.046653],[91.516192,31.999261],[91.511482,31.971296],[91.518253,31.950396],[91.506184,31.942154],[91.463207,31.929496],[91.467622,31.943331],[91.463501,31.952457],[91.454081,31.958638],[91.442601,31.964231],[91.431415,31.980716],[91.424056,32.012507],[91.421113,32.047536],[91.421996,32.07344],[91.433476,32.095223],[91.455847,32.118772],[91.483812,32.135257],[91.510894,32.135551],[91.527084,32.119067]]]}},{"type":"Feature","properties":{"kind":"lakes","name":null,"source":"Natural Earth 1:10m"},"geometry":{"type":"Polygon","coordinates":[[[87.606153,31.953634],[87.606153,31.944214],[87.617045,31.922137],[87.610863,31.903887],[87.597617,31.887108],[87.570535,31.861498],[87.555228,31.850901],[87.538155,31.843542],[87.519022,31.840598],[87.481343,31.841187],[87.463092,31.839126],[87.447197,31.833239],[87.417466,31.843542],[87.409224,31.877099],[87.418938,31.912718],[87.499888,31.962465],[87.539038,31.979244],[87.557289,31.97424],[87.580838,31.965114],[87.592024,31.958638],[87.601444,31.958638],[87.604976,31.957461],[87.606153,31.953634]]]}},{"type":"Feature","properties":{"kind":"lakes","name":"班公错","source":"Natural Earth 1:10m"},"geometry":{"type":"Polygon","coordinates":[[[78.962445,33.74013],[78.980401,33.735715],[78.984817,33.720996],[78.970393,33.711577],[78.948316,33.706573],[78.928888,33.704512],[78.861773,33.689499],[78.8238,33.698919],[78.799956,33.690088],[78.776407,33.677136],[78.758157,33.669777],[78.727543,33.678019],[78.69163,33.703629],[78.656307,33.738364],[78.628048,33.773393],[78.605382,33.809011],[78.590958,33.826967],[78.576534,33.834915],[78.563582,33.839919],[78.486458,33.893199],[78.456728,33.92087],[78.435533,33.951483],[78.435533,33.978859],[78.447897,33.967674],[78.456728,33.968851],[78.464675,33.975033],[78.473506,33.978859],[78.488225,33.979154],[78.49735,33.977682],[78.501765,33.973561],[78.502648,33.95531],[78.505003,33.949129],[78.511185,33.937943],[78.545331,33.896437],[78.551807,33.907918],[78.559461,33.905857],[78.576534,33.886429],[78.589191,33.87907],[78.60126,33.874949],[78.61068,33.869945],[78.618334,33.846101],[78.637467,33.831972],[78.641588,33.824318],[78.679561,33.783107],[78.729014,33.744545],[78.75904,33.728944],[78.785532,33.725117],[78.792597,33.728944],[78.805255,33.742485],[78.813497,33.746017],[78.820856,33.74484],[78.833514,33.735715],[78.840284,33.732477],[78.855885,33.730416],[78.868249,33.731888],[78.880023,33.737186],[78.895625,33.746017],[78.913286,33.734243],[78.962445,33.74013]]]}},{"type":"Feature","properties":{"kind":"lakes","name":null,"source":"Natural Earth 1:10m"},"geometry":{"type":"Polygon","coordinates":[[[84.062009,30.504774],[84.091446,30.462974],[84.096156,30.452966],[84.094684,30.427062],[84.088796,30.408222],[84.08703,30.392916],[84.089091,30.361419],[84.085558,30.350233],[84.08232,30.343168],[84.082026,30.337575],[84.08026,30.333748],[84.072312,30.332277],[84.065542,30.335515],[84.062009,30.342874],[84.061126,30.352293],[84.062009,30.360241],[84.051412,30.408222],[84.03846,30.413227],[84.034339,30.425884],[84.034633,30.456498],[84.028746,30.470628],[84.010496,30.495649],[84.006963,30.508012],[84.014322,30.516548],[84.03169,30.515665],[84.050529,30.510367],[84.062009,30.504774]]]}},{"type":"Feature","properties":{"kind":"lakes","name":null,"source":"Natural Earth 1:10m"},"geometry":{"type":"Polygon","coordinates":[[[87.348585,34.627344],[87.358888,34.622339],[87.364186,34.607621],[87.360948,34.593492],[87.353295,34.582306],[87.344169,34.575535],[87.324447,34.569943],[87.311201,34.574358],[87.298543,34.5826],[87.282059,34.589665],[87.244969,34.591725],[87.214649,34.589665],[87.20729,34.584072],[87.202875,34.575535],[87.198165,34.569354],[87.190511,34.572297],[87.188745,34.576713],[87.189334,34.583778],[87.191394,34.590842],[87.194044,34.597024],[87.180797,34.589665],[87.191983,34.615863],[87.214649,34.61969],[87.268518,34.609976],[87.286768,34.625577],[87.289418,34.627344],[87.29295,34.631465],[87.300309,34.629993],[87.313261,34.6244],[87.338282,34.627638],[87.348585,34.627344]]]}},{"type":"Feature","properties":{"kind":"lakes","name":"多尔改错湖","source":"Natural Earth 1:10m"},"geometry":{"type":"Polygon","coordinates":[[[92.062826,35.219898],[92.035745,35.211068],[91.963331,35.221665],[91.935661,35.21666],[91.944786,35.233734],[91.968041,35.243742],[91.994534,35.251395],[92.038688,35.271118],[92.095795,35.270823],[92.120816,35.278183],[92.164676,35.259049],[92.190875,35.253456],[92.213541,35.260815],[92.233852,35.264347],[92.258578,35.25375],[92.281539,35.236383],[92.298612,35.222842],[92.272119,35.199587],[92.234441,35.183986],[92.194113,35.178982],[92.162027,35.189579],[92.157906,35.176038],[92.1582,35.170151],[92.162027,35.161614],[92.155257,35.161614],[92.140538,35.177216],[92.111691,35.199882],[92.081666,35.217838],[92.062826,35.219898]]]}},{"type":"Feature","properties":{"kind":"lakes","name":"库赛湖","source":"Natural Earth 1:10m"},"geometry":{"type":"Polygon","coordinates":[[[92.973883,35.732975],[92.996255,35.718846],[93.038938,35.700006],[93.025986,35.681167],[93.006558,35.671159],[92.983597,35.666743],[92.914422,35.66586],[92.899409,35.673514],[92.826701,35.737096],[92.821108,35.757407],[92.806684,35.771831],[92.788728,35.78184],[92.70925,35.80951],[92.693354,35.819224],[92.674221,35.82776],[92.623001,35.834531],[92.607106,35.843362],[92.621235,35.858374],[92.673632,35.86014],[92.771655,35.850132],[92.776659,35.851604],[92.785785,35.857786],[92.809922,35.830704],[92.82258,35.818929],[92.840536,35.809215],[92.887046,35.796558],[92.901764,35.788904],[92.954455,35.758879],[92.964169,35.744455],[92.973883,35.732975]]]}},{"type":"Feature","properties":{"kind":"lakes","name":"卓乃湖","source":"Natural Earth 1:10m"},"geometry":{"type":"Polygon","coordinates":[[[92.038688,35.574902],[92.057528,35.569603],[92.099916,35.562833],[92.099916,35.556062],[92.089319,35.551941],[92.052229,35.528098],[92.047519,35.533691],[92.036334,35.543405],[92.031624,35.549292],[92.004248,35.533102],[91.970102,35.518678],[91.93625,35.508964],[91.907991,35.507492],[91.889151,35.518384],[91.880909,35.521327],[91.870901,35.521622],[91.849707,35.519856],[91.839698,35.521327],[91.825863,35.528686],[91.784652,35.569603],[91.795249,35.574902],[91.804963,35.583144],[91.811439,35.595213],[91.812028,35.61052],[91.86207,35.639367],[91.880909,35.645549],[91.904164,35.645843],[91.946258,35.634069],[91.966864,35.631125],[92.038688,35.574902]]]}},{"type":"Feature","properties":{"kind":"lakes","name":null,"source":"Natural Earth 1:10m"},"geometry":{"type":"Polygon","coordinates":[[[90.215397,35.703539],[90.126499,35.720906],[90.083522,35.736213],[90.057912,35.757407],[90.060267,35.788021],[90.101478,35.79332],[90.188316,35.785372],[90.223051,35.803034],[90.244833,35.806566],[90.267205,35.79538],[90.283984,35.794497],[90.328727,35.818046],[90.346095,35.812748],[90.347861,35.805683],[90.346389,35.797735],[90.338147,35.78184],[90.324312,35.741217],[90.296347,35.715313],[90.258669,35.70295],[90.215397,35.703539]]]}},{"type":"Feature","properties":{"kind":"lakes","name":null,"source":"Natural Earth 1:10m"},"geometry":{"type":"Polygon","coordinates":[[[90.400552,35.164558],[90.354631,35.151017],[90.240124,35.161026],[90.201856,35.143364],[90.196852,35.152195],[90.19067,35.156316],[90.183311,35.156021],[90.17448,35.150134],[90.163883,35.158671],[90.145633,35.180454],[90.133564,35.191051],[90.120317,35.197527],[90.108543,35.200765],[90.098829,35.206358],[90.092058,35.219015],[90.110015,35.21931],[90.116196,35.228435],[90.118551,35.241387],[90.126205,35.252573],[90.141806,35.257577],[90.153286,35.252279],[90.165061,35.244036],[90.181251,35.239621],[90.213631,35.234322],[90.21157,35.223431],[90.187138,35.213422],[90.154169,35.211656],[90.154169,35.205475],[90.170654,35.198999],[90.20009,35.193111],[90.225405,35.190756],[90.230998,35.191345],[90.236591,35.189579],[90.2466,35.181337],[90.254547,35.177216],[90.261318,35.178393],[90.266911,35.183692],[90.270149,35.191051],[90.263673,35.19164],[90.258963,35.1937],[90.255136,35.196055],[90.250426,35.197821],[90.257785,35.211951],[90.264556,35.231673],[90.274564,35.244919],[90.290754,35.239621],[90.291049,35.251984],[90.295464,35.265231],[90.303706,35.276122],[90.315186,35.280538],[90.321957,35.282009],[90.333143,35.287602],[90.339619,35.287897],[90.344623,35.285247],[90.352865,35.276122],[90.356103,35.274356],[90.364934,35.263759],[90.383773,35.216366],[90.400552,35.205475],[90.39231,35.236972],[90.385834,35.252867],[90.377003,35.259932],[90.373765,35.266702],[90.380241,35.277888],[90.389661,35.280243],[90.39437,35.259932],[90.400258,35.263759],[90.406145,35.265231],[90.418214,35.263759],[90.467667,35.226963],[90.483563,35.219015],[90.492394,35.216955],[90.520947,35.219015],[90.529778,35.216955],[90.536843,35.211951],[90.551855,35.197821],[90.555388,35.211951],[90.560686,35.21666],[90.567457,35.214894],[90.575993,35.208418],[90.585707,35.206063],[90.597482,35.210184],[90.609551,35.216072],[90.619559,35.219015],[90.631039,35.217249],[90.642519,35.212539],[90.648995,35.204886],[90.643697,35.194583],[90.575993,35.188402],[90.517709,35.17074],[90.499753,35.173095],[90.481208,35.183692],[90.465901,35.199587],[90.455598,35.219015],[90.437936,35.165735],[90.422629,35.147191],[90.400552,35.164558]]]}},{"type":"Feature","properties":{"kind":"lakes","name":null,"source":"Natural Earth 1:10m"},"geometry":{"type":"Polygon","coordinates":[[[90.739071,34.840169],[90.733184,34.835459],[90.698743,34.835459],[90.689323,34.838108],[90.665774,34.851355],[90.653705,34.855181],[90.626918,34.854593],[90.580114,34.839286],[90.555388,34.835459],[90.486801,34.835459],[90.479736,34.837519],[90.476792,34.842229],[90.476204,34.846939],[90.476204,34.849],[90.460897,34.84635],[90.456187,34.837519],[90.452949,34.826039],[90.442057,34.815148],[90.424101,34.808966],[90.386423,34.803668],[90.366406,34.794542],[90.366406,34.787183],[90.38083,34.78424],[90.420274,34.78159],[90.428517,34.777175],[90.435287,34.769816],[90.451183,34.76805],[90.469433,34.76805],[90.483563,34.766578],[90.499164,34.757452],[90.499753,34.748622],[90.493866,34.737436],[90.490039,34.721834],[90.483268,34.71477],[90.449417,34.709471],[90.435287,34.705056],[90.460602,34.694164],[90.460308,34.68445],[90.442352,34.683567],[90.414093,34.698285],[90.339619,34.753331],[90.322546,34.745384],[90.30665,34.747738],[90.29517,34.758924],[90.290754,34.777175],[90.297525,34.79101],[90.314009,34.798075],[90.352865,34.800724],[90.338441,34.813382],[90.256608,34.835459],[90.263967,34.84635],[90.266028,34.854298],[90.263967,34.872843],[90.268677,34.880497],[90.279568,34.880202],[90.292226,34.877847],[90.301057,34.879908],[90.319308,34.895215],[90.339619,34.904046],[90.362579,34.908461],[90.388778,34.909639],[90.398492,34.907578],[90.402907,34.902868],[90.406734,34.896981],[90.414093,34.890799],[90.428222,34.88344],[90.434698,34.881674],[90.469728,34.885795],[90.476498,34.883146],[90.486801,34.872843],[90.499164,34.864601],[90.50564,34.87196],[90.51035,34.890799],[90.531544,34.896687],[90.553327,34.896098],[90.649584,34.88138],[90.660181,34.87667],[90.668423,34.871666],[90.674899,34.869016],[90.684613,34.868722],[90.706396,34.870783],[90.715816,34.869016],[90.723764,34.86254],[90.733772,34.85106],[90.739071,34.840169]]]}},{"type":"Feature","properties":{"kind":"lakes","name":null,"source":"Natural Earth 1:10m"},"geometry":{"type":"Polygon","coordinates":[[[90.388778,34.909639],[90.388483,34.909639],[90.387894,34.909933],[90.39437,34.909933],[90.388778,34.909639]]]}},{"type":"Feature","properties":{"kind":"lakes","name":null,"source":"Natural Earth 1:10m"},"geometry":{"type":"Polygon","coordinates":[[[89.361152,35.260226],[89.374693,35.265525],[89.387056,35.246391],[89.386173,35.223725],[89.372338,35.215189],[89.353205,35.218132],[89.335543,35.229613],[89.319647,35.236972],[89.300219,35.24227],[89.290799,35.250512],[89.30434,35.266702],[89.284323,35.271412],[89.236048,35.274945],[89.203373,35.293784],[89.180413,35.299377],[89.157158,35.299966],[89.139791,35.294078],[89.135081,35.304381],[89.137436,35.312623],[89.153626,35.328813],[89.158041,35.329991],[89.177469,35.328813],[89.181002,35.330579],[89.181002,35.334112],[89.180118,35.338822],[89.180707,35.343237],[89.17688,35.341471],[89.173937,35.347064],[89.172759,35.3556],[89.173937,35.362371],[89.178647,35.366786],[89.1863,35.371496],[89.19572,35.375028],[89.280497,35.384154],[89.302574,35.379149],[89.309933,35.367081],[89.314054,35.351185],[89.335837,35.320277],[89.341724,35.30232],[89.344374,35.283187],[89.345257,35.263464],[89.349967,35.252279],[89.361152,35.260226]]]}},{"type":"Feature","properties":{"kind":"lakes","name":null,"source":"Natural Earth 1:10m"},"geometry":{"type":"Polygon","coordinates":[[[89.229572,34.59202],[89.235459,34.568471],[89.235753,34.558168],[89.234281,34.547865],[89.229866,34.539329],[89.221918,34.533736],[89.204845,34.533736],[89.194837,34.543744],[89.189244,34.555519],[89.18424,34.561112],[89.163928,34.564644],[89.128016,34.579657],[89.105644,34.581717],[89.086511,34.58054],[89.08239,34.577302],[89.07768,34.568471],[89.07974,34.564644],[89.07768,34.523727],[89.070321,34.503711],[89.052364,34.493997],[89.029698,34.491053],[88.989076,34.49488],[88.96435,34.500767],[88.94551,34.512836],[88.941978,34.533736],[88.914013,34.513425],[88.916663,34.566704],[88.920784,34.581717],[88.888109,34.574652],[88.868092,34.587899],[88.838362,34.629993],[88.853374,34.642356],[88.876335,34.645594],[88.895763,34.637352],[88.900473,34.615569],[88.911364,34.620573],[88.923727,34.621456],[88.935796,34.61969],[88.933736,34.615569],[89.021456,34.599379],[89.064728,34.597613],[89.105644,34.602028],[89.112709,34.606149],[89.117124,34.611448],[89.124484,34.615863],[89.139791,34.615569],[89.151271,34.611153],[89.162457,34.598496],[89.170699,34.595847],[89.216914,34.599379],[89.229572,34.59202]]]}},{"type":"Feature","properties":{"kind":"lakes","name":null,"source":"Natural Earth 1:10m"},"geometry":{"type":"Polygon","coordinates":[[[89.57751,36.291384],[89.602825,36.274016],[89.611656,36.253705],[89.588696,36.243991],[89.572506,36.240459],[89.563381,36.233983],[89.554255,36.230745],[89.537182,36.23781],[89.530706,36.242519],[89.526585,36.248112],[89.52423,36.254588],[89.523347,36.261948],[89.519815,36.265774],[89.500681,36.266363],[89.483019,36.271662],[89.45476,36.27696],[89.448873,36.282259],[89.443574,36.28844],[89.356443,36.336127],[89.327889,36.34643],[89.29757,36.347607],[89.299336,36.362031],[89.295804,36.382637],[89.288739,36.401182],[89.280497,36.40913],[89.277847,36.420021],[89.276375,36.441804],[89.282852,36.457405],[89.30434,36.450046],[89.339369,36.424142],[89.373516,36.410013],[89.448873,36.388524],[89.482725,36.372334],[89.510395,36.350551],[89.533061,36.324058],[89.551312,36.29315],[89.57751,36.291384]]]}},{"type":"Feature","properties":{"kind":"lakes","name":null,"source":"Natural Earth 1:10m"},"geometry":{"type":"Polygon","coordinates":[[[90.633394,31.333409],[90.617498,31.30044],[90.612494,31.28219],[90.616321,31.268354],[90.627507,31.249515],[90.619853,31.220962],[90.627212,31.2033],[90.609256,31.161795],[90.606607,31.151786],[90.599837,31.14531],[90.584235,31.139129],[90.567162,31.135596],[90.555388,31.138246],[90.52183,31.170037],[90.520947,31.175924],[90.516826,31.183283],[90.535371,31.240684],[90.553621,31.260112],[90.558626,31.271298],[90.557743,31.285722],[90.550383,31.310154],[90.551855,31.326639],[90.556271,31.34224],[90.560392,31.349599],[90.568928,31.352543],[90.586296,31.354014],[90.601308,31.354898],[90.615438,31.353131],[90.626918,31.34695],[90.633394,31.333409]]]}},{"type":"Feature","properties":{"kind":"lakes","name":null,"source":"Natural Earth 1:10m"},"geometry":{"type":"Polygon","coordinates":[[[88.328229,31.810573],[88.335588,31.806452],[88.345007,31.803214],[88.352366,31.792323],[88.33912,31.790851],[88.31822,31.781431],[88.307918,31.779076],[88.296732,31.781137],[88.268473,31.791145],[88.26288,31.795855],[88.259347,31.805275],[88.250811,31.803508],[88.224907,31.785847],[88.216076,31.78202],[88.206656,31.779959],[88.151021,31.779665],[88.135126,31.78673],[88.143074,31.80292],[88.158969,31.817638],[88.177809,31.832062],[88.199003,31.839126],[88.221374,31.833239],[88.265529,31.820876],[88.280542,31.826469],[88.283485,31.855022],[88.294082,31.851195],[88.307918,31.843836],[88.319986,31.834122],[88.324991,31.823231],[88.328229,31.810573]]]}},{"type":"Feature","properties":{"kind":"lakes","name":null,"source":"Natural Earth 1:10m"},"geometry":{"type":"Polygon","coordinates":[[[88.125706,31.689884],[88.086261,31.677521],[87.997069,31.661919],[87.918768,31.634543],[87.898751,31.630128],[87.875202,31.628362],[87.832814,31.617765],[87.821628,31.62012],[87.830753,31.641314],[87.83458,31.642786],[87.840762,31.643374],[87.846943,31.648379],[87.851359,31.663097],[87.851359,31.674871],[87.84606,31.695477],[87.844588,31.707251],[87.851947,31.723147],[87.869021,31.734922],[87.906699,31.751112],[87.929071,31.764358],[87.939962,31.769362],[87.954386,31.772306],[87.979113,31.766124],[88.01061,31.766419],[88.040635,31.772011],[88.088028,31.794678],[88.108044,31.781137],[88.110105,31.760531],[88.08479,31.751112],[88.09833,31.73816],[88.142191,31.752878],[88.163385,31.748168],[88.172804,31.728151],[88.162502,31.711372],[88.143368,31.698126],[88.125706,31.689884]]]}},{"type":"Feature","properties":{"kind":"lakes","name":null,"source":"Natural Earth 1:10m"},"geometry":{"type":"Polygon","coordinates":[[[82.43918,34.144586],[82.45537,34.131634],[82.458314,34.116033],[82.445067,34.111029],[82.422107,34.114561],[82.398263,34.122215],[82.382956,34.128985],[82.367061,34.141937],[82.353226,34.155478],[82.338213,34.166369],[82.317608,34.17049],[82.306716,34.178144],[82.28405,34.211113],[82.244016,34.229363],[82.211636,34.255856],[82.18897,34.289413],[82.191325,34.32091],[82.295236,34.276461],[82.322023,34.25409],[82.357052,34.191096],[82.37913,34.166958],[82.407094,34.15695],[82.419752,34.153712],[82.43918,34.144586]]]}},{"type":"Feature","properties":{"kind":"lakes","name":"鲁玛江东错","source":"Natural Earth 1:10m"},"geometry":{"type":"Polygon","coordinates":[[[81.797172,34.033611],[81.811007,34.025075],[81.814539,34.006235],[81.809241,33.987396],[81.797172,33.978859],[81.776566,33.979742],[81.768324,33.984158],[81.752428,34.012417],[81.740948,34.02478],[81.729174,34.030373],[81.717105,34.026841],[81.704741,34.012417],[81.694733,33.981509],[81.691495,33.9506],[81.682958,33.924991],[81.657349,33.909978],[81.650873,33.931761],[81.652639,33.945302],[81.658526,33.958254],[81.663825,33.978859],[81.639393,33.972089],[81.621731,33.982686],[81.607307,33.998287],[81.592,34.006235],[81.580225,34.009179],[81.574338,34.015655],[81.569628,34.02272],[81.560797,34.026546],[81.548434,34.026252],[81.540192,34.02272],[81.495154,33.991517],[81.476904,33.982686],[81.454826,33.978859],[81.430394,33.955605],[81.416265,33.950012],[81.409789,33.968262],[81.415087,33.981214],[81.426862,33.984158],[81.440697,33.983569],[81.451294,33.98563],[81.456298,33.991811],[81.493977,34.050684],[81.508989,34.067757],[81.523119,34.075116],[81.533127,34.077177],[81.539309,34.082476],[81.539898,34.088952],[81.53401,34.094839],[81.522824,34.096311],[81.499864,34.088363],[81.492505,34.088068],[81.486323,34.10102],[81.505163,34.111912],[81.532833,34.119565],[81.554027,34.122215],[81.573161,34.121037],[81.591411,34.110146],[81.595532,34.088068],[81.632917,34.095428],[81.667063,34.08483],[81.70062,34.068935],[81.751545,34.056571],[81.778627,34.037732],[81.797172,34.033611]]]}},{"type":"Feature","properties":{"kind":"lakes","name":"郭扎错","source":"Natural Earth 1:10m"},"geometry":{"type":"Polygon","coordinates":[[[81.185777,35.090967],[81.230815,35.070362],[81.244062,35.058881],[81.244062,35.051228],[81.242884,35.044163],[81.240824,35.037393],[81.229638,35.018553],[81.224928,35.014727],[81.206677,35.016493],[81.146627,35.007073],[81.13132,35.012961],[81.101589,35.020908],[81.060084,35.008839],[81.017696,34.991472],[80.984138,34.982347],[80.965593,34.983524],[80.945282,34.988234],[80.929092,34.997654],[80.922616,35.012961],[80.927031,35.032977],[80.937628,35.054466],[80.952052,35.071539],[80.967065,35.078604],[81.018284,35.086552],[81.03889,35.085374],[81.057435,35.081547],[81.074508,35.080664],[81.08746,35.08714],[81.09423,35.105685],[81.101001,35.105685],[81.112481,35.094499],[81.138385,35.097443],[81.164289,35.103625],[81.176063,35.102742],[81.185777,35.090967]]]}},{"type":"Feature","properties":{"kind":"lakes","name":null,"source":"Natural Earth 1:10m"},"geometry":{"type":"Polygon","coordinates":[[[91.218884,33.942064],[91.236252,33.934116],[91.243317,33.920575],[91.242728,33.90674],[91.23949,33.890844],[91.232131,33.874066],[91.219473,33.858464],[91.205049,33.848456],[91.187093,33.840803],[91.167371,33.836093],[91.147943,33.834915],[91.134107,33.851988],[91.143527,33.873771],[91.163544,33.892905],[91.181794,33.902619],[91.181794,33.909978],[91.161483,33.910861],[91.156479,33.921458],[91.164427,33.935293],[91.181794,33.944713],[91.198573,33.945596],[91.218884,33.942064]]]}},{"type":"Feature","properties":{"kind":"lakes","name":null,"source":"Natural Earth 1:10m"},"geometry":{"type":"Polygon","coordinates":[[[90.047904,32.491732],[90.060562,32.477308],[90.0638,32.447577],[90.05644,32.422556],[90.03819,32.423439],[90.019351,32.409899],[90.016996,32.406072],[90.01258,32.401068],[90.002866,32.405189],[89.986382,32.41608],[89.940167,32.408721],[89.879528,32.410193],[89.872757,32.412842],[89.87364,32.440218],[89.876584,32.451993],[89.883943,32.456997],[89.894246,32.458469],[89.898661,32.46259],[89.903371,32.46936],[89.914557,32.478191],[89.927215,32.483784],[89.955474,32.492026],[89.969014,32.497913],[89.987559,32.514103],[89.999334,32.522346],[90.014052,32.525878],[90.024649,32.520579],[90.039956,32.49703],[90.047904,32.491732]]]}},{"type":"Feature","properties":{"kind":"lakes","name":null,"source":"Natural Earth 1:10m"},"geometry":{"type":"Polygon","coordinates":[[[90.923637,32.133196],[90.934823,32.111119],[90.946009,32.03429],[90.941888,32.023398],[90.925403,32.018689],[90.910096,32.018983],[90.897733,32.020455],[90.888019,32.024576],[90.880954,32.032524],[90.880954,32.025459],[90.852695,32.046064],[90.761148,32.050186],[90.729357,32.06667],[90.741131,32.076384],[90.777044,32.094046],[90.784697,32.103465],[90.79029,32.114946],[90.799121,32.12466],[90.828852,32.132313],[90.836211,32.140261],[90.842393,32.149386],[90.85299,32.155274],[90.868297,32.155274],[90.892435,32.144971],[90.904798,32.142322],[90.923637,32.133196]]]}},{"type":"Feature","properties":{"kind":"lakes","name":null,"source":"Natural Earth 1:10m"},"geometry":{"type":"Polygon","coordinates":[[[88.818345,31.663097],[88.827176,31.64779],[88.833063,31.621886],[88.830708,31.597454],[88.814813,31.586856],[88.814224,31.573904],[88.810103,31.54594],[88.799506,31.517681],[88.780372,31.504729],[88.754762,31.502668],[88.736217,31.493837],[88.726798,31.475292],[88.728269,31.443501],[88.740927,31.41848],[88.744754,31.404645],[88.739161,31.391693],[88.732391,31.381685],[88.714729,31.339885],[88.707958,31.348716],[88.703249,31.369321],[88.694123,31.38139],[88.712963,31.399346],[88.720616,31.410238],[88.718555,31.419069],[88.708253,31.424956],[88.697656,31.429372],[88.691474,31.43467],[88.694123,31.443501],[88.693535,31.463224],[88.687942,31.488244],[88.677639,31.509439],[88.655856,31.523274],[88.648202,31.534165],[88.642021,31.546823],[88.639372,31.556243],[88.634073,31.559186],[88.598749,31.559481],[88.610524,31.573904],[88.629658,31.574493],[88.648497,31.567428],[88.660271,31.559481],[88.665276,31.550061],[88.667925,31.541524],[88.671752,31.533282],[88.680582,31.525334],[88.69118,31.520625],[88.701777,31.518858],[88.725326,31.518564],[88.729741,31.527984],[88.720322,31.549178],[88.70472,31.570372],[88.69118,31.579792],[88.669691,31.582147],[88.628186,31.591861],[88.604931,31.594216],[88.621121,31.612466],[88.645553,31.626301],[88.674106,31.634249],[88.701777,31.635132],[88.685587,31.658093],[88.681466,31.67075],[88.69118,31.676049],[88.701482,31.673399],[88.710902,31.666923],[88.725326,31.652205],[88.742693,31.647495],[88.770364,31.650439],[88.818345,31.663097]]]}},{"type":"Feature","properties":{"kind":"lakes","name":"格仁错","source":"Natural Earth 1:10m"},"geometry":{"type":"Polygon","coordinates":[[[88.566664,31.068481],[88.576378,31.052586],[88.580793,31.035512],[88.574611,31.021972],[88.547236,30.994007],[88.539876,30.990475],[88.518388,30.987237],[88.509263,30.983999],[88.473056,30.994596],[88.468346,31.000777],[88.465697,31.015201],[88.457749,31.024621],[88.44568,31.030214],[88.399759,31.035512],[88.377387,31.047287],[88.363847,31.069659],[88.359137,31.103805],[88.346774,31.115579],[88.256698,31.168565],[88.245218,31.171214],[88.215193,31.169742],[88.189583,31.165327],[88.181047,31.169154],[88.173393,31.183283],[88.123646,31.231265],[88.108633,31.238035],[88.103923,31.242745],[88.079491,31.276891],[88.067128,31.282484],[88.052998,31.287194],[88.04299,31.292492],[88.03151,31.31192],[88.043873,31.317219],[88.109516,31.308682],[88.12865,31.298968],[88.159852,31.278363],[88.460987,31.135008],[88.536344,31.095857],[88.557244,31.079667],[88.566664,31.068481]]]}},{"type":"Feature","properties":{"kind":"lakes","name":"昂孜错","source":"Natural Earth 1:10m"},"geometry":{"type":"Polygon","coordinates":[[[87.291184,31.072897],[87.303253,31.05965],[87.308257,31.010197],[87.277349,30.998717],[87.194044,31.011375],[87.15401,31.004015],[87.11957,30.987825],[87.06364,30.943082],[87.041563,30.920416],[87.02655,30.908936],[87.0083,30.902165],[86.988872,30.902165],[86.971504,30.908053],[86.962379,30.919533],[86.967972,30.936312],[86.979747,30.957212],[86.981218,30.963688],[86.979158,30.973696],[86.970033,30.989297],[86.967972,31.000777],[86.971799,31.025504],[86.982985,31.039045],[87.045978,31.060533],[87.060991,31.069659],[87.096903,31.104982],[87.113388,31.112047],[87.122219,31.117934],[87.129284,31.12706],[87.133993,31.136185],[87.140175,31.143838],[87.152538,31.14796],[87.169317,31.143838],[87.208173,31.119995],[87.224658,31.114402],[87.242908,31.107337],[87.291184,31.072897]]]}},{"type":"Feature","properties":{"kind":"lakes","name":null,"source":"Natural Earth 1:10m"},"geometry":{"type":"Polygon","coordinates":[[[86.333323,30.581603],[86.326553,30.573066],[86.318899,30.571006],[86.302709,30.561586],[86.292406,30.559526],[86.283575,30.563647],[86.276805,30.573066],[86.275333,30.586902],[86.263264,30.613983],[86.254728,30.617515],[86.207335,30.623991],[86.199682,30.627818],[86.192028,30.637532],[86.187613,30.65696],[86.174661,30.679921],[86.1726,30.697877],[86.175544,30.715244],[86.182609,30.727019],[86.228824,30.720837],[86.241187,30.717305],[86.252667,30.701704],[86.263264,30.662553],[86.275333,30.648129],[86.292112,30.648424],[86.312423,30.654605],[86.329496,30.6549],[86.336855,30.637826],[86.336267,30.600737],[86.333323,30.581603]]]}},{"type":"Feature","properties":{"kind":"lakes","name":null,"source":"Natural Earth 1:10m"},"geometry":{"type":"Polygon","coordinates":[[[86.462549,30.372016],[86.467259,30.360241],[86.467847,30.349938],[86.462549,30.332277],[86.458722,30.303134],[86.433701,30.239552],[86.433112,30.234253],[86.435762,30.200107],[86.433112,30.188921],[86.420455,30.169493],[86.406914,30.167727],[86.39249,30.176264],[86.377772,30.188921],[86.360699,30.19893],[86.353634,30.204522],[86.350985,30.212765],[86.349807,30.232781],[86.347747,30.241612],[86.343626,30.250443],[86.339505,30.261924],[86.320077,30.303723],[86.320077,30.316087],[86.336855,30.3467],[86.349219,30.361419],[86.384837,30.372604],[86.405737,30.382613],[86.426636,30.389089],[86.443415,30.384085],[86.451363,30.378492],[86.457839,30.376137],[86.462549,30.372016]]]}},{"type":"Feature","properties":{"kind":"lakes","name":null,"source":"Natural Earth 1:10m"},"geometry":{"type":"Polygon","coordinates":[[[83.951328,31.288077],[83.946913,31.293964],[83.944558,31.302206],[83.944852,31.313098],[83.98312,31.308682],[83.973406,31.331643],[83.957216,31.360785],[83.976349,31.375209],[84.010496,31.391693],[84.01756,31.392282],[84.048469,31.38139],[84.067602,31.379035],[84.08497,31.381685],[84.090857,31.389632],[84.07555,31.40229],[84.056122,31.396403],[84.033456,31.403762],[84.014617,31.418186],[84.006963,31.432904],[84.004608,31.438791],[83.999899,31.441735],[83.995483,31.443501],[83.993128,31.446445],[83.994306,31.452332],[83.996661,31.45557],[83.998721,31.457631],[84.014322,31.497958],[84.048763,31.514149],[84.078199,31.491482],[84.099688,31.449977],[84.109991,31.408766],[84.108519,31.383451],[84.109991,31.375209],[84.122943,31.354014],[84.126475,31.34224],[84.120293,31.330171],[84.099982,31.321634],[84.060243,31.328993],[84.040815,31.320457],[84.031984,31.301618],[84.030512,31.281012],[84.024625,31.264528],[84.003431,31.257757],[83.993423,31.255697],[83.982531,31.252164],[83.972228,31.250693],[83.962514,31.254814],[83.960159,31.260701],[83.962809,31.276302],[83.958982,31.285133],[83.951328,31.288077]]]}},{"type":"Feature","properties":{"kind":"lakes","name":null,"source":"Natural Earth 1:10m"},"geometry":{"type":"Polygon","coordinates":[[[84.31634,31.190348],[84.329586,31.183283],[84.329881,31.172097],[84.322227,31.158851],[84.312808,31.146782],[84.303388,31.126765],[84.291319,31.118523],[84.260705,31.107043],[84.203893,31.073485],[84.175634,31.065538],[84.150613,31.079667],[84.127064,31.071425],[84.099394,31.067009],[84.05465,31.066126],[84.050235,31.072897],[84.045231,31.077606],[84.037871,31.079667],[84.031395,31.078784],[84.02021,31.074957],[83.977821,31.065243],[83.965752,31.05965],[83.964575,31.067598],[83.958982,31.086437],[83.930723,31.126177],[83.925424,31.141778],[83.943086,31.187699],[83.948385,31.196235],[84.013145,31.207715],[84.044347,31.205361],[84.06878,31.183283],[84.09645,31.203889],[84.128536,31.209776],[84.210663,31.200356],[84.240983,31.191525],[84.257173,31.189465],[84.295734,31.19182],[84.31634,31.190348]]]}},{"type":"Feature","properties":{"kind":"lakes","name":null,"source":"Natural Earth 1:10m"},"geometry":{"type":"Polygon","coordinates":[[[83.641952,30.936017],[83.640186,30.928953],[83.643718,30.878028],[83.636653,30.880971],[83.621052,30.875084],[83.603684,30.86537],[83.592499,30.857128],[83.586611,30.843881],[83.578369,30.806792],[83.572187,30.799138],[83.55482,30.800904],[83.543634,30.806792],[83.535686,30.817389],[83.527444,30.833284],[83.519202,30.865664],[83.524206,30.895984],[83.537747,30.922477],[83.573365,30.968692],[83.584256,30.976051],[83.602507,30.97664],[83.616342,30.968103],[83.631649,30.951913],[83.641952,30.936017]]]}},{"type":"Feature","properties":{"kind":"lakes","name":null,"source":"Natural Earth 1:10m"},"geometry":{"type":"Polygon","coordinates":[[[83.527738,31.263939],[83.499774,31.244217],[83.497419,31.235386],[83.499479,31.22626],[83.499185,31.21949],[83.489765,31.216841],[83.462978,31.215663],[83.451793,31.216841],[83.441784,31.216252],[83.432953,31.218901],[83.427066,31.224789],[83.421767,31.242745],[83.414703,31.244511],[83.405872,31.245688],[83.397335,31.251576],[83.397924,31.255697],[83.39763,31.264822],[83.394686,31.274242],[83.386738,31.278363],[83.375552,31.276302],[83.358479,31.267766],[83.349354,31.265411],[83.32816,31.265411],[83.324627,31.271592],[83.331986,31.281601],[83.358185,31.30515],[83.37408,31.316041],[83.449143,31.348421],[83.467394,31.351071],[83.486527,31.347244],[83.500363,31.339885],[83.51773,31.327227],[83.533331,31.312509],[83.541279,31.298674],[83.539513,31.27748],[83.527738,31.263939]]]}},{"type":"Feature","properties":{"kind":"lakes","name":null,"source":"Natural Earth 1:10m"},"geometry":{"type":"Polygon","coordinates":[[[84.819114,30.223656],[84.856498,30.201284],[84.86268,30.154186],[84.848256,30.112681],[84.827945,30.108265],[84.801158,30.122395],[84.795565,30.12681],[84.792621,30.138585],[84.793799,30.149476],[84.795859,30.15919],[84.795565,30.16861],[84.77908,30.208938],[84.718147,30.31226],[84.705195,30.348467],[84.719913,30.367895],[84.73051,30.358181],[84.750821,30.329333],[84.761419,30.318736],[84.816465,30.233665],[84.819114,30.223656]]]}},{"type":"Feature","properties":{"kind":"lakes","name":null,"source":"Natural Earth 1:10m"},"geometry":{"type":"Polygon","coordinates":[[[84.829711,30.107088],[84.822941,30.107088],[84.827945,30.108265],[84.829711,30.107088]]]}},{"type":"Feature","properties":{"kind":"lakes","name":null,"source":"Natural Earth 1:10m"},"geometry":{"type":"Polygon","coordinates":[[[85.7443,29.89073],[85.754014,29.875423],[85.754309,29.857762],[85.741357,29.794768],[85.722223,29.773868],[85.69573,29.75915],[85.665999,29.750907],[85.672181,29.785054],[85.672181,29.778578],[85.688077,29.850402],[85.692492,29.859233],[85.694258,29.868359],[85.685722,29.883077],[85.682189,29.893085],[85.678951,29.91163],[85.674242,29.923993],[85.657169,29.952547],[85.658346,29.963144],[85.677774,29.968737],[85.69102,29.954313],[85.698968,29.935768],[85.699851,29.928998],[85.709565,29.914279],[85.719868,29.906037],[85.7443,29.89073]]]}},{"type":"Feature","properties":{"kind":"lakes","name":"阿克赛钦湖","source":"Natural Earth 1:10m"},"geometry":{"type":"Polygon","coordinates":[[[79.884099,35.268469],[79.895874,35.248746],[79.910003,35.223137],[79.905294,35.192228],[79.888809,35.165735],[79.867615,35.153667],[79.852602,35.154844],[79.831702,35.158376],[79.813452,35.164264],[79.805504,35.17074],[79.804327,35.175744],[79.801383,35.181042],[79.799028,35.187224],[79.798734,35.195172],[79.801677,35.201059],[79.811391,35.209007],[79.812274,35.214894],[79.795496,35.229907],[79.767237,35.242565],[79.749281,35.258755],[79.764587,35.283776],[79.794318,35.295844],[79.835235,35.30026],[79.875563,35.296433],[79.901761,35.283776],[79.887043,35.278183],[79.880567,35.277005],[79.884099,35.268469]]]}},{"type":"Feature","properties":{"kind":"lakes","name":"普莫雍错","source":"Natural Earth 1:10m"},"geometry":{"type":"Polygon","coordinates":[[[90.265733,28.62467],[90.330199,28.620843],[90.348155,28.625259],[90.358164,28.625848],[90.366406,28.623198],[90.373176,28.618783],[90.379652,28.615839],[90.385834,28.615839],[90.39702,28.626436],[90.404968,28.628203],[90.437053,28.625848],[90.457659,28.619666],[90.499753,28.593173],[90.514471,28.578161],[90.519181,28.5761],[90.523302,28.574923],[90.527423,28.572273],[90.530661,28.568447],[90.532427,28.564326],[90.534193,28.531062],[90.532133,28.527236],[90.529189,28.523998],[90.524479,28.522232],[90.510056,28.523703],[90.472377,28.519288],[90.465312,28.520465],[90.459719,28.523409],[90.451477,28.531651],[90.446179,28.53224],[90.440586,28.530474],[90.42675,28.517522],[90.421158,28.514578],[90.414976,28.513401],[90.406439,28.514578],[90.396725,28.517227],[90.389955,28.521054],[90.389366,28.524292],[90.393193,28.527824],[90.396137,28.531946],[90.396137,28.535184],[90.392016,28.535772],[90.386128,28.535184],[90.381713,28.535478],[90.377886,28.537538],[90.372588,28.544898],[90.369938,28.546369],[90.366406,28.545781],[90.354631,28.53695],[90.352276,28.538127],[90.35051,28.544309],[90.346978,28.551079],[90.341679,28.553434],[90.335203,28.551374],[90.323429,28.538127],[90.317247,28.533712],[90.311654,28.532534],[90.30194,28.538422],[90.287222,28.54166],[90.282512,28.543426],[90.27633,28.549019],[90.273681,28.552257],[90.272798,28.5552],[90.272504,28.557261],[90.271621,28.558733],[90.258669,28.568152],[90.254253,28.572568],[90.243656,28.589347],[90.240712,28.591113],[90.236591,28.59229],[90.233353,28.594056],[90.233059,28.597294],[90.241007,28.620549],[90.248955,28.625259],[90.265733,28.62467]]]}},{"type":"Feature","properties":{"kind":"rivers","name":"Bogcang","source":"Natural Earth 1:10m"},"geometry":{"type":"MultiLineString","coordinates":[[[85.748546,31.867947],[85.750662,31.866889]],[[85.750662,31.866889],[85.758311,31.863227],[85.7706,31.851386],[85.775808,31.84748],[85.811127,31.841132],[85.835948,31.828477],[85.855479,31.828396],[85.898692,31.833197],[85.933442,31.826483],[85.946381,31.826972],[85.95753,31.831326],[85.980398,31.844672],[85.999766,31.849392],[86.024099,31.859565],[86.032156,31.864529],[86.042898,31.869086],[86.083588,31.867947],[86.103933,31.876166],[86.127452,31.897732],[86.148855,31.902126],[86.171397,31.90001],[86.401134,31.816107],[86.414968,31.813056],[86.433116,31.8133],[86.444591,31.81684],[86.453298,31.822821],[86.460704,31.829047],[86.467214,31.833197],[86.478282,31.83515],[86.488536,31.834744],[86.498546,31.835395],[86.5088,31.840644],[86.565033,31.798529],[86.634288,31.774929],[86.711192,31.76496],[86.790457,31.764024],[86.876557,31.766059],[86.898041,31.770575],[86.916026,31.782579],[86.930919,31.790391],[86.949718,31.789822],[87.008311,31.771552],[87.021495,31.761786],[87.046641,31.734198],[87.067556,31.726345],[87.090017,31.734442],[87.125662,31.758653],[87.187999,31.77558],[87.208425,31.785997],[87.218761,31.797146],[87.232188,31.816474],[87.243744,31.838568],[87.248627,31.857978],[87.256928,31.872138],[87.276459,31.884223],[87.300141,31.892646],[87.320079,31.89586],[87.385265,31.892849],[87.413585,31.887152]],[[85.750662,31.866889],[85.754649,31.867947]],[[85.802989,31.655626],[85.76767,31.657009],[85.73406,31.663113],[85.716075,31.669745],[85.688406,31.684272],[85.67213,31.689765],[85.626069,31.687079],[85.610606,31.689765],[85.562918,31.723944],[85.557221,31.756049],[85.57545,31.777696],[85.604096,31.791368],[85.630626,31.799628],[85.662608,31.81623],[85.721202,31.858995],[85.750662,31.866889]]]}},{"type":"Feature","properties":{"kind":"rivers","name":null,"source":"Natural Earth 1:10m"},"geometry":{"type":"MultiLineString","coordinates":[[[85.432546,30.024482],[85.452566,30.036933],[85.479503,30.078681],[85.494558,30.09337],[85.519216,30.09866],[85.542979,30.093126],[85.567149,30.084337],[85.593842,30.079698],[85.604991,30.082546],[85.621104,30.095526],[85.630626,30.099555],[85.642507,30.099718],[85.663829,30.094672],[85.675548,30.09337],[85.69101,30.103583],[85.702159,30.123358],[85.716075,30.136542],[85.740326,30.126899],[85.805919,30.159857],[85.823416,30.181423],[85.861095,30.217597],[85.878184,30.229926],[85.920502,30.239122],[85.938894,30.247748],[85.946381,30.268134],[85.951101,30.290798],[85.957612,30.309027],[85.955333,30.324734],[85.932709,30.339789],[85.892589,30.349311],[85.877371,30.358222],[85.866628,30.39586],[85.855072,30.415798],[85.799246,30.482693],[85.780284,30.498318],[85.747081,30.512274],[85.731212,30.529079],[85.717459,30.54739],[85.706147,30.559516],[85.66627,30.571967],[85.578543,30.565741],[85.535655,30.573188],[85.516612,30.582546],[85.469005,30.615505],[85.451915,30.626736],[85.432872,30.636339],[85.410818,30.643826],[85.384695,30.648261],[85.29713,30.65119],[85.254324,30.657904],[85.21282,30.676215],[85.202403,30.686387],[85.191335,30.703152],[85.182384,30.72248],[85.17864,30.74079],[85.174327,30.752509],[85.155691,30.764838],[85.137706,30.812771],[85.126964,30.831651],[85.089366,30.881659],[85.124604,30.94656],[85.13087,30.963568],[85.13323,30.990831],[85.135834,31.000352],[85.144542,31.01142],[85.152843,31.01671],[85.183116,31.029364],[85.196056,31.031846],[85.227631,31.031765],[85.24171,31.034613],[85.253673,31.048774],[85.282644,31.069159],[85.292003,31.073432],[85.305186,31.071316],[85.325206,31.061957],[85.340017,31.059841],[85.375662,31.059841],[85.390391,31.053819],[85.398367,31.038682]]]}},{"type":"Feature","properties":{"kind":"rivers","name":"Qarqan","source":"Natural Earth 1:10m"},"geometry":{"type":"MultiLineString","coordinates":[[[87.282156,36.504706],[87.251231,36.528388],[87.235932,36.54328],[87.228119,36.559353],[87.231863,36.579454],[87.253998,36.608669],[87.256114,36.628241],[87.239024,36.667589],[87.221446,36.703966],[87.208751,36.719184],[87.176524,36.731269],[87.159923,36.74494],[87.15504,36.761542],[87.163829,36.775824],[87.177419,36.789984],[87.187104,36.806423],[87.189464,36.82746],[87.185151,36.845404],[87.155935,36.892198],[87.132498,36.950385],[87.119721,36.96955],[87.090017,37.00141],[87.07724,37.011786],[87.066417,37.022773],[87.047293,37.02143],[87.025076,37.016221],[87.005382,37.022325],[86.965424,37.050727],[86.950694,37.067939],[86.947032,37.094346],[86.964122,37.128241],[87.035085,37.179633],[87.063731,37.211046],[87.06837,37.221259],[87.071056,37.231309],[87.072195,37.2414],[87.071869,37.251329],[87.051524,37.342556],[87.056895,37.374945],[87.086925,37.401638],[87.182546,37.401882],[87.221446,37.416531],[87.239513,37.450507],[87.242442,37.454047],[87.246511,37.467149],[87.264415,37.494249],[87.268565,37.508979],[87.269054,37.56037],[87.257823,37.57392],[87.228119,37.587836],[87.185313,37.575995],[87.137462,37.588243],[87.056895,37.62873],[86.97934,37.654853],[86.936697,37.660264],[86.892345,37.656073],[86.850678,37.646796],[86.806407,37.642401],[86.787852,37.648749],[86.751964,37.677029],[86.73406,37.684027],[86.710053,37.68122],[86.690684,37.675401],[86.671886,37.67475],[86.649099,37.687079],[86.628917,37.693305],[86.343761,37.649278],[86.309093,37.637803],[86.295909,37.635606],[86.254324,37.636664],[86.235769,37.627265],[86.212901,37.623155],[86.203298,37.618842],[86.165538,37.594062],[86.12558,37.576239],[85.905528,37.515163],[85.864838,37.519599],[85.829682,37.546902],[85.77003,37.62755],[85.72047,37.678656],[85.703624,37.707953],[85.678966,37.772773]]]}},{"type":"Feature","properties":{"kind":"rivers","name":"Zi","source":"Natural Earth 1:10m"},"geometry":{"type":"MultiLineString","coordinates":[[[95.598562,33.277167],[95.656505,33.265692],[95.692312,33.244493],[95.842296,33.034044],[95.866466,32.995917],[95.879242,32.985175],[95.896251,32.979438],[95.920502,32.977729],[95.931407,32.974636],[95.94866,32.960964],[95.955089,32.957831],[95.967784,32.957139],[96.03476,32.942572],[96.059093,32.932481],[96.080577,32.916856],[96.106212,32.892401],[96.127859,32.888007],[96.19752,32.898464],[96.225678,32.895819],[96.237722,32.887803],[96.248953,32.86994],[96.259776,32.859442],[96.307058,32.849473],[96.314464,32.842353],[96.324718,32.829291],[96.348643,32.808051],[96.375987,32.790961],[96.396495,32.790473],[96.424327,32.76378],[96.453624,32.751288],[96.467865,32.734483],[96.53419,32.708564],[96.544688,32.696234],[96.550792,32.679145],[96.557546,32.621283],[96.564952,32.60163],[96.58196,32.572048],[96.607188,32.542019],[96.637299,32.519843],[96.705496,32.482001],[96.7942,32.411811],[96.848888,32.38642],[96.865164,32.372382],[96.883067,32.349555],[96.897472,32.324408],[96.907481,32.290635],[96.914073,32.280788],[96.915457,32.271023],[96.903412,32.258979],[96.892996,32.256415],[96.878835,32.257676],[96.865164,32.261176],[96.855724,32.265163],[96.872081,32.221869],[96.923595,32.193142],[96.982432,32.171454],[97.020763,32.149115],[97.03004,32.133979],[97.032156,32.121446],[97.028738,32.108995],[97.020763,32.093858],[97.016043,32.087999],[97.004487,32.079413],[96.999766,32.07335],[96.998546,32.067328],[97.00058,32.052843],[96.999766,32.046698],[96.981456,32.026801],[96.958507,32.009548],[96.942312,31.990261],[96.945079,31.964179]]]}},{"type":"Feature","properties":{"kind":"rivers","name":null,"source":"Natural Earth 1:10m"},"geometry":{"type":"MultiLineString","coordinates":[[[93.80421,26.744167],[93.807709,26.74433],[93.806407,26.757351],[93.79892,26.780382],[93.797862,26.792548],[93.808116,26.829617],[93.830333,26.863227],[93.860932,26.889675],[93.907725,26.909247],[93.915619,26.915717],[93.931082,26.931505],[93.940033,26.935858],[93.958018,26.936957],[93.966807,26.940456],[93.990733,26.956326],[94.013764,26.967963],[94.060069,26.981147],[94.079194,26.980821],[94.093354,26.978298],[94.108165,26.978583],[94.129405,26.986762],[94.15919,27.003852],[94.171316,27.015652],[94.178803,27.031317],[94.175955,27.049628],[94.151541,27.073676],[94.151947,27.085395],[94.169851,27.097764],[94.192393,27.10578],[94.212413,27.116319],[94.223155,27.13642],[94.227957,27.147569],[94.23585,27.153632],[94.245046,27.158311],[94.253429,27.165717],[94.260265,27.177598],[94.264252,27.189521],[94.265717,27.201931],[94.266124,27.226752],[94.269054,27.235053],[94.27532,27.239773],[94.301199,27.241563],[94.310964,27.24726],[94.314952,27.257432],[94.312511,27.271918],[94.307709,27.283962],[94.306407,27.289862],[94.30657,27.297227],[94.310313,27.316189],[94.309093,27.322618],[94.305105,27.329779],[94.299327,27.335517],[94.285818,27.34516],[94.280203,27.350409],[94.271251,27.362006],[94.244721,27.387519],[94.239675,27.39586],[94.237885,27.406562],[94.24464,27.408962],[94.277192,27.401435],[94.282481,27.402208],[94.28769,27.405585],[94.292898,27.413886],[94.295421,27.424994],[94.296153,27.436591],[94.295665,27.446357],[94.29241,27.462348],[94.249766,27.56505],[94.240815,27.574652],[94.228526,27.583075],[94.217296,27.596869],[94.212332,27.612616],[94.219005,27.626654],[94.277599,27.6789],[94.331147,27.715115],[94.339854,27.728705],[94.336355,27.733832],[94.317882,27.742011],[94.312104,27.750027],[94.310313,27.764431],[94.311615,27.779079],[94.316417,27.792751],[94.334565,27.815253],[94.338634,27.824001],[94.336192,27.863349],[94.324636,27.903754],[94.279796,27.992865],[94.262218,28.00788],[94.2553,28.009548],[94.244233,28.007392],[94.237641,28.007839],[94.220714,28.016628],[94.185151,28.0633],[94.155365,28.089138],[94.143565,28.103705],[94.136729,28.123155],[94.136241,28.142442],[94.141368,28.181912],[94.141694,28.201361],[94.134858,28.224962],[94.120697,28.24372],[94.067556,28.291327],[94.057384,28.306505],[94.038829,28.356024],[94.032481,28.367987],[94.023204,28.377224],[94.009044,28.382758],[93.989268,28.384385],[93.929617,28.380072],[93.90919,28.385606],[93.896495,28.396552],[93.885509,28.408759],[93.870128,28.41824],[93.846121,28.423122],[93.734467,28.419989],[93.598562,28.382188],[93.574311,28.380439],[93.462901,28.383816],[93.435639,28.392646],[93.377208,28.429145],[93.347097,28.44241],[93.211925,28.450141],[93.178396,28.447781],[93.17335,28.444525],[93.173839,28.439276],[93.175792,28.434272],[93.175141,28.431464],[93.166433,28.429877],[93.139171,28.42947],[93.102061,28.420681],[93.006114,28.359809],[92.960704,28.3487],[92.921479,28.326361],[92.862315,28.305976],[92.80071,28.297227],[92.772878,28.298122],[92.759288,28.301947],[92.748546,28.309882],[92.741628,28.336127],[92.746349,28.366278],[92.746593,28.394151],[92.725515,28.413682],[92.706472,28.416205],[92.670095,28.40766],[92.651785,28.40644],[92.640147,28.409491],[92.632823,28.415107],[92.618256,28.430976],[92.589122,28.444037],[92.559825,28.441026],[92.529714,28.431586],[92.498627,28.425564],[92.468028,28.428168],[92.432384,28.431912],[92.391775,28.429755],[92.310151,28.447821],[92.291026,28.447821],[92.253184,28.440863],[92.233979,28.440863],[92.212901,28.448554],[92.1963,28.462104],[92.166108,28.494656],[92.146414,28.508124],[92.052745,28.539008],[92.027843,28.544257],[92.002208,28.545722],[91.975678,28.541693]]]}},{"type":"Feature","properties":{"kind":"rivers","name":null,"source":"Natural Earth 1:10m"},"geometry":{"type":"MultiLineString","coordinates":[[[84.014171,30.51793],[83.990733,30.542426],[83.954031,30.600409],[83.930105,30.624457],[83.864187,30.65058],[83.792979,30.646918],[83.73585,30.611396],[83.710378,30.537299],[83.701101,30.519355],[83.696869,30.495144],[83.691173,30.488796],[83.682628,30.484239],[83.671641,30.476996],[83.647227,30.450873],[83.630626,30.440294],[83.585378,30.431342],[83.569347,30.42003],[83.54127,30.395046],[83.507253,30.374579],[83.500662,30.367743],[83.490326,30.35163],[83.482921,30.343207],[83.46282,30.326361],[83.447195,30.318386],[83.381847,30.310329],[83.359874,30.304307],[83.342784,30.293077],[83.335867,30.274685],[83.33074,30.254747],[83.305186,30.223497],[83.295502,30.203233],[83.289968,30.182481],[83.290619,30.173855],[83.295502,30.161689],[83.303722,30.152126],[83.324718,30.135688],[83.329031,30.123806],[83.337901,30.109198],[83.390554,30.058661],[83.400971,30.054551],[83.421641,30.050116],[83.431407,30.044989],[83.435639,30.038031],[83.440684,30.026719],[83.447195,30.01614],[83.455333,30.01142],[83.465831,30.01081],[83.473237,30.008246],[83.477794,30.002794],[83.479096,29.993476],[83.482839,29.98078],[83.491628,29.97602],[83.502696,29.973985],[83.513438,29.969835],[83.52003,29.964382],[83.527354,29.956407],[83.532807,29.94656],[83.535574,29.93948]]]}},{"type":"Feature","properties":{"kind":"rivers","name":"Gandak","source":"Natural Earth 1:10m"},"geometry":{"type":"MultiLineString","coordinates":[[[83.963145,29.200222],[83.960867,29.137315],[83.955007,29.108669],[83.923839,29.031195],[83.913178,29.014675],[83.898448,28.997829],[83.881602,28.983018],[83.864513,28.973009],[83.836436,28.963935],[83.830333,28.960313],[83.826101,28.954535],[83.823334,28.945339],[83.822358,28.931749],[83.81837,28.919135],[83.788259,28.886786],[83.781179,28.866563],[83.773041,28.824897],[83.764171,28.808214],[83.750418,28.79621],[83.720225,28.776719],[83.705658,28.763861],[83.668468,28.720649],[83.615245,28.687323],[83.60255,28.674506],[83.588959,28.653998],[83.616466,28.62873],[83.630382,28.612616],[83.636811,28.598741],[83.635183,28.578721],[83.630382,28.564317],[83.629812,28.551052],[83.640229,28.534247],[83.649018,28.504177],[83.631602,28.474962],[83.605724,28.44713],[83.588959,28.421251],[83.595144,28.409044],[83.587901,28.395535],[83.576182,28.381049],[83.568614,28.366034],[83.569347,28.347724],[83.576671,28.333035],[83.595795,28.304551],[83.623546,28.249823],[83.642833,28.230292],[83.671641,28.215766],[83.661876,28.202175],[83.640147,28.177802],[83.630626,28.160509],[83.62794,28.152208],[83.625499,28.13935],[83.62322,28.133857],[83.618093,28.126288],[83.570811,28.081855],[83.561697,28.071153],[83.555186,28.065131],[83.549408,28.061225],[83.546397,28.055609],[83.547455,28.044501],[83.552419,28.0338],[83.559093,28.032335],[83.566905,28.033311],[83.57545,28.030219],[83.589692,28.00373],[83.575125,27.981716],[83.543549,27.966661],[83.507253,27.96129],[83.477306,27.968044],[83.460216,27.968817],[83.445079,27.96129],[83.438731,27.947862],[83.448009,27.939154],[83.464692,27.93126],[83.479096,27.920356],[83.490489,27.930976],[83.501964,27.932481],[83.530935,27.927802],[83.559581,27.928534],[83.576101,27.926459],[83.588959,27.920356],[83.600678,27.920478],[83.636241,27.908962],[83.643647,27.910427],[83.66155,27.919501],[83.742442,27.920274],[83.766205,27.917751],[83.783214,27.909206],[83.811127,27.88349],[83.825206,27.876166],[83.834972,27.876899],[83.858328,27.884792],[83.869395,27.886664],[83.883067,27.885281],[83.910085,27.879421],[83.923839,27.878119],[83.94752,27.883653],[83.992198,27.90587],[84.016775,27.908311],[84.037039,27.900743],[84.073009,27.873562],[84.092296,27.86282],[84.134939,27.854193],[84.225108,27.853217],[84.268077,27.845893],[84.285737,27.837104],[84.29127,27.826931],[84.292003,27.814154],[84.294851,27.797431],[84.300222,27.789415],[84.313406,27.781846],[84.315929,27.773261],[84.317149,27.764106],[84.321056,27.759304],[84.327403,27.757188],[84.336436,27.756456],[84.348074,27.761339],[84.359793,27.772528],[84.373546,27.782416],[84.39088,27.7838],[84.400971,27.775173],[84.412527,27.758124],[84.421886,27.74018],[84.425792,27.728583],[84.421479,27.713894],[84.411876,27.70307],[84.384207,27.687567],[84.356212,27.696804],[84.330984,27.685655],[84.305675,27.668524],[84.277924,27.659695],[84.261811,27.6612],[84.249604,27.663764],[84.23878,27.664333],[84.226573,27.659695],[84.208018,27.635443],[84.195567,27.626736],[84.178722,27.632921],[84.156261,27.609442],[84.115245,27.548936],[84.103038,27.536729],[84.068858,27.557888],[84.048757,27.545966],[84.026296,27.544013],[83.958751,27.552191],[83.946869,27.552273],[83.938487,27.550401],[83.930675,27.543809],[83.925222,27.534939],[83.925385,27.527126],[83.935069,27.523749],[83.956065,27.523546],[83.959402,27.518663],[83.948416,27.506374],[83.940929,27.495185],[83.940684,27.483751],[83.941824,27.472439],[83.938487,27.461697],[83.922537,27.450222],[83.899506,27.444119],[83.853282,27.441189],[83.833751,27.43419],[83.842296,27.41828],[83.870942,27.389675],[83.87322,27.380235],[83.877208,27.370144],[83.876964,27.362006],[83.867198,27.358669],[83.861339,27.354682],[83.85434,27.345323],[83.843028,27.32449],[83.841075,27.303005],[83.851492,27.289374],[83.864513,27.278835],[83.870942,27.266425],[83.880626,27.261542],[83.925385,27.248481],[83.938487,27.235134],[83.938487,27.24254],[83.950206,27.214952],[83.971446,27.198432],[84.020437,27.173651],[84.033214,27.154405],[84.04892,27.103095],[84.068858,27.084296],[84.108002,27.092637],[84.143484,27.063788],[84.170665,27.019599],[84.185557,26.981879],[84.196788,26.940212],[84.205496,26.921454],[84.216319,26.913601],[84.22934,26.908555],[84.281749,26.879462],[84.290945,26.860622],[84.298269,26.83515],[84.308523,26.812771],[84.338878,26.796658],[84.349864,26.780788],[84.358653,26.761054],[84.372325,26.698554],[84.382498,26.681098],[84.401296,26.674018],[84.415457,26.664415],[84.41741,26.619412],[84.425792,26.605089],[84.503673,26.605089],[84.519135,26.598171],[84.524425,26.581488],[84.527599,26.543647],[84.537039,26.526313],[84.552664,26.506049],[84.570404,26.489203],[84.590587,26.480007],[84.598562,26.475043],[84.608816,26.47016],[84.620372,26.467963],[84.631765,26.469794],[84.653901,26.475938],[84.665294,26.474799],[84.684255,26.461493],[84.723399,26.403388],[84.756602,26.366563],[84.808035,26.289903],[84.826101,26.270616],[84.846934,26.262519],[84.855479,26.261339],[84.86321,26.258124],[84.869884,26.253119],[84.875906,26.24669],[84.898041,26.207872],[84.903819,26.1883],[84.907481,26.150702],[84.915538,26.13585],[84.966563,26.099799],[84.973888,26.084337],[84.966075,26.067654],[84.951915,26.055935],[84.946218,26.042182],[84.96339,26.018866],[84.977631,26.01081],[85.029063,25.994981],[85.045665,25.982367],[85.065929,25.953559],[85.086192,25.930487],[85.102306,25.91588],[85.113536,25.907742],[85.124034,25.872097],[85.141043,25.853949],[85.158783,25.841132],[85.172862,25.827501],[85.17864,25.806912],[85.192963,25.720649],[85.192393,25.695421],[85.17921,25.656521],[85.182709,25.637641]]]}},{"type":"Feature","properties":{"kind":"rivers","name":"Tuotuo","source":"Natural Earth 1:10m"},"geometry":{"type":"MultiLineString","coordinates":[[[90.794688,34.300401],[90.841807,34.303656],[90.923269,34.327012],[91.066498,34.341376],[91.090831,34.338324],[91.127533,34.324164],[91.151541,34.320909],[91.21933,34.32453],[91.259858,34.316596],[91.305186,34.301296],[91.322276,34.290798],[91.340424,34.285102],[91.391694,34.293484],[91.414643,34.294216],[91.425304,34.291205],[91.444835,34.283271],[91.456391,34.280544],[91.468435,34.280626],[91.500662,34.28738],[91.704845,34.256537],[91.750499,34.259467],[91.792735,34.270697],[91.811534,34.268175],[91.819428,34.249538],[91.824229,34.228461],[91.836681,34.215928],[91.874034,34.198025],[91.939871,34.153266],[91.97755,34.136542],[92.017996,34.136542],[92.030528,34.13996],[92.035167,34.142279],[92.057546,34.179023],[92.064952,34.18769],[92.09905,34.19713],[92.116303,34.211127],[92.131847,34.227078],[92.148448,34.238959],[92.167003,34.245063],[92.191824,34.249823],[92.216319,34.250027],[92.233979,34.242703],[92.325857,34.238959],[92.511485,34.211697],[92.560639,34.212836],[92.58546,34.210313],[92.604015,34.201117],[92.631277,34.174099],[92.639578,34.162787],[92.644135,34.13996],[92.648692,34.129096],[92.680593,34.100938],[92.722585,34.087226],[92.813243,34.081326],[92.839285,34.082953],[92.886485,34.092637],[92.992768,34.100287]]]}},{"type":"Feature","properties":{"kind":"rivers","name":"Nmai","source":"Natural Earth 1:10m"},"geometry":{"type":"MultiLineString","coordinates":[[[97.983165,28.424994],[97.993663,28.420356],[98.020274,28.422065],[98.030935,28.417833],[98.054454,28.396593],[98.061615,28.387071],[98.077078,28.321112],[98.085948,28.311387],[98.100515,28.305284],[98.150971,28.263617],[98.161143,28.259467],[98.183116,28.253689],[98.192149,28.249945],[98.201671,28.240505],[98.208995,28.229193],[98.217296,28.219753],[98.230235,28.215766],[98.235606,28.212226],[98.24464,28.193223],[98.250662,28.184434],[98.26295,28.176052],[98.274099,28.173285],[98.285167,28.171902],[98.295665,28.167344],[98.297455,28.163764],[98.315522,28.140082],[98.322195,28.110419],[98.331716,28.092475],[98.330333,28.082628],[98.325206,28.074083],[98.319347,28.068061],[98.311127,28.05683],[98.312511,28.046658],[98.318126,28.03616],[98.323009,28.023993],[98.325613,27.981513],[98.329275,27.96129],[98.339773,27.944892],[98.34433,27.928778],[98.329845,27.859565],[98.327159,27.823594],[98.330333,27.803778],[98.3449,27.778632],[98.346934,27.767279],[98.345144,27.755805],[98.339773,27.746609],[98.33253,27.736925],[98.320893,27.715277],[98.315522,27.708075],[98.30071,27.697211],[98.295665,27.695095],[98.279389,27.709011],[98.266124,27.697374],[98.25294,27.677558],[98.237071,27.6671],[98.171479,27.652777],[98.150971,27.659695],[98.139415,27.678331],[98.130626,27.703803],[98.119233,27.726345],[98.099864,27.736029],[98.059093,27.734158],[98.03712,27.730048],[98.021414,27.722357],[98.019542,27.696885],[98.046967,27.604315],[98.061615,27.57156],[98.080333,27.544949],[98.086925,27.529364],[98.091238,27.483507],[98.09547,27.462429],[98.102061,27.443549],[98.110037,27.426866],[98.186615,27.319159],[98.205658,27.276679],[98.215831,27.230251],[98.227794,27.209988],[98.250662,27.201606],[98.302013,27.146999],[98.339773,27.070624],[98.34962,27.060004],[98.357351,27.03559],[98.364024,26.989325],[98.357188,26.910224],[98.359874,26.88821],[98.373057,26.847357],[98.377533,26.824815],[98.377859,26.787543],[98.370046,26.757636],[98.354991,26.731269],[98.333018,26.704698],[98.341889,26.642117],[98.337006,26.603217],[98.309255,26.591417],[98.313731,26.57038],[98.305675,26.549506],[98.294037,26.528103],[98.288178,26.505479],[98.280935,26.442898],[98.280284,26.428494],[98.281342,26.413357],[98.28419,26.403673],[98.293712,26.380968],[98.295665,26.372382],[98.292247,26.361111],[98.278331,26.345404],[98.275076,26.334499],[98.27296,26.313666],[98.116954,25.892524],[98.086925,25.863634],[98.076182,25.84337],[98.034272,25.789578],[98.009532,25.767646],[97.944428,25.725531],[97.871023,25.659125],[97.863048,25.649604],[97.855398,25.637274],[97.817149,25.598334],[97.802257,25.590888],[97.800304,25.594591],[97.781342,25.61286],[97.774343,25.618232],[97.750662,25.623155],[97.739024,25.627509],[97.733897,25.635565],[97.72934,25.655219],[97.717865,25.677029],[97.704112,25.696112],[97.692393,25.707587],[97.667979,25.715196],[97.615652,25.707831],[97.589366,25.707587],[97.537039,25.717637],[97.508556,25.715847],[97.486339,25.700751]]]}},{"type":"Feature","properties":{"kind":"rivers","name":"Nu","source":"Natural Earth 1:10m"},"geometry":{"type":"MultiLineString","coordinates":[[[91.518321,31.943061],[91.532237,31.909735],[91.536632,31.891466],[91.538015,31.85871],[91.540457,31.850369],[91.545014,31.840644],[91.545421,31.832099],[91.544444,31.816189],[91.545014,31.806464],[91.548595,31.787218],[91.554698,31.772081],[91.565522,31.762234],[91.583263,31.758653],[91.595144,31.753241],[91.628673,31.729356],[91.659434,31.718817],[91.669526,31.706814],[91.678315,31.692979],[91.688975,31.6824],[91.70574,31.677191],[91.72226,31.675482],[91.73585,31.6706],[91.743663,31.655626],[91.744151,31.645697],[91.741954,31.639431],[91.73878,31.634385],[91.736257,31.628363],[91.731212,31.607286],[91.730724,31.597276],[91.776296,31.569281],[91.784679,31.556342],[91.79005,31.542833],[91.800873,31.526557],[91.808849,31.508897],[91.805756,31.491156],[91.797537,31.491238],[91.791026,31.487128],[91.78655,31.480048],[91.784679,31.4713],[91.78769,31.457302],[91.795014,31.448269],[91.802257,31.441026],[91.812999,31.414252],[91.830658,31.403184],[91.853038,31.399278],[91.874034,31.402411],[91.888601,31.411892],[91.902843,31.425605],[91.918875,31.438015],[91.938975,31.443386],[91.976329,31.439276],[92.012625,31.428738],[92.019786,31.425482],[92.026947,31.42121],[92.033214,31.415798],[92.03769,31.409125],[92.03948,31.40115],[92.038585,31.393093],[92.034597,31.377021],[92.038829,31.340888],[92.058849,31.3133],[92.089854,31.296454],[92.126231,31.292589],[92.183604,31.294216],[92.209727,31.289333],[92.218761,31.289252],[92.241466,31.295111],[92.264415,31.306749],[92.285167,31.322048],[92.308442,31.346788],[92.321381,31.364529],[92.326264,31.37405],[92.331472,31.393093],[92.33253,31.403388],[92.332042,31.412665],[92.3296,31.420193],[92.32252,31.434678],[92.320567,31.442694],[92.321869,31.453559],[92.327729,31.463202],[92.336843,31.469753],[92.347992,31.471544],[92.357351,31.467353],[92.371104,31.453152],[92.381358,31.451361],[92.387136,31.453925],[92.390636,31.458197],[92.393647,31.462958],[92.39739,31.466742],[92.405691,31.469428],[92.413259,31.468329],[92.429454,31.463894],[92.438487,31.464301],[92.445404,31.46662],[92.46046,31.47366],[92.502533,31.484483],[92.516043,31.490505],[92.527436,31.499701],[92.531993,31.50198],[92.539968,31.503201],[92.563894,31.501899],[92.576915,31.505194],[92.602061,31.515896],[92.615489,31.518581],[92.651541,31.515082],[92.664236,31.515937],[92.674571,31.519232],[92.692556,31.528998],[92.702647,31.532782],[92.710053,31.535834],[92.723725,31.544379],[92.730968,31.547797],[92.765391,31.553249],[92.780772,31.549872],[92.830089,31.552354],[92.840424,31.556342],[92.843761,31.563992],[92.851736,31.564236],[92.871104,31.559434],[92.876964,31.561591],[92.879405,31.56627],[92.881114,31.57099],[92.884532,31.573106],[92.924083,31.572577],[92.930431,31.568874],[92.932628,31.564236],[92.933849,31.552802],[92.936453,31.547553],[92.948741,31.540351],[92.962901,31.542304],[92.976736,31.549384],[92.996755,31.56391],[93.003184,31.566474],[93.009939,31.565253],[93.026866,31.556098],[93.040619,31.545966],[93.046153,31.540147],[93.049246,31.534613],[93.051524,31.528998],[93.054698,31.524237],[93.060802,31.521186],[93.071218,31.522569],[93.091726,31.536322],[93.101573,31.541327],[93.129487,31.545966],[93.143565,31.545966],[93.187999,31.538682],[93.402192,31.543972],[93.428396,31.55036],[93.442149,31.552069],[93.455577,31.550971],[93.507253,31.53205],[93.5171,31.530341],[93.547374,31.529608],[93.563894,31.525499],[93.594656,31.512315],[93.611339,31.509467],[93.716889,31.508002],[93.750011,31.493842],[93.767996,31.488593],[93.788178,31.490261],[93.847667,31.512722],[93.917003,31.510688],[93.925304,31.512152],[93.934174,31.51557],[93.941742,31.520331],[93.955658,31.531765],[93.963634,31.535915],[93.973237,31.537624],[93.980479,31.535102],[93.995372,31.526313],[94.004893,31.524441],[94.032725,31.525499],[94.04184,31.523139],[94.048432,31.518744],[94.06129,31.507758],[94.070323,31.502875],[94.078543,31.501166],[94.097667,31.501085],[94.107188,31.499335],[94.130789,31.488145],[94.138927,31.487006],[94.155284,31.487576],[94.163503,31.486925],[94.168468,31.48546],[94.178233,31.481472],[94.183197,31.480089],[94.200857,31.480414],[94.21575,31.485948],[94.243175,31.504014],[94.257335,31.509711],[94.267507,31.507188],[94.286062,31.488308],[94.30128,31.479682],[94.319265,31.478054],[94.44866,31.481147],[94.470225,31.484198],[94.487641,31.484402],[94.504242,31.480536],[94.542003,31.465644],[94.561534,31.461615],[94.579845,31.455512],[94.594493,31.442816],[94.59905,31.429958],[94.595225,31.419216],[94.5796,31.398017],[94.57252,31.381863],[94.569347,31.367377],[94.569428,31.321234],[94.567963,31.314765],[94.564708,31.308783],[94.552419,31.298041],[94.523204,31.281358],[94.510916,31.270575],[94.505463,31.25788],[94.511974,31.251166],[94.539561,31.24494],[94.593679,31.238715],[94.60849,31.229438],[94.61378,31.221706],[94.621674,31.195421],[94.632416,31.170111],[94.634288,31.161078],[94.634288,31.1435],[94.635183,31.134955],[94.639171,31.127468],[94.644623,31.123236],[94.665701,31.112982],[94.681163,31.10102],[94.689138,31.096015],[94.698822,31.092597],[94.717296,31.091335],[94.723399,31.088975],[94.727306,31.085232],[94.733002,31.075873],[94.736827,31.072781],[94.754242,31.07038],[94.772716,31.074774],[94.882091,31.126532],[94.88795,31.127468],[94.894542,31.127712],[94.900645,31.128526],[94.905772,31.131619],[94.908783,31.137641],[94.910655,31.152371],[94.913178,31.159003],[94.921641,31.16706],[94.933604,31.174262],[94.958018,31.183458],[94.967296,31.185126],[95.008393,31.182888],[95.032725,31.177598],[95.045095,31.172675],[95.058197,31.169745],[95.069916,31.172309],[95.093028,31.184027],[95.112071,31.188747],[95.170665,31.186225],[95.224864,31.190456],[95.251964,31.18891],[95.432384,31.128933],[95.44752,31.118923],[95.45753,31.103624],[95.472667,31.069688],[95.496755,31.038113],[95.518647,30.993923],[95.527924,30.980821],[95.536143,30.9737],[95.589122,30.944892],[95.601573,30.939805],[95.615245,30.938056],[95.630626,30.939805],[95.645763,30.943874],[95.660492,30.949978],[95.673839,30.957628],[95.693777,30.96601],[95.712332,30.966335],[95.760509,30.953152],[95.770518,30.952582],[95.780284,30.953966],[95.789073,30.957384],[95.794444,30.96072],[95.799083,30.964382],[95.802419,30.968858],[95.805186,30.974636],[95.807384,30.984442],[95.808849,30.988959],[95.812022,30.993435],[95.822765,31.000922],[95.836681,31.005561],[95.851492,31.007392],[95.864838,31.006619],[95.871349,31.00491],[95.87672,31.002021],[95.880626,30.99787],[95.883311,30.992133],[95.884369,30.984809],[95.885753,30.982367],[95.889903,30.97956],[95.895274,30.979112],[95.904552,30.985785],[95.910492,30.986396],[95.915538,30.983222],[95.918956,30.975369],[95.92392,30.972724],[95.9463,30.968126],[95.968761,30.965888],[95.975841,30.963731],[95.997162,30.952826],[96.003429,30.948554],[96.054861,30.945421],[96.072032,30.938096],[96.102794,30.920844],[96.119558,30.917507],[96.164154,30.91413],[96.254975,30.892401],[96.271902,30.886298],[96.277843,30.881903],[96.279877,30.876899],[96.281179,30.871121],[96.28419,30.864325],[96.290701,30.85989],[96.299083,30.860622],[96.308197,30.863227],[96.317312,30.864285],[96.330007,30.862738],[96.335704,30.860785],[96.341075,30.857001],[96.345225,30.851671],[96.351329,30.839301],[96.355072,30.833564],[96.361827,30.825303],[96.367768,30.81623],[96.417491,30.668769],[96.424327,30.627794],[96.436127,30.592637],[96.437999,30.583116],[96.44394,30.566107],[96.485769,30.516791],[96.506358,30.482693],[96.530772,30.459988],[96.540457,30.433539],[96.555675,30.432685],[96.595632,30.447943]]]}},{"type":"Feature","properties":{"kind":"rivers","name":"Tongtian","source":"Natural Earth 1:10m"},"geometry":{"type":"MultiLineString","coordinates":[[[92.992768,34.100287],[93.011729,34.108588],[93.019216,34.124376],[93.024343,34.145046],[93.03419,34.163031],[93.056163,34.170681],[93.070323,34.178819],[93.112641,34.215847],[93.128429,34.225898],[93.170421,34.232286],[93.348155,34.232123],[93.359874,34.229275],[93.382498,34.220323],[93.392019,34.218451],[93.414236,34.220567],[93.454845,34.229926],[93.477306,34.232123],[93.499278,34.230048],[93.542979,34.220649],[93.662852,34.211697],[93.699636,34.217882],[93.748627,34.232286],[93.792491,34.251817],[93.813731,34.273057],[93.811534,34.290391],[93.80657,34.305732],[93.811127,34.316718],[93.837576,34.320909],[93.849864,34.327338],[93.86085,34.342108],[93.875092,34.36933],[93.893077,34.391425],[93.90032,34.403673],[93.90683,34.44127],[93.917247,34.453559],[93.950206,34.472357],[93.973155,34.4713],[94.001069,34.491767],[94.057628,34.55268],[94.068126,34.561347],[94.082286,34.566718],[94.120616,34.571479],[94.152192,34.584906],[94.169444,34.589057],[94.20517,34.587348],[94.237234,34.582221],[94.264578,34.583767],[94.286632,34.602078],[94.295828,34.620673],[94.300385,34.633653],[94.307628,34.641181],[94.324229,34.643622],[94.337169,34.65115],[94.344493,34.664659],[94.351166,34.670966],[94.362315,34.656684],[94.375499,34.67654],[94.392345,34.684394],[94.433686,34.684597],[94.451752,34.68769],[94.475841,34.695339],[94.496755,34.705186],[94.505789,34.715033],[94.521414,34.744696],[94.558442,34.764024],[94.602468,34.767524],[94.638927,34.749823],[94.652354,34.741278],[94.883393,34.700954],[94.917898,34.686347],[94.94394,34.66352],[94.967459,34.6706],[94.977794,34.650092],[94.982351,34.622626],[94.989024,34.608913],[94.997813,34.6046],[95.006765,34.585801],[95.016205,34.58161],[95.038097,34.581122],[95.046886,34.579169],[95.053803,34.574774],[95.057628,34.566107],[95.061127,34.54267],[95.067475,34.5338],[95.079519,34.529893],[95.101085,34.534451],[95.111501,34.530707],[95.156261,34.492621],[95.169932,34.486029],[95.179128,34.488145],[95.188487,34.49433],[95.198985,34.499701],[95.211436,34.49962],[95.218842,34.492499],[95.228526,34.469753],[95.235362,34.464911],[95.246674,34.466091],[95.266124,34.471218],[95.276378,34.472357],[95.287608,34.46955],[95.303966,34.458848],[95.313975,34.458686],[95.316173,34.463243],[95.315522,34.471544],[95.317556,34.480292],[95.327566,34.486029],[95.33839,34.485907],[95.344737,34.481024],[95.347992,34.472602],[95.348643,34.461778],[95.357921,34.459581],[95.410167,34.417751],[95.445079,34.379665],[95.466563,34.362616],[95.492605,34.348822],[95.555919,34.329942],[95.578054,34.311143],[95.5678,34.280544],[95.574962,34.275824],[95.588878,34.259467],[95.582937,34.253933],[95.574718,34.24376],[95.5678,34.238959],[95.57545,34.231635],[95.58546,34.226182],[95.596202,34.224677],[95.617605,34.233832],[95.627859,34.229438],[95.637299,34.222276],[95.646576,34.218451],[95.666596,34.21369],[95.680268,34.200792],[95.68808,34.182196],[95.690684,34.160183],[95.695323,34.142646],[95.706635,34.129177],[95.788829,34.063422],[95.794363,34.053331],[95.825857,34.051866],[95.848399,34.015082],[95.865001,33.971788],[95.879649,33.950954],[95.889659,33.949408],[95.894786,33.944851],[95.896495,33.937445],[95.898204,33.914374],[95.902354,33.912543],[95.908702,33.913845],[95.917247,33.90998],[95.933849,33.894599],[95.951101,33.882432],[95.970144,33.873725],[95.992931,33.869005],[95.987071,33.843207],[96.007742,33.833808],[96.03476,33.829169],[96.048106,33.817491],[96.066905,33.810248],[96.10198,33.805935],[96.122081,33.797919],[96.095876,33.779649],[96.130626,33.764838],[96.147065,33.762722],[96.160737,33.769721],[96.167247,33.77086],[96.175304,33.768012],[96.181895,33.767768],[96.184825,33.776557],[96.188731,33.781765],[96.198171,33.78498],[96.209239,33.786444],[96.218272,33.786444],[96.214285,33.779853],[96.211436,33.773464],[96.22047,33.772569],[96.22698,33.7685],[96.230479,33.76142],[96.231944,33.751736],[96.197765,33.746161],[96.205089,33.735541],[96.227306,33.738593],[96.231944,33.728787],[96.23463,33.717963],[96.241466,33.720526],[96.249278,33.728095],[96.256114,33.732489],[96.293956,33.738715],[96.306407,33.737128],[96.310476,33.733181],[96.314708,33.731879],[96.328136,33.738715],[96.351654,33.76203],[96.35906,33.765977],[96.372081,33.762885],[96.392345,33.749294],[96.400076,33.746161],[96.405772,33.739122],[96.397716,33.701768],[96.403819,33.684109],[96.430186,33.690863],[96.455984,33.679551],[96.500011,33.643134],[96.487804,33.635688],[96.472097,33.628852],[96.472097,33.622626],[96.522227,33.620673],[96.577566,33.611151],[96.617768,33.588406],[96.623546,33.546902],[96.636648,33.551825],[96.651866,33.553738],[96.68157,33.553738],[96.700694,33.547309],[96.708914,33.533271],[96.706716,33.51911],[96.695242,33.512763],[96.689464,33.50613],[96.694021,33.491645],[96.705496,33.471788],[96.707042,33.465522],[96.706716,33.461249],[96.708507,33.456326],[96.722748,33.43948],[96.722179,33.434149],[96.715831,33.431505],[96.705496,33.430854],[96.705496,33.423407],[96.714692,33.419216],[96.721934,33.413194],[96.727957,33.405626],[96.732839,33.396674],[96.73463,33.405463],[96.737315,33.409247],[96.743093,33.40998],[96.753347,33.409735],[96.746511,33.396674],[96.764903,33.397488],[96.772716,33.38878],[96.774099,33.373847],[96.773692,33.35574],[96.785085,33.364081],[96.789154,33.386176],[96.800955,33.389838],[96.793549,33.375556],[96.802989,33.367499],[96.828298,33.313544],[96.832612,33.321112],[96.837413,33.326239],[96.848888,33.334581],[96.853445,33.325059],[96.858979,33.32213],[96.865652,33.324571],[96.873057,33.330878],[96.880789,33.33279],[96.917735,33.327175],[96.936534,33.332953],[96.950857,33.342637],[96.963959,33.348212],[96.97934,33.341417],[96.976736,33.337185],[96.976736,33.336208],[96.978038,33.334296],[96.97934,33.327175],[96.985606,33.334337],[96.991466,33.337958],[97.007091,33.341417],[97.004487,33.334581],[96.999766,33.313544],[97.020437,33.320176],[97.022227,33.300645],[97.017182,33.273139],[97.0171,33.255805],[97.022227,33.245388],[97.019054,33.225165],[97.023936,33.214464],[97.047374,33.183783],[97.083995,33.156684],[97.10377,33.146308],[97.120128,33.142198],[97.134288,33.133246],[97.174815,33.067084],[97.180919,33.052558],[97.185313,33.046658],[97.195811,33.039618],[97.220225,33.029731],[97.229991,33.022732],[97.240815,33.003974],[97.246023,32.964911],[97.25351,32.9442],[97.267345,32.931179],[97.287852,32.922471],[97.310639,32.917792],[97.331716,32.916287],[97.346934,32.910753],[97.360769,32.896999],[97.371349,32.879177],[97.376964,32.86164],[97.3838,32.77912],[97.391368,32.761542],[97.424815,32.724473],[97.426768,32.716579],[97.427013,32.707587],[97.430431,32.700222],[97.441742,32.697211],[97.447683,32.694281],[97.465831,32.676703],[97.559093,32.629706],[97.56544,32.624823],[97.573985,32.621283],[97.594493,32.623562],[97.603038,32.621446],[97.607514,32.61461],[97.616954,32.592637],[97.620372,32.587958],[97.663585,32.559841],[97.817556,32.51321],[97.83782,32.511501],[97.856212,32.51907],[97.886648,32.497585],[98.013927,32.464423],[98.066742,32.422716],[98.075857,32.412909],[98.080333,32.404608],[98.09075,32.401679],[98.113455,32.402371],[98.122813,32.400214],[98.129242,32.394965],[98.135265,32.388251],[98.144216,32.381903],[98.187266,32.366645],[98.205577,32.355577],[98.213145,32.337755],[98.211681,32.296169],[98.213308,32.273057],[98.2199,32.252143],[98.271495,32.190701],[98.309255,32.128607],[98.374522,32.080349],[98.384369,32.063422],[98.393321,32.040066],[98.436534,32.00373],[98.452729,31.983995],[98.456472,31.960395],[98.452729,31.932888],[98.444835,31.907904],[98.435313,31.892157],[98.422781,31.881619],[98.418875,31.879828],[98.420502,31.878119],[98.435069,31.838324],[98.434581,31.824571],[98.425385,31.8133],[98.445323,31.803534],[98.468272,31.766791],[98.501231,31.749701],[98.541515,31.689765]]]}},{"type":"Feature","properties":{"kind":"rivers","name":"Nu","source":"Natural Earth 1:10m"},"geometry":{"type":"MultiLineString","coordinates":[[[96.595632,30.447943],[96.615896,30.450995],[96.68157,30.449652],[96.701752,30.441759],[96.703868,30.422919],[96.691824,30.380723],[96.691742,30.370225],[96.694835,30.349636],[96.70989,30.309516],[96.715343,30.301378],[96.722179,30.297065],[96.730398,30.29621],[96.747162,30.29739],[96.755951,30.296576],[96.764578,30.294745],[96.772553,30.291449],[96.779796,30.286241],[96.793468,30.272976],[96.800873,30.267849],[96.826671,30.258572],[96.849864,30.243272],[96.857432,30.239936],[96.865489,30.239081],[96.896495,30.244005],[96.917979,30.241767],[96.938487,30.234198],[96.982595,30.201768],[96.991954,30.197537],[97.003429,30.194648],[97.009369,30.194037],[97.015391,30.194037],[97.033214,30.197292],[97.039561,30.197455],[97.053396,30.195909],[97.060313,30.194281],[97.066905,30.191596],[97.079031,30.182685],[97.100027,30.160224],[97.111746,30.150906],[97.14739,30.131212],[97.169037,30.113389],[97.177745,30.109442],[97.186941,30.107937],[97.205333,30.1081],[97.214447,30.107042],[97.222667,30.104275],[97.247813,30.089667],[97.258718,30.078925],[97.266612,30.066107],[97.287608,30.021511],[97.293468,30.013983],[97.300222,30.007351],[97.306733,30.002631],[97.3213,29.994696],[97.327403,29.989569],[97.337413,29.974311],[97.344249,29.955919],[97.348399,29.936632],[97.349701,29.918647],[97.358165,29.899482],[97.377615,29.885443],[97.400483,29.873481],[97.418061,29.860663],[97.422374,29.84455],[97.428233,29.795274],[97.435069,29.784939],[97.447276,29.773139],[97.447276,29.746609],[97.438487,29.702338],[97.442393,29.684678],[97.453543,29.664496],[97.468272,29.647773],[97.483165,29.640937],[97.494395,29.638292],[97.499115,29.631415],[97.500255,29.621446],[97.499929,29.60989],[97.503917,29.60281],[97.561453,29.548041],[97.571707,29.531073],[97.581147,29.486111],[97.595144,29.473456],[97.614838,29.466579],[97.68214,29.459296],[97.703705,29.450873],[97.712901,29.431749],[97.723643,29.422716],[97.829194,29.381781],[97.848155,29.371772],[97.856212,29.356309],[97.85906,29.346544],[97.866466,29.339219],[97.876475,29.334662],[97.886974,29.333075],[97.897716,29.327826],[97.899425,29.315538],[97.89739,29.30154],[97.897227,29.290839],[97.900971,29.28205],[97.906749,29.273383],[97.913666,29.266791],[97.932384,29.261501],[97.935639,29.25491],[97.936127,29.246039],[97.94337,29.219428],[97.9428,29.206488],[97.944347,29.194119],[97.993337,29.1164],[98.003998,29.103868],[98.025076,29.088487],[98.040538,29.072455],[98.034272,29.058051],[98.046967,29.038153],[98.082286,29.019151],[98.089692,29.000352],[98.091726,28.958564],[98.095795,28.938056],[98.103282,28.921495],[98.182384,28.818468],[98.226736,28.804796],[98.257498,28.790229],[98.290294,28.767605],[98.320567,28.741238],[98.343435,28.71544],[98.358979,28.677517],[98.370697,28.544135],[98.374441,28.531195],[98.378184,28.522813],[98.38323,28.516791],[98.391205,28.510606],[98.432221,28.494005],[98.439057,28.492947],[98.443126,28.457058],[98.442149,28.451687],[98.448253,28.439276],[98.445323,28.420681],[98.452729,28.407009],[98.448253,28.394721],[98.444753,28.354438],[98.445323,28.339301],[98.451915,28.324246],[98.45753,28.314561],[98.47047,28.297675],[98.4699,28.290107],[98.466726,28.282172],[98.466319,28.270453],[98.473237,28.234198],[98.472992,28.178087],[98.476003,28.152655],[98.485444,28.129665],[98.558523,28.09752],[98.568858,28.096015],[98.572276,28.082384],[98.581716,28.067654],[98.596202,28.055609],[98.614024,28.050645],[98.645518,28.010688],[98.651378,28.006293],[98.65325,28.001654],[98.659679,27.972032],[98.658214,27.968777],[98.667003,27.956081],[98.673432,27.95539],[98.685476,27.96129],[98.681244,27.949734],[98.675873,27.940782],[98.668386,27.933702],[98.658214,27.927802],[98.679861,27.904079],[98.68629,27.867377],[98.674571,27.770575],[98.673106,27.769558],[98.677419,27.761664],[98.690115,27.751044],[98.692882,27.746609],[98.698253,27.731553],[98.72169,27.699571],[98.731619,27.669013],[98.743337,27.656846],[98.774913,27.632921],[98.810313,27.59101],[98.816417,27.581488],[98.818451,27.576606],[98.823009,27.57331],[98.827566,27.568956],[98.829519,27.561306],[98.829519,27.523749],[98.825125,27.488634],[98.819753,27.475694],[98.809011,27.461697],[98.830658,27.421942],[98.839692,27.399848],[98.846446,27.371202],[98.860932,27.351671],[98.864268,27.341864],[98.863292,27.313015],[98.864268,27.304023],[98.867931,27.296576],[98.879893,27.279812],[98.884776,27.269884],[98.88616,27.261013],[98.88323,27.203315],[98.879975,27.193427],[98.868663,27.173855],[98.898448,26.454901],[98.891612,26.38227],[98.889415,26.373358],[98.883881,26.365058],[98.867686,26.348456],[98.859467,26.335639],[98.861257,26.325263],[98.866791,26.315294],[98.871104,26.303494],[98.871511,26.280626],[98.86321,26.207953],[98.85849,26.188422],[98.857432,26.177191],[98.859793,26.167589],[98.869558,26.15705],[98.871104,26.145819],[98.869233,26.139757],[98.857432,26.118476],[98.856944,26.107978],[98.85906,26.099189],[98.857026,26.091498],[98.843028,26.084337],[98.853282,26.048041],[98.836925,25.920478],[98.878998,25.66588],[98.880056,25.556423],[98.894786,25.471259],[98.891612,25.426459],[98.886729,25.415798],[98.873627,25.395819],[98.871104,25.3817],[98.879242,25.33865],[98.877371,25.324042],[98.870128,25.31505],[98.847992,25.295681],[98.843028,25.28616],[98.850515,25.254421],[98.851329,25.238878],[98.843028,25.22781],[98.848643,25.221015],[98.855398,25.209418],[98.858653,25.198513],[98.854015,25.193671],[98.843028,25.188056],[98.842784,25.175238],[98.850597,25.152126],[98.843028,25.073269],[98.848399,25.048774],[98.872,25.007636],[98.877371,24.991319],[98.880382,24.972846],[98.905284,24.918728],[98.888601,24.901557],[98.895437,24.873603],[98.923269,24.818061],[98.942393,24.796088],[98.946788,24.785915],[98.947683,24.772406],[98.95045,24.757758],[98.955496,24.746039],[98.963145,24.741156],[98.983409,24.734198],[99.010671,24.717353],[99.035492,24.69713],[99.048595,24.679755],[99.054698,24.653876],[99.057546,24.624823],[99.054291,24.599189],[99.04184,24.583564],[99.040538,24.563096],[99.024994,24.490261],[99.014903,24.468817],[98.986501,24.439521],[98.977306,24.422634],[98.97934,24.415391],[99.007498,24.406033],[99.027192,24.396593],[99.046967,24.383897],[99.061615,24.367621],[99.065684,24.347439],[99.06308,24.329413],[99.064952,24.321479],[99.071218,24.313544],[99.0796,24.307969],[99.108328,24.297065],[99.125255,24.284247],[99.118907,24.274237],[99.100515,24.267524],[99.052745,24.261257],[99.025076,24.254259],[98.999034,24.243232],[98.975108,24.227484],[98.965261,24.217637],[98.947276,24.195421],[98.937511,24.186591],[98.897065,24.168647],[98.884776,24.158393],[98.85491,24.139228],[98.817556,24.129218],[98.715831,24.121527],[98.681244,24.107001],[98.640066,24.100938],[98.612234,24.087755],[98.59669,24.083279],[98.58489,24.075995],[98.544444,24.05919],[98.53183,24.055976],[98.510265,24.053331],[98.492931,24.046698],[98.431895,24.000067],[98.417572,23.982693],[98.411632,23.963446],[98.415294,23.919949],[98.425385,23.878445],[98.444916,23.841498],[98.473399,23.814236],[98.54892,23.768581],[98.574718,23.744981],[98.600027,23.709662],[98.637625,23.637559],[98.648936,23.608913],[98.649099,23.596788],[98.644542,23.582953],[98.638194,23.575303],[98.629324,23.567084],[98.621349,23.55744],[98.613373,23.533759],[98.594249,23.517442],[98.589854,23.504177],[98.592784,23.49018],[98.599864,23.474718],[98.617768,23.445828],[98.606863,23.42654],[98.617931,23.419257],[98.639089,23.420437],[98.658214,23.425971],[98.720225,23.388048],[98.733165,23.301825],[98.731212,23.276557],[98.724213,23.262315],[98.710704,23.256049],[98.689138,23.254665],[98.683442,23.251492],[98.66505,23.237372],[98.649832,23.232978],[98.640554,23.227851],[98.634288,23.226671],[98.626475,23.228542],[98.616791,23.23725],[98.610362,23.240343],[98.588471,23.241278],[98.55421,23.229844],[98.53183,23.226671],[98.526459,23.223497],[98.516368,23.209418],[98.510916,23.206244],[98.500011,23.207465],[98.478608,23.212226],[98.466319,23.212429],[98.443451,23.205512],[98.446056,23.195136],[98.458751,23.184109],[98.471202,23.17003],[98.482432,23.164374],[98.495128,23.159735],[98.504242,23.157782],[98.516043,23.152777],[98.524099,23.141181],[98.535248,23.117499],[98.559255,23.092719],[98.564708,23.076443],[98.545095,23.069037],[98.527192,23.065294],[98.511322,23.055691],[98.499522,23.042507],[98.493663,23.028103],[98.496511,23.013617],[98.505056,22.989529],[98.517589,22.97016],[98.53183,22.970038],[98.54892,22.974718],[98.566335,22.963975],[98.589854,22.938747],[98.655284,22.909857],[98.66505,22.90119],[98.664561,22.876166],[98.661143,22.859239],[98.651134,22.847032],[98.63087,22.83629],[98.611339,22.830837],[98.545095,22.822618],[98.540538,22.818305],[98.524669,22.791327],[98.521983,22.781602],[98.527599,22.770331],[98.541515,22.75373],[98.54892,22.737331],[98.548106,22.730292],[98.543956,22.723822],[98.541515,22.709337],[98.544526,22.70071],[98.558849,22.685858],[98.563243,22.678656],[98.562999,22.669135],[98.559662,22.661322],[98.556163,22.655341],[98.555186,22.651313],[98.558849,22.639268],[98.562755,22.637803],[98.57252,22.637722],[98.578298,22.634874],[98.58074,22.628201],[98.582612,22.620225],[98.59075,22.606472],[98.5949,22.58808],[98.600108,22.579291],[98.612397,22.563503],[98.616303,22.554633],[98.621674,22.528103],[98.639415,22.496283],[98.644542,22.480048],[98.641612,22.459988],[98.622488,22.429958],[98.617768,22.414862],[98.61321,22.381659],[98.601085,22.346625],[98.585378,22.314032],[98.568858,22.288194],[98.578298,22.273139],[98.631114,22.158271],[98.643484,22.139431],[98.698253,22.086982],[98.720144,22.073798],[98.744151,22.068468],[98.756358,22.063259],[98.767833,22.051785],[98.774425,22.040229],[98.771495,22.03498],[98.756847,22.034857],[98.745697,22.032904],[98.738048,22.026719],[98.733165,22.013861],[98.740733,22.007025],[98.734793,21.998318],[98.726085,21.980089],[98.720225,21.972276],[98.713308,21.967637],[98.697195,21.961208],[98.671397,21.942939],[98.628998,21.926459],[98.569347,21.893622],[98.554698,21.878974],[98.54892,21.85932],[98.551199,21.838324],[98.58546,21.715277],[98.635753,21.647528],[98.644542,21.630316],[98.648529,21.581366],[98.618337,21.562079],[98.582286,21.547716],[98.568858,21.513617],[98.578136,21.492947],[98.610769,21.455512],[98.625255,21.417019],[98.642345,21.406806],[98.661062,21.399482],[98.673106,21.390082],[98.676768,21.372911],[98.678722,21.30447],[98.683523,21.290839],[98.706147,21.258653],[98.71282,21.239285],[98.710867,21.221015],[98.705577,21.199734],[98.703136,21.178534],[98.709727,21.160468],[98.726492,21.14289],[98.78297,21.102118],[98.801687,21.074734],[98.796397,21.043402],[98.773855,21.013983],[98.740733,20.992255],[98.712413,20.989814],[98.673432,20.992255],[98.638927,20.990546],[98.607432,20.960395],[98.530691,20.962755],[98.507904,20.951239]]]}},{"type":"Feature","properties":{"kind":"rivers","name":"Jinsha","source":"Natural Earth 1:10m"},"geometry":{"type":"MultiLineString","coordinates":[[[98.541515,31.689765],[98.547781,31.684638],[98.553233,31.68126],[98.558523,31.677029],[98.563243,31.669298],[98.565684,31.66059],[98.568858,31.631781],[98.575694,31.615912],[98.591889,31.598741],[98.840831,31.396796],[98.864268,31.367703],[98.867442,31.364854],[98.884776,31.354031],[98.874278,31.341173],[98.830577,31.298285],[98.802745,31.257839],[98.781749,31.238959],[98.767589,31.230292],[98.761241,31.234198],[98.755951,31.244412],[98.731375,31.277899],[98.723643,31.285102],[98.713634,31.290961],[98.682546,31.315863],[98.66505,31.320502],[98.648936,31.316596],[98.637625,31.30919],[98.620942,31.288845],[98.611095,31.25613],[98.619884,31.187852],[98.603526,31.169623],[98.612804,31.164862],[98.638438,31.159735],[98.651378,31.155382],[98.692882,31.12462],[98.720876,31.066352],[98.726003,31.059638],[98.745046,31.040554],[98.764659,31.015082],[98.774913,31.007432],[98.796804,30.997097],[98.802745,30.990912],[98.805105,30.966254],[98.797862,30.940782],[98.786062,30.91824],[98.774913,30.902167],[98.787364,30.880805],[98.800792,30.867784],[98.8331,30.843533],[98.8803,30.793077],[98.898448,30.778632],[98.938243,30.760199],[98.954112,30.747829],[98.96046,30.727118],[98.952891,30.708116],[98.935964,30.700466],[98.91741,30.694892],[98.905284,30.68244],[98.90504,30.663682],[98.921886,30.623643],[98.92628,30.603868],[98.927257,30.593695],[98.93157,30.579454],[98.930919,30.500027],[98.932546,30.490587],[98.937999,30.485297],[98.947358,30.479112],[98.956391,30.471055],[98.96046,30.459906],[98.986501,30.144314],[99.029552,30.067898],[99.033946,30.055243],[99.036632,29.975531],[99.043224,29.944892],[99.056082,29.915229],[99.017345,29.853298],[99.0053,29.820014],[99.000662,29.784939],[99.00294,29.781033],[99.012218,29.773017],[99.014415,29.767849],[99.012625,29.764716],[99.003673,29.761583],[99.000662,29.756944],[98.98821,29.688585],[98.986501,29.650824],[98.991791,29.63463],[99.015229,29.604356],[99.023855,29.581488],[99.038585,29.567328],[99.04184,29.562364],[99.04184,29.52794],[99.058686,29.417996],[99.048595,29.387641],[99.058849,29.367051],[99.062755,29.34809],[99.062266,29.308214],[99.067149,29.296698],[99.089854,29.26671],[99.096446,29.250515],[99.10849,29.224148],[99.103933,29.092149],[99.120942,28.964626],[99.117442,28.921495],[99.09905,28.855984],[99.096446,28.835883],[99.100352,28.813503],[99.118663,28.77086],[99.124278,28.749579],[99.123546,28.738959],[99.118093,28.720079],[99.117442,28.708604],[99.120128,28.698513],[99.128673,28.677558],[99.130463,28.664578],[99.134858,28.654568],[99.154063,28.640652],[99.158376,28.630154],[99.160248,28.617133],[99.1692,28.602403],[99.17213,28.592597],[99.171641,28.582628],[99.166515,28.565009],[99.165294,28.554714],[99.175955,28.532172],[99.178803,28.523627],[99.180186,28.504706],[99.178233,28.482204],[99.17213,28.463324],[99.161794,28.45539],[99.162364,28.438056],[99.226654,28.339301],[99.244558,28.321804],[99.254975,28.314399],[99.264903,28.311387],[99.273448,28.307237],[99.274506,28.297471],[99.273204,28.2862],[99.274425,28.277208],[99.278412,28.274034],[99.293061,28.264716],[99.29892,28.259874],[99.30421,28.2508],[99.308442,28.240831],[99.314545,28.232774],[99.326671,28.229438],[99.339447,28.224066],[99.381277,28.184434],[99.388601,28.168077],[99.386485,28.139268],[99.398529,28.12641]],[[99.398529,28.119574],[99.391124,28.085313],[99.394542,28.042507],[99.405203,28.000515],[99.449962,27.906317],[99.457774,27.86876],[99.453868,27.832221],[99.446218,27.818712],[99.437511,27.809394],[99.431651,27.797716],[99.432872,27.776964],[99.441335,27.750027],[99.471446,27.689032],[99.480968,27.674628],[99.494151,27.659695],[99.514578,27.657538],[99.523041,27.653591],[99.518484,27.6435],[99.518647,27.637722],[99.522553,27.628241],[99.525401,27.616726],[99.521495,27.605048],[99.549815,27.588894],[99.560313,27.563259],[99.560069,27.534613],[99.555675,27.509467],[99.571707,27.500312],[99.586192,27.486925],[99.594168,27.472846],[99.589854,27.461697],[99.615815,27.421332],[99.64503,27.385932],[99.635916,27.350206],[99.653087,27.317694],[99.802419,27.195583],[99.947765,27.029486],[99.956391,27.009955],[99.960053,26.989366],[99.962576,26.920722],[99.966563,26.898708],[99.97405,26.886298],[99.989024,26.888983],[100.024669,26.919623],[100.039154,26.927273],[100.041026,26.931952],[100.063406,26.958279],[100.062429,26.992133],[100.063406,27.002997],[100.079112,27.045111],[100.084727,27.069119],[100.080089,27.087999],[100.067475,27.106798],[100.059011,27.12873],[100.056733,27.151638],[100.063406,27.173651],[100.075613,27.183661],[100.11614,27.208523],[100.129242,27.224677],[100.14796,27.243272],[100.155772,27.26085],[100.164154,27.267157],[100.173269,27.272244],[100.179454,27.276679],[100.237804,27.341864],[100.244558,27.361151],[100.236501,27.382025],[100.214285,27.413886],[100.211436,27.423285],[100.206716,27.454861],[100.194835,27.480292],[100.193126,27.485867],[100.193126,27.511013],[100.195323,27.52794],[100.203217,27.541938],[100.237641,27.576524],[100.244151,27.592556],[100.24822,27.607367],[100.263764,27.63113],[100.271251,27.652655],[100.278819,27.663398],[100.290131,27.675564],[100.295014,27.683539],[100.296316,27.690863],[100.296153,27.701239],[100.294851,27.711005],[100.289073,27.731024],[100.288666,27.742784],[100.300792,27.768622],[100.302989,27.780382],[100.296153,27.821357],[100.299571,27.832099],[100.307221,27.832221],[100.323416,27.824774],[100.334402,27.824042],[100.339936,27.82453],[100.378673,27.841864],[100.388194,27.844794],[100.402273,27.845893],[100.420339,27.838487],[100.429698,27.820624],[100.433197,27.798041],[100.432384,27.749457],[100.433197,27.742784],[100.45045,27.704657],[100.461843,27.688096],[100.464936,27.670681],[100.443777,27.538398],[100.448822,27.498969],[100.481049,27.468533],[100.527599,27.452826],[100.542979,27.438788],[100.524425,27.400499],[100.522716,27.376654],[100.528819,27.331326],[100.545909,27.284451],[100.552419,27.255479],[100.546641,27.24254],[100.543712,27.238308],[100.54184,27.228868],[100.538829,27.21955],[100.532644,27.215277],[100.521414,27.211371],[100.503184,27.193386],[100.494721,27.187934],[100.482595,27.187201],[100.45045,27.194159],[100.437592,27.190985],[100.433849,27.183905],[100.436615,27.176825],[100.443614,27.173651],[100.466075,27.166083],[100.486257,27.147488],[100.497081,27.124132],[100.49171,27.102322],[100.486257,27.092841],[100.474294,27.057644],[100.453868,27.0303],[100.453543,27.008897],[100.458263,26.980658],[100.46575,26.953315],[100.474294,26.934678],[100.464773,26.922919],[100.458263,26.905341],[100.454845,26.885199],[100.454194,26.843858],[100.451915,26.826443],[100.441173,26.814765],[100.415945,26.810574],[100.398204,26.803819],[100.393972,26.787177],[100.398529,26.746039],[100.40089,26.74018],[100.410655,26.730902],[100.412852,26.724921],[100.411713,26.719062],[100.409434,26.716254],[100.407156,26.714464],[100.405935,26.711534],[100.407807,26.69949],[100.418956,26.674018],[100.419526,26.663926],[100.41741,26.650417],[100.418956,26.639228],[100.421641,26.635443],[100.431244,26.626329],[100.433197,26.625596],[100.432628,26.619412],[100.427419,26.608751],[100.426524,26.605089],[100.426524,26.519477],[100.430756,26.499132],[100.449474,26.465277],[100.460704,26.403388],[100.454845,26.391547],[100.444835,26.3817],[100.440847,26.373074],[100.453868,26.364936],[100.439952,26.344997],[100.426524,26.333686],[100.41684,26.321845],[100.412852,26.300076],[100.41505,26.294786],[100.419688,26.289903],[100.424327,26.28323],[100.428966,26.262559],[100.447032,26.227729],[100.473725,26.214952],[100.547944,26.229438],[100.584239,26.221503],[100.589692,26.215928],[100.593272,26.210232],[100.599294,26.205024],[100.612071,26.201036],[100.618337,26.204128],[100.625987,26.210517],[100.635671,26.213162],[100.667735,26.191677],[100.687918,26.190131],[100.734386,26.1942],[100.774913,26.184149],[100.793875,26.184638],[100.813243,26.197618],[100.83074,26.206],[100.84962,26.200507],[100.885834,26.180528],[100.890554,26.178738],[100.895763,26.175605],[100.900971,26.171454],[100.905772,26.166287],[100.925955,26.186876],[100.949474,26.22663],[100.987804,26.269721],[101.000011,26.27912],[101.026134,26.287177],[101.045828,26.305487],[101.053722,26.309638],[101.080496,26.31627],[101.125662,26.345282],[101.170665,26.355089],[101.191173,26.369208],[101.201101,26.372382],[101.217377,26.369086],[101.228608,26.363878],[101.239675,26.362982],[101.255056,26.372382],[101.279714,26.36994],[101.369721,26.379503],[101.403331,26.392157],[101.422944,26.393093],[101.427013,26.396552],[101.429861,26.400702],[101.471772,26.445583],[101.476329,26.461046],[101.457774,26.467963],[101.451915,26.471625],[101.454845,26.479804],[101.464366,26.492133],[101.464366,26.498155],[101.450857,26.511908],[101.44752,26.519477],[101.452729,26.531195],[101.488455,26.57038],[101.518484,26.590644],[101.552338,26.593573],[101.587006,26.591864],[101.618907,26.598253],[101.631765,26.582302],[101.638601,26.576199],[101.646658,26.57038],[101.652354,26.589952],[101.660492,26.586249],[101.670421,26.573025],[101.680919,26.564154],[101.697846,26.564805],[101.705089,26.573065],[101.708588,26.583686],[101.715017,26.591417],[101.723074,26.594306],[101.730886,26.59516],[101.738455,26.593288],[101.745697,26.587999],[101.754975,26.583319],[101.762218,26.587104],[101.768647,26.594021],[101.77589,26.598253],[101.805675,26.601426],[101.817556,26.598904],[101.830577,26.591417],[101.845876,26.571885],[101.88616,26.474636],[101.892833,26.462266],[101.901134,26.45128],[101.913097,26.44123],[101.931895,26.428778],[101.94044,26.421739],[101.947765,26.413357],[101.94101,26.398749],[101.939138,26.381212],[101.941742,26.326972],[101.94044,26.317165],[101.928315,26.289659],[101.926768,26.279568],[101.921397,26.265652],[101.911225,26.251532],[101.904389,26.23782],[101.909679,26.224636],[101.917247,26.210517],[101.908295,26.201199],[101.878917,26.186794],[101.857026,26.169013],[101.844737,26.13935],[101.839122,26.103583],[101.837901,26.067328],[101.839122,26.059841],[101.843761,26.042304],[101.844737,26.032823],[101.842052,26.022284],[101.831147,26.006049],[101.830577,25.994981],[101.838796,25.98253],[101.854747,25.975409],[101.874115,25.972968],[101.892589,25.974473],[101.940033,25.992214],[101.957774,25.994981],[102.017833,25.98668],[102.046886,25.996039],[102.065359,25.995876],[102.083995,25.999579],[102.098643,26.015448],[102.102061,26.034451],[102.100841,26.053738],[102.10198,26.071112],[102.112315,26.084337],[102.117605,26.096259],[102.130382,26.114814],[102.145437,26.132107],[102.222179,26.186794],[102.231944,26.197781],[102.24114,26.214057],[102.25172,26.228787],[102.266612,26.235175],[102.289806,26.237087],[102.314545,26.24254],[102.338308,26.251166],[102.358165,26.262519],[102.375092,26.280463],[102.386648,26.298204],[102.40032,26.311713],[102.423839,26.317165],[102.4463,26.318549],[102.464854,26.322618],[102.502615,26.337592],[102.55421,26.373114],[102.567882,26.378526],[102.584727,26.374945],[102.602794,26.366238],[102.617931,26.355251],[102.626231,26.345038],[102.623139,26.318671],[102.61142,26.286892],[102.60963,26.260118],[102.646576,26.244574],[102.667491,26.225775],[102.680919,26.221503],[102.698741,26.223456],[102.710867,26.228949],[102.720144,26.237576],[102.766775,26.293321],[102.791026,26.310329],[102.821788,26.317165],[102.845225,26.327094],[102.87794,26.365017],[102.893077,26.364936],[102.891775,26.355292],[102.908376,26.349229],[102.951182,26.345038],[102.971609,26.350857],[102.988292,26.365098],[102.999278,26.383124],[103.00294,26.400255],[103.000499,26.410346],[102.991303,26.430528],[102.989268,26.44123],[102.991303,26.44599],[103.000662,26.456855],[103.00294,26.461127],[103.002371,26.468533],[102.996755,26.47956],[102.995535,26.485378],[102.999766,26.495795],[103.009939,26.500678],[103.022553,26.502061],[103.033702,26.502061],[103.038666,26.506171],[103.053233,26.527045],[103.057628,26.5362],[103.057709,26.557196],[103.047862,26.57038],[103.036062,26.582831],[103.030284,26.601671],[103.030935,26.643866],[103.029226,26.661811],[103.023448,26.680243],[103.011974,26.703721],[103.009207,26.714952],[103.006602,26.738634],[103.003917,26.750759],[102.999278,26.755927],[102.992279,26.765815],[102.975108,26.831081],[102.953054,26.86164],[102.924734,26.892117],[102.901134,26.924628],[102.893077,26.961371],[102.900483,26.992458],[102.899343,27.002997],[102.895518,27.00849],[102.8838,27.017768],[102.879975,27.023464],[102.87794,27.031846],[102.878184,27.035712],[102.879405,27.039374],[102.879975,27.04739],[102.884776,27.06623],[102.906505,27.097764],[102.913585,27.11225],[102.915457,27.134345],[102.903575,27.221625],[102.889578,27.256619],[102.886241,27.276679],[102.889252,27.291368],[102.906993,27.333686],[102.929454,27.367133],[102.941905,27.405097],[102.9546,27.420722],[102.966319,27.398993],[102.977061,27.38878],[102.991222,27.385932],[103.012787,27.385932],[103.019054,27.389106],[103.037852,27.403266],[103.04713,27.40644],[103.070811,27.408149],[103.083507,27.410468],[103.092296,27.413886],[103.106375,27.408474],[103.120616,27.412177],[103.134288,27.421902],[103.146983,27.434353],[103.150076,27.473171],[103.160167,27.497138],[103.217865,27.566759],[103.228933,27.573513],[103.249441,27.577704],[103.28476,27.580756],[103.295909,27.587755],[103.304698,27.605048],[103.285737,27.633612],[103.28419,27.640448],[103.290701,27.646064],[103.313487,27.654853],[103.318289,27.663398],[103.326752,27.673529],[103.414561,27.742784],[103.444021,27.755561],[103.451427,27.759874],[103.454682,27.768663],[103.456065,27.781277],[103.458507,27.792548],[103.465017,27.797431],[103.476573,27.799872],[103.479015,27.80626],[103.478608,27.81505],[103.482188,27.824774],[103.503022,27.849677],[103.508311,27.864447],[103.510916,27.93004],[103.518565,27.94538],[103.536713,27.96129],[103.555431,27.970242],[103.562755,27.97545],[103.564708,27.983018],[103.560069,27.98786],[103.550792,27.98786],[103.540945,27.984442],[103.533702,27.979315],[103.513927,27.971381],[103.50172,27.99197],[103.489024,28.037665],[103.474539,28.039822],[103.456391,28.037136],[103.440929,28.042304],[103.434255,28.068061],[103.436046,28.075792],[103.440115,28.083319],[103.445567,28.090196],[103.451427,28.096015],[103.456472,28.105251],[103.452647,28.123887],[103.454845,28.133857],[103.458914,28.134711],[103.538178,28.184434],[103.551524,28.206122],[103.562022,28.229275],[103.571544,28.243109],[103.58074,28.246365],[103.602468,28.247748],[103.612641,28.249945],[103.619395,28.254747],[103.626231,28.261583],[103.634044,28.267768],[103.643565,28.270453],[103.666026,28.26321],[103.683442,28.246649],[103.697032,28.228339],[103.708751,28.215766],[103.722097,28.21544],[103.749278,28.242743],[103.788992,28.255479],[103.879975,28.325629],[103.870128,28.343777],[103.859467,28.400743],[103.8213,28.484809],[103.796804,28.525336],[103.794932,28.531073],[103.804861,28.551581],[103.828217,28.587429],[103.836436,28.604844],[103.832286,28.620469],[103.841563,28.636257],[103.845144,28.653591],[103.850678,28.668036]]]}},{"type":"Feature","properties":{"kind":"rivers","name":"Yarkant","source":"Natural Earth 1:10m"},"geometry":{"type":"MultiLineString","coordinates":[[[77.524913,35.520697],[77.547781,35.525702],[77.564138,35.5338],[77.57724,35.544623],[77.589854,35.557929],[77.611746,35.574408],[77.657725,35.591335],[77.675222,35.602607],[77.681651,35.619167],[77.692312,35.673448],[77.692475,35.685167],[77.697846,35.687608],[77.70224,35.694281],[77.70574,35.703925],[77.708425,35.715196],[77.710948,35.738227],[77.710867,35.747423],[77.709972,35.753445],[77.688975,35.784939],[77.552745,35.879665],[77.545421,35.890001],[77.543956,35.903835],[77.54892,35.91295],[77.555675,35.920193],[77.559093,35.928168],[77.563487,35.943061],[77.642182,36.079291],[77.66155,36.096055],[77.729503,36.120958],[77.759532,36.142605],[77.757742,36.17182],[77.745942,36.178046],[77.69573,36.178005],[77.627371,36.199083],[77.557872,36.255398],[77.531179,36.267401],[77.533214,36.271755],[77.53655,36.283474],[77.538585,36.287869],[77.531179,36.292792],[77.524425,36.300238],[77.51946,36.30919],[77.517507,36.318915],[77.513927,36.323106],[77.496593,36.335476],[77.490733,36.342475],[77.498057,36.372382],[77.480561,36.406806],[77.450776,36.429714],[77.421316,36.424994],[77.404714,36.43183],[77.31544,36.44184],[77.273204,36.455919],[77.250011,36.459174],[77.225841,36.457221],[77.181244,36.448188],[77.158132,36.446153],[77.136241,36.448594],[77.101085,36.458523],[77.079194,36.459174],[76.964447,36.434353],[76.914154,36.404568],[76.904307,36.401679],[76.874522,36.397732],[76.838308,36.385281],[76.828868,36.383409],[76.820404,36.385688],[76.806163,36.395453],[76.795014,36.397732],[76.789806,36.396674],[76.78004,36.391954],[76.773936,36.390937],[76.766124,36.392768],[76.755789,36.401679],[76.749604,36.404568],[76.727957,36.405788],[76.66448,36.397732],[76.643972,36.400255],[76.513764,36.430854],[76.493663,36.432481],[76.478608,36.440253],[76.470225,36.458319],[76.462413,36.493272],[76.458425,36.498358],[76.44752,36.503282],[76.442475,36.507595],[76.441498,36.512071],[76.44337,36.523627],[76.442475,36.528022],[76.429454,36.544989],[76.420828,36.552314],[76.410737,36.555365],[76.389903,36.558051],[76.369151,36.564724],[76.332612,36.582709],[76.274669,36.619452],[76.253184,36.624294],[76.22877,36.62519],[76.208995,36.628363],[76.191661,36.634467],[76.118663,36.675157],[76.102631,36.688788],[76.077403,36.724229],[76.058197,36.76081],[76.044526,36.801785],[76.043468,36.808417],[76.044526,36.818223],[76.044526,36.822292],[76.04184,36.828681],[76.032807,36.840196],[76.030935,36.846218],[76.026459,36.868598],[76.015554,36.88581],[75.98935,36.911648],[75.97047,36.937934],[75.962006,36.945828],[75.952159,36.949734],[75.933686,36.950507],[75.924408,36.956081],[75.920095,36.971788],[75.931895,36.987169],[75.962006,37.014106],[75.990896,37.073106],[76.008067,37.093085],[76.010671,37.116238],[76.009858,37.158718],[76.011485,37.166938],[76.014415,37.171942],[76.015066,37.177069],[76.009858,37.18537],[76.001557,37.191352],[75.979096,37.20071],[75.969493,37.206488],[75.956065,37.224229],[75.937999,37.266791],[75.918549,37.292996],[75.911062,37.305854],[75.90683,37.317898],[75.910818,37.323106],[75.937429,37.323757],[75.954682,37.328477],[75.959565,37.31977],[75.962576,37.30744],[75.96575,37.298936],[75.974539,37.29206],[75.982188,37.289862],[76.003673,37.288398],[76.030935,37.282172],[76.043468,37.282742],[76.069347,37.287706],[76.079356,37.288398],[76.086518,37.285346],[76.090912,37.280097],[76.096202,37.275662],[76.106049,37.274726],[76.122162,37.280137],[76.129812,37.289252],[76.134939,37.300605],[76.143565,37.312934],[76.152599,37.317735],[76.175304,37.321885],[76.184825,37.32628],[76.189057,37.335273],[76.189952,37.358751],[76.191661,37.363552],[76.201752,37.371039],[76.235037,37.406562],[76.249441,37.418158],[76.244233,37.429389],[76.232432,37.448065],[76.229015,37.459744],[76.229015,37.471015],[76.236339,37.508124],[76.236501,37.544704],[76.232514,37.566718],[76.222748,37.582587],[76.22698,37.585395],[76.231537,37.592149],[76.236339,37.596869],[76.215912,37.632839],[76.210378,37.648993],[76.208507,37.668891],[76.204356,37.686103],[76.185802,37.714301],[76.181163,37.733466],[76.192882,37.780829],[76.207123,37.810167],[76.198009,37.820258],[76.181407,37.827582],[76.167491,37.837104],[76.175792,37.840928],[76.194347,37.84573],[76.201671,37.850775],[76.205984,37.860622],[76.213145,37.88642],[76.219005,37.89171],[76.259939,37.89171],[76.26767,37.896837],[76.26767,37.908881],[76.263113,37.932685],[76.267996,37.957343],[76.276134,37.966905],[76.290945,37.967882],[76.314952,37.966864],[76.327078,37.970079],[76.349132,37.984646],[76.363048,37.987901],[76.374766,37.986274],[76.389903,37.977607],[76.40089,37.97366],[76.425304,37.970771],[76.450694,37.972439],[76.474376,37.979031],[76.493663,37.991034],[76.505056,37.995714],[76.518077,37.994086],[76.541515,37.987901],[76.546804,37.982245],[76.542491,37.969794],[76.535167,37.957587],[76.531261,37.952501],[76.537201,37.931586],[76.553315,37.928534],[76.574718,37.929877],[76.612804,37.914333],[76.653819,37.910509],[76.674571,37.906033],[76.7081,37.888495],[76.727306,37.88113],[76.753022,37.878038],[76.775401,37.882595],[76.790619,37.893581],[76.811697,37.919013],[76.8838,37.970242],[76.925222,38.020372],[76.942149,38.035102],[76.961681,38.04328],[76.98406,38.049994],[77.002696,38.060492],[77.010346,38.079779],[77.019135,38.091376],[77.079194,38.124457],[77.209727,38.23371],[77.284679,38.269355],[77.38144,38.339301],[77.393972,38.354438],[77.359304,38.445583],[77.363292,38.460883],[77.352957,38.475165],[77.325694,38.5633],[77.329031,38.569363],[77.3296,38.583197],[77.33253,38.590033],[77.340587,38.595811],[77.35963,38.600653],[77.36671,38.604275],[77.375662,38.61933],[77.381765,38.652655],[77.387218,38.666327],[77.398855,38.674994],[77.435069,38.690497],[77.449229,38.699897],[77.457937,38.713894],[77.459565,38.728095],[77.459483,38.743964],[77.462901,38.762519],[77.483816,38.796088],[77.546886,38.844672],[77.572765,38.871161],[77.581472,38.891303],[77.579112,38.905463],[77.571788,38.917792],[77.565359,38.932644],[77.56601,38.951687],[77.570323,38.970526],[77.568858,38.986111],[77.551687,38.995307],[77.555431,39.006619],[77.56129,39.013048],[77.591238,39.026679],[77.599376,39.028754],[77.606944,39.031765],[77.617117,39.039374],[77.616222,39.043321],[77.621104,39.085517],[77.623139,39.093044],[77.634776,39.111396],[77.639171,39.121772],[77.638764,39.127509],[77.63974,39.131944],[77.647878,39.138699],[77.653901,39.139512],[77.660411,39.136786],[77.665945,39.133246],[77.668956,39.131863],[77.674083,39.136542],[77.682384,39.149604],[77.686046,39.152371],[77.700125,39.158637],[77.710216,39.160427],[77.720144,39.155788],[77.729991,39.147569],[77.734874,39.148301],[77.74407,39.165961],[77.743093,39.16767],[77.742442,39.173855],[77.742686,39.181342],[77.74407,39.187079],[77.748627,39.192491],[77.754487,39.195665],[77.760509,39.198065],[77.799571,39.225287],[77.804861,39.231147],[77.866954,39.275214],[77.912852,39.286078],[77.929454,39.29621],[77.935802,39.319892],[77.943858,39.332546],[77.96282,39.34748],[78.004812,39.371446],[78.019216,39.374376],[78.056895,39.37698],[78.069347,39.382025],[78.074718,39.389431],[78.082937,39.406521],[78.087332,39.412421],[78.094249,39.415798],[78.111257,39.41946],[78.130626,39.431708],[78.160411,39.442735],[78.214447,39.483669],[78.227306,39.488715],[78.259695,39.493354],[78.440847,39.566759],[78.470225,39.584337],[78.490896,39.576606],[78.512462,39.584662],[78.533376,39.59748],[78.552419,39.604193],[78.562755,39.599921],[78.563731,39.589423],[78.562429,39.576239],[78.565929,39.563829],[78.575287,39.55744],[78.586192,39.558132],[78.597911,39.561713],[78.61085,39.563829],[78.627696,39.569525],[78.668956,39.596015],[78.689464,39.604193],[78.714366,39.603949],[78.739757,39.600653],[78.760346,39.602403],[78.771902,39.617865],[78.78419,39.612982],[78.806733,39.615098],[78.819753,39.61164],[78.818289,39.623236],[78.820079,39.633002],[78.825125,39.640692],[78.833995,39.645819],[78.843761,39.633653],[78.854096,39.633368],[78.865652,39.635077],[78.878347,39.62873],[78.89088,39.619493],[78.902354,39.617499],[78.928966,39.625312],[78.936046,39.628526],[78.949148,39.63642],[78.956716,39.638983],[78.962169,39.636786],[78.968272,39.631415],[78.97462,39.627224],[78.980479,39.62873],[78.992768,39.635077],[79.005463,39.633857],[79.018647,39.634304],[79.031993,39.645819],[79.051199,39.643378],[79.073416,39.653876],[79.110769,39.683661],[79.130382,39.69538],[79.153087,39.702175],[79.244884,39.707221],[79.257742,39.710639],[79.278819,39.719672],[79.297455,39.72366],[79.313243,39.733018],[79.323985,39.735175],[79.335704,39.736192],[79.34726,39.739081],[79.368337,39.748155],[79.386241,39.760932],[79.426362,39.80683],[79.442312,39.820583],[79.45753,39.82807],[79.590587,39.837592],[79.608816,39.844672],[79.662608,39.892849],[79.721283,39.916449],[79.73463,39.919501],[79.745372,39.924872],[79.75644,39.936591],[79.770437,39.94831],[79.789561,39.95364],[79.807628,39.955837],[79.831716,39.962022],[79.852794,39.971951],[79.861827,39.984971],[79.870372,39.994493],[79.889171,39.997504],[79.90797,40.004503],[79.928233,40.062079],[79.957449,40.078681],[80.051524,40.086371],[80.065522,40.090033],[80.125418,40.122667],[80.141775,40.128485],[80.155935,40.126166],[80.164806,40.138454],[80.198985,40.170844],[80.211192,40.180203],[80.222341,40.183621],[80.247569,40.184434],[80.259044,40.187038],[80.266368,40.192206],[80.278575,40.207343],[80.285737,40.214382],[80.304617,40.222602],[80.346934,40.231228],[80.361501,40.241645],[80.362071,40.247585],[80.360769,40.268826],[80.361501,40.276435],[80.366791,40.283759],[80.382416,40.2956],[80.389415,40.303738],[80.381928,40.310492],[80.396658,40.32099],[80.417491,40.330756],[80.435964,40.343288],[80.44394,40.362087],[80.447276,40.37519],[80.455658,40.392524],[80.466807,40.404079],[80.478282,40.399929],[80.488373,40.404608],[80.499034,40.406358],[80.522553,40.406114],[80.533946,40.409451],[80.553233,40.423936],[80.584402,40.43183],[80.600841,40.440619],[80.617198,40.445746],[80.637625,40.439643],[80.642589,40.434109],[80.745942,40.450873],[80.795095,40.45246],[80.813975,40.427273],[80.820811,40.427273],[80.83017,40.433376],[80.856944,40.443142],[80.870046,40.461046],[80.88795,40.467108]]]}},{"type":"Feature","properties":{"kind":"rivers","name":"Sutlej","source":"Natural Earth 1:10m"},"geometry":{"type":"MultiLineString","coordinates":[[[76.764659,31.408637],[76.750987,31.402615],[76.736501,31.391872],[76.734955,31.38288],[76.739024,31.375759],[76.747325,31.371202],[76.750255,31.358344],[76.743907,31.332302],[76.743093,31.317694],[76.736501,31.308661],[76.723888,31.308376],[76.709239,31.309923],[76.693614,31.312445],[76.687999,31.30744],[76.689382,31.292263],[76.683116,31.278876],[76.670014,31.269599],[76.649669,31.267686],[76.628347,31.274115],[76.609874,31.288845],[76.570079,31.331],[76.552175,31.352973],[76.524099,31.378241],[76.508067,31.390652],[76.491954,31.410468],[76.469168,31.425971],[76.435069,31.422227]],[[81.294688,30.791693],[81.293712,30.792304],[81.288585,30.799587],[81.268321,30.812852],[81.221934,30.831081],[81.199311,30.852118]]]}},{"type":"Feature","properties":{"kind":"rivers","name":"Sutlej","source":"Natural Earth 1:10m"},"geometry":{"type":"MultiLineString","coordinates":[[[76.435069,31.422227],[76.430105,31.418484],[76.419037,31.41767],[76.409434,31.420925],[76.40089,31.429145],[76.394623,31.4171],[76.384695,31.412462],[76.374115,31.409491],[76.36671,31.402411],[76.364838,31.390977],[76.378184,31.338975],[76.437266,31.242743],[76.467865,31.219062],[76.538097,31.183295],[76.553396,31.1706],[76.564138,31.153835],[76.570242,31.133612],[76.572276,31.110663],[76.584727,31.090155],[76.587332,31.078559],[76.575613,31.073432],[76.562429,31.072089],[76.549083,31.06745],[76.538097,31.058905],[76.531261,31.045518],[76.531749,31.036729],[76.538585,31.015896],[76.538097,31.004584],[76.532237,30.997341],[76.514578,30.986843],[76.510753,30.980333],[76.505789,30.977851],[76.472911,30.970404],[76.459483,30.971218],[76.452891,30.97366],[76.426199,30.997748],[76.411632,31.006944],[76.395437,31.011542],[76.372976,31.01142],[76.343435,31.004828],[76.332612,31.004584],[76.321788,31.007148],[76.302338,31.01614],[76.291026,31.018826],[76.287201,31.016791],[76.276378,31.007025],[76.270518,31.004584],[76.219737,31.018581],[76.208507,31.018826],[76.199311,31.016384],[76.17921,31.00727],[76.167491,31.004584],[76.122813,31.004584],[76.113699,31.002468],[76.094005,30.993028],[76.08253,30.990912],[75.999766,30.99433],[75.980235,30.999579],[75.96575,31.008002],[75.922944,31.022528],[75.829682,30.997138],[75.790701,31.004584],[75.754487,30.995307],[75.634939,30.987128],[75.606375,30.990912],[75.575694,30.977403],[75.539154,30.972602],[75.3956,30.985175],[75.360444,30.993191],[75.332042,31.004584],[75.320404,31.013943],[75.309174,31.025214],[75.296479,31.034695],[75.280203,31.038682],[75.271658,31.039618],[75.264903,31.041775],[75.256358,31.045518],[75.250987,31.047146],[75.247081,31.048936],[75.243582,31.051703],[75.239268,31.056016],[75.233165,31.060004],[75.229096,31.057807],[75.226003,31.0539],[75.222179,31.052314],[75.214122,31.052843],[75.205577,31.052029],[75.19752,31.052273],[75.191173,31.056016],[75.187022,31.063992],[75.18214,31.082058],[75.177175,31.089911],[75.165131,31.097357],[75.149669,31.101426],[75.13323,31.102484],[75.118582,31.100775],[75.112315,31.10696],[75.116466,31.109565],[75.125987,31.121283],[75.115489,31.129665],[75.078217,31.147976],[75.04241,31.179063],[75.033214,31.183295],[75.017182,31.18183],[74.963471,31.167263],[74.933849,31.16295],[74.861339,31.162543],[74.836436,31.158555],[74.81129,31.147976],[74.761974,31.1081],[74.740245,31.101426],[74.708263,31.114366],[74.687755,31.097724],[74.600597,31.05683],[74.579112,31.042914],[74.563731,31.025214],[74.563569,31.004584],[74.54835,30.992377],[74.534434,30.976426],[74.519054,30.962673],[74.499034,30.956814],[74.476736,30.956326],[74.4581,30.95364],[74.441173,30.946397],[74.424083,30.932563],[74.413015,30.91531],[74.408702,30.90119],[74.40089,30.893337],[74.379324,30.894721],[74.353282,30.901313],[74.342052,30.902167],[74.329356,30.899848],[74.318858,30.893622],[74.310476,30.884711],[74.30364,30.874213],[74.311046,30.856147],[74.299815,30.838406],[74.279552,30.824978],[74.259776,30.819607],[74.256277,30.815497],[74.265391,30.7956],[74.266205,30.788601],[74.2588,30.781277],[74.243663,30.77143],[74.235281,30.76435],[74.214854,30.737657],[74.198334,30.725206],[74.190684,30.717231],[74.184174,30.697089],[74.169688,30.687364],[74.166433,30.679307],[74.163178,30.665107],[74.155365,30.659776],[74.132253,30.655707],[74.111095,30.646511],[74.09547,30.637315],[74.081716,30.626166],[74.067149,30.610704],[74.056733,30.591824],[74.057872,30.574734],[74.061127,30.555772],[74.05714,30.531602],[74.043712,30.518866],[74.003998,30.509101],[73.995697,30.501166],[73.98935,30.488064],[73.938731,30.426215],[73.928803,30.419257],[73.91627,30.417304],[73.899506,30.42239],[73.901785,30.415839],[73.903819,30.401638],[73.905691,30.395046],[73.887218,30.396755],[73.867198,30.387722],[73.851492,30.37287],[73.8449,30.357204],[73.834076,30.352647],[73.769786,30.367743],[73.699799,30.339219],[73.664643,30.31745],[73.648936,30.317572],[73.632742,30.322821],[73.612234,30.326117],[73.600352,30.325303],[73.589773,30.322862],[73.580089,30.318793],[73.570567,30.313096],[73.539806,30.277696],[73.533702,30.277045],[73.505382,30.268337],[73.453868,30.244208],[73.436534,30.233669],[73.417898,30.224718],[73.397472,30.218614],[73.340587,30.216254],[73.331554,30.210069],[73.3331,30.196804],[73.339285,30.184516],[73.344005,30.181505],[73.334727,30.171413],[73.323985,30.16946],[73.311127,30.168565],[73.296886,30.161689],[73.290294,30.15001],[73.286876,30.136664],[73.279796,30.128933],[73.262706,30.134345],[73.253347,30.146308],[73.24464,30.161973],[73.233002,30.170681],[73.214854,30.161689],[73.212332,30.149237],[73.225597,30.125067],[73.218028,30.120673],[73.203298,30.117377],[73.139171,30.086534],[73.131765,30.08572],[73.053233,30.09337],[73.04713,30.085801],[73.033783,30.055284],[72.945079,29.98961],[72.932628,29.982611],[72.92685,29.98664],[72.922944,30.003607],[72.913259,30.008002],[72.888438,30.004014],[72.86964,29.996609],[72.834239,29.96365],[72.813243,29.956163],[72.787364,29.952704],[72.76767,29.943427],[72.728282,29.915229],[72.728119,29.906317],[72.709972,29.902411],[72.66269,29.901557],[72.635509,29.892524],[72.630056,29.871039],[72.629975,29.845974],[72.618337,29.825873],[72.599376,29.839301],[72.582123,29.841376],[72.542735,29.833319],[72.522065,29.834744],[72.491466,29.848497],[72.473725,29.853217],[72.453136,29.851589],[72.391856,29.833319],[72.372081,29.838568],[72.362071,29.838446],[72.357595,29.829617],[72.35434,29.817572],[72.345632,29.807563],[72.334483,29.802558],[72.32366,29.805365],[72.30071,29.788682],[72.281993,29.771267],[72.266043,29.748318],[72.258067,29.732856],[72.254649,29.719753],[72.249604,29.711737],[72.237641,29.71129],[72.210378,29.71601],[72.196218,29.713162],[72.185557,29.705512],[72.177989,29.694607],[72.172781,29.68183],[72.184093,29.676052],[72.184255,29.671739],[72.178722,29.667426],[72.172781,29.661404],[72.169932,29.660834],[72.155772,29.661404],[72.148204,29.659532],[72.14796,29.655219],[72.150808,29.650417],[72.152354,29.647081],[72.149669,29.629747],[72.152436,29.610907],[72.158621,29.593329],[72.166026,29.579454],[72.11614,29.555691],[72.100678,29.55211],[72.07724,29.551093],[72.064708,29.546983],[72.042491,29.524237],[72.018484,29.506659],[71.984304,29.4914],[71.946788,29.484076],[71.913178,29.490058],[71.916596,29.473904],[71.918875,29.469591],[71.901134,29.46247],[71.881358,29.462226],[71.816905,29.476182],[71.806163,29.477078],[71.801362,29.464382],[71.795909,29.454901],[71.788585,29.449083],[71.777599,29.458686],[71.763601,29.461982],[71.749278,29.459744],[71.719656,29.442654],[71.710948,29.450385],[71.7046,29.465359],[71.693451,29.477078],[71.667735,29.4737],[71.618663,29.423204],[71.589854,29.408149],[71.591889,29.403632],[71.595225,29.392157],[71.597341,29.387641],[71.589447,29.388007],[71.575206,29.39289],[71.568126,29.393988],[71.514171,29.390001],[71.503429,29.393581],[71.494395,29.408149],[71.489268,29.381415],[71.482839,29.370429],[71.467052,29.366523],[71.452729,29.370876],[71.446381,29.380479],[71.439708,29.408149],[71.408132,29.376532],[71.388438,29.366319],[71.363862,29.373969],[71.360362,29.381781],[71.360362,29.392198],[71.358653,29.402045],[71.34962,29.408149],[71.340912,29.406602],[71.334402,29.399604],[71.323009,29.380194],[71.312999,29.392035],[71.30185,29.400702],[71.305105,29.405056],[71.306651,29.408759],[71.309255,29.411973],[71.315522,29.414984],[71.305756,29.422227],[71.295502,29.426337],[71.284272,29.428249],[71.271495,29.428575],[71.254649,29.426378],[71.249441,29.421007],[71.249278,29.414333],[71.247325,29.408149],[71.229096,29.391181],[71.218191,29.386786],[71.207774,29.408718],[71.196056,29.418524],[71.1845,29.421332],[71.179128,29.411566],[71.168224,29.397406],[71.144623,29.38463],[71.121023,29.376736],[71.110037,29.377143],[71.09726,29.38996],[71.068614,29.384792],[71.021983,29.366523]],[[81.199311,30.852118],[81.183442,30.896308],[81.15089,30.919135],[81.074718,30.936306],[81.054128,30.944159],[81.014659,30.965888],[80.995535,30.970404],[80.970307,30.972195],[80.951752,30.978054],[80.937022,30.988593],[80.894949,31.034776],[80.86321,31.057929],[80.792898,31.093329],[80.787364,31.098253],[80.771251,31.116319],[80.765554,31.121283],[80.755056,31.12462],[80.732839,31.127794],[80.652761,31.126654],[80.628429,31.121283],[80.584727,31.107123],[80.563243,31.096055],[80.553803,31.083075],[80.545502,31.066352],[80.525483,31.054796],[80.502533,31.048041],[80.484955,31.045518],[80.460541,31.047919],[80.424734,31.062567],[80.399425,31.065985],[80.390066,31.069159],[80.371186,31.083319],[80.365245,31.086493],[80.353526,31.087999],[80.285737,31.114366],[80.261648,31.13821],[80.248953,31.144884],[80.231619,31.159003],[80.220795,31.162177],[80.211436,31.163845],[80.152436,31.185981],[80.138764,31.196723],[80.086029,31.260443],[80.076915,31.265245],[80.062104,31.266303],[80.050548,31.269232],[80.031993,31.278266],[80.012136,31.290798],[80.003429,31.298407],[79.99822,31.30622],[80.00351,31.335639],[80.00172,31.343451],[79.930186,31.402411],[79.894949,31.461737],[79.885346,31.4713],[79.866628,31.475124],[79.827891,31.49254],[79.806651,31.497992],[79.679454,31.48725],[79.6421,31.491156],[79.613048,31.502305],[79.600597,31.504828],[79.549327,31.504828],[79.52589,31.509589],[79.508311,31.521023],[79.493093,31.534532],[79.477061,31.545762],[79.468272,31.548163],[79.452403,31.548774],[79.443451,31.553249],[79.435964,31.561387],[79.427989,31.578925],[79.422944,31.586737],[79.370128,31.615098],[79.360932,31.617784],[79.354096,31.633246],[79.33782,31.635932],[79.317556,31.633979],[79.299408,31.635199],[79.25294,31.668809],[79.244884,31.672716],[79.226573,31.669623],[79.121349,31.696601],[79.113292,31.694363],[79.096772,31.685085],[79.087169,31.6824],[79.076264,31.682807],[79.058849,31.688422],[79.049083,31.689765],[79.031261,31.685574],[79.013438,31.674994],[78.999034,31.661648],[78.990896,31.648871],[78.970876,31.656317],[78.94866,31.660956],[78.930268,31.6706],[78.922781,31.693183],[78.919526,31.716376],[78.910737,31.729438],[78.881765,31.751247],[78.858653,31.786444],[78.842703,31.805203],[78.823416,31.8133],[78.812022,31.812201],[78.792491,31.807563],[78.782481,31.806464],[78.769623,31.808132],[78.763438,31.812567],[78.7588,31.819159],[78.73878,31.839667],[78.731537,31.84394],[78.717296,31.84748],[78.703136,31.846625],[78.690684,31.841579],[78.680186,31.835883],[78.663259,31.830756],[78.654226,31.824774],[78.638194,31.809882],[78.633067,31.799506],[78.631277,31.774115],[78.62794,31.765489],[78.608979,31.759101],[78.581391,31.756537],[78.556244,31.750596],[78.545339,31.734198],[78.538503,31.718451],[78.521983,31.706326],[78.454845,31.675401],[78.435313,31.657782],[78.429617,31.633816],[78.442393,31.600409],[78.423595,31.595079],[78.370616,31.594265],[78.353526,31.598334],[78.334402,31.60574],[78.313731,31.608913],[78.292084,31.600409],[78.28476,31.593085],[78.281505,31.585639],[78.272227,31.528388],[78.261322,31.521104],[78.236339,31.515448],[78.208507,31.512234],[78.189057,31.512274],[78.101573,31.528388],[78.018484,31.553249],[77.985362,31.567654],[77.968761,31.571641],[77.945811,31.573106],[77.829275,31.56391],[77.78769,31.550157],[77.703136,31.504828],[77.688894,31.492458],[77.676036,31.476589],[77.66212,31.462836],[77.63323,31.454413],[77.628347,31.447333],[77.627208,31.437323],[77.627371,31.425727],[77.629649,31.411811],[77.632823,31.405056],[77.631602,31.400946],[77.620535,31.394965],[77.578298,31.394232],[77.555431,31.389187],[77.538015,31.354438],[77.519786,31.350613],[77.476573,31.354031],[77.441173,31.347113],[77.428722,31.347195],[77.420502,31.349962],[77.403087,31.359442],[77.390554,31.361436],[77.368175,31.358669],[77.356212,31.350531],[77.320404,31.287869],[77.307628,31.276068],[77.288097,31.27143],[77.267019,31.269721],[77.159109,31.240749],[77.137706,31.237901],[77.129812,31.241034],[77.115001,31.254706],[77.103282,31.257839],[77.091319,31.258897],[77.0796,31.26199],[76.993744,31.306708],[76.983816,31.316759],[76.976166,31.325995],[76.940929,31.358954],[76.929128,31.367703],[76.905772,31.370388],[76.890636,31.366278],[76.882416,31.36876],[76.880056,31.391547],[76.882498,31.402371],[76.885916,31.40998],[76.884207,31.414578],[76.858328,31.418524],[76.836029,31.428412],[76.82545,31.429145],[76.810964,31.423163],[76.798595,31.415351],[76.784597,31.409288],[76.764659,31.408637]],[[81.375662,30.758124],[81.365245,30.762641],[81.354503,30.764431],[81.330984,30.76435],[81.32252,30.768134],[81.302826,30.786241],[81.293712,30.792304]]]}},{"type":"Feature","properties":{"kind":"rivers","name":"Yamuna","source":"Natural Earth 1:10m"},"geometry":{"type":"MultiLineString","coordinates":[[[78.339936,30.915147],[78.25058,30.840277],[78.217052,30.819607],[78.131114,30.794135],[78.09547,30.775499],[78.072358,30.737657],[78.063731,30.689561],[78.053722,30.665839],[78.020518,30.64704],[78.009532,30.627305],[77.97169,30.532253],[77.9699,30.521064],[77.9581,30.511054],[77.932221,30.518419],[77.894216,30.538398],[77.885916,30.535671],[77.868175,30.522528],[77.860037,30.51793],[77.838878,30.512559],[77.791596,30.507351],[77.768565,30.498236],[77.688569,30.455268],[77.664968,30.44599],[77.64446,30.442206],[77.623139,30.441189],[77.597748,30.437079],[77.575857,30.428778],[77.565359,30.414903],[77.567475,30.40644],[77.581472,30.388983],[77.586436,30.380723],[77.587901,30.370469],[77.584972,30.325263],[77.570079,30.278266],[77.538178,30.209418],[77.513682,30.177436],[77.484304,30.15294],[77.370128,30.096503],[77.338959,30.069688],[77.323253,30.064399],[77.320323,30.060126],[77.319021,30.054511],[77.317882,30.040473],[77.315033,30.039496],[77.310802,30.040473],[77.305186,30.038153],[77.301036,30.037055],[77.289236,30.038845],[77.284679,30.038153],[77.28004,30.032986],[77.279063,30.027167],[77.279063,30.021674],[77.277354,30.017646],[77.240001,29.983507],[77.229991,29.976671],[77.220876,29.960761],[77.209727,29.9289],[77.180431,29.804307],[77.161876,29.771267],[77.156179,29.76911],[77.148448,29.770046],[77.140554,29.769802],[77.133881,29.764431],[77.132253,29.755886],[77.134939,29.747626],[77.139252,29.740017],[77.141368,29.733425],[77.137462,29.722846],[77.128184,29.714301],[77.106619,29.702338],[77.11378,29.682196],[77.087901,29.658555],[77.093679,29.640937],[77.085704,29.624091],[77.088878,29.611599],[77.095876,29.600857],[77.099864,29.589057],[77.093272,29.581163],[77.078868,29.576361],[77.064708,29.569607],[77.058116,29.555528],[77.060476,29.548611],[77.070323,29.536444],[77.072358,29.52794],[77.070811,29.511176],[77.068777,29.503038],[77.065684,29.50373],[77.077566,29.492255],[77.105235,29.495429],[77.120209,29.483832],[77.107188,29.469306],[77.072765,29.440131],[77.065684,29.424872],[77.076915,29.423936],[77.102631,29.427029],[77.130626,29.426459],[77.148204,29.414984],[77.149913,29.403428],[77.145437,29.395575],[77.138682,29.388739],[77.133881,29.380194],[77.132823,29.37226],[77.133881,29.342637],[77.13795,29.333564],[77.145518,29.32392],[77.149994,29.313341],[77.144786,29.301703],[77.134044,29.289333],[77.130626,29.280626],[77.141368,29.130398],[77.140229,29.124213],[77.137706,29.121039],[77.134939,29.119005],[77.133881,29.1164],[77.135753,29.108507],[77.140147,29.104804],[77.144949,29.102647],[77.148204,29.099677],[77.169444,29.036485],[77.195567,28.997626],[77.189708,28.988227],[77.177664,28.980658],[77.175548,28.963162],[77.20224,28.942491],[77.209727,28.935167],[77.216807,28.923692],[77.220714,28.914415],[77.2199,28.906073],[77.213145,28.897325],[77.202159,28.877061],[77.216726,28.843573],[77.206391,28.821885],[77.198416,28.813096],[77.195567,28.80683],[77.195893,28.794257],[77.197765,28.790961],[77.202403,28.790066],[77.213145,28.790595],[77.216563,28.788275],[77.216807,28.78266],[77.215831,28.776068],[77.216563,28.770697],[77.214854,28.770209],[77.216563,28.749579],[77.219249,28.74494],[77.228282,28.738715],[77.230072,28.732856],[77.229015,28.721055],[77.223888,28.700751],[77.223155,28.693956]],[[77.223155,28.693956],[77.222667,28.688788],[77.222667,28.694932],[77.223155,28.693956]],[[77.223155,28.693956],[77.22991,28.681423],[77.244395,28.660346],[77.250011,28.647162],[77.253184,28.610175],[77.259044,28.592597],[77.289968,28.578884],[77.303233,28.562934],[77.327403,28.519802],[77.335216,28.507921],[77.343435,28.498358],[77.352794,28.491889],[77.363292,28.489529],[77.376964,28.484198],[77.37851,28.47248],[77.375987,28.460761],[77.377208,28.45539],[77.384939,28.457628],[77.402354,28.467353],[77.407644,28.469062],[77.415294,28.465033],[77.417084,28.459784],[77.417491,28.453966],[77.424571,28.441962],[77.425222,28.435655],[77.428233,28.430732],[77.438731,28.428738],[77.456635,28.434638],[77.465831,28.434353],[77.469737,28.424994],[77.468191,28.396755],[77.475678,28.391384],[77.497081,28.393337],[77.471934,28.340522],[77.466401,28.315253],[77.487885,28.299018],[77.489513,28.286444],[77.48878,28.272569],[77.490733,28.263617],[77.503673,28.256781],[77.528901,28.253526],[77.538585,28.243109],[77.532644,28.241238],[77.528331,28.237901],[77.52589,28.232856],[77.524913,28.225775],[77.5206,28.217312],[77.511241,28.213487],[77.501557,28.211697],[77.497081,28.209011],[77.501557,28.196723],[77.528575,28.192979],[77.538585,28.181016],[77.507253,28.170274],[77.494884,28.151923],[77.495616,28.126044],[77.503835,28.092882],[77.469737,28.11282],[77.470714,28.099433],[77.476492,28.07156],[77.468028,28.046902],[77.479747,28.036485],[77.495697,28.028388],[77.503835,28.02029],[77.512299,27.99962],[77.526459,27.974473],[77.529307,27.952582],[77.503835,27.941474],[77.510509,27.91946],[77.519623,27.898261],[77.53297,27.879828],[77.551687,27.866319],[77.565033,27.863105],[77.575857,27.863105],[77.585053,27.859687],[77.593272,27.845893],[77.59433,27.833564],[77.591075,27.820258],[77.5796,27.797431],[77.605479,27.798774],[77.650483,27.811713],[77.668956,27.811103],[77.679291,27.807807],[77.68629,27.804267],[77.689871,27.797309],[77.689464,27.7838],[77.684011,27.784491],[77.67213,27.772284],[77.664561,27.757514],[77.67213,27.750312],[77.676362,27.744452],[77.687266,27.715684],[77.689464,27.704657],[77.687104,27.691352],[77.677338,27.673122],[77.675222,27.663398],[77.678233,27.654975],[77.685476,27.649237],[77.692393,27.642157],[77.69573,27.629584],[77.690359,27.621161],[77.66448,27.614203],[77.655284,27.605048],[77.664806,27.602566],[77.687429,27.602078],[77.69573,27.599433],[77.705658,27.587958],[77.7046,27.578315],[77.698985,27.567898],[77.693614,27.546088],[77.684581,27.532579],[77.682628,27.527167],[77.684581,27.514919],[77.689708,27.508368],[77.6963,27.503363],[77.703136,27.495795],[77.720714,27.436469],[77.72698,27.426866],[77.732514,27.423774],[77.73821,27.416083],[77.742442,27.406277],[77.747081,27.383083],[77.754487,27.380968],[77.771414,27.385932],[77.783946,27.392442],[77.791921,27.391669],[77.798757,27.379706],[77.796886,27.371202],[77.78183,27.352973],[77.77825,27.341864],[77.782644,27.332953],[77.792247,27.323025],[77.802419,27.314805],[77.808604,27.311469],[77.821788,27.309149],[77.827729,27.303005],[77.831635,27.294013],[77.838959,27.283515],[77.860932,27.26614],[77.865733,27.275458],[77.868175,27.293972],[77.884369,27.304023],[77.898448,27.292426],[77.902924,27.26911],[77.90919,27.251329],[77.928396,27.256212],[77.933116,27.266791],[77.933442,27.280585],[77.937104,27.29267],[77.952647,27.297797],[77.959972,27.291042],[77.959239,27.275824],[77.961192,27.259467],[77.976736,27.249376],[77.980561,27.270209],[77.993256,27.273139],[78.008067,27.265937],[78.018484,27.256212],[78.028087,27.237494],[78.031179,27.219346],[78.029307,27.200792],[78.024669,27.180487],[78.045828,27.187201],[78.055186,27.19184],[78.062755,27.197862],[78.074718,27.202094],[78.087006,27.195339],[78.099376,27.185574],[78.11085,27.180487],[78.158702,27.173651],[78.168712,27.178778],[78.17864,27.188788],[78.188894,27.195583],[78.199962,27.191026],[78.210867,27.169135],[78.20696,27.150662],[78.198741,27.132636],[78.197195,27.11225],[78.213878,27.086534],[78.235606,27.083523],[78.24822,27.093288],[78.236908,27.106024],[78.236908,27.11225],[78.251394,27.112128],[78.261241,27.10696],[78.26767,27.097357],[78.272227,27.084296],[78.28419,27.094021],[78.294851,27.116034],[78.306407,27.125271],[78.309011,27.12405],[78.330984,27.124457],[78.333751,27.125271],[78.341563,27.125922],[78.348643,27.127468],[78.354991,27.124579],[78.360362,27.11225],[78.341319,27.109646],[78.322765,27.09752],[78.307628,27.080634],[78.29892,27.063788],[78.310639,27.063259],[78.330089,27.074897],[78.343028,27.07807],[78.357514,27.075873],[78.379975,27.066026],[78.391124,27.063788],[78.411143,27.055976],[78.429861,27.037421],[78.44044,27.015001],[78.435476,26.996161],[78.456635,26.993516],[78.479015,26.981309],[78.497081,26.965277],[78.504405,26.951483],[78.507091,26.940009],[78.513927,26.929389],[78.52296,26.925645],[78.531668,26.934678],[78.527843,26.94005],[78.511241,26.981879],[78.531505,26.976874],[78.555919,26.975653],[78.5595,26.970242],[78.562511,26.946357],[78.583263,26.929063],[78.590587,26.926785],[78.593761,26.937812],[78.591401,26.939236],[78.586925,26.9442],[78.583995,26.950303],[78.586355,26.955146],[78.591726,26.956366],[78.598643,26.956],[78.604747,26.95421],[78.607432,26.951483],[78.609955,26.931708],[78.617198,26.910427],[78.62794,26.893256],[78.641612,26.886298],[78.67571,26.91413],[78.695567,26.921454],[78.703624,26.899929],[78.722341,26.915961],[78.729015,26.919013],[78.730968,26.913601],[78.752371,26.904079],[78.75823,26.899929],[78.761974,26.893866],[78.76946,26.876492],[78.771902,26.872016],[78.793712,26.867947],[78.799327,26.86579],[78.808197,26.85045],[78.815033,26.841742],[78.838878,26.831488],[78.857921,26.80329],[78.871511,26.796942],[78.906505,26.79324],[78.943289,26.783271],[78.938731,26.777899],[78.933442,26.767524],[78.928966,26.762152],[78.948985,26.76203],[78.985362,26.757514],[79.004649,26.762152],[79.002859,26.753852],[78.99879,26.746894],[78.992198,26.740912],[78.98349,26.735419],[78.993663,26.733344],[79.002533,26.728787],[79.009044,26.721503],[79.011485,26.711534],[79.015717,26.700548],[79.034597,26.692084],[79.038829,26.683946],[79.03769,26.671169],[79.038178,26.654364],[79.04599,26.641181],[79.066661,26.639228],[79.066661,26.633083],[79.062022,26.631049],[79.057058,26.627794],[79.052419,26.625596],[79.062022,26.620185],[79.080577,26.602159],[79.083507,26.598253],[79.095225,26.599636],[79.115489,26.604763],[79.127533,26.605089],[79.138601,26.602362],[79.160248,26.59337],[79.172862,26.591417],[79.180268,26.58751],[79.195404,26.569444],[79.203217,26.564154],[79.204031,26.545193],[79.231212,26.53559],[79.292735,26.52322],[79.282156,26.515326],[79.244884,26.502061],[79.261974,26.480414],[79.247651,26.467149],[79.223562,26.456977],[79.210704,26.444363],[79.21933,26.431016],[79.240001,26.433132],[79.264903,26.440009],[79.285818,26.44123],[79.296641,26.434109],[79.302664,26.423774],[79.306895,26.413438],[79.31308,26.406521],[79.324718,26.404364],[79.336843,26.40705],[79.348237,26.4112],[79.374441,26.417589],[79.416026,26.43655],[79.437266,26.44123],[79.462576,26.4383],[79.474213,26.428778],[79.477143,26.414333],[79.477061,26.396552],[79.480235,26.383857],[79.494884,26.364814],[79.498057,26.355292],[79.504161,26.349677],[79.517019,26.353827],[79.528819,26.361029],[79.532237,26.364936],[79.555431,26.360378],[79.556163,26.349189],[79.543956,26.334784],[79.528575,26.320583],[79.52296,26.304999],[79.531993,26.288031],[79.548595,26.272813],[79.566417,26.262519],[79.585541,26.258368],[79.608165,26.256049],[79.626882,26.250922],[79.634695,26.238593],[79.638438,26.219021],[79.648936,26.209662],[79.715017,26.191352],[79.72405,26.186794],[79.741303,26.173122],[79.747976,26.16413],[79.741466,26.160102],[79.738536,26.155788],[79.737315,26.146104],[79.739838,26.136501],[79.753429,26.129421],[79.766368,26.116238],[79.772472,26.11164],[79.794526,26.108995],[79.847097,26.114691],[79.864838,26.108222],[79.886485,26.091579],[79.899913,26.095282],[79.908702,26.111436],[79.922374,26.153388],[79.927419,26.162462],[79.937022,26.166287],[79.949474,26.162665],[79.95574,26.153591],[79.957774,26.141425],[79.958018,26.12873],[79.951671,26.088324],[79.958507,26.072374],[79.984793,26.06391],[80.009207,26.066026],[80.059093,26.076239],[80.080333,26.070665],[80.092784,26.054999],[80.093028,26.037055],[80.085216,26.020535],[80.073416,26.009304],[80.080496,25.998847],[80.088308,25.995063],[80.09726,25.993272],[80.107514,25.988796],[80.128429,25.971869],[80.140636,25.964138],[80.170095,25.954942],[80.193858,25.928046],[80.211192,25.920478],[80.255951,25.929511],[80.276866,25.926337],[80.285737,25.903144],[80.296886,25.891872],[80.321788,25.89643],[80.361501,25.913031],[80.406668,25.914903],[80.446381,25.90587],[80.519135,25.878933],[80.537039,25.869086],[80.545502,25.855333],[80.539968,25.843207],[80.516043,25.837958],[80.46933,25.842353],[80.459076,25.835273],[80.471446,25.810614],[80.49171,25.791327],[80.511322,25.785834],[80.557221,25.789578],[80.567556,25.786241],[80.5678,25.778347],[80.563487,25.7685],[80.560639,25.759467],[80.560557,25.744574],[80.561697,25.738145],[80.567475,25.734483],[80.580577,25.728095],[80.600515,25.721951],[80.649099,25.71365],[80.682872,25.693874],[80.705658,25.6883],[80.730479,25.686469],[80.771983,25.688422],[80.779552,25.689887],[80.786632,25.693305],[80.797944,25.712022],[80.806407,25.72309],[80.817393,25.728095],[80.828868,25.725409],[80.838634,25.71837],[80.84547,25.708441],[80.851166,25.683905],[80.85906,25.681708],[80.882253,25.68712],[80.906342,25.688096],[80.923432,25.685492],[80.933523,25.674343],[80.940522,25.625434],[80.951264,25.614285],[80.968679,25.612901],[81.012787,25.624783],[81.023204,25.625678],[81.026541,25.616889],[81.026866,25.594306],[81.0206,25.586737],[81.00823,25.579169],[80.999115,25.570665],[81.002696,25.560167],[81.009939,25.552191],[81.013438,25.547065],[81.017345,25.542548],[81.026866,25.536322],[81.064871,25.518622],[81.086843,25.511298],[81.17099,25.50019],[81.183849,25.494696],[81.192149,25.474392],[81.184255,25.457831],[81.152843,25.429877],[81.14796,25.411444],[81.157807,25.393012],[81.173106,25.378363],[81.183849,25.371161],[81.224864,25.36164],[81.24407,25.354112],[81.261241,25.329413],[81.282237,25.331732],[81.320404,25.344509],[81.344493,25.342393],[81.36671,25.333767],[81.384776,25.320258],[81.396251,25.303534],[81.383311,25.289984],[81.390636,25.280341],[81.40919,25.273749],[81.452891,25.266059],[81.47226,25.26557],[81.491466,25.268581],[81.51295,25.27558],[81.620128,25.347927],[81.660574,25.358181],[81.704112,25.359442],[81.725597,25.356757],[81.742198,25.347927],[81.760265,25.333848],[81.77825,25.327704],[81.795421,25.329942],[81.810802,25.341091],[81.811697,25.348822],[81.797374,25.366156],[81.793386,25.374579],[81.794932,25.383612],[81.799083,25.390204],[81.810802,25.402208],[81.828298,25.416368],[81.851329,25.42536],[81.87558,25.427069],[81.903087,25.414618]]]}},{"type":"Feature","properties":{"kind":"rivers","name":"Maquan","source":"Natural Earth 1:10m"},"geometry":{"type":"MultiLineString","coordinates":[[[82.400483,30.411444],[82.417979,30.420762],[82.439057,30.424384],[82.458995,30.42414],[82.472341,30.42239],[82.517019,30.408759],[82.539236,30.398017],[82.557709,30.384141],[82.568614,30.368272],[82.575694,30.362576],[82.589122,30.360297],[82.641368,30.37873],[82.646007,30.381619],[82.651296,30.382514],[82.664154,30.380723],[82.6692,30.378201],[82.674815,30.373806],[82.682872,30.369574],[82.722667,30.365058],[82.75294,30.359442],[82.769216,30.358507],[82.78769,30.360297],[82.834972,30.371405],[82.859304,30.372992],[82.86964,30.36404],[82.893321,30.332343],[82.906668,30.327745],[82.91269,30.316759],[82.917491,30.291368],[82.925385,30.2685],[82.933604,30.25141],[82.945811,30.237372],[82.965343,30.223741],[82.994233,30.21247],[83.037201,30.184678],[83.044444,30.181505],[83.066173,30.180447],[83.074718,30.178575],[83.082042,30.17532],[83.087169,30.168565],[83.090424,30.159451],[83.09547,30.151435],[83.131602,30.141954],[83.149913,30.130886],[83.167735,30.124864],[83.191905,30.134345],[83.198985,30.112331],[83.218028,30.097235],[83.237885,30.086208],[83.247081,30.076361],[83.252371,30.072943],[83.263927,30.072089],[83.276541,30.07335],[83.284679,30.076361],[83.293061,30.076524],[83.305431,30.07038],[83.322765,30.058661],[83.362885,30.049506],[83.382253,30.041531],[83.390554,30.028184],[83.395763,30.004706],[83.40976,29.991523],[83.451915,29.976671],[83.500499,29.947089],[83.537364,29.938503],[83.555431,29.927517],[83.588959,29.89411],[83.60019,29.87991],[83.604503,29.877631],[83.626557,29.871446],[83.706635,29.86225],[83.726573,29.855902],[83.753917,29.842597],[83.760916,29.833319],[83.817475,29.815375],[83.980072,29.736436],[83.968842,29.731269],[83.959972,29.724189],[83.954112,29.714708],[83.952159,29.702338],[83.976329,29.657986],[83.982026,29.650417],[83.989513,29.633124],[83.996593,29.623847],[84.006765,29.615994],[84.034679,29.606147],[84.087169,29.570176],[84.106456,29.565782],[84.166433,29.578884],[84.185557,29.579454],[84.198334,29.577175],[84.205089,29.575141],[84.219737,29.565782],[84.22934,29.547878],[84.237722,29.541449],[84.250418,29.548407],[84.261322,29.548407],[84.308849,29.539903],[84.416108,29.535224],[84.461029,29.525987],[84.493337,29.510565],[84.510509,29.475898],[84.503917,29.432807],[84.48878,29.388251],[84.480398,29.349473],[84.48463,29.343329],[84.50294,29.331855],[84.507091,29.322211],[84.504812,29.314521],[84.500499,29.305772],[84.49879,29.296698],[84.503673,29.287706],[84.524425,29.27619],[84.566173,29.268419],[84.582774,29.257351],[84.59075,29.263861],[84.595876,29.272406],[84.599701,29.2803],[84.603282,29.284613],[84.617931,29.28852],[84.627208,29.28559],[84.635753,29.280544],[84.665701,29.275336],[84.7199,29.257351],[84.776296,29.224433],[84.792003,29.226264],[84.813731,29.234076],[84.837901,29.229356],[84.922455,29.190131],[84.963796,29.186103],[85.001231,29.198554],[85.035248,29.229356],[85.036143,29.233913],[85.03419,29.246039],[85.035248,29.250515],[85.040538,29.254462],[85.045665,29.255235],[85.050548,29.255398],[85.055105,29.257351],[85.071707,29.268866],[85.0831,29.275092],[85.111257,29.284735],[85.144054,29.316514],[85.164968,29.325629],[85.234874,29.319525],[85.250987,29.315009],[85.265066,29.304633],[85.307628,29.28323],[85.322683,29.277777],[85.391694,29.280626],[85.408702,29.274359],[85.423595,29.265326],[85.445323,29.257758],[85.468435,29.252509],[85.487071,29.250515],[85.531668,29.256659],[85.555431,29.256456],[85.573334,29.246772],[85.596609,29.207465],[85.609467,29.191514],[85.630626,29.182196],[85.652924,29.180609],[85.731212,29.192206],[85.763113,29.210232],[85.781993,29.216376],[85.80421,29.214952],[85.8449,29.199652],[85.946381,29.182196],[86.14739,29.178168],[86.158702,29.179389],[86.169526,29.183702],[86.192312,29.197048],[86.224376,29.206244],[86.236095,29.208075],[86.247081,29.197577],[86.259695,29.201972],[86.271495,29.209662],[86.275401,29.213446],[86.35019,29.210557],[86.387462,29.223822],[86.411062,29.218695],[86.4345,29.210232],[86.453624,29.207302],[86.467784,29.21365],[86.478119,29.222357],[86.48821,29.226833],[86.501394,29.220282],[86.509532,29.239203],[86.522227,29.234687],[86.535655,29.221218],[86.546397,29.213446],[86.567149,29.211249],[86.606944,29.201687],[86.625499,29.199815],[86.636648,29.201931],[86.656261,29.210801],[86.666515,29.213446],[86.960541,29.179389],[87.006358,29.185126],[87.027436,29.181098],[87.036388,29.162624],[87.04005,29.158555],[87.048757,29.155219],[87.058849,29.152899],[87.067393,29.152045],[87.079194,29.154242],[87.08546,29.159613],[87.090424,29.166368],[87.098562,29.172471],[87.111501,29.177069],[87.120697,29.176703],[87.155528,29.156846],[87.167247,29.152167],[87.19394,29.145209],[87.219249,29.156846],[87.244884,29.151719],[87.296397,29.130927],[87.409434,29.117865],[87.518972,29.124701],[87.546641,29.130723],[87.604015,29.150458],[87.625418,29.145209],[87.642182,29.150946],[87.660167,29.151557]]]}},{"type":"Feature","properties":{"kind":"rivers","name":"Za","source":"Natural Earth 1:10m"},"geometry":{"type":"MultiLineString","coordinates":[[[94.083995,33.155829],[94.092784,33.158067],[94.112804,33.167914],[94.136729,33.172227],[94.16505,33.181667],[94.176768,33.183783],[94.221609,33.177802],[94.305431,33.153022],[94.348074,33.149685],[94.447765,33.163275],[94.457286,33.167914],[94.463959,33.178778],[94.46933,33.19127],[94.475027,33.201199],[94.484386,33.207953],[94.497488,33.213202],[94.512136,33.216661],[94.526296,33.217882],[94.579112,33.212185],[94.591075,33.208035],[94.601736,33.199774],[94.615001,33.191962],[94.628184,33.186103],[94.705007,33.176947],[94.723562,33.1789],[94.76588,33.190619],[94.789561,33.187608],[94.860769,33.168158],[94.875662,33.159532],[94.880382,33.148993],[94.891775,33.138739],[94.916596,33.122341],[94.946788,33.095486],[94.958263,33.087592],[94.965261,33.100409],[94.979503,33.096503],[94.996023,33.086453],[95.009369,33.080756],[95.028819,33.078884],[95.049897,33.073432],[95.068777,33.065009],[95.081147,33.054063],[95.085948,33.043036],[95.08546,33.03502],[95.082774,33.027126],[95.081147,33.015896],[95.083263,33.00613],[95.092703,32.986111],[95.094737,32.974311],[95.093191,32.965277],[95.090424,32.961005],[95.089936,32.957343],[95.094737,32.950385],[95.10434,32.941596],[95.11435,32.936835],[95.125011,32.937364],[95.135753,32.9442],[95.2046,32.911322],[95.217703,32.895819],[95.23463,32.909003],[95.252452,32.907253],[95.287201,32.888943],[95.350108,32.879421],[95.398448,32.853624],[95.438569,32.849392],[95.523448,32.854804],[95.557709,32.847968],[95.588959,32.830268],[95.61378,32.805854],[95.629242,32.77912],[95.64796,32.726996],[95.65032,32.714545],[95.660167,32.714952],[95.718435,32.689765],[95.735037,32.692694],[95.781342,32.661566],[95.807384,32.662421],[95.817475,32.647081],[95.871674,32.599921],[95.934093,32.556749],[95.959727,32.545111],[95.985444,32.538357],[96.003429,32.542914],[96.021088,32.555772],[96.042247,32.562364],[96.163829,32.57453],[96.181082,32.570583],[96.187022,32.563341],[96.195242,32.550076],[96.201182,32.542914],[96.209483,32.537299],[96.229096,32.531277],[96.239268,32.525906],[96.244721,32.519721],[96.2553,32.502875],[96.259776,32.497911],[96.272472,32.4949],[96.29892,32.4949],[96.311046,32.488308],[96.337576,32.451483],[96.362071,32.433783],[96.366791,32.436835],[96.370209,32.44245],[96.375906,32.443915],[96.3921,32.434597],[96.414154,32.418158],[96.428396,32.402452],[96.420909,32.395535],[96.415701,32.384304],[96.424571,32.359158],[96.445404,32.31977],[96.454275,32.294623],[96.458507,32.286241],[96.467296,32.278103],[96.488862,32.263739],[96.493175,32.255561],[96.496186,32.238308],[96.512218,32.197577],[96.519949,32.183214],[96.533132,32.166083],[96.548595,32.155626],[96.567882,32.150499],[96.592459,32.149115],[96.601166,32.146999],[96.615652,32.137559],[96.62672,32.135443],[96.632335,32.133328],[96.641612,32.123887],[96.647227,32.121772],[96.653087,32.123155],[96.658214,32.126166],[96.664073,32.128607],[96.671397,32.128607],[96.681163,32.124945],[96.686697,32.120632],[96.693451,32.116645],[96.705496,32.114325],[96.712901,32.115302],[96.733165,32.120551],[96.742686,32.121772],[96.759288,32.11225],[96.769054,32.06505],[96.780528,32.046698],[96.792735,32.044257],[96.822846,32.048774],[96.835216,32.046698],[96.84669,32.036566],[96.847992,32.026801],[96.844493,32.015815],[96.842052,32.002021],[96.851329,31.976101],[96.873057,31.966498],[96.898204,31.963446],[96.917735,31.957343],[96.941335,31.965522]]]}},{"type":"Feature","properties":{"kind":"rivers","name":"Chambal","source":"Natural Earth 1:10m"},"geometry":{"type":"MultiLineString","coordinates":[[[75.571707,24.918728],[75.554454,24.947333],[75.57366,24.971137],[75.6338,25.008734],[75.719005,25.083441],[75.742931,25.111151],[75.732921,25.121527],[75.734955,25.130805],[75.744151,25.13878],[75.755951,25.14529],[75.766205,25.148708],[75.774018,25.148301],[75.782237,25.146348],[75.7942,25.14529],[75.80714,25.154975],[75.845307,25.214179],[75.904389,25.273261],[75.917735,25.283026],[75.930919,25.283718],[75.935476,25.280829],[75.945323,25.272488],[75.951752,25.263739],[75.963878,25.240343],[75.969493,25.234646],[75.986339,25.237494],[76.004324,25.25019],[76.018321,25.266221],[76.024099,25.279364],[76.02296,25.321845],[76.032481,25.333441],[76.058197,25.344509],[76.063406,25.347764],[76.066905,25.355496],[76.071869,25.358181],[76.076182,25.356309],[76.088634,25.346625],[76.093028,25.344509],[76.10491,25.346055],[76.119151,25.350409],[76.129893,25.351345],[76.14088,25.354682],[76.138438,25.362901],[76.13087,25.37287],[76.126475,25.3817],[76.127859,25.390245],[76.167491,25.482856],[76.177745,25.498399],[76.186046,25.501736],[76.211681,25.5008],[76.222748,25.502143],[76.228282,25.506619],[76.233409,25.513251],[76.240815,25.519355],[76.253184,25.52204],[76.270518,25.529486],[76.277192,25.547227],[76.279226,25.610663],[76.283621,25.627387],[76.293386,25.641303],[76.311534,25.659206],[76.29713,25.674384],[76.285248,25.691596],[76.284923,25.707953],[76.304698,25.720649],[76.322276,25.714464],[76.342296,25.732693],[76.363292,25.756903],[76.3838,25.76907],[76.397065,25.771348],[76.433849,25.785224],[76.445567,25.79328],[76.463308,25.814276],[76.469819,25.824286],[76.476573,25.837958],[76.469168,25.844184],[76.487315,25.85163],[76.509776,25.853461],[76.554779,25.85163],[76.559255,25.854356],[76.582774,25.875515],[76.591889,25.880683],[76.610606,25.881537],[76.620616,25.885118],[76.627452,25.893093],[76.636241,25.914252],[76.641043,25.920478],[76.651785,25.922675],[76.704356,25.918769],[76.715587,25.916124],[76.727061,25.916327],[76.740001,25.923285],[76.759939,25.945909],[76.770274,25.954047],[76.779063,25.957953],[76.78769,25.960273],[76.79599,25.964626],[76.804291,25.974473],[76.807546,25.985419],[76.807546,25.996894],[76.808849,26.008328],[76.81544,26.018866],[76.87322,26.052029],[76.887462,26.06391],[76.89267,26.073757],[76.895274,26.082587],[76.899099,26.090766],[76.90797,26.09866],[76.937511,26.104315],[76.945567,26.108222],[76.95989,26.122911],[76.96933,26.129462],[76.991791,26.135932],[76.998627,26.145087],[77.003673,26.156317],[77.010346,26.166287],[77.018972,26.171698],[77.049083,26.184353],[77.061941,26.186794],[77.075694,26.184597],[77.082286,26.185329],[77.089854,26.190497],[77.0949,26.198757],[77.097097,26.214911],[77.099864,26.221503],[77.124766,26.237901],[77.152354,26.23961],[77.181082,26.237413],[77.209727,26.242011],[77.230072,26.262519],[77.254161,26.274726],[77.266368,26.284491],[77.281179,26.294257],[77.288097,26.300076],[77.294444,26.308295],[77.301362,26.32449],[77.305186,26.331366],[77.323334,26.352078],[77.335704,26.361151],[77.34962,26.364936],[77.380463,26.364203],[77.39503,26.366238],[77.407644,26.372382],[77.41505,26.364936],[77.431244,26.373725],[77.432384,26.386257],[77.431407,26.400214],[77.441824,26.413357],[77.459565,26.416815],[77.499929,26.411689],[77.514415,26.416449],[77.525971,26.426337],[77.565359,26.447455],[77.616791,26.483018],[77.631114,26.488389],[77.645763,26.490546],[77.680756,26.499945],[77.699311,26.502061],[77.715017,26.506049],[77.726573,26.51557],[77.74407,26.5362],[77.772716,26.548529],[77.809011,26.559353],[77.831472,26.575792],[77.819021,26.605089],[77.869884,26.619412],[77.880626,26.625596],[77.885916,26.634223],[77.889089,26.651679],[77.894216,26.659735],[77.902599,26.664089],[77.913585,26.666083],[77.93214,26.666571],[77.949962,26.669867],[77.978282,26.684394],[78.003673,26.693874],[78.012787,26.695624],[78.021495,26.691107],[78.029063,26.685329],[78.038259,26.68183],[78.048839,26.680284],[78.059255,26.680243],[78.079275,26.682969],[78.085053,26.68948],[78.084972,26.701606],[78.087332,26.721218],[78.090017,26.728054],[78.098562,26.741034],[78.100352,26.742947],[78.099864,26.753485],[78.094249,26.770331],[78.092784,26.779853],[78.101166,26.795193],[78.119884,26.794704],[78.151459,26.783271],[78.16505,26.792019],[78.168956,26.822211],[78.182221,26.81741],[78.204194,26.824774],[78.219249,26.82392],[78.233816,26.819851],[78.254893,26.81741],[78.258067,26.821357],[78.272227,26.844672],[78.280284,26.851508],[78.286062,26.854926],[78.326101,26.85989],[78.350597,26.858507],[78.371349,26.851101],[78.384858,26.82685],[78.396007,26.824246],[78.418712,26.824815],[78.427989,26.822577],[78.433523,26.816718],[78.438243,26.808783],[78.446056,26.799994],[78.461518,26.792344],[78.498627,26.788275],[78.518077,26.783271],[78.563487,26.758572],[78.583263,26.755927],[78.595225,26.75849],[78.601573,26.764431],[78.606537,26.771186],[78.614268,26.776435],[78.622569,26.777371],[78.642589,26.775214],[78.655203,26.776435],[78.693289,26.797919],[78.710053,26.798936],[78.724132,26.776435],[78.734304,26.785468],[78.745372,26.789252],[78.754487,26.785753],[78.75823,26.773017],[78.761974,26.765245],[78.770763,26.763617],[78.781993,26.763943],[78.792491,26.762152],[78.812022,26.747748],[78.842296,26.711982],[78.861339,26.70128],[78.873464,26.700629],[78.90504,26.708197],[78.919363,26.707872],[78.926036,26.706244],[78.935802,26.694525],[78.937755,26.687038],[78.937755,26.677802],[78.941173,26.669867],[78.953136,26.666571],[78.984793,26.673774],[78.997162,26.674018],[78.994233,26.633653],[79.026296,26.591498],[79.073171,26.556179],[79.114513,26.5362],[79.163178,26.531358],[79.184988,26.525214],[79.196381,26.508897],[79.192882,26.497626],[79.184825,26.487657],[79.182628,26.479682],[79.196381,26.474799],[79.207449,26.477566],[79.244884,26.502061]],[[75.581391,24.647732],[75.56894,24.667548],[75.507253,24.743964]],[[75.667247,22.473212],[75.657644,22.475165],[75.650076,22.47781],[75.6338,22.486843],[75.602794,22.510443],[75.595225,22.514187],[75.583751,22.523017],[75.558116,22.566677],[75.544363,22.583075],[75.516856,22.595811],[75.510183,22.602891],[75.507253,22.611396],[75.504324,22.625271],[75.503429,22.63821],[75.506765,22.643866],[75.509776,22.655341],[75.503347,22.726426],[75.473155,22.791205],[75.468679,22.812079],[75.510183,23.062852],[75.513601,23.072089],[75.522716,23.090033],[75.524506,23.096991],[75.52239,23.108954],[75.512462,23.130398],[75.510183,23.141384],[75.508311,23.186306],[75.504324,23.207953],[75.496511,23.226671],[75.472179,23.252509],[75.460541,23.269232],[75.455577,23.291856],[75.45045,23.306098],[75.414073,23.350206],[75.401134,23.370632],[75.392589,23.389675],[75.388113,23.410346],[75.386648,23.435574],[75.393158,23.455512],[75.39503,23.467719],[75.390066,23.47309],[75.366222,23.50788],[75.354584,23.543891],[75.358816,23.67239],[75.354584,23.694525],[75.344168,23.715766],[75.328217,23.726386],[75.307628,23.716742],[75.293386,23.715644],[75.280691,23.732611],[75.271983,23.756171],[75.269949,23.774766],[75.278738,23.796942],[75.292979,23.801825],[75.335216,23.795233],[75.34962,23.802354],[75.359304,23.818915],[75.366222,23.837429],[75.373057,23.850531],[75.426036,23.892198],[75.454356,23.907742],[75.46339,23.929796],[75.469249,23.955024],[75.476085,23.973985],[75.503022,24.01435],[75.513113,24.036078],[75.517019,24.059353],[75.511729,24.075629],[75.48585,24.113837],[75.476085,24.124823],[75.462494,24.133979],[75.450694,24.139268],[75.439545,24.147569],[75.427664,24.165839],[75.414236,24.198676],[75.405284,24.209825],[75.385509,24.22252]]]}},{"type":"Feature","properties":{"kind":"rivers","name":"Lancang","source":"Natural Earth 1:10m"},"geometry":{"type":"MultiLineString","coordinates":[[[96.941335,31.965522],[96.959483,31.952094],[96.974701,31.932481],[96.989757,31.922553],[96.994884,31.913682],[96.992117,31.870673],[96.992931,31.854926],[96.999115,31.845974],[97.01588,31.834174],[97.020763,31.826972],[97.014578,31.799994],[97.013276,31.78913],[97.017589,31.767117],[97.028738,31.752387],[97.061697,31.723944],[97.072195,31.710761],[97.08074,31.694607],[97.086843,31.675157],[97.089122,31.611274],[97.093191,31.600653],[97.102794,31.59752],[97.114024,31.596991],[97.123139,31.594265],[97.128022,31.58751],[97.135753,31.568874],[97.143647,31.559434],[97.167979,31.548855],[97.180105,31.540961],[97.188487,31.522325],[97.202647,31.504218],[97.20574,31.494574],[97.203868,31.482733],[97.194591,31.462592],[97.191498,31.449571],[97.208018,31.392401],[97.216075,31.378241],[97.219005,31.371283],[97.220714,31.35989],[97.220714,31.348009],[97.219493,31.339708],[97.211843,31.328396],[97.203868,31.325466],[97.195242,31.324774],[97.185313,31.320502],[97.161062,31.289171],[97.157237,31.281684],[97.159597,31.270128],[97.169444,31.2508],[97.174327,31.230577],[97.180675,31.221218],[97.195242,31.206895],[97.200206,31.196397],[97.198334,31.185492],[97.193858,31.174994],[97.191498,31.165961],[97.192149,31.129665],[97.198171,31.085232],[97.215424,31.047675],[97.250092,31.031846],[97.269216,31.028103],[97.289073,31.018988],[97.321788,30.997097],[97.36142,30.952948],[97.376964,30.943142],[97.372,30.933173],[97.370209,30.902167],[97.357595,30.870714],[97.355968,30.857123],[97.357432,30.794298],[97.362804,30.771796],[97.37851,30.731879],[97.399099,30.701483],[97.427338,30.677191],[97.482188,30.645372],[97.524099,30.603868],[97.554617,30.583116],[97.557628,30.581814],[97.629405,30.452419],[97.66448,30.405829],[97.670665,30.400092],[97.678722,30.395046],[97.713471,30.388943],[97.723074,30.384141],[97.781749,30.332343],[97.810069,30.299913],[97.827891,30.284288],[97.846202,30.277696],[97.852306,30.27558],[97.862885,30.269965],[97.872976,30.262397],[97.877371,30.254177],[97.879487,30.239529],[97.885265,30.234931],[97.893972,30.233832],[97.904063,30.229926],[97.936941,30.205512],[97.947765,30.18891],[97.951752,30.165107],[97.965831,30.155829],[97.975515,30.14765],[97.979747,30.137478],[97.981375,30.131537],[97.985362,30.128363],[97.990896,30.127143],[97.996755,30.126899],[98.001557,30.123969],[97.999766,30.117377],[97.993337,30.107042],[98.004975,30.063096],[98.015717,30.041327],[98.030935,30.031928],[98.042979,30.021267],[98.051768,29.997178],[98.061615,29.956163],[98.073822,29.940863],[98.089936,29.924831],[98.104096,29.906195],[98.110037,29.883612],[98.113292,29.875434],[98.134288,29.849718],[98.138601,29.840684],[98.140391,29.819892],[98.144216,29.812201],[98.161713,29.807074],[98.210053,29.804267],[98.2199,29.794786],[98.225108,29.781806],[98.260834,29.723456],[98.339285,29.638861],[98.348155,29.623358],[98.34962,29.599921],[98.343435,29.572699],[98.343435,29.565782],[98.346202,29.554551],[98.36142,29.51378],[98.397472,29.453884],[98.404226,29.445095],[98.409597,29.435614],[98.411632,29.424872],[98.416026,29.417182],[98.434662,29.408311],[98.439057,29.397284],[98.436941,29.386664],[98.433197,29.375515],[98.431407,29.365017],[98.435313,29.356309],[98.443614,29.351996],[98.473155,29.342637],[98.479015,29.327094],[98.492686,29.31037],[98.53769,29.269232],[98.547944,29.256619],[98.568858,29.223212],[98.614024,29.167914],[98.631602,29.159532],[98.628347,29.140163],[98.610362,29.103095],[98.604991,29.08336],[98.584076,29.045193],[98.583018,29.023953],[98.592784,29.008409],[98.607514,28.996283],[98.620535,28.982774],[98.624034,28.963162],[98.634288,28.944159],[98.638113,28.930487],[98.638438,28.878607],[98.641531,28.870917],[98.654307,28.855048],[98.654796,28.850165],[98.652761,28.844916],[98.651378,28.835883],[98.652843,28.825507],[98.656505,28.818956],[98.660818,28.813178],[98.66505,28.804796],[98.677826,28.756944],[98.680186,28.724392],[98.685476,28.708604],[98.702729,28.670925],[98.774913,28.572089],[98.780935,28.555854],[98.790538,28.514594],[98.799083,28.499783],[98.812266,28.483954],[98.834483,28.441759],[98.850597,28.401475],[98.862397,28.357042],[98.864268,28.335557],[98.860932,28.319851],[98.846446,28.285753],[98.843028,28.270453],[98.8449,28.250312],[98.850108,28.225043],[98.857921,28.200954],[98.884776,28.150662],[98.90683,28.128852],[98.912608,28.119574],[98.914561,28.096259],[98.901947,28.053982],[98.898448,28.033962],[98.901134,28.011013],[98.908621,27.993516],[98.932546,27.96129],[99.018972,27.883816],[99.034923,27.852078],[99.036388,27.84044],[99.034923,27.817939],[99.037364,27.812079],[99.042003,27.808132],[99.048595,27.804958],[99.048269,27.797471],[99.043061,27.786404],[99.04184,27.780382],[99.044688,27.772162],[99.050792,27.765408],[99.054861,27.759385],[99.047293,27.743476],[99.05071,27.719306],[99.048595,27.708075],[99.038585,27.698106],[99.027192,27.694119],[99.016205,27.691962],[99.007498,27.687567],[99.003673,27.681098],[98.99879,27.669501],[98.997569,27.658393],[99.004242,27.653428],[99.008067,27.648708],[99.011322,27.637559],[99.014415,27.615587],[99.017589,27.60578],[99.031749,27.596503],[99.034923,27.585232],[99.030935,27.571641],[99.022472,27.56623],[99.013194,27.563503],[99.007498,27.557888],[99.009532,27.548285],[99.028087,27.516303],[99.031993,27.504747],[99.037608,27.480048],[99.04184,27.468533],[99.065929,27.437201],[99.069591,27.423774],[99.072846,27.416775],[99.087006,27.401801],[99.090261,27.396796],[99.090587,27.370551],[99.093354,27.358344],[99.100108,27.348415],[99.10849,27.330349],[99.110281,27.302843],[99.10255,27.276882],[99.082612,27.263007],[99.088959,27.24254],[99.098237,27.22488],[99.112641,27.21247],[99.134288,27.207831],[99.146658,27.197699],[99.17213,27.132676],[99.165457,27.11754],[99.16505,27.102322],[99.166433,27.086697],[99.165294,27.070624],[99.16269,27.064765],[99.154796,27.052802],[99.151541,27.043972],[99.149994,27.026801],[99.150401,27.017198],[99.151541,27.009792],[99.177013,26.952745],[99.18629,26.92239],[99.185639,26.886298],[99.183197,26.878038],[99.170095,26.848456],[99.163829,26.839626],[99.161794,26.837917],[99.157319,26.836005],[99.15919,26.831855],[99.165294,26.824815],[99.140554,26.771674],[99.13795,26.755927],[99.141205,26.748114],[99.154063,26.736599],[99.158376,26.728624],[99.159597,26.719265],[99.130463,26.625596],[99.136648,26.607123],[99.126231,26.587104],[99.111339,26.566718],[99.103933,26.547065],[99.110037,26.526475],[99.138438,26.501899],[99.144786,26.482204],[99.142345,26.474636],[99.132416,26.457587],[99.130463,26.447455],[99.142507,26.421413],[99.144786,26.409939],[99.141043,26.400255],[99.133718,26.392035],[99.129405,26.384141],[99.140391,26.36579],[99.143647,26.352607],[99.144949,26.339789],[99.144786,26.331366],[99.14267,26.324571],[99.134044,26.307074],[99.130463,26.296658],[99.13795,26.186794],[99.130626,26.07335],[99.13795,26.029731],[99.148855,26.005642],[99.151541,25.994981],[99.152761,25.908311],[99.156668,25.886542],[99.165294,25.865831],[99.167898,25.864081],[99.171397,25.863471],[99.175548,25.86225],[99.178803,25.858425],[99.183604,25.842475],[99.1963,25.816596],[99.202403,25.807156],[99.209972,25.803168],[99.217459,25.794501],[99.254649,25.734931],[99.267182,25.692247],[99.274425,25.649604],[99.281261,25.629706],[99.297374,25.616889],[99.336518,25.597724],[99.343272,25.591864],[99.350108,25.584093],[99.355235,25.57628],[99.357595,25.570421],[99.356456,25.558173],[99.351573,25.550645],[99.346446,25.545356],[99.344005,25.53974],[99.33782,25.515815],[99.336518,25.505235],[99.33839,25.499945],[99.347179,25.483466],[99.35019,25.47488],[99.35255,25.456366],[99.351329,25.43891],[99.344493,25.425564],[99.329845,25.419623],[99.313406,25.42475],[99.302745,25.433661],[99.297293,25.432969],[99.294526,25.399848],[99.289968,25.38935],[99.288666,25.3817],[99.292003,25.373562],[99.306651,25.359565],[99.309825,25.354763],[99.313731,25.338446],[99.323741,25.323065],[99.367442,25.27851],[99.413503,25.212185],[99.435557,25.199286],[99.472748,25.16531],[99.480561,25.155829],[99.48878,25.139472],[99.508311,25.133368],[99.530935,25.134101],[99.548839,25.138454],[99.558523,25.129096],[99.579112,25.117784],[99.60255,25.108262],[99.620942,25.104315],[99.635346,25.098904],[99.648367,25.085395],[99.730724,24.977647],[99.74114,24.956977],[99.745209,24.914089],[99.754893,24.892035],[99.765636,24.884345],[99.8095,24.862413],[99.826915,24.857856],[99.83546,24.849799],[99.864757,24.795762],[99.892589,24.77143],[99.926524,24.755805],[99.965587,24.746527],[100.076671,24.733425],[100.101003,24.719062],[100.116222,24.670966],[100.128998,24.67475],[100.142996,24.688666],[100.156749,24.707221],[100.163178,24.718126],[100.168956,24.723822],[100.17628,24.72838],[100.189708,24.732774],[100.210216,24.745917],[100.22934,24.751166],[100.281505,24.757392],[100.306244,24.76793],[100.323416,24.76911],[100.372081,24.750922],[100.381847,24.74494],[100.392507,24.735785],[100.417084,24.719265],[100.426524,24.707058],[100.423595,24.703192],[100.418956,24.693427],[100.433523,24.690741],[100.437104,24.681464],[100.433197,24.655544],[100.439708,24.646593],[100.467865,24.626899],[100.474294,24.614285],[100.47877,24.607937],[100.500662,24.587592],[100.508393,24.576117],[100.511241,24.561591],[100.510753,24.53559],[100.515229,24.522732],[100.524343,24.516547],[100.535818,24.514675],[100.545828,24.510606],[100.55714,24.476182],[100.557058,24.465277],[100.546641,24.460639],[100.527354,24.448432],[100.516775,24.420111],[100.515229,24.388007],[100.522716,24.364447],[100.517833,24.350409],[100.516531,24.27143],[100.528819,24.206732],[100.530935,24.162706],[100.519542,24.122585],[100.493907,24.091986],[100.453868,24.076443],[100.412852,24.076443],[100.403087,24.073269],[100.381847,24.062771],[100.381847,24.051703],[100.392345,23.980251],[100.406668,23.935614],[100.407481,23.915961],[100.395518,23.894843],[100.379487,23.882758],[100.339692,23.85989],[100.323416,23.843695],[100.28948,23.764838],[100.271983,23.754259],[100.255382,23.740668],[100.199962,23.668647],[100.197195,23.660671],[100.179454,23.631415],[100.138601,23.47309],[100.134044,23.467353],[100.120209,23.454169],[100.117442,23.449246],[100.104421,23.411689],[100.074311,23.360867],[100.070242,23.346788],[100.072276,23.329698],[100.081391,23.293321],[100.083263,23.27143],[100.077403,23.25377],[100.050548,23.22724],[100.042979,23.212429],[100.095876,23.17121],[100.114024,23.165229],[100.120046,23.155097],[100.142996,23.071316],[100.146658,23.065212],[100.161388,23.060736],[100.181895,23.04975],[100.18629,23.044867],[100.192963,23.030707],[100.208588,23.013739],[100.226736,23.002997],[100.240896,23.007636],[100.248464,23.007636],[100.257091,22.970771],[100.261974,22.959174],[100.269054,22.949652],[100.274343,22.948269],[100.296153,22.959174],[100.29184,22.915554],[100.300873,22.878852],[100.354991,22.790961],[100.361827,22.776801],[100.365489,22.746161],[100.370128,22.72663],[100.371186,22.716498],[100.362804,22.68244],[100.364513,22.67182],[100.368337,22.670437],[100.392345,22.657538],[100.402273,22.649766],[100.437755,22.612006],[100.512706,22.551703],[100.533295,22.53974],[100.553396,22.534613],[100.567882,22.526923],[100.572683,22.50906],[100.570567,22.473212],[100.574962,22.450954],[100.574718,22.437567],[100.566824,22.431586],[100.564057,22.425401],[100.573171,22.411933],[100.585053,22.398871],[100.590912,22.393744],[100.595144,22.386542],[100.625092,22.363349],[100.646658,22.326606],[100.659272,22.314887],[100.639659,22.309394],[100.631358,22.306098],[100.625092,22.301866],[100.61378,22.288398],[100.609304,22.27851],[100.615245,22.273953],[100.637625,22.262478],[100.660818,22.259101],[100.671153,22.255927],[100.679454,22.251532],[100.699474,22.237087],[100.702566,22.231391],[100.709972,22.209052],[100.713878,22.174913],[100.717052,22.168647],[100.731212,22.151435],[100.734386,22.140489],[100.731212,22.132758],[100.724294,22.125108],[100.71933,22.117377],[100.720714,22.109483],[100.730968,22.10871],[100.757253,22.098904],[100.777924,22.087592],[100.762625,22.071723],[100.771414,22.048774],[100.795909,22.013861],[100.803966,22.010362],[100.820811,22.009304],[100.830577,22.007025],[100.855724,21.989529],[100.867279,21.983466],[100.870372,21.975653],[100.871511,21.955512],[100.874522,21.943793],[100.881765,21.937445],[100.89088,21.932644],[100.899506,21.925116],[100.905935,21.913601],[100.910085,21.900824],[100.912527,21.873318],[100.917898,21.860948],[100.929861,21.853583],[100.941905,21.849229],[100.947276,21.846259],[101.029796,21.849392],[101.067393,21.828925],[101.070811,21.822537],[101.06837,21.808417],[101.068858,21.794379],[101.081065,21.78795],[101.108002,21.791449],[101.173839,21.815253],[101.181244,21.796942],[101.163097,21.784044],[101.118663,21.766872],[101.118663,21.760037],[101.124522,21.744412],[101.127371,21.695339],[101.135916,21.684923],[101.148855,21.676947],[101.161143,21.658555],[101.168468,21.638007],[101.166433,21.623481],[101.173595,21.612128],[101.167247,21.600409],[101.157481,21.586453],[101.153901,21.568223],[101.158702,21.552843],[101.160818,21.534857],[101.15683,21.519884],[101.142833,21.513617],[101.003184,21.406195],[100.909679,21.360297],[100.895763,21.355984],[100.862071,21.323513],[100.851085,21.315009],[100.814138,21.300401],[100.791596,21.297553],[100.772227,21.30447],[100.764659,21.309394],[100.756358,21.312608],[100.747488,21.31448],[100.738048,21.315009],[100.725108,21.311876],[100.72169,21.3039],[100.722179,21.292914],[100.720714,21.280829],[100.689138,21.159532],[100.637218,21.069892],[100.625092,21.054267],[100.606456,21.044135],[100.561534,21.035264],[100.543061,21.027615],[100.555593,21.000067],[100.556895,20.992255],[100.551687,20.985541],[100.53297,20.97366],[100.528819,20.968614],[100.526785,20.94713],[100.517345,20.906521],[100.515229,20.886746],[100.533946,20.874091],[100.622569,20.888739],[100.651785,20.883002],[100.651785,20.876776],[100.626231,20.853705],[100.598562,20.833686],[100.568614,20.817979],[100.536388,20.807888],[100.513113,20.807237],[100.47047,20.818468],[100.383393,20.831895],[100.364513,20.828396],[100.350841,20.815497],[100.341726,20.799669],[100.329275,20.7862],[100.289806,20.775214],[100.274343,20.762234],[100.248464,20.732204],[100.221446,20.709784],[100.210948,20.697577],[100.206716,20.680976],[100.202078,20.668077],[100.179698,20.638373],[100.172537,20.622341],[100.172537,20.609239],[100.15976,20.582872],[100.148855,20.548285],[100.136322,20.459418],[100.127045,20.428046],[100.124929,20.406602],[100.120697,20.388983],[100.11085,20.375067],[100.099294,20.362413],[100.09669,20.348578],[100.097179,20.33515],[100.098888,20.317979],[100.096934,20.283393],[100.10255,20.26378],[100.116222,20.248236],[100.134288,20.239285],[100.152192,20.239325],[100.16741,20.253852],[100.166921,20.292792],[100.175955,20.300808],[100.17921,20.30268],[100.201427,20.310492],[100.206716,20.311347],[100.208914,20.313178],[100.22047,20.349189],[100.240001,20.372992],[100.27003,20.392035],[100.306082,20.399848],[100.344005,20.390163],[100.363862,20.369167],[100.421397,20.250312],[100.447032,20.218207],[100.451752,20.210476],[100.45696,20.196601],[100.460704,20.190945],[100.468354,20.185899],[100.485281,20.178982],[100.488455,20.173529],[100.496023,20.165107],[100.512462,20.155463],[100.528819,20.14997],[100.536388,20.153673],[100.54184,20.166938],[100.554698,20.170356],[100.570404,20.167996],[100.584239,20.163601],[100.594493,20.128363],[100.584239,20.012763],[100.593028,19.819403],[100.601573,19.802843],[100.621674,19.810411],[100.631928,19.815945],[100.641775,19.816474],[100.655528,19.813544],[100.668875,19.81505],[100.678233,19.818793],[100.748546,19.858018],[100.779552,19.884874],[100.792084,19.891059],[100.805919,19.892035],[100.927989,19.873318],[100.974539,19.859565],[101.009369,19.834052],[101.013113,19.841132],[101.019542,19.850165],[101.02239,19.85574],[101.029796,19.85574],[101.043224,19.840888],[101.059581,19.845893],[101.084402,19.86876],[101.109386,19.885688],[101.118663,19.889268],[101.131358,19.888739],[101.142019,19.883857],[101.150401,19.878241],[101.169526,19.869005],[101.23463,19.827826],[101.257904,19.821357],[101.5595,19.823513],[101.596934,19.831366],[101.618907,19.85574],[101.606863,19.863145],[101.619395,19.874457],[101.641124,19.884792],[101.656342,19.889268],[101.666515,19.895087],[101.695811,19.922309],[101.707612,19.930854],[101.748057,19.941189],[101.829275,19.948065],[101.865245,19.957546],[101.898692,19.979356],[101.950206,20.034206],[101.974539,20.053738],[101.992198,20.059597],[102.04713,20.053738],[102.063569,20.058173],[102.119151,20.088487],[102.15797,20.092231],[102.190684,20.080675],[102.216807,20.057481],[102.23585,20.026435],[102.246511,19.988105],[102.240896,19.958808],[102.222341,19.935818],[102.194265,19.916571],[102.184988,19.91238],[102.16741,19.906765],[102.160167,19.902899],[102.141531,19.879259],[102.136241,19.875596],[102.127208,19.873481],[102.117686,19.864081],[102.10849,19.861925],[102.085948,19.860216],[102.045421,19.851996],[102.038829,19.848822],[102.029796,19.841498],[102.023855,19.832058],[102.011648,19.805935],[102.00587,19.800482],[101.993175,19.794379],[101.893565,19.705634],[101.885753,19.687201],[101.87672,19.679389],[101.835541,19.657986],[101.824311,19.649685],[101.814952,19.615017],[101.816742,19.481513],[101.820893,19.467149],[101.829112,19.454128],[101.841319,19.440863],[101.856944,19.43122],[101.896414,19.414374],[101.906261,19.403266],[101.899425,19.393419],[101.866222,19.360297],[101.858409,19.344916],[101.853282,19.325466],[101.830333,19.292304],[101.824311,19.27912],[101.823985,19.260199],[101.830577,19.200954],[101.828705,19.180772],[101.820323,19.147284],[101.808604,19.032579],[101.804861,19.021267],[101.803152,19.010565],[101.806895,19.002021],[101.812266,18.99433],[101.814952,18.985053],[101.816905,18.964423],[101.815929,18.94127],[101.805675,18.904161],[101.803233,18.885606],[101.808849,18.870307],[101.851003,18.826687],[101.861746,18.793402],[101.85434,18.763373],[101.824311,18.703721],[101.819591,18.682685],[101.815115,18.640815],[101.810639,18.621853],[101.779307,18.568874],[101.763764,18.549587],[101.742605,18.502265],[101.732188,18.491482],[101.729991,18.488471],[101.707612,18.471015],[101.696056,18.466742],[101.683197,18.464423],[101.670665,18.465359],[101.65976,18.471015],[101.644542,18.457628],[101.626394,18.421169],[101.615164,18.405544],[101.593028,18.390937],[101.577729,18.385077],[101.574229,18.375759],[101.573416,18.364447],[101.571056,18.354926],[101.561534,18.341335],[101.546967,18.325385],[101.529877,18.312079],[101.512462,18.306505],[101.490489,18.303046],[101.481212,18.293809],[101.476166,18.280707],[101.467377,18.26557],[101.420828,18.214708],[101.40325,18.182196],[101.399099,18.141425],[101.404307,18.127794],[101.422944,18.096381],[101.427013,18.084011],[101.433197,18.012315],[101.430919,17.982611],[101.424571,17.954657],[101.423595,17.9289],[101.444835,17.894884],[101.449474,17.884833],[101.456391,17.877387],[101.471202,17.874538],[101.495372,17.879096],[101.504242,17.875841],[101.509044,17.860867],[101.515717,17.860867],[101.523204,17.866645],[101.537364,17.873603],[101.551199,17.87519],[101.557384,17.864569],[101.554698,17.857123],[101.536794,17.826728],[101.536794,17.820502],[101.543468,17.815538],[101.550222,17.81391],[101.557058,17.815538],[101.563569,17.820502]]]}},{"type":"Feature","properties":{"kind":"rivers","name":"Yarlung","source":"Natural Earth 1:10m"},"geometry":{"type":"MultiLineString","coordinates":[[[87.660167,29.151557],[87.67628,29.154242],[87.687511,29.166287],[87.668224,29.200222],[87.668061,29.2178],[87.683849,29.237657],[87.693126,29.244086],[87.710378,29.252305],[87.717865,29.258165],[87.726736,29.269558],[87.742117,29.302273],[87.776296,29.333767],[87.817963,29.347602],[87.906668,29.364325],[87.964285,29.395046],[87.985037,29.399034],[88.041433,29.387519],[88.090017,29.383653],[88.105235,29.378241],[88.129242,29.354071],[88.149018,29.34044],[88.168875,29.337104],[88.186697,29.341376],[88.201427,29.350653],[88.205333,29.357123],[88.208263,29.365424],[88.212576,29.373114],[88.221283,29.377956],[88.234304,29.377997],[88.241628,29.373074],[88.248464,29.367214],[88.259776,29.364325],[88.270925,29.365424],[88.290538,29.370063],[88.30071,29.371161],[88.306733,29.367947],[88.318289,29.35163],[88.324962,29.344428],[88.342703,29.335517],[88.362641,29.331326],[88.403087,29.330146],[88.425304,29.335761],[88.4699,29.359565],[88.495616,29.364325],[88.557872,29.352607],[88.63087,29.350653],[88.832042,29.344428],[88.843354,29.339545],[88.851736,29.334296],[88.860606,29.334093],[88.872976,29.344428],[88.91212,29.328884],[88.946056,29.351752],[88.979421,29.381212],[89.016368,29.385443],[89.022878,29.380154],[89.047374,29.354071],[89.055593,29.349433],[89.066498,29.346503],[89.122813,29.342882],[89.133067,29.344428],[89.142507,29.349473],[89.157319,29.364325],[89.167247,29.371161],[89.187104,29.360948],[89.204682,29.357123],[89.246349,29.357489],[89.255789,29.360663],[89.274506,29.374823],[89.280528,29.377956],[89.36435,29.364081],[89.396576,29.354438],[89.430919,29.348009],[89.475678,29.350653],[89.544363,29.368679],[89.567882,29.371161],[89.661225,29.371161],[89.694591,29.363796],[89.764415,29.32571],[89.811534,29.322699],[89.927989,29.340115],[89.990245,29.364325],[90.013927,29.36754],[90.074962,29.357489],[90.138194,29.35989],[90.286062,29.336249],[90.325287,29.322699],[90.380626,29.293769],[90.397472,29.289171],[90.401866,29.285468],[90.418061,29.266425],[90.421641,29.258165],[90.427338,29.253119],[90.44044,29.25495],[90.462576,29.261908],[90.54599,29.273708],[90.582449,29.284776],[90.70045,29.348904],[90.740326,29.3546],[90.757335,29.319648],[90.764659,29.295681],[90.780935,29.297227],[90.808442,29.316474],[90.819021,29.320868],[90.839285,29.340115],[90.84962,29.344428],[90.890554,29.344428],[90.906342,29.340115],[90.937592,29.320868],[90.959727,29.316474],[90.969493,29.320095],[90.97991,29.32685],[90.990326,29.330878],[91.000418,29.326483],[91.008067,29.321112],[91.017507,29.318386],[91.038015,29.316474],[91.086355,29.330837],[91.114757,29.335395],[91.127371,29.325303],[91.138601,29.318427],[91.287852,29.291531],[91.302745,29.284695],[91.321707,29.285183],[91.357351,29.293809],[91.376882,29.296169],[91.436046,29.290554],[91.451752,29.291938],[91.511322,29.303982],[91.570079,29.305203],[91.649913,29.28852],[91.663259,29.28738],[91.670665,29.288153],[91.691742,29.293647],[91.708588,29.294623],[91.769054,29.288601],[91.783132,29.290595],[91.836925,29.305447],[91.865652,29.307807],[91.894542,29.306586],[91.922862,29.301622],[91.949718,29.293077],[91.951182,29.28913],[91.953868,29.287218],[91.956635,29.285956],[91.959402,29.283474],[91.96046,29.281033],[91.961681,29.275702],[91.962901,29.273057],[91.97519,29.264594],[91.992931,29.261054],[92.011241,29.262071],[92.025401,29.267605],[92.028901,29.271918],[92.03476,29.284288],[92.038585,29.289171],[92.048269,29.295681],[92.059093,29.299628],[92.07073,29.301622],[92.128917,29.304796],[92.1456,29.303412],[92.19337,29.278876],[92.271088,29.252061],[92.345144,29.237413],[92.356944,29.236843],[92.370372,29.242214],[92.39088,29.265652],[92.398204,29.271023],[92.42213,29.269355],[92.450287,29.263983],[92.473725,29.254421],[92.483653,29.239936],[92.487722,29.224189],[92.523936,29.164089],[92.525076,29.158881],[92.529714,29.156765],[92.545665,29.154893],[92.556407,29.155544],[92.580577,29.160712],[92.593435,29.16116],[92.584076,29.141547],[92.581147,29.131171],[92.583507,29.123236],[92.59433,29.117255],[92.60198,29.121202],[92.608165,29.128852],[92.614513,29.133816],[92.637706,29.138129],[92.663666,29.140163],[92.688406,29.136094],[92.707286,29.12226],[92.715912,29.10871],[92.721121,29.103095],[92.729421,29.098212],[92.73642,29.096015],[92.870372,29.097032],[92.888927,29.092637],[92.89796,29.082831],[92.906342,29.07864],[92.919932,29.068427],[92.928315,29.063585],[92.938731,29.059597],[92.959565,29.055203],[92.995128,29.053575],[93.019623,29.056586],[93.042572,29.064561],[93.062022,29.078803],[93.07366,29.093207],[93.088878,29.117987],[93.096772,29.126003],[93.106212,29.129462],[93.116303,29.125108],[93.121593,29.116034],[93.121755,29.105333],[93.120372,29.094265],[93.121023,29.083767],[93.12379,29.076483],[93.127859,29.069851],[93.14088,29.052558],[93.145925,29.042344],[93.149018,29.037665],[93.15919,29.031195],[93.171479,29.030585],[93.184581,29.031928],[93.196788,29.031358],[93.20753,29.026313],[93.224864,29.012519],[93.234467,29.00963],[93.283295,29.004177],[93.29892,29.00491],[93.316742,29.010118],[93.332937,29.018744],[93.347667,29.029893],[93.393484,29.083767],[93.404389,29.105007],[93.411143,29.114691],[93.4192,29.122016],[93.43629,29.134141],[93.443126,29.142198],[93.461355,29.175076],[93.474539,29.185858],[93.490652,29.189643],[93.508067,29.189154],[93.55714,29.182196],[93.590343,29.183702],[93.606212,29.18183],[93.616466,29.182888],[93.621349,29.182196],[93.626394,29.177354],[93.628184,29.163886],[93.631847,29.16116],[93.654552,29.163153],[93.687266,29.169704],[93.703868,29.167914],[93.713796,29.163642],[93.722179,29.158759],[93.730968,29.155585],[93.742442,29.156684],[93.766694,29.166571],[93.778412,29.169501],[93.792247,29.167914],[93.823009,29.156114],[93.834239,29.154608],[93.848888,29.155707],[93.864757,29.159247],[93.879405,29.165473],[93.89088,29.174628],[93.90032,29.186632],[93.905284,29.19184],[93.911876,29.195828],[93.930756,29.200873],[93.969249,29.204779],[93.988048,29.210313],[94.016043,29.2237],[94.026296,29.225938],[94.060964,29.228339],[94.078868,29.227647],[94.095307,29.224921],[94.118256,29.216742],[94.126231,29.214952],[94.161143,29.214545],[94.179617,29.217149],[94.194835,29.221869],[94.355968,29.309516]]]}},{"type":"Feature","properties":{"kind":"rivers","name":"Ghäghara","source":"Natural Earth 1:10m"},"geometry":{"type":"MultiLineString","coordinates":[[[80.923269,30.552069],[80.9428,30.544053],[80.961192,30.54267],[81.002696,30.545844],[81.025076,30.541815],[81.03712,30.530951],[81.046397,30.515489],[81.061046,30.497423],[81.090017,30.47663],[81.098725,30.463568],[81.104015,30.400336],[81.106375,30.390489],[81.108897,30.383165],[81.116791,30.368354],[81.122488,30.360297],[81.136648,30.346869],[81.154389,30.333441],[81.169932,30.318956],[81.176524,30.302273],[81.177419,30.260199],[81.183523,30.240302],[81.19752,30.223741],[81.206716,30.218207],[81.228282,30.20893],[81.247325,30.197292],[81.269216,30.178412],[81.284597,30.168036],[81.303966,30.160427],[81.325694,30.155829],[81.348399,30.154853],[81.371755,30.158637],[81.416596,30.172309],[81.440847,30.17532],[81.460704,30.169135],[81.479584,30.154161],[81.495372,30.136176],[81.525971,30.085028],[81.54127,30.071479],[81.564382,30.066026],[81.583018,30.06391],[81.636322,30.044989],[81.656261,30.042263],[81.728526,30.044989],[81.746349,30.036933],[81.758556,30.017849],[81.768484,29.995225],[81.779796,29.976671],[81.798106,29.963243],[81.834727,29.951483],[81.852061,29.938829],[81.860037,29.926947],[81.860444,29.91824],[81.857432,29.909532],[81.855479,29.897895],[81.857026,29.889024],[81.872569,29.852484],[81.875255,29.849555],[81.876475,29.846788],[81.875987,29.838935],[81.874522,29.834499],[81.870616,29.831081],[81.869151,29.825873],[81.865489,29.81863],[81.861095,29.812038],[81.863292,29.807237],[81.879405,29.805365],[81.889171,29.802598],[81.899099,29.795966],[81.906993,29.788153],[81.910085,29.781806],[81.915538,29.778754],[81.951101,29.778673],[81.992686,29.764431],[82.006602,29.757758],[82.012462,29.753282],[82.013601,29.74669],[82.013113,29.733425],[82.004975,29.71894],[81.986095,29.704047],[81.945567,29.68183],[81.878673,29.656073],[81.869151,29.643988],[81.858816,29.625922],[81.83489,29.621649],[81.807384,29.622626],[81.78712,29.620429],[81.777273,29.613349],[81.777843,29.607733],[81.78297,29.601508],[81.78712,29.592475],[81.788178,29.571234],[81.78712,29.555528],[81.780772,29.534451],[81.76474,29.521023],[81.725108,29.497504],[81.714692,29.48432],[81.708425,29.467963],[81.705496,29.448269],[81.704682,29.424872],[81.708995,29.401923],[81.718761,29.382758],[81.73878,29.352891],[81.743337,29.312323],[81.723888,29.280707],[81.691417,29.256171],[81.657481,29.236843],[81.623057,29.226671],[81.615896,29.223212],[81.613292,29.214667],[81.60906,29.187934],[81.605724,29.182196],[81.592459,29.174262],[81.540131,29.119493],[81.482595,29.083075],[81.468191,29.078559],[81.457042,29.070746],[81.40976,29.023953],[81.407644,29.003119],[81.414561,28.98078],[81.427013,28.962917],[81.440847,28.955675],[81.492442,28.886786],[81.528087,28.852607],[81.542003,28.832384],[81.547537,28.808214],[81.555675,28.792914],[81.569021,28.78087],[81.571788,28.769599],[81.547537,28.756415],[81.531342,28.750556],[81.52296,28.749091],[81.51295,28.749579],[81.51295,28.756415],[81.525483,28.765245],[81.524018,28.770941],[81.51295,28.776923],[81.516368,28.808214],[81.473155,28.85224],[81.458263,28.880561],[81.442149,28.898464],[81.425548,28.903632],[81.33782,28.894232],[81.328136,28.897081],[81.304779,28.91059],[81.293712,28.914659],[81.271902,28.915717],[81.20753,28.907904],[81.187022,28.912909],[81.135509,28.948798],[81.095307,28.966986],[81.073985,28.973578],[81.053966,28.976142],[81.034597,28.971544],[81.013438,28.960476],[80.997,28.947048],[80.992117,28.935167],[81.04127,28.889512],[81.078136,28.86286],[81.094656,28.853868],[81.108816,28.857286],[81.122081,28.864325],[81.135509,28.866278],[81.147553,28.856472],[81.161225,28.829901],[81.170339,28.832139],[81.210541,28.811632],[81.206635,28.82449],[81.194265,28.846706],[81.190033,28.859442],[81.2046,28.852484],[81.217865,28.841335],[81.227794,28.826361],[81.233328,28.793036],[81.244395,28.761542],[81.276866,28.69713],[81.280203,28.678534],[81.277843,28.658474],[81.268077,28.623236],[81.264252,28.585557],[81.240896,28.491156],[81.228526,28.464545],[81.218028,28.407009],[81.199962,28.381212],[81.19394,28.366767],[81.19752,28.352362],[81.190033,28.345526],[81.19752,28.339301],[81.189545,28.330878],[81.171886,28.317084],[81.162852,28.311387],[81.148936,28.32213],[81.123627,28.335395],[81.099213,28.339382],[81.088308,28.322292],[81.08546,28.310818],[81.071381,28.284288],[81.067312,28.270453],[81.06544,28.253526],[81.066661,28.24494],[81.114675,28.191962],[81.127452,28.171576],[81.135509,28.147528],[81.131847,28.122748],[81.1338,28.110948],[81.146088,28.105902],[81.159923,28.102729],[81.170828,28.094509],[81.178722,28.083279],[81.183849,28.071153],[81.171641,28.065375],[81.163015,28.05626],[81.157725,28.043647],[81.155935,28.027126],[81.163829,28.020372],[81.214366,27.999538],[81.221772,27.988105],[81.230479,27.96015],[81.238536,27.94831],[81.253184,27.941596],[81.271495,27.938178],[81.288829,27.932807],[81.299897,27.920356],[81.300385,27.904079],[81.290538,27.895819],[81.278412,27.88878],[81.272716,27.876288],[81.274832,27.867703],[81.28419,27.853095],[81.286388,27.845893],[81.284272,27.836778],[81.279552,27.829901],[81.274913,27.824897],[81.272716,27.821357],[81.274506,27.806586],[81.281179,27.782782],[81.280203,27.769558],[81.268321,27.740017],[81.259939,27.724799],[81.252208,27.714911],[81.272878,27.704047],[81.292979,27.687038],[81.308197,27.666124],[81.314138,27.6435],[81.311046,27.62287],[81.299327,27.58161],[81.299897,27.557888],[81.30657,27.538682],[81.331635,27.49494],[81.3449,27.478705],[81.348643,27.470526],[81.354747,27.446234],[81.358653,27.441189],[81.388601,27.421495],[81.396251,27.413886],[81.403087,27.393826],[81.40504,27.370876],[81.403575,27.327948],[81.413829,27.310248],[81.435313,27.298407],[81.454682,27.283393],[81.458263,27.256212],[81.452159,27.246405],[81.433604,27.230292],[81.430268,27.222113],[81.435476,27.21129],[81.454112,27.197211],[81.458263,27.18419],[81.455089,27.16474],[81.450125,27.153144],[81.448985,27.142361],[81.458263,27.125271],[81.475515,27.105821],[81.47877,27.098578],[81.479015,27.086982],[81.475678,27.08161],[81.474539,27.07685],[81.482188,27.067206],[81.500906,27.058661],[81.523855,27.059597],[81.547455,27.063503],[81.568126,27.063788],[81.606944,27.047146],[81.697276,26.961371],[81.719249,26.947781],[81.725108,26.940945],[81.730479,26.929267],[81.733409,26.91828],[81.738048,26.91002],[81.78712,26.896552],[81.788666,26.881374],[81.792979,26.873847],[81.799327,26.868191],[81.807709,26.858344],[81.829519,26.820665],[81.843679,26.807969],[81.865733,26.803087],[81.913829,26.803087],[81.918549,26.801459],[81.935313,26.79324],[81.945567,26.790066],[81.968842,26.788886],[81.985769,26.793769],[82.013113,26.810574],[82.047374,26.824815],[82.076915,26.845649],[82.082042,26.848456],[82.094493,26.853095],[82.122325,26.846869],[82.187022,26.8192],[82.208588,26.819607],[82.229503,26.816352],[82.246511,26.796942],[82.240001,26.790717],[82.232188,26.775662],[82.225352,26.769599],[82.241466,26.755805],[82.28004,26.74372],[82.305268,26.72663],[82.324636,26.717149],[82.328298,26.711534],[82.332449,26.70307],[82.355072,26.674018],[82.393077,26.655951],[82.418549,26.648301],[82.434581,26.649766],[82.454845,26.660753],[82.475597,26.658637],[82.551199,26.620307],[82.571707,26.613796],[82.592214,26.611355],[82.63323,26.614854],[82.649018,26.613593],[82.664154,26.605089],[82.678966,26.587999],[82.688975,26.572374],[82.703136,26.561103],[82.729503,26.556708],[82.749034,26.561591],[82.769054,26.571479],[82.790294,26.57921],[82.814464,26.577826],[82.879975,26.536241],[82.921479,26.523464],[83.004324,26.476101],[83.012706,26.469916],[83.030772,26.451199],[83.061534,26.409939],[83.076589,26.399522],[83.11085,26.388983],[83.14796,26.382839],[83.171397,26.386013],[83.185069,26.37995],[83.230479,26.376044],[83.240245,26.368598],[83.251557,26.362372],[83.322765,26.351874],[83.359386,26.328192],[83.42864,26.271064],[83.465587,26.262519],[83.477061,26.265245],[83.495942,26.273627],[83.507253,26.27615],[83.519623,26.275702],[83.540294,26.270087],[83.55128,26.268663],[83.70753,26.268012],[83.741222,26.262519],[83.774669,26.248847],[83.826671,26.200873],[83.846446,26.1942],[83.861827,26.185126],[83.882416,26.141059],[83.897472,26.125312],[83.914968,26.121609],[83.988048,26.118232],[83.997,26.116563],[84.001231,26.115302],[84.038585,26.096055],[84.054617,26.091173],[84.063487,26.090644],[84.084076,26.092068],[84.096202,26.091173],[84.107921,26.086859],[84.129649,26.073554],[84.14088,26.070665],[84.150401,26.066026],[84.160411,26.055121],[84.168468,26.042507],[84.175873,26.022773],[84.185151,26.020331],[84.196381,26.019802],[84.206065,26.015448],[84.210704,26.007025],[84.219737,25.974473],[84.225515,25.96365],[84.230479,25.956814],[84.243582,25.943793],[84.261485,25.931342],[84.279796,25.92711],[84.298269,25.928656],[84.332937,25.938585],[84.3449,25.940497],[84.374278,25.940375],[84.3838,25.935492],[84.396495,25.923774],[84.407481,25.909247],[84.41212,25.896023],[84.419526,25.889594],[84.456554,25.869981],[84.470144,25.865831],[84.502371,25.867743],[84.519542,25.866889],[84.531668,25.862128],[84.605479,25.799872],[84.610606,25.791612],[84.622976,25.759467],[84.630626,25.74494],[84.641612,25.733751],[84.65797,25.728095],[84.671967,25.730292],[84.701264,25.742011],[84.713145,25.741767]]]}},{"type":"Feature","properties":{"kind":"rivers","name":"Sapt","source":"Natural Earth 1:10m"},"geometry":{"type":"MultiLineString","coordinates":[[[85.754649,28.551581],[85.750662,28.574774],[85.726654,28.63349],[85.740896,28.651923],[85.763194,28.67418],[85.788666,28.687445],[85.812999,28.678534],[85.83196,28.669135],[85.855724,28.670356],[85.881358,28.67475],[85.905528,28.675116],[85.94752,28.665473],[86.011485,28.651882],[86.044037,28.649929],[86.077403,28.653998],[86.102794,28.66238],[86.121755,28.67532],[86.134044,28.693874],[86.140391,28.732774],[86.146576,28.744696],[86.156342,28.753201],[86.1845,28.760321],[86.195079,28.769639],[86.203705,28.78087],[86.21339,28.790595],[86.239268,28.8039],[86.261974,28.807563],[86.328705,28.803005],[86.354015,28.797553],[86.378673,28.788764],[86.398936,28.776923],[86.413178,28.758368],[86.4192,28.736274],[86.419444,28.69184],[86.427257,28.669501],[86.4463,28.643012],[86.470876,28.619574],[86.495128,28.606228],[86.519949,28.605251],[86.559581,28.622138],[86.580496,28.626736],[86.642345,28.626736],[86.649913,28.624864],[86.652273,28.620714],[86.653901,28.616156],[86.659679,28.613064],[86.751475,28.606228],[86.760509,28.608466],[86.780365,28.618232],[86.792491,28.620469],[86.805105,28.618598],[86.826182,28.609442],[86.837169,28.606228],[86.85906,28.60696],[86.882335,28.610867],[86.904307,28.611518],[86.922862,28.602484],[86.931651,28.599636],[86.979503,28.597764],[86.996755,28.593533],[87.008393,28.592597],[87.036388,28.594306],[87.066417,28.599555],[87.094737,28.608262],[87.118256,28.620469],[87.180919,28.598741],[87.22226,28.614325],[87.273448,28.612087],[87.324474,28.599718],[87.364757,28.585069],[87.392833,28.570421],[87.418386,28.551866],[87.464366,28.506903],[87.475352,28.502061],[87.512462,28.499783],[87.522065,28.492051],[87.55714,28.475206],[87.579112,28.461493],[87.605235,28.441026],[87.614838,28.422471],[87.563406,28.40705],[87.468354,28.337999],[87.465343,28.331732],[87.460948,28.318874],[87.454519,28.282253],[87.450694,28.27379],[87.43214,28.267768],[87.380463,28.272162],[87.357921,28.263617],[87.348643,28.247829],[87.333263,28.198554],[87.330577,28.184434],[87.333995,28.172716],[87.340424,28.162787],[87.344656,28.15351],[87.337169,28.132188],[87.344005,28.120795],[87.364757,28.099148],[87.369558,28.090033],[87.376475,28.068183],[87.378429,28.058173],[87.377371,28.054389],[87.372081,28.043809],[87.371593,28.037665],[87.374522,28.031073],[87.3838,28.019151],[87.385753,28.013129],[87.383556,28.000271],[87.37379,27.978217],[87.371593,27.965033],[87.37379,27.958686],[87.383556,27.948676],[87.385753,27.941474],[87.383393,27.934923],[87.37322,27.919135],[87.371593,27.91413],[87.378429,27.904324],[87.404063,27.883857],[87.413097,27.873155],[87.416921,27.85989],[87.419363,27.830919],[87.422944,27.821357],[87.44394,27.791815],[87.442556,27.774278],[87.423595,27.764024],[87.392019,27.756456],[87.368337,27.754706],[87.362722,27.75019],[87.357921,27.736029],[87.36964,27.708523],[87.372325,27.689805],[87.361339,27.681423],[87.330577,27.599433],[87.311697,27.58157],[87.280935,27.577826],[87.247162,27.553534],[87.214854,27.537136],[87.208425,27.527167],[87.203705,27.513251],[87.192475,27.504096],[87.16684,27.489569],[87.148855,27.472195],[87.140391,27.456122],[87.140717,27.437852],[87.149343,27.413601],[87.166433,27.392157],[87.188406,27.372382],[87.202078,27.350938],[87.19394,27.32449],[87.211843,27.307563],[87.214122,27.248114],[87.23878,27.235134],[87.246674,27.224148],[87.271658,27.171332],[87.27589,27.153144],[87.269054,27.14289],[87.216563,27.09809],[87.205577,27.091173],[87.197276,27.082099],[87.19394,27.067206],[87.195079,27.056423],[87.199718,27.037706],[87.200857,27.026882],[87.197032,27.011908],[87.18808,27.002387],[87.17685,26.993842],[87.16684,26.981879],[87.162608,26.956488],[87.175141,26.903022],[87.169851,26.88288],[87.166108,26.8758],[87.160655,26.854763],[87.159923,26.848456],[87.153819,26.836615],[87.139903,26.826239],[87.112071,26.810574],[87.042247,26.744452],[87.019623,26.735419],[87.003917,26.722968],[86.981212,26.639228],[86.966563,26.617255],[86.961436,26.604804],[86.964366,26.594835],[86.967703,26.587917],[86.969249,26.57685],[86.969493,26.565253],[86.968028,26.556708],[86.960053,26.546413],[86.937918,26.528144],[86.933442,26.516059],[86.931407,26.504462],[86.926036,26.496609],[86.863699,26.460517],[86.754649,26.364936],[86.738373,26.366482],[86.714447,26.35753],[86.691335,26.344753],[86.676768,26.334499],[86.665457,26.329169],[86.650401,26.324652],[86.637299,26.318142],[86.631602,26.306586],[86.626475,26.295478],[86.59075,26.262519],[86.548757,26.205919],[86.542979,26.190497],[86.538992,26.169216],[86.528331,26.154242],[86.461681,26.090644],[86.4463,26.068549],[86.435313,26.02497],[86.418468,25.98961],[86.419444,25.967068],[86.422862,25.961737],[86.435476,25.94892],[86.439952,25.940375],[86.439464,25.930284],[86.436534,25.919704],[86.436046,25.908271],[86.44337,25.896023],[86.453054,25.874091],[86.444021,25.853624],[86.428803,25.833075],[86.419444,25.810614],[86.422293,25.795437],[86.431895,25.78616],[86.443858,25.778632],[86.453624,25.76907],[86.4581,25.757351],[86.462494,25.732856],[86.467214,25.720649],[86.495128,25.700751],[86.523692,25.673611],[86.567149,25.642768],[86.592214,25.629503],[86.636974,25.633572],[86.659679,25.625678],[86.664643,25.619086],[86.680186,25.590888],[86.704031,25.565009],[86.718272,25.552558],[86.73406,25.543077],[86.72934,25.527859],[86.742279,25.522895],[86.759939,25.518581],[86.768972,25.505235],[86.77296,25.493232],[86.783214,25.482449],[86.796641,25.47366],[86.809825,25.467353],[86.821869,25.463894],[86.837576,25.461493],[86.85255,25.462226],[86.861339,25.468044],[86.867605,25.475287],[86.874278,25.474311],[86.881358,25.469916],[86.888682,25.467353],[86.895112,25.46955],[86.907644,25.478868],[86.916026,25.481024],[86.928803,25.47956],[86.974213,25.467353],[86.990489,25.458564],[87.023448,25.431993],[87.036062,25.426459],[87.054291,25.428656],[87.098562,25.446885],[87.187104,25.461208],[87.224213,25.442572],[87.259776,25.434149],[87.296397,25.43948],[87.320242,25.45307],[87.331635,25.455675],[87.474132,25.425482],[87.488292,25.419623],[87.516043,25.411485],[87.540701,25.395372],[87.544932,25.393988],[87.553396,25.384345],[87.55714,25.385443],[87.56837,25.375678],[87.581635,25.371609],[87.608328,25.371161],[87.614187,25.363837],[87.631847,25.331366],[87.64267,25.324042],[87.674246,25.317247],[87.70696,25.299872],[87.735037,25.275987],[87.758311,25.244208]]]}},{"type":"Feature","properties":{"kind":"rivers","name":"Dihang","source":"Natural Earth 1:10m"},"geometry":{"type":"MultiLineString","coordinates":[[[94.355968,29.309516],[94.416515,29.353787],[94.424815,29.362331],[94.445404,29.392686],[94.462901,29.411933],[94.482595,29.428494],[94.502452,29.438666],[94.540701,29.448269],[94.552419,29.454535],[94.573416,29.476345],[94.582286,29.481798],[94.596283,29.486029],[94.627859,29.489529],[94.654552,29.48904],[94.663666,29.486355],[94.671967,29.481716],[94.680756,29.474799],[94.706554,29.464138],[94.730561,29.469591],[94.754405,29.480292],[94.78004,29.485134],[94.794932,29.484565],[94.806895,29.486151],[94.817312,29.491767],[94.835867,29.511257],[94.843435,29.517279],[94.861746,29.528266],[94.875255,29.540554],[94.924083,29.609565],[94.92628,29.621934],[94.913178,29.627265],[94.885916,29.633083],[94.890147,29.646267],[94.916596,29.668809],[94.911388,29.68419],[94.898692,29.690131],[94.891694,29.697211],[94.903575,29.71601],[94.954845,29.756944],[94.968679,29.758124],[94.996186,29.763617],[95.066335,29.76557],[95.084972,29.763739],[95.105886,29.758653],[95.116222,29.758612],[95.124522,29.764228],[95.127208,29.773546],[95.124115,29.782294],[95.117686,29.789618],[95.099701,29.801093],[95.093842,29.806505],[95.092459,29.813666],[95.107595,29.8581],[95.113048,29.867865],[95.128835,29.880194],[95.150971,29.889024],[95.174897,29.893581],[95.195079,29.89293],[95.206554,29.874091],[95.224132,29.866523],[95.245046,29.865994],[95.275808,29.868476],[95.286388,29.866889],[95.296479,29.863145],[95.303966,29.856798],[95.306895,29.850287],[95.307546,29.843533],[95.305919,29.836941],[95.302257,29.830919],[95.298269,29.82807],[95.287039,29.821845],[95.28419,29.818549],[95.288259,29.811225],[95.299408,29.805121],[95.369151,29.784451],[95.384044,29.771104],[95.386241,29.744412],[95.379975,29.72366],[95.379893,29.717149],[95.382253,29.711249],[95.390717,29.701199],[95.394216,29.695665],[95.396495,29.687812],[95.396414,29.680284],[95.392833,29.657294],[95.393891,29.635077],[95.388682,29.607245],[95.388194,29.594916],[95.393158,29.579779],[95.402192,29.562771],[95.406179,29.557685],[95.42213,29.543565],[95.425955,29.537177],[95.427989,29.529405],[95.428722,29.505561],[95.430919,29.498603],[95.437266,29.485622],[95.439138,29.478787],[95.437266,29.463813],[95.428722,29.450995],[95.31601,29.337266],[95.312511,29.330186],[95.254649,29.288398],[95.242198,29.284613],[95.214854,29.282497],[95.201752,29.278835],[95.154714,29.252265],[95.112315,29.218573],[95.101329,29.211941],[95.064708,29.196316],[95.053966,29.188341],[95.047781,29.18004],[95.044444,29.17654],[95.039154,29.173896],[95.032319,29.173041],[95.017589,29.174425],[95.010509,29.173896],[95.000906,29.16824],[95.000255,29.159735],[95.002859,29.149522],[95.00294,29.138861],[94.997569,29.130439],[94.969819,29.110663],[94.934662,29.07213],[94.916596,29.058905],[94.908702,29.051052],[94.904796,29.041205],[94.905284,29.0362],[94.906749,29.031602],[94.907237,29.026719],[94.904796,29.020941],[94.900645,29.016791],[94.86964,28.997585],[94.86321,28.992011],[94.857188,28.984646],[94.843272,28.96129],[94.837576,28.955634],[94.831147,28.950466],[94.816905,28.942572],[94.805675,28.939765],[94.796153,28.938503],[94.788503,28.934597],[94.783214,28.924018],[94.779714,28.89997],[94.778819,28.875434],[94.773448,28.854438],[94.774669,28.845567],[94.784679,28.841824],[94.785492,28.832546],[94.788097,28.826931],[94.793468,28.824083],[94.899994,28.824571],[94.915457,28.82099],[94.924083,28.811632],[94.924327,28.806423],[94.92213,28.803656],[94.918712,28.801703],[94.915619,28.798774],[94.913585,28.7956],[94.912527,28.793036],[94.912039,28.789862],[94.914073,28.773953],[94.916921,28.763007],[94.921316,28.752509],[94.92685,28.742987],[94.937755,28.733344],[94.965343,28.721015],[94.975597,28.712226],[94.977957,28.70539],[94.976736,28.690009],[94.977306,28.682725],[94.982514,28.675401],[94.990245,28.67536],[94.996755,28.678778],[94.999115,28.681952],[95.021495,28.631374],[95.031993,28.616034],[95.079031,28.567206],[95.097992,28.539374],[95.103526,28.507351],[95.099213,28.488471],[95.093679,28.472235],[95.090424,28.455756],[95.096202,28.418036],[95.092459,28.405788],[95.013438,28.326768],[94.999766,28.309353],[94.992931,28.286444],[94.988699,28.259385],[94.989513,28.250556],[94.992931,28.243109],[94.998139,28.237169],[95.010265,28.226386],[95.019054,28.214545],[95.024913,28.201728],[95.031993,28.173651],[95.037201,28.171658],[95.051768,28.161241],[95.06601,28.15587],[95.098888,28.149359],[95.129893,28.148057],[95.145274,28.150336],[95.160085,28.1553],[95.17335,28.163601],[95.182546,28.170844],[95.190847,28.175727],[95.200125,28.178331],[95.212169,28.178494],[95.22698,28.176622],[95.241466,28.173163],[95.255056,28.168036],[95.268158,28.160956],[95.275971,28.155341],[95.281342,28.149359],[95.284923,28.142157],[95.28948,28.123155],[95.293468,28.114529],[95.305756,28.097683],[95.316173,28.088731],[95.329031,28.081651],[95.355479,28.071153],[95.37672,28.065741],[95.384044,28.062608],[95.393077,28.054389],[95.397472,28.044949],[95.398204,28.03205],[95.396495,28.002956]]]}},{"type":"Feature","properties":{"kind":"rivers","name":"Mamas","source":"Natural Earth 1:10m"},"geometry":{"type":"MultiLineString","coordinates":[[[91.776541,28.291856],[91.77589,28.097724],[91.777761,28.08393],[91.791515,28.043321],[91.796886,28.013454],[91.802257,27.999294],[91.808116,27.991075],[91.820811,27.97663],[91.825776,27.968207],[91.828298,27.959093],[91.829112,27.94953],[91.828136,27.939805],[91.819916,27.910224],[91.811453,27.890489],[91.800222,27.872016],[91.786713,27.855658],[91.758393,27.821601],[91.74822,27.802273],[91.741303,27.779853],[91.741954,27.761298],[91.753184,27.726182],[91.751231,27.708116],[91.747488,27.701728],[91.737315,27.690375],[91.732921,27.684353],[91.729991,27.677069],[91.725027,27.654324],[91.6963,27.592597],[91.690929,27.568061],[91.685313,27.515815],[91.673432,27.495632],[91.658376,27.485175],[91.624766,27.469997],[91.609304,27.460313],[91.579519,27.433214],[91.566987,27.417304],[91.558116,27.399441],[91.556651,27.389919],[91.558523,27.3699],[91.557221,27.358954],[91.529226,27.321804],[91.430756,27.276882],[91.391775,27.243028],[91.384695,27.22602],[91.381928,27.174994],[91.377045,27.15294],[91.368907,27.12877],[91.358002,27.105984],[91.3449,27.087755],[91.32545,27.073432],[91.257742,27.046332],[91.236827,27.031317],[91.219656,27.012641],[91.192312,26.969346],[91.172862,26.905707],[91.162364,26.890448],[91.14503,26.883979],[91.025401,26.879096],[90.97462,26.866482],[90.945242,26.838324],[90.95753,26.787543],[90.955089,26.785509],[90.952403,26.784125],[90.946218,26.782335],[90.936697,26.778347],[90.930431,26.771755],[90.919932,26.754218],[90.908132,26.728135],[90.907319,26.704901],[90.91505,26.653876],[90.910818,26.639919],[90.889659,26.609727],[90.881847,26.594509],[90.859467,26.51203],[90.853119,26.501166],[90.846202,26.492458],[90.84075,26.482733],[90.838634,26.469102],[90.841401,26.458604],[90.853282,26.439154],[90.856375,26.429714],[90.856456,26.41946],[90.854584,26.417792],[90.84962,26.416856],[90.840017,26.408515],[90.822765,26.385199],[90.809255,26.360541],[90.803315,26.339952],[90.799083,26.331081],[90.789806,26.32392],[90.776541,26.320746],[90.750255,26.318712],[90.739675,26.311713],[90.733897,26.299628],[90.730561,26.274726],[90.722667,26.263983],[90.712332,26.258653],[90.677257,26.251288],[90.667898,26.247829],[90.660574,26.243109],[90.655772,26.236192],[90.653575,26.226508],[90.655528,26.20779],[90.654714,26.19892],[90.648692,26.192979]]]}},{"type":"Feature","properties":{"kind":"rivers","name":"Brahmaputra","source":"Natural Earth 1:10m"},"geometry":{"type":"MultiLineString","coordinates":[[[95.396495,28.002956],[95.401541,27.971991],[95.418956,27.941718],[95.441335,27.915554],[95.461518,27.896796],[95.47169,27.871365],[95.459483,27.843858],[95.437266,27.824815],[95.417003,27.824774],[95.403331,27.809353],[95.38323,27.793809],[95.360281,27.781806],[95.33839,27.776964],[95.330333,27.772406],[95.293468,27.742784],[95.254405,27.730333],[95.217703,27.725287],[95.149425,27.701239],[95.108165,27.696601],[95.098155,27.691352],[95.090831,27.679267],[95.085541,27.653428],[95.081147,27.640448],[95.093435,27.650906],[95.104096,27.666775],[95.116954,27.68122],[95.135753,27.687567],[95.144135,27.680487],[95.148367,27.663764],[95.147065,27.644395],[95.139415,27.629584],[95.102468,27.60989],[95.024913,27.606757],[94.992442,27.599433],[94.954845,27.574652],[94.94394,27.569403],[94.933116,27.569648],[94.92335,27.571641],[94.916596,27.57156],[94.906342,27.561876],[94.88087,27.528591],[94.875662,27.520046],[94.868175,27.502997],[94.850678,27.501044],[94.831391,27.503485],[94.817556,27.499538],[94.761811,27.458319],[94.752208,27.448594],[94.76946,27.435004],[94.757823,27.419257],[94.721446,27.396796],[94.703136,27.382432],[94.66684,27.363796],[94.649832,27.351833],[94.654796,27.349148],[94.664806,27.341498],[94.670095,27.338731],[94.667003,27.334825],[94.665538,27.331407],[94.66448,27.327989],[94.662852,27.32449],[94.646495,27.328152],[94.631847,27.316107],[94.620616,27.29621],[94.615001,27.276679],[94.622813,27.287462],[94.634532,27.29918],[94.648448,27.308417],[94.662852,27.311469],[94.681407,27.305691],[94.684255,27.294949],[94.676687,27.282009],[94.662852,27.269884],[94.658376,27.269599],[94.654307,27.272406],[94.648367,27.273057],[94.631847,27.260606],[94.61964,27.253607],[94.615001,27.249376],[94.60849,27.23725],[94.601329,27.194159],[94.592865,27.199815],[94.587901,27.207587],[94.586355,27.217353],[94.587576,27.228868],[94.571056,27.218085],[94.565359,27.197048],[94.566498,27.150092],[94.565684,27.139838],[94.560313,27.115587],[94.554779,27.101386],[94.542003,27.09988],[94.518891,27.106024],[94.500906,27.096869],[94.471446,27.069525],[94.4546,27.063788],[94.448416,27.059394],[94.445404,27.049018],[94.444347,27.026882],[94.440684,27.016669],[94.432221,27.007758],[94.417003,26.996161],[94.406261,26.985134],[94.399832,26.980536],[94.389171,26.975653],[94.359386,26.969916],[94.351492,26.965155],[94.325287,26.938788],[94.308116,26.927598],[94.286632,26.920437],[94.264578,26.919013],[94.20753,26.927273],[94.196869,26.92418],[94.184255,26.916571],[94.173757,26.906602],[94.169444,26.896552],[94.164643,26.896674],[94.155284,26.883246],[94.147716,26.86872],[94.148936,26.86579],[94.143565,26.862372],[94.121593,26.852159],[94.121186,26.855414],[94.121593,26.86579],[94.114757,26.858344],[94.113292,26.869452],[94.119395,26.883246],[94.135183,26.906806],[94.113455,26.912421],[94.093435,26.901923],[94.076427,26.88703],[94.063487,26.879462],[94.044363,26.875841],[94.0088,26.858466],[93.991222,26.852159],[93.945567,26.841579],[93.927013,26.831651],[93.906505,26.813992],[93.877533,26.778673],[93.863373,26.765937],[93.841075,26.755927],[93.763764,26.739529],[93.751557,26.732042],[93.656668,26.714952],[93.635916,26.718085],[93.61671,26.724799],[93.59905,26.734239],[93.583588,26.746039],[93.567963,26.75198],[93.5053,26.755927],[93.462576,26.766954],[93.439952,26.768093],[93.415701,26.762152],[93.410818,26.759589],[93.406668,26.756049],[93.377452,26.723456],[93.368337,26.718451],[93.357595,26.718451],[93.346202,26.723009],[93.325776,26.734931],[93.313243,26.739773],[93.300222,26.741767],[93.28712,26.740912],[93.274343,26.737128],[93.248057,26.724433],[93.183116,26.674018],[93.141612,26.654568],[93.119151,26.647488],[93.10434,26.649766],[93.086681,26.656195],[93.062511,26.654608],[93.018565,26.646064],[92.898448,26.65351],[92.884207,26.650987],[92.880626,26.644477],[92.879975,26.635443],[92.874522,26.625596],[92.85377,26.612006],[92.833751,26.608344],[92.732595,26.613593],[92.710704,26.611355],[92.67628,26.600206],[92.657156,26.590847],[92.648692,26.581244],[92.644542,26.5692],[92.623139,26.53323],[92.614513,26.52322],[92.594737,26.517524],[92.508067,26.515733],[92.478933,26.519477],[92.429698,26.534695],[92.401541,26.5362],[92.391205,26.53323],[92.353282,26.515733],[92.325125,26.508165],[92.313894,26.502712],[92.302013,26.492133],[92.292735,26.487576],[92.255056,26.474799],[92.249522,26.473944],[92.24464,26.471544],[92.240652,26.468044],[92.237071,26.463568],[92.234386,26.458319],[92.232432,26.452704],[92.230968,26.446885],[92.230235,26.44123],[92.22462,26.44123],[92.202647,26.454617],[92.172781,26.442939],[92.124441,26.403388],[92.110362,26.394843],[92.075776,26.380154],[92.065847,26.372382],[92.063406,26.358751],[92.069265,26.326117],[92.065847,26.309638],[92.056895,26.30329],[92.040701,26.297146],[92.022472,26.292304],[92.007823,26.290391],[91.997081,26.287055],[91.970795,26.272081],[91.952891,26.268663],[91.933523,26.269558],[91.924734,26.268012],[91.915701,26.262885],[91.911876,26.258979],[91.902599,26.246161],[91.897553,26.24197],[91.891205,26.238796],[91.884369,26.236599],[91.878022,26.235378],[91.869884,26.235867],[91.854096,26.239691],[91.846121,26.239325],[91.692393,26.171942],[91.665294,26.166449],[91.619395,26.171332],[91.606944,26.1706],[91.595144,26.16706],[91.542084,26.144843],[91.529063,26.141059],[91.498139,26.139757],[91.39088,26.170437],[91.37558,26.172146],[91.360444,26.171576],[91.329845,26.164008],[91.316417,26.162177],[91.302826,26.162665],[91.288178,26.165595],[91.275076,26.170478],[91.250418,26.183214],[91.198253,26.202826],[91.135509,26.213568],[91.119721,26.211859],[91.062104,26.186835],[91.029552,26.179999],[90.963796,26.17414],[90.932872,26.162543],[90.902843,26.142646],[90.887462,26.134955],[90.869151,26.130886],[90.84962,26.130439],[90.839692,26.1317],[90.831065,26.134711],[90.825125,26.139024],[90.813975,26.149197],[90.807384,26.15351],[90.7942,26.157986],[90.752452,26.160183],[90.739513,26.162787],[90.728282,26.167548],[90.706391,26.180121],[90.682058,26.190009],[90.583018,26.205146],[90.506847,26.228705],[90.490001,26.228868],[90.473888,26.224555],[90.459972,26.214871],[90.434255,26.178249],[90.421479,26.168402],[90.402924,26.161444],[90.364513,26.154568],[90.346121,26.148301],[90.308442,26.125067],[90.294037,26.119737],[90.242442,26.11282],[90.226329,26.106472],[90.1963,26.084499],[90.176768,26.077216],[90.135753,26.067654],[90.045421,26.034044],[89.97519,26.018988],[89.954194,26.010688],[89.936615,25.99433],[89.904063,25.941962],[89.889659,25.926459],[89.859386,25.902167],[89.846446,25.888739],[89.836436,25.871405],[89.812999,25.815741],[89.744884,25.709499],[89.736827,25.69184],[89.722585,25.630927],[89.7046,25.592963],[89.697765,25.572943],[89.697032,25.550727],[89.70696,25.506212],[89.707612,25.483344],[89.698416,25.438788],[89.699229,25.417344],[89.697276,25.399278],[89.691417,25.382025],[89.675385,25.348944],[89.670909,25.324327],[89.678315,25.305243],[89.690929,25.287177],[89.700776,25.265733],[89.702647,25.241767],[89.696707,25.219916],[89.685069,25.200141],[89.662527,25.173367],[89.65797,25.163845],[89.649994,25.130683],[89.626231,25.074774],[89.612722,24.959825],[89.612722,24.94835],[89.614268,24.937079],[89.618093,24.926215],[89.624278,24.915839],[89.647472,24.889838],[89.658132,24.8699],[89.665294,24.848334],[89.670665,24.802924],[89.673595,24.791531],[89.679291,24.780707],[89.7046,24.750556],[89.715831,24.726426],[89.731537,24.651719],[89.759858,24.586982],[89.767996,24.549587],[89.768972,24.53087],[89.767345,24.511176],[89.759288,24.479844],[89.758311,24.442572],[89.749034,24.370551],[89.749034,24.360785],[89.7553,24.322455],[89.754649,24.283271],[89.751475,24.268256],[89.749034,24.26081],[89.734793,24.232733],[89.733165,24.22366],[89.734874,24.216498],[89.741222,24.201199],[89.743175,24.193183],[89.743337,24.183783],[89.739675,24.156684],[89.740326,24.131293],[89.739675,24.122992],[89.734793,24.105984],[89.701671,24.035509],[89.696788,24.016059],[89.695811,23.997016],[89.700287,23.958116],[89.726085,23.884467],[89.744395,23.858669],[89.785655,23.796739],[89.803722,23.779812],[89.843272,23.756049],[89.855072,23.746609],[89.908621,23.67414],[89.920095,23.665229],[89.934011,23.659776],[89.969005,23.652167],[89.985037,23.644355],[90.142589,23.544501],[90.170339,23.520453],[90.19337,23.506903],[90.212901,23.495469],[90.225352,23.483018],[90.235281,23.474392],[90.250092,23.461982]],[[89.755463,24.274441],[89.75644,24.272895],[89.75823,24.271511],[89.763927,24.268012],[89.765717,24.264268],[89.792572,24.237576],[89.803722,24.2296],[89.806651,24.226589],[89.807628,24.221218],[89.808116,24.199327],[89.826101,24.195136],[89.829845,24.185981],[89.827891,24.176825],[89.828868,24.172634],[89.832286,24.166124],[89.828298,24.151801],[89.826427,24.137559],[89.835704,24.131049],[89.8838,24.131049],[89.907156,24.089464],[89.913259,24.08747],[89.922781,24.086778],[89.931244,24.085069],[89.935069,24.079861],[89.936453,24.071804],[89.940033,24.065741],[89.961436,24.039618],[89.970307,24.034857],[89.996349,24.035468],[90.026296,24.030707],[90.038503,24.03087],[90.050955,24.035468],[90.044932,24.021796],[90.066417,24.015082],[90.083507,24.013048],[90.094737,24.005968],[90.103282,23.967719],[90.114675,23.955919],[90.146658,23.939276],[90.148936,23.936713],[90.151296,23.932644],[90.154714,23.928412],[90.160248,23.925605],[90.166108,23.925889],[90.169037,23.932644],[90.174571,23.933051],[90.194591,23.925971],[90.205007,23.920844],[90.212169,23.915635],[90.22698,23.898017],[90.238292,23.880398],[90.246023,23.86046],[90.250418,23.836249],[90.240896,23.797431],[90.222992,23.757188],[90.220225,23.729356],[90.256602,23.727607],[90.276541,23.737413],[90.290701,23.749701],[90.302664,23.756659],[90.315115,23.750556],[90.347179,23.715766],[90.35963,23.706488],[90.378022,23.697821],[90.405284,23.693793],[90.421641,23.686062],[90.466889,23.643866],[90.476329,23.631415],[90.457042,23.625515],[90.458018,23.608507],[90.476329,23.582953]]]}},{"type":"Feature","properties":{"kind":"rivers","name":"Tista","source":"Natural Earth 1:10m"},"geometry":{"type":"MultiLineString","coordinates":[[[88.591807,27.695095],[88.59962,27.684394],[88.607188,27.663398],[88.612315,27.653428],[88.617931,27.648139],[88.634044,27.637641],[88.639578,27.632921],[88.659923,27.60578],[88.66684,27.589423],[88.667003,27.57156],[88.65919,27.555976],[88.646983,27.549913],[88.612315,27.544216],[88.592865,27.534003],[88.584402,27.530585],[88.551768,27.526638],[88.543956,27.523749],[88.533702,27.508653],[88.527599,27.487657],[88.52296,27.448594],[88.522553,27.441596],[88.523448,27.430854],[88.521576,27.407091],[88.5206,27.401557],[88.502615,27.37755],[88.497813,27.373074],[88.493663,27.368191],[88.48878,27.358669],[88.486095,27.3487],[88.485037,27.332099],[88.481944,27.32449],[88.478038,27.323432],[88.464936,27.325303],[88.460948,27.32449],[88.458995,27.320176],[88.456391,27.308295],[88.450694,27.295844],[88.449474,27.288642],[88.44752,27.282294],[88.44044,27.276679],[88.44044,27.269884],[88.449474,27.263536],[88.462332,27.246161],[88.471446,27.24254],[88.485769,27.24018],[88.495372,27.232937],[88.500662,27.221055],[88.502452,27.204698],[88.510916,27.183621],[88.526378,27.169013],[88.533214,27.154324],[88.516124,27.132676],[88.478282,27.11225],[88.472667,27.106879],[88.466238,27.09516],[88.457123,27.083441],[88.444428,27.07807],[88.434662,27.066596],[88.449474,27.012966],[88.44044,26.996161],[88.44044,26.989325],[88.448416,26.989325],[88.448416,26.981879],[88.442393,26.963324],[88.459727,26.926947],[88.509288,26.858344],[88.612315,26.749091],[88.646088,26.692694],[88.664154,26.663601],[88.675141,26.65058],[88.739187,26.59516],[88.756358,26.568305],[88.763113,26.5362],[88.761974,26.525702],[88.757091,26.507921],[88.756277,26.502061],[88.759044,26.492784],[88.768077,26.477566],[88.769949,26.471381],[88.775076,26.460069],[88.890717,26.342068],[88.937266,26.276679],[89.054454,26.164659],[89.081716,26.153754],[89.093435,26.138495],[89.133067,26.070665],[89.145274,26.034613],[89.157725,26.009467],[89.161062,25.969428],[89.167247,25.954047],[89.2199,25.92654],[89.22934,25.923285],[89.238292,25.912421],[89.290619,25.865831],[89.296397,25.856309],[89.300792,25.846503],[89.307058,25.837592],[89.317963,25.830512],[89.328868,25.829372],[89.353445,25.831366],[89.371186,25.823798],[89.39503,25.820014],[89.399913,25.813747],[89.404714,25.809394],[89.468028,25.773383],[89.483002,25.759792],[89.48935,25.738349],[89.493663,25.728095],[89.50294,25.719591],[89.516612,25.71072],[89.518077,25.705837],[89.531668,25.686143],[89.537852,25.674384],[89.539154,25.668524],[89.538829,25.664333],[89.535492,25.65115],[89.534272,25.642442],[89.534679,25.634101],[89.536632,25.625922],[89.543468,25.609076],[89.551524,25.573554],[89.5595,25.559353],[89.564138,25.552598],[89.570079,25.545925],[89.576264,25.54206],[89.583507,25.539984],[89.636974,25.534369],[89.654063,25.529568],[89.660737,25.525662],[89.666108,25.51907],[89.667491,25.512071],[89.664968,25.49669],[89.664561,25.487372],[89.666108,25.477403],[89.668956,25.467637],[89.672862,25.459011],[89.677664,25.452216],[89.696544,25.435085],[89.696218,25.434394],[89.6963,25.433946],[89.696788,25.433417],[89.697032,25.432644]]]}},{"type":"Feature","properties":{"kind":"rivers","name":"Yalong","source":"Natural Earth 1:10m"},"geometry":{"type":"MultiLineString","coordinates":[[[97.616628,34.064236],[97.60906,34.046007],[97.591319,34.033718],[97.345714,33.942084],[97.328298,33.931912],[97.313243,33.920478],[97.235769,33.841986],[97.226736,33.834906],[97.216401,33.831732],[97.190847,33.828803],[97.181895,33.824327],[97.172374,33.81745],[97.164643,33.81448],[97.159272,33.809638],[97.157237,33.797065],[97.159434,33.787706],[97.171641,33.759141],[97.217296,33.554145],[97.223562,33.538275],[97.231944,33.524115],[97.243663,33.50906],[97.248057,33.494086],[97.24822,33.474921],[97.251557,33.458319],[97.276378,33.444892],[97.331716,33.373155],[97.344168,33.360907],[97.359386,33.35574],[97.396902,33.352607],[97.417003,33.348171],[97.431651,33.341417],[97.473888,33.358222],[97.518647,33.370063],[97.564545,33.376166],[97.609793,33.375556],[97.672374,33.363634],[97.695404,33.361925],[97.715831,33.368516],[97.749441,33.399766],[97.768077,33.409735],[97.800548,33.402371],[97.840017,33.376573],[97.875662,33.343329],[97.897227,33.313544],[97.899343,33.304145],[97.901378,33.281358],[97.904063,33.272528],[97.911388,33.262966],[97.951264,33.228624],[97.969493,33.22248],[98.045665,33.215115],[98.055431,33.211127],[98.060313,33.205146],[98.065115,33.19599],[98.071056,33.187527],[98.079112,33.183783],[98.116303,33.179755],[98.157807,33.170193],[98.172944,33.158393],[98.186453,33.142442],[98.201915,33.128363],[98.223399,33.122341],[98.237641,33.1164],[98.319753,33.0456],[98.336925,33.014594],[98.364024,32.936794],[98.391612,32.904975],[98.432384,32.888983],[98.521007,32.868476],[98.576427,32.844428],[98.593272,32.841173],[98.60377,32.846544],[98.612234,32.859198],[98.61964,32.873969],[98.627452,32.885565],[98.643891,32.890163],[98.664643,32.883368],[98.761241,32.820665],[98.765636,32.833686],[98.775808,32.832221],[98.788097,32.825019],[98.799083,32.820665],[98.816905,32.817694],[98.822032,32.809516],[98.824229,32.797431],[98.8331,32.782823],[98.851654,32.759345],[98.862397,32.752875],[98.87794,32.755479],[98.904307,32.764472],[98.905284,32.766059],[98.914806,32.76378],[98.925792,32.754503],[98.935964,32.752387],[98.953543,32.754706],[98.981456,32.764431],[98.99407,32.766059],[99.003917,32.762315],[99.04184,32.738105],[99.049734,32.728135],[99.056163,32.703681],[99.062266,32.689765],[99.095876,32.650458],[99.103933,32.635118],[99.089854,32.627753],[99.082123,32.610053],[99.081716,32.589708],[99.090261,32.574286],[99.071544,32.562283],[99.064464,32.539618],[99.065033,32.513699],[99.069591,32.491767],[99.082612,32.456651],[99.082612,32.443915],[99.076752,32.437323],[99.053722,32.423611],[99.043224,32.414862],[99.031505,32.412543],[99.019786,32.408637],[99.014415,32.398953],[99.010265,32.383653],[99.000255,32.37877],[98.988048,32.377143],[98.966563,32.367255],[98.951671,32.365261],[98.938243,32.361151],[98.932546,32.350857],[98.934988,32.338935],[98.952891,32.299913],[98.976573,32.305528],[98.995942,32.299994],[99.013276,32.290961],[99.031505,32.286241],[99.04127,32.285102],[99.062266,32.279975],[99.072765,32.278835],[99.082286,32.282782],[99.106619,32.301052],[99.117442,32.306749],[99.142019,32.308214],[99.203136,32.293077],[99.225515,32.292426],[99.245697,32.289008],[99.264415,32.280626],[99.281993,32.265163],[99.302338,32.231635],[99.32366,32.186957],[99.326671,32.17536],[99.333751,32.170274],[99.340831,32.168321],[99.344005,32.165839],[99.345144,32.150702],[99.348399,32.147162],[99.354747,32.147081],[99.364513,32.142279],[99.39503,32.117621],[99.412201,32.110622],[99.43629,32.108181],[99.455333,32.102973],[99.463878,32.089301],[99.467459,32.046698],[99.471446,32.027899],[99.480479,32.007351],[99.494151,31.99079],[99.511811,31.983995],[99.528575,31.975165],[99.561046,31.932156],[99.576182,31.916327],[99.635834,31.896755],[99.64503,31.885037],[99.647227,31.875352],[99.656668,31.853624],[99.658702,31.844021],[99.656749,31.822577],[99.658376,31.817003],[99.665538,31.806464],[99.68214,31.79088],[99.720714,31.772895],[99.737641,31.762152],[99.752045,31.743435],[99.781668,31.676134],[99.806163,31.651719],[99.841319,31.640937],[99.970225,31.628852],[100.017833,31.616034],[100.060557,31.595567],[100.090017,31.56627],[100.096934,31.545193],[100.102306,31.500596],[100.114024,31.480984],[100.140554,31.460273],[100.155528,31.453681],[100.15919,31.445868],[100.161632,31.436632],[100.165131,31.429145],[100.183116,31.416612],[100.206147,31.405707],[100.226166,31.392117],[100.234793,31.371405],[100.239268,31.349677],[100.268891,31.298774],[100.282319,31.25727],[100.291515,31.191921],[100.305186,31.150458],[100.309825,31.128038],[100.309825,31.064521],[100.306407,31.052314],[100.308604,31.040839],[100.308849,30.959255],[100.307872,30.950792],[100.306244,30.943671],[100.302989,30.936306],[100.278901,30.918728],[100.266205,30.896023],[100.245128,30.888739],[100.199962,30.881659],[100.163829,30.856716],[100.149832,30.821112],[100.152192,30.779893],[100.197032,30.657986],[100.217703,30.626329],[100.248464,30.60045],[100.271983,30.584581],[100.288829,30.570258],[100.316742,30.538398],[100.332774,30.52501],[100.355724,30.514431],[100.382335,30.507392],[100.409434,30.50491],[100.440115,30.463324],[100.453624,30.448798],[100.463145,30.444037],[100.53297,30.438666],[100.562511,30.430528],[100.577403,30.414903],[100.587983,30.420762],[100.594005,30.419786],[100.604584,30.408067],[100.605235,30.405219],[100.604584,30.391303],[100.606456,30.387152],[100.610362,30.387478],[100.614838,30.388861],[100.618256,30.387559],[100.628673,30.374864],[100.63974,30.366807],[100.666108,30.354071],[100.680919,30.34337],[100.69101,30.330634],[100.707042,30.298855],[100.716563,30.285427],[100.728038,30.272325],[100.737722,30.257921],[100.741791,30.240505],[100.750255,30.225898],[100.787364,30.221055],[100.80421,30.193427],[100.822846,30.194037],[100.842865,30.199042],[100.854503,30.19953],[100.863048,30.189724],[100.866222,30.187038],[100.915701,30.196072],[100.936697,30.207587],[100.956635,30.210639],[100.977957,30.209093],[100.995697,30.203233],[101.002208,30.18004],[100.99879,30.157294],[100.991954,30.136013],[100.98821,30.117255],[100.994395,30.11046],[101.006114,30.107001],[101.013194,30.101833],[101.005626,30.089952],[101.001964,30.082221],[101.00351,30.073106],[101.007253,30.063056],[101.009369,30.052436],[101.003022,30.006903],[101.003022,29.981147],[101.012462,29.969835],[101.027192,29.960476],[101.061941,29.916124],[101.070811,29.901557],[101.086925,29.859158],[101.090343,29.839179],[101.08839,29.75377],[101.084402,29.736436],[101.072358,29.712348],[101.070811,29.702338],[101.074148,29.691474],[101.088145,29.671698],[101.091238,29.665107],[101.089936,29.66059],[101.083751,29.647895],[101.081065,29.643988],[101.080089,29.640489],[101.083425,29.629828],[101.084402,29.623847],[101.086681,29.617377],[101.118337,29.575629],[101.125092,29.569892],[101.132253,29.565782],[101.124766,29.52794],[101.152354,29.464667],[101.139659,29.428575],[101.107188,29.399726],[101.087576,29.386054],[101.074229,29.380194],[101.07252,29.378363],[101.058604,29.369656],[101.050304,29.366523],[101.039806,29.367051],[101.030528,29.370673],[101.021088,29.372138],[101.009369,29.366523],[101.009369,29.359727],[101.01588,29.350287],[101.018158,29.345486],[101.015636,29.346055],[101.021495,29.344509],[101.029307,29.345242],[101.035492,29.34809],[101.036062,29.352891],[101.040701,29.342353],[101.042979,29.331977],[101.054617,29.202948],[101.061697,29.1789],[101.074229,29.167914],[101.093761,29.160834],[101.105235,29.143256],[101.118663,29.099677],[101.151378,29.029975],[101.149913,29.013373],[101.142833,29.003363],[101.142182,28.994249],[101.150401,28.966661],[101.160818,28.960476],[101.172455,28.956163],[101.180675,28.948798],[101.184255,28.928005],[101.173839,28.86286],[101.175141,28.796454],[101.180675,28.776923],[101.186046,28.768663],[101.191417,28.764675],[101.196707,28.759874],[101.201101,28.749579],[101.202566,28.739285],[101.201915,28.684923],[101.242117,28.495185],[101.270437,28.415961],[101.279796,28.399115],[101.292979,28.383653],[101.31129,28.374701],[101.331065,28.372138],[101.349864,28.36579],[101.365001,28.345526],[101.366628,28.335761],[101.363292,28.315863],[101.365001,28.304551],[101.369395,28.298163],[101.382742,28.285753],[101.385509,28.280707],[101.384044,28.257351],[101.371755,28.201524],[101.378917,28.166083],[101.408214,28.140937],[101.443126,28.118964],[101.467377,28.092882],[101.478282,28.070746],[101.487315,28.063056],[101.525971,28.065009],[101.540538,28.073676],[101.571056,28.133857],[101.587901,28.149604],[101.608328,28.164618],[101.625418,28.180447],[101.632416,28.198432],[101.634776,28.208441],[101.644542,28.227851],[101.652924,28.284044],[101.652924,28.325629],[101.655772,28.33629],[101.666515,28.36286],[101.674408,28.372138],[101.71046,28.396674],[101.721202,28.407009],[101.746023,28.474392],[101.749115,28.492947],[101.745046,28.534857],[101.74822,28.550401],[101.762787,28.565253],[101.828136,28.594062],[101.84962,28.612087],[101.875987,28.618354],[101.903819,28.621202],[101.919932,28.620469],[101.937999,28.606757],[101.936046,28.592597],[101.925873,28.577582],[101.913829,28.54446],[101.872081,28.482733],[101.864268,28.442694],[101.881928,28.363349],[101.885753,28.325629],[101.883556,28.316514],[101.874278,28.294989],[101.861908,28.277655],[101.86085,28.26907],[101.860932,28.260321],[101.858409,28.249945],[101.848237,28.231716],[101.813731,28.191596],[101.796397,28.160509],[101.791596,28.146308],[101.790538,28.139268],[101.790131,28.130154],[101.786713,28.109483],[101.771983,28.07746],[101.769054,28.058173],[101.773936,28.036811],[101.785574,28.028347],[101.824311,28.023993],[101.845225,28.024237],[101.854503,28.021674],[101.858409,28.013129],[101.853526,28.0067],[101.827159,27.989285],[101.822846,27.980658],[101.839447,27.96251],[101.861257,27.946804],[101.872081,27.944892],[101.868582,27.923774],[101.85963,27.911241],[101.848562,27.900946],[101.837901,27.886176],[101.867442,27.886094],[101.882335,27.876532],[101.885346,27.859809],[101.878917,27.838446],[101.91155,27.82453],[101.924897,27.786241],[101.934255,27.743109],[101.9546,27.714911],[101.977306,27.710883],[101.997081,27.712429],[102.010834,27.707587],[102.016124,27.684516],[102.015147,27.665839],[102.010916,27.642768],[102.002615,27.622626],[101.98878,27.612494],[101.994395,27.603868],[101.99822,27.59573],[102.000499,27.587999],[102.001394,27.580675],[101.997569,27.560126],[101.97877,27.519843],[101.974539,27.496405],[101.97226,27.430487],[101.960867,27.365505],[101.950125,27.337226],[101.937266,27.317003],[101.90325,27.280097],[101.889089,27.257636],[101.871349,27.205349],[101.858409,27.180487],[101.868175,27.176052],[101.874278,27.166693],[101.87672,27.157416],[101.875499,27.153144],[101.875662,27.150946],[101.844737,27.139512],[101.828705,27.128038],[101.815522,27.11461],[101.80657,27.097439],[101.803233,27.074327],[101.797944,27.056098],[101.773692,27.011786],[101.72877,26.968817],[101.708425,26.962022],[101.696788,26.956814],[101.687104,26.947781],[101.699311,26.932156],[101.702729,26.893134],[101.72519,26.848456],[101.732188,26.844672],[101.769054,26.837917],[101.796479,26.817694],[101.836436,26.763454],[101.865245,26.742947],[101.855968,26.732042],[101.824311,26.674018],[101.82366,26.669257],[101.825206,26.65823],[101.824311,26.65351],[101.813406,26.638129],[101.796397,26.605089]]]}},{"type":"Feature","properties":{"kind":"rivers","name":null,"source":"Natural Earth 1:10m"},"geometry":{"type":"MultiLineString","coordinates":[[[80.940684,31.391547],[80.921153,31.382107],[80.899913,31.382392],[80.862315,31.388129],[80.85198,31.38581],[80.831554,31.37755],[80.820811,31.375108],[80.808442,31.375312],[80.787039,31.380072],[80.73585,31.382148],[80.724132,31.38821],[80.674734,31.446845],[80.655528,31.46247],[80.631847,31.472113],[80.61964,31.474148],[80.606049,31.474799],[80.530284,31.46662],[80.48878,31.470404],[80.451915,31.486396],[80.423595,31.5185],[80.404714,31.55919],[80.398041,31.58161],[80.3956,31.604112],[80.389252,31.620917],[80.374522,31.634874],[80.356456,31.648261],[80.340912,31.663113],[80.31129,31.711941],[80.306895,31.727362],[80.303152,31.752794],[80.292979,31.770209],[80.259044,31.799628],[80.216401,31.852647],[80.185476,31.869818],[80.175222,31.88996],[80.162852,31.929389],[80.132498,31.995673],[80.066661,32.080837],[80.05071,32.13227],[80.042735,32.145697],[79.981375,32.193793],[79.937266,32.238389],[79.930186,32.248399],[79.92628,32.267035],[79.916596,32.286566],[79.904307,32.304145],[79.810802,32.39411],[79.778575,32.409776],[79.746104,32.419623],[79.731863,32.426337],[79.700857,32.449571],[79.693289,32.458075],[79.689952,32.467556],[79.689952,32.486029],[79.687999,32.492621],[79.683116,32.497911]]]}},{"type":"Feature","properties":{"kind":"rivers","name":"Ganges","source":"Natural Earth 1:10m"},"geometry":{"type":"MultiLineString","coordinates":[[[79.84075,30.888495],[79.820323,30.856757],[79.813731,30.840155],[79.813487,30.819607],[79.818451,30.802924],[79.83489,30.768907],[79.84075,30.750678],[79.840261,30.744696],[79.837901,30.740017],[79.836925,30.733954],[79.84075,30.723985],[79.849213,30.714626],[79.868907,30.700751],[79.874929,30.689236],[79.856537,30.684882],[79.847097,30.675564],[79.833914,30.648261],[79.824799,30.637234],[79.807384,30.626654],[79.796397,30.61754],[79.779307,30.595486],[79.753835,30.546576],[79.738292,30.524115],[79.715343,30.508165],[79.684988,30.500108],[79.654714,30.501654],[79.631602,30.514512],[79.593272,30.550645],[79.568777,30.56684],[79.545909,30.573188],[79.522553,30.563992],[79.436046,30.482367],[79.409434,30.439073],[79.388927,30.42239],[79.340831,30.409939],[79.3213,30.398057],[79.31308,30.372097],[79.31308,30.371161],[79.306733,30.345974],[79.290701,30.323188],[79.268891,30.30447],[79.218761,30.2803],[79.205089,30.277167],[79.189545,30.277696],[79.177989,30.282172],[79.170665,30.288926],[79.165701,30.295356],[79.162364,30.298855],[79.136974,30.304307],[79.020274,30.307685],[79.000662,30.306016],[78.903819,30.267849],[78.878347,30.264716],[78.858653,30.25906],[78.803152,30.235907],[78.789073,30.233344],[78.779714,30.238105],[78.770763,30.236355],[78.762462,30.232245],[78.754812,30.229926],[78.741954,30.232489],[78.70989,30.242784],[78.696218,30.244208],[78.687104,30.240017],[78.642589,30.204454],[78.594249,30.145209],[78.582612,30.122138],[78.578868,30.097602],[78.586355,30.072862],[78.537201,30.077338],[78.528575,30.076361],[78.517345,30.073188],[78.46339,30.072862],[78.453054,30.07571],[78.441905,30.081488],[78.433035,30.090603],[78.42213,30.122138],[78.40504,30.132351],[78.384532,30.133897],[78.367198,30.126899],[78.357921,30.13349],[78.34547,30.139106],[78.332123,30.142035],[78.320079,30.14057],[78.285818,30.096503],[78.28004,30.071601],[78.265717,30.054063],[78.230724,30.024482],[78.164073,29.949897],[78.154877,29.925482],[78.156342,29.89997],[78.160737,29.877224],[78.19044,29.79267],[78.197846,29.748236],[78.189057,29.706732],[78.154877,29.675076],[78.107188,29.654568],[78.094737,29.646511],[78.090017,29.642442],[78.084483,29.641059],[78.069347,29.640937],[78.042084,29.634874],[78.018891,29.619208],[78.000987,29.597032],[77.990489,29.572048],[77.991791,29.531073],[78.011241,29.497667],[78.035655,29.467231],[78.052419,29.434841],[78.053722,29.419867],[78.050304,29.389268],[78.052419,29.373969],[78.062104,29.363796],[78.075206,29.35574],[78.082042,29.344672],[78.072358,29.325629],[78.103526,29.27851],[78.117198,29.25141],[78.117686,29.2331],[78.113536,29.222683],[78.115001,29.211859],[78.118744,29.201483],[78.120942,29.192165],[78.115245,29.179755],[78.088471,29.153144],[78.079845,29.140652],[78.076101,29.058051],[78.079519,29.046942],[78.072032,28.991319],[78.072358,28.969306],[78.0949,28.935981],[78.105968,28.913642],[78.10377,28.897325],[78.096202,28.88703],[78.095795,28.877631],[78.098562,28.867865],[78.100352,28.856309],[78.099132,28.851386],[78.094005,28.841986],[78.092784,28.835883],[78.095876,28.828477],[78.103038,28.824164],[78.110362,28.821316],[78.114675,28.818468],[78.118663,28.814317],[78.123057,28.813422],[78.12672,28.811632],[78.128347,28.804796],[78.126964,28.799913],[78.121593,28.788031],[78.120942,28.784369],[78.12379,28.778144],[78.13144,28.770046],[78.134532,28.763861],[78.140229,28.74787],[78.146495,28.738349],[78.165701,28.719184],[78.182709,28.692898],[78.183604,28.67182],[78.177989,28.649848],[78.176036,28.620469],[78.195323,28.570258],[78.264659,28.488796],[78.279063,28.441718],[78.27239,28.43476],[78.267507,28.428168],[78.26474,28.421251],[78.2671,28.419989],[78.271983,28.414984],[78.276866,28.407986],[78.279063,28.400743],[78.275401,28.390448],[78.268321,28.381049],[78.263927,28.372016],[78.268565,28.36286],[78.275483,28.355007],[78.280935,28.344794],[78.284597,28.333441],[78.285818,28.322292],[78.290131,28.306952],[78.300792,28.296169],[78.326752,28.277208],[78.345225,28.251776],[78.353526,28.243109],[78.37379,28.229804],[78.382742,28.221991],[78.406261,28.186103],[78.441417,28.150662],[78.456065,28.12641],[78.46339,28.105902],[78.477061,28.092882],[78.543956,28.045193],[78.556651,28.03974],[78.569591,28.037665],[78.584727,28.032782],[78.595307,28.021186],[78.604096,28.007514],[78.614268,27.996039],[78.62558,27.989936],[78.669526,27.975613],[78.711681,27.96894],[78.720714,27.965033],[78.73878,27.952012],[78.759939,27.945583],[78.806082,27.941474],[78.877045,27.922187],[78.895112,27.913153],[78.939464,27.882839],[78.945893,27.872585],[78.950694,27.848904],[78.956716,27.838446],[78.981212,27.827012],[79.032807,27.83161],[79.055919,27.821357],[79.076264,27.815619],[79.130056,27.827501],[79.155528,27.817939],[79.161388,27.810411],[79.163992,27.802843],[79.165701,27.794257],[79.1692,27.7838],[79.192963,27.735704],[79.195567,27.723985],[79.195567,27.711046],[79.197032,27.699327],[79.203624,27.691352],[79.265391,27.6671],[79.298269,27.649685],[79.33196,27.636827],[79.368582,27.634101],[79.409923,27.646593],[79.443289,27.60696],[79.464692,27.586534],[79.480724,27.577704],[79.493175,27.573432],[79.515717,27.554714],[79.528575,27.550401],[79.546479,27.548163],[79.554779,27.541531],[79.557872,27.530829],[79.561697,27.486884],[79.566417,27.475369],[79.576182,27.46308],[79.598562,27.448594],[79.611095,27.437812],[79.622488,27.417507],[79.626231,27.394843],[79.628429,27.351833],[79.631602,27.340888],[79.636241,27.330512],[79.648936,27.311469],[79.684255,27.276475],[79.689952,27.266425],[79.697765,27.241523],[79.716726,27.225043],[79.765636,27.201606],[79.819021,27.156928],[79.837983,27.145209],[79.850841,27.141059],[79.857595,27.139919],[79.864838,27.139512],[79.91155,27.148383],[79.930186,27.143744],[79.950613,27.119005],[79.990245,27.049628],[80.008311,27.026882],[80.012462,27.017117],[80.010753,27.006415],[80.007253,26.995673],[80.005056,26.985622],[80.009369,26.97073],[80.019949,26.957221],[80.089854,26.896918],[80.107839,26.873725],[80.115001,26.848456],[80.117686,26.8039],[80.121674,26.781358],[80.128184,26.762152],[80.141612,26.742377],[80.162608,26.722602],[80.186127,26.707384],[80.231212,26.69599],[80.245128,26.681952],[80.253184,26.662136],[80.262136,26.62991],[80.290538,26.570095],[80.296886,26.548692],[80.305756,26.541287],[80.317882,26.53738],[80.330658,26.5362],[80.336355,26.530137],[80.343272,26.500067],[80.347748,26.488389],[80.403331,26.441596],[80.414806,26.436225],[80.42628,26.432318],[80.509939,26.381049],[80.525971,26.364936],[80.532725,26.348944],[80.553315,26.262966],[80.553803,26.25198],[80.558849,26.238227],[80.570567,26.232611],[80.584402,26.229071],[80.5949,26.221503],[80.59962,26.210517],[80.599132,26.202216],[80.596446,26.194119],[80.5949,26.183661],[80.597667,26.174587],[80.604584,26.169053],[80.622162,26.160102],[80.673106,26.114814],[80.69044,26.104844],[80.700694,26.103827],[80.718761,26.10989],[80.728282,26.11164],[80.742931,26.110175],[80.750011,26.106024],[80.755626,26.099555],[80.765554,26.091173],[80.788585,26.080634],[80.796886,26.07335],[80.800304,26.060411],[80.797944,26.049099],[80.795095,26.040351],[80.798432,26.034044],[80.813975,26.029731],[80.832449,26.047919],[80.853445,26.058173],[80.877859,26.062812],[80.906342,26.06391],[80.925792,26.066596],[80.961925,26.076972],[80.985281,26.076931],[81.010753,26.071357],[81.032807,26.060981],[81.04835,26.044053],[81.05421,26.018866],[81.065196,26.000312],[81.090424,25.984076],[81.117931,25.972276],[81.135509,25.967068],[81.163178,25.962958],[81.187266,25.955268],[81.204112,25.939276],[81.213878,25.882839],[81.224539,25.868516],[81.243744,25.860378],[81.294444,25.84516],[81.302013,25.840766],[81.358653,25.78616],[81.366791,25.780829],[81.384044,25.777167],[81.392833,25.772162],[81.402761,25.758897],[81.400483,25.749538],[81.392019,25.740424],[81.382498,25.728095],[81.37672,25.704291],[81.382823,25.682074],[81.399994,25.665595],[81.44101,25.654893],[81.464122,25.636094],[81.47877,25.631903],[81.51295,25.631171],[81.515147,25.62873],[81.515636,25.624538],[81.526134,25.60932],[81.530935,25.599718],[81.538992,25.591091],[81.553803,25.584662],[81.566173,25.584011],[81.598888,25.590888],[81.630056,25.586534],[81.639252,25.574246],[81.642833,25.554796],[81.657481,25.529486],[81.663666,25.524482],[81.676768,25.519843],[81.684093,25.515815],[81.704682,25.494696],[81.716889,25.493598],[81.745128,25.495795],[81.75587,25.491278],[81.778331,25.477973],[81.798757,25.480658],[81.841807,25.502143],[81.885753,25.512885],[81.90797,25.511664],[81.917491,25.498399],[81.913097,25.477118],[81.904552,25.45836],[81.898936,25.438341],[81.90325,25.412787],[81.918956,25.376288],[81.937511,25.344509],[81.95045,25.333767],[81.9699,25.32449],[81.991303,25.320909],[82.009369,25.327094],[82.025483,25.335273],[82.042979,25.335557],[82.060069,25.329047],[82.075206,25.316596],[82.082286,25.300808],[82.08253,25.287706],[82.08839,25.278876],[82.112397,25.27558],[82.129161,25.282009],[82.159272,25.310167],[82.181407,25.316596],[82.191661,25.314724],[82.204194,25.309638],[82.214773,25.302069],[82.219249,25.29267],[82.217459,25.280382],[82.213878,25.272284],[82.208995,25.264919],[82.205007,25.255154],[82.196218,25.218817],[82.196218,25.202826],[82.201752,25.189968],[82.216401,25.183702],[82.236501,25.185736],[82.273204,25.193671],[82.264415,25.203559],[82.239024,25.213243],[82.225352,25.220323],[82.243744,25.239936],[82.253917,25.257676],[82.266124,25.270616],[82.290619,25.27558],[82.312429,25.263129],[82.327647,25.215115],[82.348888,25.214179],[82.360362,25.224921],[82.372325,25.253201],[82.383067,25.26199],[82.397227,25.26081],[82.414073,25.252631],[82.430186,25.241482],[82.441417,25.231228],[82.47698,25.186143],[82.496755,25.169867],[82.527192,25.159491],[82.551036,25.157823],[82.578217,25.1612],[82.592784,25.173163],[82.567556,25.2178],[82.585948,25.225043],[82.615245,25.224189],[82.636974,25.220323],[82.684825,25.193671],[82.730072,25.155951],[82.778575,25.124945],[82.835541,25.118598],[82.871023,25.137234],[82.920421,25.194607],[82.961925,25.206732],[82.995942,25.204942],[83.008311,25.21072],[83.019949,25.22781],[83.025076,25.246161],[83.023367,25.262397],[83.016531,25.276679],[83.006277,25.289252],[83.041515,25.323065],[83.134939,25.326443],[83.171397,25.351345],[83.179779,25.378852],[83.177826,25.410264],[83.163097,25.436143],[83.1338,25.446885],[83.123057,25.452216],[83.130463,25.464138],[83.153901,25.484442],[83.161632,25.49494],[83.174327,25.519477],[83.185639,25.529486],[83.212576,25.535224],[83.23349,25.524726],[83.253347,25.509792],[83.290945,25.49787],[83.311697,25.479112],[83.325857,25.47488],[83.342052,25.477851],[83.368337,25.491278],[83.383067,25.494696],[83.409434,25.487006],[83.436697,25.467231],[83.482921,25.423041],[83.507253,25.406928],[83.53004,25.401923],[83.543875,25.411566],[83.54127,25.43948],[83.503184,25.48904],[83.490896,25.517117],[83.510265,25.529486],[83.536388,25.534613],[83.558849,25.547797],[83.59962,25.584052],[83.617117,25.597724],[83.634044,25.604031],[83.664154,25.611436],[83.692963,25.614691],[83.705658,25.608262],[83.711192,25.601345],[83.723155,25.594835],[83.735037,25.586493],[83.740489,25.573839],[83.745128,25.550971],[83.749441,25.537787],[83.75351,25.529486],[83.771983,25.517279],[83.793549,25.515896],[83.839692,25.52204],[83.88087,25.52204],[83.897716,25.523993],[83.904307,25.529568],[83.908376,25.538153],[83.917979,25.549343],[83.981944,25.589382],[84.003429,25.608262],[84.058116,25.673774],[84.143484,25.736274],[84.179779,25.745958],[84.212901,25.728095],[84.217377,25.713568],[84.22047,25.695095],[84.229991,25.681098],[84.253835,25.679714],[84.272472,25.692939],[84.308116,25.738634],[84.326182,25.748562],[84.339773,25.752712],[84.355968,25.760565],[84.372651,25.765163],[84.387625,25.759467],[84.419037,25.73078],[84.437999,25.718777],[84.463959,25.711982],[84.479747,25.703477],[84.486501,25.700751],[84.49879,25.699083],[84.560313,25.701972],[84.577159,25.700019],[84.595795,25.693305],[84.617279,25.702257],[84.668224,25.705919],[84.688975,25.717231],[84.709402,25.737616],[84.728526,25.749701],[84.749278,25.753363],[84.775076,25.748562],[84.853119,25.712429],[84.881358,25.707587],[84.904796,25.711493],[84.949229,25.729519],[84.973888,25.734931],[84.996349,25.73489],[85.058849,25.728095],[85.085948,25.721055],[85.102061,25.703681],[85.124034,25.659206],[85.142833,25.641872],[85.162608,25.638292],[85.182709,25.637641],[85.20989,25.626247],[85.233653,25.619574],[85.237071,25.618232],[85.244721,25.613593],[85.251964,25.603095],[85.261241,25.584662],[85.272472,25.56741],[85.284434,25.554267],[85.299327,25.546007],[85.319591,25.543077],[85.333263,25.537665],[85.369395,25.51378],[85.388113,25.508368],[85.421397,25.517035],[85.456065,25.537787],[85.515066,25.584662],[85.559662,25.523464],[85.576589,25.508368],[85.621349,25.482042],[85.634288,25.471137],[85.651947,25.463446],[85.670909,25.469306],[85.72169,25.504177],[85.737641,25.510688],[85.755951,25.514594],[85.778819,25.515815],[85.830658,25.50495],[85.872081,25.478217],[85.946381,25.412787],[85.997,25.380316],[86.019135,25.359158],[86.028331,25.33393],[86.039154,25.33039],[86.089447,25.331977],[86.104096,25.330186],[86.115896,25.331488],[86.162201,25.326199],[86.176036,25.320258],[86.185802,25.319281],[86.222585,25.329413],[86.241222,25.330186],[86.257904,25.325385],[86.274425,25.317572],[86.290294,25.306708],[86.306163,25.29267],[86.318126,25.292507],[86.377859,25.31037],[86.41505,25.330878],[86.446056,25.361884],[86.470225,25.397773],[86.487722,25.433214],[86.506847,25.462673],[86.534434,25.482856],[86.564382,25.485216],[86.59075,25.461208],[86.578868,25.418769],[86.5796,25.375067],[86.591075,25.334988],[86.611257,25.303534],[86.649669,25.273057],[86.693858,25.256415],[86.739675,25.256374],[86.782481,25.27558],[86.834727,25.325954],[86.85849,25.340644],[86.867931,25.347927],[86.889903,25.349962],[86.920421,25.333319],[86.974213,25.289252],[86.996186,25.278388],[87.046886,25.268907],[87.07724,25.254218],[87.08782,25.255927],[87.098155,25.259792],[87.108409,25.26199],[87.12379,25.25727],[87.147065,25.235175],[87.159923,25.22781],[87.190115,25.230292],[87.217703,25.248358],[87.238536,25.27501],[87.248627,25.303534],[87.282156,25.356147],[87.303722,25.377061],[87.331554,25.387274],[87.342459,25.395819],[87.351085,25.398505],[87.356619,25.397813],[87.372325,25.393337],[87.382091,25.392279],[87.401378,25.394395],[87.443858,25.405951],[87.478282,25.403754],[87.490652,25.399685],[87.501882,25.392279],[87.511974,25.381944],[87.518077,25.371365],[87.529796,25.344509],[87.535737,25.320136],[87.539806,25.316596],[87.549734,25.315253],[87.558116,25.311957],[87.570242,25.303534],[87.581472,25.289984],[87.588634,25.276882],[87.598643,25.26671],[87.659597,25.255154],[87.681163,25.245469],[87.726085,25.251654],[87.749522,25.248318],[87.759776,25.243516],[87.770112,25.237006],[87.778819,25.227607],[87.783702,25.214179],[87.783376,25.200303],[87.779063,25.192003],[87.773204,25.184597],[87.76946,25.173163],[87.768647,25.159288],[87.770437,25.148017],[87.776296,25.124783],[87.776459,25.117987],[87.775076,25.103339],[87.776296,25.096869],[87.780935,25.089911],[87.786876,25.087592],[87.792572,25.086615],[87.797374,25.083808],[87.835541,25.047187],[87.860606,25.030788],[87.885509,25.022325],[87.894054,25.020819],[87.913097,25.00373],[87.91627,25.001899],[87.935313,25.00434],[87.943858,25.000596],[87.954275,24.987616],[87.961192,24.966173],[87.9581,24.944159],[87.948985,24.92414],[87.937022,24.908759],[87.914806,24.889024],[87.908702,24.878363],[87.906668,24.860948],[87.911143,24.844428],[87.92213,24.826524],[87.94752,24.795762],[87.944916,24.755316],[87.959483,24.717231],[88.00587,24.655544],[88.021495,24.645819],[88.040457,24.640652],[88.056733,24.634304],[88.066905,24.613878],[88.081472,24.600124],[88.084727,24.594062],[88.084727,24.541938],[88.085541,24.536933],[88.089692,24.53323],[88.098399,24.522732],[88.111257,24.502061],[88.118907,24.494167],[88.133393,24.482489],[88.151378,24.471706],[88.171153,24.463731],[88.190847,24.460639],[88.225108,24.460639],[88.236257,24.462755],[88.250906,24.472195],[88.259776,24.474311],[88.272227,24.474962],[88.283376,24.477118],[88.292898,24.480577],[88.299734,24.48546],[88.307872,24.486151],[88.316417,24.468451],[88.321707,24.462755],[88.328136,24.460639],[88.379487,24.402289],[88.387218,24.38878],[88.405284,24.37169],[88.426687,24.357001],[88.444428,24.350775],[88.483328,24.352973],[88.506114,24.357978],[88.516124,24.367499],[88.681407,24.334052],[88.714285,24.315619],[88.737071,24.287299],[88.742686,24.247748],[88.744558,24.243679],[88.747081,24.227159],[88.749278,24.223456],[88.746104,24.214219],[88.734386,24.198594],[88.731212,24.190009],[88.732188,24.1824],[88.73585,24.174587],[88.751475,24.152655],[88.758067,24.147406],[88.782481,24.135769],[88.796967,24.126003],[88.804779,24.122097],[88.824474,24.119086],[88.842784,24.123236],[88.907319,24.150987],[88.920909,24.159451],[88.930675,24.171576],[88.941173,24.171942],[88.950694,24.170437],[88.959727,24.16706],[88.969005,24.161973],[88.976736,24.155951],[88.999929,24.127794],[89.022553,24.107204],[89.032725,24.100043],[89.036632,24.095323],[89.040457,24.086046],[89.042491,24.07807],[89.045421,24.070583],[89.05185,24.062323],[89.059255,24.05504],[89.065684,24.047065],[89.069753,24.03795],[89.069753,24.027452],[89.066498,24.014838],[89.065033,24.005316],[89.068126,23.996446],[89.077566,23.985867],[89.088715,23.977159]],[[87.93808,24.805732],[87.920014,24.782009],[87.920421,24.72663],[87.933197,24.635077],[87.940929,24.619452],[88.028087,24.547878],[88.057384,24.515896],[88.051768,24.510321],[88.050385,24.504991],[88.052745,24.49962],[88.065359,24.4831],[88.070567,24.467393],[88.071056,24.464057],[88.077891,24.456163],[88.109304,24.450954],[88.118907,24.446967],[88.120372,24.433214],[88.114757,24.420762],[88.112804,24.409369],[88.125662,24.398546],[88.142182,24.40823],[88.150076,24.405829],[88.152843,24.397244],[88.152924,24.388292],[88.156261,24.37169],[88.164806,24.365587],[88.17685,24.362331],[88.205333,24.346503],[88.212332,24.341417],[88.215017,24.33336],[88.217052,24.324327],[88.222179,24.324164],[88.22877,24.326199],[88.235606,24.323513],[88.23878,24.322699],[88.247325,24.317654],[88.252452,24.311876],[88.245942,24.30919],[88.239024,24.307481],[88.234386,24.302924],[88.231212,24.296454],[88.22877,24.288682],[88.253022,24.27143],[88.260346,24.228135],[88.256602,24.141303],[88.232188,24.070258],[88.220714,24.060655],[88.209727,24.015692],[88.194591,24.001329],[88.220144,23.990261],[88.22877,23.987657],[88.22877,23.980251],[88.203217,23.981147],[88.198741,23.97309],[88.208263,23.949774],[88.209483,23.928168],[88.221283,23.870958],[88.223643,23.840155],[88.22755,23.826768],[88.239024,23.812608],[88.240489,23.79914],[88.237804,23.774766],[88.228119,23.756456],[88.208263,23.761094],[88.200125,23.742214],[88.173595,23.716986],[88.15976,23.699652],[88.153087,23.683214],[88.146902,23.657742],[88.148204,23.634304],[88.163178,23.623969],[88.219005,23.606513],[88.22877,23.606879],[88.222992,23.627061],[88.224132,23.635281],[88.235606,23.637559],[88.239268,23.633165],[88.256602,23.603461],[88.248057,23.589789],[88.252615,23.580919],[88.264171,23.576606],[88.276459,23.576768],[88.288178,23.582099],[88.324962,23.610297],[88.330007,23.592149],[88.321381,23.574286],[88.304454,23.559027],[88.283295,23.548855],[88.294688,23.536444],[88.312999,23.535712],[88.333751,23.538194],[88.352306,23.535183],[88.365001,23.524115],[88.367931,23.511786],[88.356944,23.469346],[88.356537,23.46247],[88.354991,23.456814],[88.341319,23.44123],[88.34075,23.437567],[88.3449,23.433946],[88.352306,23.425971],[88.35906,23.421576],[88.368256,23.419216],[88.376069,23.41413],[88.379487,23.401719],[88.378998,23.390937],[88.377452,23.383612],[88.372081,23.370714],[88.370372,23.36046],[88.370372,23.351752],[88.367198,23.345649],[88.342703,23.340644],[88.340831,23.333808],[88.343679,23.324978],[88.34547,23.316107],[88.34547,23.278184],[88.347748,23.269802],[88.353526,23.26671],[88.360281,23.265163],[88.365896,23.26085],[88.382253,23.225287],[88.392182,23.215766],[88.413097,23.212429],[88.444347,23.217393],[88.457449,23.212429],[88.468272,23.192572],[88.447276,23.154405],[88.447276,23.142361],[88.460948,23.130479],[88.472341,23.126288],[88.483653,23.123887],[88.492198,23.118964],[88.495616,23.107245],[88.491791,23.096991],[88.473643,23.07449],[88.468272,23.062852],[88.481619,23.061835],[88.491954,23.056749],[88.495128,23.049343],[88.48878,23.041124],[88.475027,23.037543],[88.462169,23.039496],[88.450694,23.039089],[88.44044,23.028103],[88.448416,23.021267],[88.431082,23.003526],[88.417735,22.986518],[88.409272,22.967068],[88.406912,22.945502]],[[88.429128,24.35578],[88.421641,24.333279],[88.430105,24.323554],[88.442312,24.314643],[88.453298,24.283393],[88.466238,24.270087],[88.482514,24.264472],[88.499034,24.271674],[88.518077,24.263454],[88.53712,24.229926],[88.539643,24.199246],[88.509288,24.199327],[88.512625,24.188585],[88.518891,24.184516],[88.525645,24.183051],[88.529714,24.18004],[88.531749,24.171983],[88.530854,24.168158],[88.529389,24.164862],[88.529714,24.158393],[88.528738,24.151964],[88.524913,24.148017],[88.523448,24.14411],[88.529714,24.137885],[88.538259,24.136583],[88.555675,24.145819],[88.564545,24.144721],[88.567393,24.139228],[88.568614,24.122423],[88.570811,24.117377],[88.578136,24.114691],[88.584727,24.115749],[88.591238,24.117621],[88.598643,24.117377],[88.619721,24.108466],[88.625906,24.098456],[88.626964,24.086208],[88.632823,24.070258],[88.636322,24.074286],[88.642996,24.078966],[88.646414,24.083279],[88.648529,24.066596],[88.646658,24.036444],[88.641124,24.005723],[88.632823,23.987657],[88.653575,23.983507],[88.67921,23.983669],[88.700613,23.980496],[88.708507,23.966579],[88.746511,23.966742],[88.755382,23.964789],[88.76295,23.960476],[88.769949,23.953559],[88.787201,23.961697],[88.803966,23.953396],[88.821788,23.940009],[88.841889,23.933051],[88.853038,23.92536],[88.862722,23.908026],[88.862885,23.889512],[88.845714,23.878445],[88.858816,23.872097],[88.868663,23.869005],[88.872976,23.870958],[88.871104,23.862372],[88.86614,23.857611],[88.86085,23.854438],[88.858653,23.850531],[88.858653,23.802069],[88.86964,23.713813],[88.869558,23.699652],[88.860444,23.684516],[88.858653,23.682644],[88.855968,23.678046],[88.850027,23.679755],[88.844249,23.683783],[88.841889,23.686062],[88.826915,23.681179],[88.824962,23.669379],[88.832042,23.641303],[88.825776,23.636746],[88.811615,23.630683],[88.796641,23.626532],[88.78712,23.627712],[88.774099,23.633734],[88.764415,23.627061],[88.761729,23.61286],[88.769949,23.596625],[88.750418,23.590644],[88.740164,23.585517],[88.73585,23.579901],[88.740001,23.564276],[88.749522,23.555935],[88.7588,23.549262],[88.767507,23.524522],[88.786143,23.505683],[88.790538,23.497016],[88.793712,23.485216],[88.802257,23.482937],[88.828298,23.486762],[88.831065,23.473741],[88.828136,23.448106],[88.834727,23.429958],[88.86614,23.438992],[88.874441,23.447943],[88.884532,23.461534],[88.895763,23.472439],[88.907237,23.47309],[88.909109,23.465359],[88.906261,23.436143],[88.907237,23.425971],[88.899913,23.424099],[88.892833,23.419501],[88.889415,23.412909],[88.893565,23.404853],[88.899994,23.403266],[88.930675,23.404853],[88.939138,23.396511],[88.938243,23.380194],[88.929454,23.369452],[88.913992,23.377509],[88.90504,23.36225],[88.933035,23.356269],[88.97047,23.358466],[88.989024,23.367255],[88.994884,23.381659],[88.99464,23.388373],[88.985362,23.391181],[88.976329,23.396796],[88.970632,23.401394],[88.967865,23.404853],[88.974376,23.417426],[88.990001,23.410956],[89.006765,23.396511],[89.016368,23.384955],[89.016775,23.380194],[89.014171,23.376532],[89.010753,23.373481],[89.009532,23.370714],[89.012136,23.367255],[89.021088,23.360541],[89.023204,23.357042],[89.022065,23.3487],[89.017507,23.340196],[89.015147,23.283393],[89.019786,23.27143],[89.020763,23.261908],[89.012706,23.251654],[89.002045,23.24197],[88.995942,23.234158],[88.996755,23.222846],[89.003022,23.212836],[89.012706,23.209988],[89.023204,23.219835],[89.027192,23.216579],[89.029796,23.214911],[89.036876,23.212429],[89.040619,23.205186],[89.049571,23.193915],[89.054698,23.183458],[89.047374,23.1789],[89.04127,23.173529],[89.051199,23.161322],[89.074718,23.141384],[89.106212,23.088202],[89.119395,23.075873],[89.097992,23.04739],[89.09075,23.033026],[89.085216,23.014431],[89.078136,22.998969],[89.076427,22.987413],[89.081554,22.976874],[89.093272,22.973009],[89.103526,22.976996],[89.112315,22.978339],[89.119395,22.96662],[89.095225,22.953315],[89.091401,22.949286],[89.093272,22.934272],[89.098155,22.930487],[89.104747,22.931708],[89.112071,22.931912],[89.12379,22.934272],[89.1303,22.930203],[89.136811,22.893622],[89.133393,22.890082],[89.119395,22.897773],[89.116954,22.894355],[89.11671,22.893256],[89.115733,22.892605],[89.112071,22.890245],[89.121755,22.877753],[89.125906,22.870632],[89.126557,22.863959],[89.126231,22.853054],[89.12851,22.837755],[89.134776,22.825995],[89.143565,22.822089],[89.153575,22.830105],[89.160492,22.822618],[89.153331,22.817979],[89.149994,22.811632],[89.15032,22.803778],[89.153575,22.794704],[89.163829,22.800401],[89.174246,22.808376],[89.183604,22.813788],[89.191417,22.812079],[89.193289,22.802802],[89.177745,22.779893],[89.174083,22.767401],[89.180756,22.767401],[89.189464,22.774522],[89.193777,22.768256],[89.196788,22.756456],[89.201264,22.746894],[89.225597,22.736436],[89.242198,22.732204],[89.249766,22.736396],[89.256114,22.736843],[89.270274,22.728135],[89.284434,22.716864],[89.290619,22.709337],[89.295909,22.704657],[89.306082,22.700303],[89.311697,22.692816],[89.304291,22.678656],[89.263438,22.705919],[89.268647,22.681586],[89.279063,22.667792],[89.291921,22.656114],[89.304291,22.637722],[89.295665,22.633124],[89.292491,22.625352],[89.293549,22.615098],[89.293142,22.600124]],[[89.088308,23.978339],[89.088715,23.977159]],[[89.088715,23.977159],[89.11614,23.955756],[89.137462,23.943061],[89.15919,23.933539],[89.186453,23.9289],[89.26946,23.936794],[89.296479,23.935004],[89.321381,23.929877],[89.345144,23.920478],[89.377859,23.89997],[89.467296,23.864854],[89.490001,23.852729],[89.53004,23.819444],[89.555675,23.814805],[89.573171,23.819932],[89.603282,23.837755],[89.61964,23.843695],[89.674897,23.848456],[89.708914,23.856798],[89.723399,23.85574],[89.753673,23.845486],[89.749278,23.848009]],[[89.088715,23.977159],[89.096202,23.956],[89.097179,23.95246],[89.09726,23.948554],[89.098155,23.9442],[89.104503,23.934272],[89.11378,23.926052],[89.156668,23.898464],[89.177419,23.881537],[89.182628,23.873114],[89.184174,23.865058],[89.187592,23.859076],[89.210541,23.853705],[89.2199,23.846503],[89.249522,23.816433],[89.255463,23.806749],[89.255951,23.771674],[89.261974,23.751817],[89.276541,23.739529],[89.311127,23.72016],[89.35255,23.671739],[89.381114,23.673407],[89.397716,23.678087],[89.410737,23.679226],[89.42099,23.674425],[89.480479,23.593044],[89.493093,23.579901],[89.499441,23.570014],[89.503835,23.55744],[89.509776,23.546658],[89.52003,23.54206],[89.525808,23.537421],[89.516531,23.527411],[89.503347,23.517768],[89.496755,23.514106],[89.495616,23.506659],[89.496511,23.499376],[89.499034,23.492621],[89.50294,23.486762],[89.518972,23.508409],[89.548106,23.505683],[89.578705,23.490098],[89.598643,23.47309],[89.607595,23.45307],[89.626475,23.370714],[89.613536,23.376003],[89.609467,23.379421],[89.605968,23.384955],[89.598643,23.384955],[89.597585,23.353054],[89.612315,23.315212],[89.637625,23.288194],[89.667491,23.288764],[89.656261,23.273301],[89.636241,23.255316],[89.627615,23.240343],[89.680919,23.226996],[89.683197,23.209906],[89.680105,23.189236],[89.694835,23.171454],[89.707286,23.17003],[89.716238,23.175605],[89.72462,23.182481],[89.736339,23.185126],[89.750255,23.179796],[89.755951,23.170518],[89.752859,23.161729],[89.740164,23.157782],[89.733816,23.153428],[89.718354,23.133368],[89.710948,23.119086],[89.700776,23.122585],[89.681163,23.137966],[89.680268,23.126736],[89.681733,23.11754],[89.684825,23.109971],[89.689138,23.103827],[89.697765,23.096951],[89.714773,23.093817],[89.722667,23.089545],[89.732514,23.07628],[89.756847,23.028103],[89.77296,23.010321],[89.804861,22.9831],[89.81837,22.96662],[89.82252,22.957302],[89.828136,22.939073],[89.83253,22.931912],[89.838145,22.928005],[89.853282,22.92182],[89.859304,22.91824],[89.879649,22.896511],[89.887218,22.890245],[89.928233,22.870429],[89.942882,22.857286],[89.99879,22.768866],[90.006765,22.750271],[90.010753,22.726426],[90.009939,22.686143],[90.013276,22.667304],[90.024425,22.651313],[90.01588,22.627753],[90.014415,22.596137],[90.017833,22.566352],[90.024425,22.548285],[90.019542,22.538438],[90.011974,22.511094],[90.010183,22.490261]],[[90.087494,23.57864],[90.083507,23.557725],[90.069021,23.527696],[90.067963,23.519843],[90.06894,23.511786],[90.0713,23.503933],[90.079031,23.488552],[90.112397,23.438992],[90.093435,23.427558],[90.082123,23.388699],[90.064708,23.391181],[90.074148,23.377956],[90.095307,23.375067],[90.116466,23.369167],[90.126231,23.346788],[90.127371,23.335273],[90.132335,23.311713],[90.133718,23.298407],[90.129893,23.290595],[90.121104,23.290107],[90.111501,23.294623],[90.105561,23.301825],[90.098888,23.301825],[90.098888,23.26085],[90.105561,23.26085],[90.108002,23.274766],[90.116466,23.280341],[90.128184,23.277899],[90.140554,23.267646],[90.145437,23.253933],[90.143158,23.243272],[90.145437,23.236599],[90.164073,23.234158],[90.180186,23.233913],[90.197358,23.231635],[90.212576,23.225165],[90.22226,23.212429],[90.219819,23.204535],[90.212576,23.191311]],[[90.212576,23.191311],[90.212169,23.190619],[90.201752,23.177354],[90.191742,23.171454],[90.175955,23.173611],[90.171641,23.179226],[90.174571,23.19599],[90.177419,23.199042],[90.184255,23.199978],[90.198416,23.199408],[90.208507,23.197374],[90.212169,23.192816],[90.212576,23.191311]],[[90.212576,23.191311],[90.21339,23.188015],[90.215424,23.185126],[90.235606,23.182644],[90.245942,23.180121],[90.250418,23.175157],[90.254812,23.149726],[90.253184,23.139228],[90.242931,23.130479],[90.242931,23.124294],[90.266612,23.122423],[90.2942,23.116726],[90.318614,23.106024],[90.332123,23.089545],[90.325287,23.089545],[90.331391,23.075303],[90.324718,23.0692],[90.312266,23.065741],[90.301199,23.059109],[90.292084,23.042833],[90.30185,23.041327],[90.317312,23.043484],[90.325287,23.038031],[90.326182,23.020697],[90.325287,23.021267],[90.323741,23.015815],[90.319428,23.010565],[90.317312,23.004584],[90.322032,22.997016],[90.334727,22.988552],[90.346934,22.982489],[90.355968,22.975287],[90.35963,22.962917],[90.364513,22.955024],[90.375011,22.945624],[90.384776,22.933783],[90.387462,22.91824],[90.384695,22.914822],[90.373139,22.906277],[90.370128,22.904568],[90.366466,22.901231],[90.365326,22.84573],[90.36964,22.81684],[90.379324,22.79267],[90.394216,22.774848]],[[88.406912,22.945502],[88.444428,22.945502],[88.455984,22.943427],[88.475597,22.934027],[88.485362,22.931912],[88.495535,22.934272],[88.503917,22.940131],[88.528331,22.968451],[88.53655,22.980292],[88.546397,22.984076],[88.555919,22.985297],[88.565115,22.983181],[88.574474,22.976874],[88.585948,22.971218],[88.598562,22.970404],[88.609386,22.971137],[88.615733,22.970038],[88.620209,22.961127],[88.620616,22.952338],[88.622813,22.944525],[88.632823,22.938747],[88.639252,22.938747],[88.644786,22.94127],[88.649669,22.944363],[88.653819,22.945502],[88.655365,22.945828],[88.668224,22.945868],[88.667003,22.945502],[88.704112,22.946357],[88.724213,22.943305],[88.739268,22.935329],[88.746511,22.920844],[88.750662,22.884345],[88.756277,22.870429],[88.773041,22.855048],[88.788666,22.849189],[88.828298,22.849311],[88.829682,22.845242],[88.838878,22.836859],[88.848643,22.829861],[88.85255,22.830105],[88.854096,22.818427],[88.851736,22.810655],[88.838308,22.794704],[88.84962,22.788845],[88.851003,22.783474],[88.847992,22.777859],[88.845714,22.771104],[88.840587,22.745714],[88.838308,22.739447],[88.830496,22.736599],[88.821544,22.739203],[88.813975,22.739529],[88.810964,22.729844],[88.812999,22.721055],[88.81837,22.715766],[88.825206,22.711534],[88.832042,22.705919],[88.868175,22.663642],[88.879812,22.657538],[88.900483,22.658067],[88.916515,22.662055],[88.929617,22.658759],[88.941905,22.637722],[88.951671,22.612128],[88.956065,22.585232],[88.949799,22.562201],[88.927664,22.548285],[88.958588,22.536973],[88.970632,22.528144],[88.979584,22.491075],[88.997976,22.451483],[89.002208,22.428168],[89.000255,22.420274],[88.991791,22.407172],[88.989024,22.396837],[88.989268,22.38703],[89.000987,22.333848],[89.00644,22.321641],[89.023204,22.29503],[89.008718,22.285834],[89.018321,22.264838],[89.061941,22.211737],[89.070323,22.195014],[89.075776,22.175238],[89.077729,22.151068],[89.060313,22.130642]],[[88.406912,22.945502],[88.403901,22.9171],[88.39796,22.896837],[88.379487,22.856757],[88.365896,22.815782],[88.348155,22.788194],[88.34547,22.778266],[88.348562,22.758002],[88.362804,22.721218],[88.365896,22.698513],[88.364024,22.656073],[88.356944,22.612616],[88.342296,22.57628],[88.317393,22.555121],[88.296886,22.554023],[88.271983,22.55622],[88.251231,22.553656],[88.242442,22.538031],[88.241222,22.526719],[88.237641,22.521796],[88.230072,22.520779],[88.218272,22.521023],[88.206716,22.51671],[88.199799,22.506781],[88.194265,22.495429],[88.187104,22.486843],[88.170909,22.480821],[88.150483,22.475898],[88.133067,22.468695],[88.125662,22.455837],[88.137218,22.418077],[88.139659,22.398871],[88.129242,22.390652],[88.106944,22.383816],[88.101085,22.367214],[88.105235,22.329169],[88.103038,22.314154],[88.099132,22.299384],[88.09669,22.293769],[88.082123,22.271918],[88.080577,22.268826],[88.0796,22.265204],[88.077891,22.248847],[88.075694,22.241278],[88.070893,22.23489]],[[88.406261,22.945502],[88.406912,22.945502]],[[89.293142,22.600124],[89.290619,22.606635],[89.288259,22.616482],[89.281993,22.627387],[89.273367,22.635606],[89.263438,22.637722],[89.257253,22.63349],[89.255056,22.626085],[89.255951,22.606635],[89.259288,22.598253],[89.265636,22.589423],[89.27003,22.580756],[89.266775,22.572537],[89.255626,22.561347],[89.250987,22.553412],[89.249929,22.545518],[89.249766,22.534613],[89.252371,22.512274],[89.261241,22.495185],[89.290619,22.465766],[89.271007,22.458808],[89.258393,22.443671],[89.255056,22.424262],[89.263438,22.404324],[89.251964,22.393337],[89.25294,22.381212],[89.262462,22.368516],[89.277192,22.355902],[89.265717,22.337266],[89.27532,22.31269],[89.295909,22.291083],[89.317963,22.281358],[89.30714,22.260118],[89.305756,22.24197],[89.342296,22.130561],[89.351492,22.127712],[89.358979,22.120795],[89.364024,22.112657],[89.365815,22.106024],[89.368093,22.103624],[89.383556,22.092393],[89.387299,22.086697],[89.385753,22.08393],[89.382091,22.082099],[89.380056,22.079047],[89.376394,22.063788],[89.367198,22.048855],[89.345307,22.020697],[89.350678,22.012274],[89.35255,22.000271],[89.352143,21.972276]],[[89.293142,22.600124],[89.293061,22.597968]],[[89.475678,22.29503],[89.454112,22.317003],[89.444347,22.334052],[89.441498,22.352159],[89.440115,22.398993],[89.431244,22.464708],[89.420665,22.492051],[89.42213,22.503485],[89.427419,22.516303],[89.425548,22.5338],[89.408376,22.562323],[89.393891,22.575629],[89.354015,22.594916],[89.345307,22.602891],[89.330658,22.593451],[89.312592,22.586982],[89.297293,22.589382],[89.293142,22.600124]]]}},{"type":"Feature","properties":{"kind":"rivers","name":"Indus","source":"Natural Earth 1:10m"},"geometry":{"type":"MultiLineString","coordinates":[[[72.70696,34.085517],[72.667491,34.05919],[72.651866,34.043524],[72.645763,34.023261],[72.63323,34.01378],[72.604991,34.013373],[72.509532,34.02265],[72.467459,34.020453],[72.430675,34.011298],[72.398692,33.993191],[72.36671,33.969346],[72.348399,33.961005],[72.254975,33.944403],[72.240326,33.937934],[72.225841,33.901231],[72.241303,33.804796],[72.23406,33.765977],[72.223155,33.774237],[72.210867,33.776475],[72.198253,33.773505],[72.186453,33.765977],[72.171886,33.773057],[72.152599,33.777289],[72.114757,33.779649],[72.087413,33.789903],[72.082937,33.788153],[72.062918,33.765977],[72.052826,33.76085],[72.031749,33.753974],[72.021902,33.746161],[72.010183,33.71601],[72.004893,33.711371],[71.999034,33.703437],[71.97934,33.664496],[71.974132,33.64997],[71.971772,33.598212],[71.953136,33.570502],[71.953054,33.559882],[71.955577,33.547146],[71.953054,33.526435],[71.944753,33.515652],[71.901785,33.488552],[71.897065,33.481635],[71.892507,33.467963],[71.888194,33.461249],[71.879405,33.45185],[71.873546,33.443468],[71.872569,33.434516],[71.87794,33.423407],[71.867768,33.420844],[71.863373,33.41531],[71.859386,33.408759],[71.850597,33.40351],[71.841807,33.402167],[71.812755,33.40351],[71.796804,33.40001],[71.740733,33.375556],[71.723155,33.355251],[71.722341,33.336127],[71.725027,33.318671],[71.716889,33.303575],[71.704682,33.289618],[71.698985,33.272528],[71.703217,33.256537],[71.720876,33.245876],[71.712901,33.245876],[71.726573,33.231147],[71.740733,33.219428],[71.751069,33.20539],[71.754405,33.183783],[71.749522,33.163438],[71.740245,33.14997],[71.729584,33.139716],[71.720876,33.129177],[71.712901,33.110867],[71.710948,33.094306],[71.712901,33.054063],[71.718761,33.037177],[71.718435,33.029405],[71.699474,33.022813],[71.694021,33.015082],[71.690684,33.005968],[71.685476,32.998847],[71.649343,32.978624],[71.611095,32.964057],[71.599539,32.961859],[71.572765,32.960639],[71.549408,32.954169],[71.551687,32.955593],[71.541921,32.952948],[71.533783,32.949083],[71.526947,32.943386],[71.512706,32.920193],[71.506765,32.914822],[71.498139,32.910712],[71.461925,32.897976],[71.448009,32.887274],[71.437511,32.868964],[71.430268,32.842556],[71.426036,32.83454],[71.409109,32.816433],[71.40504,32.808946],[71.403087,32.790107],[71.412852,32.753119],[71.414073,32.734402],[71.411713,32.725653],[71.407725,32.718777],[71.402436,32.713324],[71.396088,32.709011],[71.364187,32.695014],[71.354503,32.68891],[71.340587,32.673692],[71.331472,32.656073],[71.325857,32.636786],[71.322765,32.616482],[71.323416,32.593573],[71.329682,32.574286],[71.348074,32.535264],[71.350841,32.52501],[71.346609,32.432318],[71.340587,32.415107],[71.331472,32.399278],[71.293875,32.356147],[71.283376,32.339911],[71.278738,32.322333],[71.278331,32.302029],[71.276459,32.292589],[71.271902,32.282823],[71.251964,32.254503],[71.247162,32.243516],[71.236501,32.20185],[71.22877,32.181749],[71.215587,32.165473],[71.206716,32.159695],[71.177664,32.147162],[71.167898,32.140815],[71.132091,32.105821],[71.123464,32.094062],[71.117198,32.081122],[71.114675,32.066514],[71.11435,32.047471],[71.112315,32.039008],[71.106944,32.030544],[71.070242,31.999091],[71.054698,31.982204],[71.036876,31.940212],[71.023041,31.925849],[71.007335,31.912909],[70.992768,31.897895],[70.983409,31.879259],[70.973888,31.83869],[70.966807,31.818915],[70.923595,31.744452],[70.905772,31.721462],[70.899343,31.709581],[70.899343,31.695136],[70.904226,31.678819],[70.904714,31.672919],[70.903331,31.663682],[70.826752,31.489447],[70.801036,31.453681],[70.795421,31.440945],[70.791433,31.426337],[70.788178,31.379665],[70.767507,31.263983],[70.768077,31.249823],[70.771495,31.235948],[70.781668,31.209296],[70.784434,31.195136],[70.788829,31.138251],[70.793386,31.125434],[70.814057,31.09162],[70.818614,31.078152],[70.835867,30.977607],[70.835216,30.948269],[70.829031,30.919867],[70.819347,30.883857],[70.814708,30.872667],[70.796886,30.846747],[70.765554,30.813056],[70.757253,30.801703],[70.75172,30.789008],[70.750011,30.774441],[70.751231,30.766425],[70.759939,30.74433],[70.762136,30.736843],[70.765717,30.695095],[70.771414,30.677314],[70.780772,30.661322],[70.814464,30.625434],[70.830333,30.599433],[70.841726,30.57099],[70.848074,30.542019],[70.849701,30.522325],[70.84905,30.502997],[70.84547,30.484076],[70.835541,30.456977],[70.829845,30.416571],[70.815196,30.363959],[70.811046,30.356147],[70.805186,30.349718],[70.785085,30.33747],[70.779552,30.331366],[70.774018,30.315863],[70.775076,30.298448],[70.780528,30.28144],[70.80185,30.237657],[70.812266,30.225653],[70.815929,30.219509],[70.817312,30.210517],[70.816417,30.20246],[70.805431,30.171007],[70.803722,30.162299],[70.80185,30.109442],[70.806163,30.093533],[70.835053,30.053412],[70.838878,30.018378],[70.834239,29.946885],[70.83546,29.938666],[70.843272,29.916571],[70.844737,29.908026],[70.844168,29.89997],[70.830007,29.854763],[70.823741,29.841417],[70.812999,29.829413],[70.805431,29.824978],[70.788503,29.819119],[70.780772,29.814521],[70.775076,29.808905],[70.770763,29.802436],[70.76767,29.795274],[70.763194,29.771674],[70.760509,29.765001],[70.755056,29.758124],[70.728282,29.732123],[70.701182,29.696641],[70.689138,29.686143],[70.668956,29.673367],[70.663097,29.66828],[70.658702,29.661241],[70.653412,29.637274],[70.635346,29.600653],[70.6338,29.591986],[70.633556,29.582465],[70.635753,29.564073],[70.644542,29.545966],[70.659434,29.53738],[70.676768,29.531358],[70.692882,29.521186],[70.700287,29.506049],[70.702159,29.486151],[70.700206,29.448188],[70.701182,29.438422],[70.704112,29.431098],[70.714692,29.416612],[70.718842,29.40823],[70.720307,29.399604],[70.719249,29.390733],[70.716319,29.381456],[70.708751,29.366645],[70.680593,29.32453],[70.67628,29.307644],[70.675385,29.272406],[70.67213,29.254706],[70.668712,29.248074],[70.659434,29.236436],[70.648204,29.215115],[70.649343,29.187283],[70.651947,29.173896],[70.661632,29.14822],[70.667898,29.123603],[70.667898,29.083808],[70.665294,29.070624],[70.660167,29.058783],[70.652192,29.049669],[70.641856,29.043809],[70.630382,29.040351],[70.59075,29.033637],[70.577566,29.029649],[70.565033,29.023261],[70.555268,29.015408],[70.525971,28.975898],[70.476003,28.922675],[70.466075,28.916124],[70.436534,28.911566],[70.404063,28.915595],[70.373627,28.914618],[70.350108,28.895128],[70.34547,28.883409],[70.339122,28.858954],[70.333914,28.84752],[70.326264,28.837958],[70.276378,28.792507],[70.252371,28.777615],[70.156749,28.745429],[70.144135,28.738959],[70.132742,28.728949],[70.107351,28.69241],[70.095795,28.682644],[70.054698,28.666612],[70.043061,28.659247],[70.037364,28.650255],[70.035574,28.639268],[70.03655,28.625922],[70.028575,28.597927],[70.003022,28.586737],[69.940929,28.581651],[69.926768,28.576972],[69.91505,28.569525],[69.893565,28.550116],[69.882498,28.542263],[69.871186,28.538438],[69.82366,28.533515],[69.801768,28.528428],[69.781016,28.520453],[69.762218,28.509101],[69.752533,28.499864],[69.746349,28.489773],[69.724701,28.416083],[69.716563,28.40119],[69.708263,28.391872],[69.678315,28.37462],[69.6692,28.366034],[69.66269,28.355496],[69.652599,28.332384],[69.64503,28.320624],[69.585378,28.258612],[69.573334,28.250271],[69.561127,28.245673],[69.535737,28.239691],[69.523529,28.234971],[69.500011,28.220811],[69.487804,28.21601],[69.473888,28.215399],[69.432709,28.231879],[69.419526,28.232449],[69.410574,28.225775],[69.405691,28.214179],[69.400483,28.189643],[69.395763,28.176052],[69.388764,28.16295],[69.378998,28.152371],[69.365896,28.146308],[69.338308,28.150458],[69.312022,28.164008],[69.288097,28.169745],[69.2671,28.150702],[69.259369,28.138129],[69.25058,28.12934],[69.23935,28.124091],[69.224376,28.121934],[69.194835,28.121894],[69.180756,28.11876],[69.1692,28.110175],[69.162852,28.098497],[69.153331,28.073432],[69.144786,28.062812],[69.131358,28.056179],[69.116954,28.054999],[69.074311,28.064276],[69.06129,28.065619],[69.048432,28.065131],[69.034923,28.06269],[69.036225,28.034939],[69.035574,28.030585],[69.026134,28.001776],[69.021902,27.992499],[69.016124,27.984076],[68.998953,27.972113],[68.980886,27.970974],[68.932872,27.985907],[68.927826,27.986518],[68.922537,27.98432],[68.918712,27.979682],[68.917491,27.974229],[68.918224,27.968451],[68.920421,27.962917],[68.926768,27.952989],[68.942963,27.936143],[68.949636,27.926296],[68.953624,27.915229],[68.955089,27.903754],[68.953543,27.880439],[68.949962,27.868272],[68.943126,27.86164],[68.933197,27.858588],[68.895112,27.853705],[68.882742,27.849433],[68.87322,27.842597],[68.870372,27.837917],[68.862641,27.820014],[68.860932,27.813585],[68.860769,27.807563],[68.863048,27.794989],[68.87794,27.782538],[68.884044,27.782416],[68.890717,27.780219],[68.896088,27.77615],[68.898204,27.770535],[68.917898,27.766425],[68.940684,27.758653],[68.955577,27.745876],[68.951752,27.726426],[68.932628,27.710273],[68.882091,27.691474],[68.835867,27.667996],[68.813406,27.663113],[68.791026,27.666938],[68.768891,27.680732],[68.749929,27.699734],[68.734386,27.721706],[68.717052,27.766872],[68.699229,27.784857],[68.676524,27.790351],[68.65797,27.781684],[68.65211,27.757188],[68.655284,27.732733],[68.653738,27.721137],[68.646576,27.711046],[68.635671,27.705268],[68.623057,27.703192],[68.609955,27.703803],[68.575857,27.710069],[68.565522,27.70954],[68.554698,27.705512],[68.542572,27.696397],[68.522065,27.674262],[68.510671,27.66474],[68.48878,27.662462],[68.468191,27.672187],[68.449718,27.676581],[68.433849,27.658026],[68.424327,27.635443],[68.416596,27.627387],[68.404552,27.623603],[68.37794,27.624538],[68.365164,27.623399],[68.352794,27.617743],[68.344737,27.609646],[68.332612,27.590155],[68.325287,27.581366],[68.29835,27.56448],[68.291108,27.556912],[68.289236,27.534613],[68.326182,27.499294],[68.331472,27.477647],[68.324962,27.464789],[68.305675,27.442328],[68.29835,27.429796],[68.296967,27.418769],[68.300873,27.409532],[68.315684,27.393622],[68.326671,27.374132],[68.316987,27.364081],[68.296641,27.361151],[68.274832,27.362738],[68.247081,27.368354],[68.232921,27.369656],[68.219249,27.367865],[68.20989,27.363105],[68.15325,27.300727],[68.146495,27.27912],[68.162201,27.259792],[68.19752,27.244818],[68.205496,27.235948],[68.206716,27.224677],[68.201671,27.214871],[68.192393,27.207221],[68.182384,27.202257],[68.161388,27.200548],[68.134288,27.201524],[68.108979,27.198757],[68.094168,27.185858],[68.094249,27.175727],[68.099213,27.165473],[68.111746,27.147162],[68.117768,27.133979],[68.120697,27.120632],[68.119558,27.107245],[68.113292,27.094102],[68.074474,27.053412],[68.051036,27.021918],[68.040945,27.013373],[68.000011,26.991563],[67.976085,26.969672],[67.966726,26.964423],[67.955333,26.962348],[67.943858,26.963731],[67.92213,26.972032],[67.913015,26.965644],[67.908702,26.957058],[67.908132,26.947089],[67.917003,26.914374],[67.917084,26.90294],[67.914236,26.891181],[67.904714,26.867051],[67.901785,26.861762],[67.894623,26.852078],[67.892589,26.846544],[67.891694,26.83279],[67.902599,26.794135],[67.905284,26.768256],[67.904714,26.742051],[67.902436,26.717393],[67.900645,26.711127],[67.890554,26.694363],[67.884939,26.681952],[67.881358,26.669867],[67.879405,26.657335],[67.878998,26.643826],[67.88087,26.63349],[67.884858,26.624538],[67.891124,26.616523],[67.911225,26.598253],[67.920421,26.586778],[67.926036,26.573676],[67.927338,26.557929],[67.922862,26.537177],[67.922374,26.530056],[67.924734,26.505723],[67.927013,26.498969],[67.919526,26.471706],[67.918712,26.46129],[67.91684,26.451443],[67.913503,26.442003],[67.908295,26.432929],[67.88974,26.410468],[67.886322,26.401801],[67.889903,26.385688],[67.917084,26.358222],[67.927419,26.34394],[67.931895,26.325548],[67.9345,26.287218],[67.939057,26.26907],[67.952566,26.255194],[67.972341,26.24962],[67.993744,26.246121],[68.012136,26.238145],[68.018565,26.230902],[68.02239,26.222683],[68.02825,26.204861],[68.033214,26.19656],[68.039968,26.190741],[68.047944,26.186713],[68.094168,26.174587],[68.110362,26.166327],[68.124115,26.152371],[68.128998,26.143744],[68.132091,26.134711],[68.133393,26.125271],[68.133311,26.115424],[68.127208,26.088324],[68.127208,26.079291],[68.13616,26.062079],[68.153331,26.047146],[68.207286,26.012519],[68.221446,25.999823],[68.233002,25.98489],[68.241954,25.966173],[68.252533,25.932644],[68.259939,25.916693],[68.271088,25.903266],[68.28655,25.893378],[68.318451,25.878241],[68.331554,25.865505],[68.341401,25.852891],[68.347097,25.847846],[68.35434,25.843573],[68.38323,25.832587],[68.391368,25.82685],[68.397716,25.809597],[68.385753,25.795274],[68.365815,25.784288],[68.349132,25.777289],[68.331391,25.765815],[68.321869,25.750515],[68.322683,25.732937],[68.33489,25.714789],[68.353445,25.702908],[68.396495,25.689276],[68.41627,25.678656],[68.426362,25.661241],[68.416108,25.646837],[68.39739,25.633979],[68.382335,25.621161],[68.378835,25.603461],[68.393972,25.567816],[68.39267,25.54918],[68.380382,25.535346],[68.362397,25.527045],[68.343191,25.520779],[68.325857,25.512885],[68.314464,25.498806],[68.315033,25.48371],[68.327891,25.451036],[68.326264,25.435411],[68.310639,25.409288],[68.309825,25.395331],[68.315522,25.385281],[68.332042,25.371609],[68.339447,25.363593],[68.344168,25.352851],[68.349132,25.279324],[68.347179,25.272081],[68.343516,25.265977],[68.332774,25.25495],[68.313569,25.241482],[68.30836,25.236029],[68.304291,25.228054],[68.301768,25.218329],[68.301199,25.208319],[68.302745,25.19953],[68.311615,25.188178],[68.355561,25.16474],[68.360769,25.160264],[68.365896,25.154812],[68.369884,25.148464],[68.370535,25.141791],[68.366222,25.134833],[68.358002,25.131619],[68.348643,25.130968],[68.32252,25.134955],[68.306651,25.135606],[68.294688,25.129096],[68.28948,25.110622],[68.288666,25.10102],[68.287039,25.093126],[68.283702,25.085801],[68.272553,25.070014],[68.268565,25.06212],[68.266368,25.053656],[68.266531,25.044053],[68.273448,25.00963],[68.273692,24.992743],[68.2671,24.976345],[68.260834,24.969265],[68.253347,24.964545],[68.245128,24.963731],[68.237071,24.968207],[68.231212,24.976426],[68.222585,24.995225],[68.215424,25.002631],[68.197765,25.006374],[68.180593,24.998236],[68.165457,24.98432],[68.142589,24.956488],[68.134776,24.941474],[68.132253,24.925238],[68.136811,24.907416],[68.144135,24.895209],[68.146495,24.888861],[68.145518,24.881619],[68.140636,24.874091],[68.133067,24.869005],[68.123953,24.866278],[68.115001,24.86579],[68.078705,24.875922],[68.060639,24.877305],[68.044037,24.868354],[68.037527,24.853461],[68.042247,24.839138],[68.050222,24.824734],[68.053315,24.809516],[68.047455,24.790717],[68.036062,24.77497],[68.009207,24.746161],[68.001069,24.732245],[67.986827,24.687567],[67.970307,24.656317],[67.968761,24.64114],[67.978445,24.625067],[68.003998,24.601142],[68.010509,24.587348],[68.006765,24.569892],[68.002045,24.562323],[67.996593,24.555976],[67.990245,24.550727],[67.966889,24.53852],[67.960948,24.532823],[67.957937,24.524482],[67.958263,24.516547],[67.967377,24.494167],[67.97169,24.479438],[67.974132,24.464301],[67.974213,24.45657],[67.973074,24.44953],[67.970307,24.442898],[67.966319,24.436306],[67.956716,24.43122],[67.943858,24.432196],[67.920095,24.436713],[67.915294,24.435248],[67.900645,24.427069],[67.877208,24.420681],[67.858897,24.418809],[67.849539,24.416612],[67.843354,24.411892],[67.842052,24.403388],[67.846202,24.396104],[67.858653,24.383857],[67.863536,24.375841],[67.867931,24.366034],[67.870535,24.35578],[67.870046,24.346462],[67.854747,24.333319],[67.830333,24.339138],[67.805431,24.348456],[67.788097,24.3463],[67.784679,24.336046],[67.78769,24.325019],[67.794363,24.314724],[67.801524,24.306667],[67.819021,24.29267],[67.826101,24.284857],[67.830333,24.273871],[67.8296,24.263536],[67.824799,24.255194],[67.816824,24.2508],[67.80657,24.252387],[67.788097,24.266547],[67.778087,24.271308],[67.766531,24.269314],[67.758067,24.261013],[67.755626,24.250271],[67.756358,24.227159],[67.753184,24.20539],[67.749929,24.19477],[67.745209,24.185085],[67.737804,24.17414],[67.729747,24.166571],[67.719819,24.163682],[67.707042,24.166612],[67.687022,24.174872],[67.676768,24.175605],[67.666026,24.171576],[67.659679,24.166124],[67.65504,24.159125],[67.652273,24.15115],[67.651296,24.14289],[67.653331,24.132839],[67.661632,24.114447],[67.663585,24.106431]],[[79.437266,32.738105],[79.422374,32.752712],[79.399343,32.792751],[79.356944,32.850694],[79.336436,32.860419],[79.327403,32.868476],[79.317882,32.908271],[79.308604,32.928168],[79.289236,32.936794],[79.284272,32.94005],[79.273692,32.954617],[79.268891,32.957831],[79.224376,32.970893],[79.181895,32.989325],[79.152354,33.015408],[79.100841,33.080756],[78.955333,33.201239],[78.935802,33.211127],[78.924083,33.212836],[78.91505,33.210395],[78.906993,33.206732],[78.898529,33.204901],[78.797781,33.153103],[78.78655,33.14997],[78.771902,33.149685],[78.760834,33.152289],[78.734386,33.163275],[78.710948,33.165351],[78.592377,33.207872],[78.576671,33.211127],[78.570567,33.216498],[78.559093,33.240424],[78.548757,33.245876],[78.538259,33.247585],[78.511241,33.259548],[78.433523,33.282416],[78.406261,33.299425],[78.366303,33.344062],[78.353038,33.354682],[78.335867,33.360297],[78.3095,33.361925],[78.291026,33.365505],[78.276541,33.374294],[78.25172,33.396674],[78.195811,33.432888],[78.162608,33.461859],[78.152273,33.46894],[78.149099,33.479844],[78.158376,33.525336],[78.157807,33.54796],[78.149832,33.566514],[78.131358,33.574246],[78.100841,33.577826],[78.092459,33.588406],[78.090831,33.605536],[78.079845,33.628852],[78.066987,33.638129],[78.022472,33.659451],[78.007823,33.663601],[77.996511,33.673936],[77.958751,33.722846],[77.942556,33.738715],[77.884207,33.769151],[77.870372,33.773464],[77.858409,33.780382],[77.733897,33.921983],[77.660411,34.029324],[77.593272,34.088162],[77.556163,34.113471],[77.53419,34.124538],[77.5053,34.131212],[77.497569,34.135077],[77.488862,34.136908],[77.466563,34.130439],[77.433604,34.128485],[77.421316,34.129096],[77.339366,34.160183],[77.333751,34.1824],[77.319591,34.196153],[77.299571,34.202989],[77.277354,34.20421],[77.272716,34.202012],[77.269135,34.193386],[77.263682,34.191189],[77.257091,34.19184],[77.252208,34.193915],[77.248057,34.196234],[77.23349,34.20128],[77.217052,34.209906],[77.196788,34.212958],[77.184093,34.216498],[77.172862,34.221991],[77.167979,34.229031],[77.164073,34.237372],[77.154714,34.23725],[77.143484,34.233913],[77.133881,34.232123],[77.112722,34.237576],[77.07073,34.255561],[77.043386,34.26199],[77.036143,34.268866],[77.032481,34.278835],[77.031505,34.290798],[76.990001,34.307888],[76.904307,34.307888],[76.887706,34.311143],[76.842784,34.330349],[76.788585,34.37169],[76.772716,34.389512],[76.770274,34.403428],[76.737722,34.424262],[76.694021,34.44123],[76.6845,34.447821],[76.625092,34.518826],[76.611827,34.54267],[76.600108,34.554267],[76.584402,34.5633],[76.538097,34.574774],[76.523448,34.582628],[76.490245,34.608913],[76.449474,34.631415],[76.435069,34.636827],[76.387462,34.64411],[76.372976,34.649848],[76.372976,34.643622],[76.334239,34.657986],[76.316824,34.667792],[76.300873,34.680854],[76.242686,34.746039],[76.234386,34.752305],[76.220876,34.760321],[76.215343,34.766547],[76.210378,34.777371],[76.203217,34.802558],[76.189871,34.829901],[76.190359,34.853054],[76.195404,34.87519],[76.201671,34.890692],[76.206391,34.897081],[76.218028,34.908515],[76.222748,34.917344],[76.224864,34.931423],[76.221934,34.941026],[76.217459,34.948188],[76.215343,34.954901],[76.210216,34.95893],[76.185802,34.965115],[76.177745,34.968858],[76.15032,34.989285],[76.12322,35.016384],[76.075613,35.051134],[76.06129,35.066474],[76.052664,35.072577],[76.041108,35.075019],[76.038259,35.077012],[76.03655,35.087592],[76.034272,35.092393],[76.027436,35.096055],[76.011241,35.09455],[76.003673,35.096137],[75.957449,35.148261],[75.945323,35.157009],[75.921641,35.165554],[75.914968,35.185614],[75.915619,35.208564],[75.914236,35.225857],[75.90797,35.234442],[75.90089,35.238471],[75.893565,35.241278],[75.886974,35.246365],[75.882498,35.254259],[75.874604,35.275946],[75.859386,35.303046],[75.85377,35.324042],[75.843272,35.341376],[75.817963,35.349392],[75.79713,35.34337],[75.768077,35.31448],[75.746349,35.307807],[75.726492,35.308051],[75.721283,35.311062],[75.712169,35.318386],[75.699962,35.322862],[75.689138,35.319159],[75.67864,35.312323],[75.667247,35.307807],[75.635916,35.314154],[75.486095,35.415595],[75.46933,35.431098],[75.462413,35.448065],[75.451752,35.46015],[75.427175,35.471137],[75.399506,35.476671],[75.379812,35.472276],[75.362804,35.485907],[75.352468,35.505316],[75.347097,35.527859],[75.345714,35.551093],[75.339366,35.575303],[75.323253,35.585639],[75.105479,35.602607],[75.085948,35.601752],[75.080007,35.603583],[75.07073,35.609442],[75.061534,35.618842],[75.055756,35.627875],[75.048269,35.63463],[75.033214,35.637315],[74.989268,35.640082],[74.967296,35.644314],[74.948334,35.650987],[74.938569,35.657172],[74.920502,35.678331],[74.88974,35.701931],[74.872488,35.711737],[74.850108,35.716864],[74.772716,35.717963],[74.76295,35.719306],[74.745209,35.724148],[74.739757,35.728339],[74.742442,35.749701],[74.747488,35.768663],[74.747081,35.777167],[74.72462,35.785997],[74.722911,35.798285],[74.728608,35.822333],[74.726573,35.836371],[74.72462,35.841579],[74.656749,35.842841],[74.638927,35.836371],[74.630463,35.820868],[74.629161,35.802436],[74.632498,35.786933],[74.639171,35.777371],[74.64503,35.77558],[74.648204,35.772895],[74.646902,35.760281],[74.641205,35.759467],[74.629487,35.749538],[74.621674,35.737901],[74.629161,35.732367],[74.635183,35.728705],[74.644054,35.720079],[74.650483,35.710028],[74.649913,35.701931],[74.611339,35.671495],[74.609467,35.660509],[74.611339,35.649522],[74.624278,35.620144],[74.628673,35.613715],[74.631602,35.606228],[74.632498,35.527452],[74.607188,35.495795],[74.564708,35.483669],[74.516694,35.478135],[74.474864,35.466091],[74.459565,35.453559],[74.443614,35.437445],[74.42571,35.423529],[74.403575,35.41767],[74.317882,35.41767],[74.27003,35.427558],[74.246674,35.426703],[74.207042,35.404893],[74.183442,35.402655],[74.15919,35.405341],[74.139659,35.410834],[74.129324,35.417182],[74.10906,35.433539],[74.098155,35.438178],[74.087576,35.437852],[74.046886,35.431342],[74.029796,35.434272],[73.967784,35.458604],[73.923106,35.489691],[73.910818,35.494086],[73.862315,35.492743],[73.836925,35.49726],[73.756114,35.527452],[73.627208,35.543484],[73.563569,35.542304],[73.502371,35.534369],[73.463145,35.558132],[73.439952,35.562201],[73.395925,35.543524],[73.344005,35.548936],[73.323416,35.548041],[73.312429,35.541571],[73.307709,35.533515],[73.303722,35.513251],[73.304128,35.512071],[73.29835,35.486274],[73.296886,35.482856],[73.294688,35.473944],[73.285411,35.453437],[73.283214,35.44123],[73.280284,35.434841],[73.266694,35.414171],[73.262706,35.403998],[73.262706,35.343126],[73.260183,35.337429],[73.251069,35.324978],[73.249034,35.318386],[73.258556,35.306586],[73.276134,35.298163],[73.285411,35.285224],[73.26946,35.260037],[73.250662,35.248725],[73.201915,35.233262],[73.118663,35.184882],[73.053233,35.126532],[73.038829,35.116523],[73.003998,35.099066],[72.988292,35.08869],[72.950857,35.050727],[72.927989,35.034939],[72.90919,35.037787],[72.899506,35.042507],[72.892019,35.036973],[72.887136,35.026679],[72.885265,35.016669],[72.888113,35.008979],[72.893891,35.00198],[72.898855,34.992784],[72.898936,34.978827],[72.891368,34.961859],[72.869395,34.929023],[72.864838,34.906806],[72.872325,34.892035],[72.890636,34.884711],[72.933604,34.87641],[72.969168,34.856553],[72.986339,34.840115],[72.98463,34.824897],[72.975597,34.821885],[72.962901,34.82038],[72.951671,34.817694],[72.946788,34.81155],[72.943777,34.806586],[72.927175,34.787543],[72.919444,34.780829],[72.888113,34.771511],[72.854747,34.769314],[72.824474,34.76081],[72.802745,34.732449],[72.80071,34.717231],[72.809581,34.674099],[72.804861,34.657172],[72.785411,34.637478],[72.781668,34.622504]],[[79.73463,32.443915],[79.719656,32.45246],[79.67628,32.511583],[79.461518,32.707384],[79.429779,32.744981]],[[67.663585,24.106431],[67.661388,24.1081]],[[67.663585,24.106431],[67.664073,24.104763],[67.658132,24.083808],[67.63974,24.070828],[67.616466,24.065212],[67.573171,24.068549],[67.552338,24.066596],[67.532319,24.060492]],[[67.71339,24.066433],[67.701915,24.078559],[67.663585,24.106431]],[[67.71339,24.066433],[67.723725,24.062934],[67.737885,24.056952],[67.753673,24.054145],[67.760183,24.052843]],[[67.925873,23.982449],[67.9428,23.986518],[67.95574,23.994493],[67.954845,24.004421],[67.945079,24.017361],[67.932628,24.045518],[67.924246,24.055976],[67.911143,24.063096],[67.868907,24.076443],[67.853526,24.075466],[67.828298,24.065294],[67.811127,24.062771],[67.794688,24.06623],[67.777924,24.071641],[67.764903,24.071845],[67.759695,24.059353],[67.7671,24.023017],[67.786713,24.002956],[67.815196,23.994737],[67.883311,23.993964],[67.900645,23.990912],[67.913992,23.983954],[67.925548,23.982367],[67.925873,23.982449]],[[67.925873,23.982449],[67.926768,23.984931]],[[68.024506,23.933661],[68.022065,23.949327],[68.016368,23.968085],[68.016612,23.978949],[68.02003,23.994574],[68.018891,24.001492],[68.013927,24.00963],[68.007091,24.015937],[67.999278,24.018744],[67.990733,24.018581],[67.981456,24.015937],[67.973155,24.010932],[67.966726,24.005235],[67.956391,23.999457]],[[67.65089,23.93122],[67.668712,23.943712],[67.707612,23.947455],[67.725515,23.953559],[67.731375,23.965155],[67.728933,23.980333],[67.722667,23.997382],[67.719249,24.015001],[67.719819,24.049994],[67.71339,24.066433]],[[67.857514,23.909491],[67.857514,23.915351],[67.86085,23.9324],[67.862722,23.938015],[67.868175,23.944525],[67.875662,23.949083],[67.884044,23.952175],[67.910167,23.957709],[67.915538,23.960883],[67.919526,23.965115],[67.925873,23.982449]]]}},{"type":"Feature","properties":{"kind":"rivers","name":"Shiquan","source":"Natural Earth 1:10m"},"geometry":{"type":"MultiLineString","coordinates":[[[81.63974,31.449571],[81.638113,31.445176],[81.619395,31.419135],[81.592459,31.403876],[81.555919,31.393256],[81.518484,31.389431],[81.489187,31.394314],[81.477061,31.401882],[81.446056,31.43183],[81.436127,31.442247],[81.420339,31.465766],[81.409597,31.47545],[81.397472,31.480984],[81.385671,31.482937],[81.360932,31.483913],[81.333751,31.491523],[81.314545,31.505927],[81.280203,31.545762],[81.270274,31.553534],[81.250499,31.563341],[81.241954,31.569688],[81.226736,31.586371],[81.217784,31.600694],[81.195893,31.660509],[81.174571,31.699897],[81.165701,31.741034],[81.166108,31.750556],[81.17335,31.762152],[81.180675,31.77086],[81.1845,31.77794],[81.20517,31.840847],[81.226085,31.871121],[81.251475,31.894843],[81.280203,31.916327],[81.361339,31.955593],[81.394135,31.986274],[81.375662,32.018744],[81.36671,32.020779],[81.343842,32.018419],[81.334076,32.018744],[81.307384,32.036729],[81.296886,32.039862],[81.281342,32.048855],[81.273936,32.069444],[81.271658,32.092353],[81.272716,32.108181],[81.281749,32.150946],[81.283295,32.173448],[81.276378,32.183214],[81.254405,32.188096],[81.244395,32.201361],[81.228933,32.286485],[81.212006,32.321072],[81.187918,32.349962],[81.155935,32.375027],[81.13795,32.384304],[81.117686,32.390692],[81.097097,32.394355],[81.078136,32.395535],[81.053966,32.401801],[81.038015,32.416571],[81.024099,32.433905],[81.006358,32.447862],[80.990815,32.452989],[80.90504,32.464138],[80.865326,32.475409],[80.73585,32.53852],[80.69044,32.550889],[80.647553,32.553412],[80.562104,32.547919],[80.476654,32.555854],[80.255382,32.544704],[80.231944,32.547065],[80.213145,32.550889],[80.19573,32.551703],[80.175873,32.544704],[80.135671,32.523017],[80.094656,32.519232],[80.069835,32.503485],[80.024669,32.486029],[80.005056,32.482001],[79.913097,32.482001],[79.888927,32.479356],[79.804861,32.451117],[79.758881,32.444688],[79.73463,32.443915]]]}},{"type":"Feature","properties":{"kind":"rivers","name":"Huang","source":"Natural Earth 1:10m"},"geometry":{"type":"MultiLineString","coordinates":[[[97.762787,35.08808],[97.746104,35.079413],[97.733165,35.055203],[97.720714,34.996853],[97.713634,34.953192],[97.697276,34.919867],[97.617686,34.885077],[97.576264,34.875841],[97.545909,34.876003]],[[97.288178,34.835476],[97.285248,34.843207],[97.259044,34.878933],[97.234304,34.907294],[97.149913,34.936347],[97.12379,34.943427],[97.108165,34.941718],[97.096283,34.937283],[97.085053,34.935248],[97.072032,34.930609]]]}},{"type":"Feature","properties":{"kind":"rivers","name":"Huang","source":"Natural Earth 1:10m"},"geometry":{"type":"MultiLineString","coordinates":[[[96.164154,35.129665],[96.22877,35.111762],[96.249278,35.109198],[96.483165,35.105658],[96.53419,35.096137],[96.654877,35.050116],[96.705496,35.047716],[96.747651,35.053249],[96.81129,35.061347],[96.829275,35.0539],[96.867931,35.0185],[96.889903,35.006781],[96.946707,34.999701],[96.97462,34.991645],[96.986746,34.975694],[96.994884,34.94835],[97.015391,34.937445],[97.042084,34.932807],[97.072032,34.930609]],[[97.762787,35.08808],[97.795909,35.111111],[97.848888,35.11225],[97.951752,35.096137],[97.991628,35.080593],[98.018484,35.049425],[98.042979,35.012315],[98.075857,34.978827],[98.10849,34.953884],[98.124441,34.937038],[98.131277,34.920762],[98.131114,34.91002],[98.132416,34.900255],[98.137299,34.893378],[98.147553,34.890692],[98.161794,34.889228],[98.192149,34.87641],[98.263682,34.860785],[98.275076,34.852159],[98.284679,34.842108],[98.306651,34.835517],[98.34962,34.827989],[98.37794,34.815294],[98.391775,34.79682],[98.396251,34.773627],[98.395763,34.74669],[98.395112,34.719835],[98.402192,34.666775],[98.401459,34.649278],[98.394786,34.634874],[98.380951,34.619167],[98.361908,34.610419],[98.34075,34.606757],[98.326671,34.598171],[98.329845,34.574774],[98.345144,34.563259],[98.394786,34.547431],[98.405528,34.537218],[98.413503,34.526638],[98.452159,34.503282],[98.466319,34.492214],[98.467296,34.488064],[98.46575,34.476874],[98.466319,34.472357],[98.469249,34.468614],[98.478445,34.459744],[98.479991,34.458686],[98.490164,34.424384],[98.497081,34.414008],[98.51474,34.40119],[98.627371,34.357449],[98.641124,34.355048],[98.709727,34.355048],[98.724294,34.368598],[98.724294,34.399522],[98.720714,34.433214],[98.723643,34.454942],[98.733979,34.457872],[98.78297,34.451239],[98.797862,34.455675],[98.836925,34.479193],[98.867931,34.478705],[98.928233,34.45307],[98.952891,34.458686],[98.970876,34.446845],[98.97934,34.439399],[98.986501,34.430772],[99.002045,34.436876],[99.016205,34.432644],[99.04184,34.410264],[99.044688,34.409695],[99.053233,34.410997],[99.056082,34.410264],[99.057221,34.406358],[99.056895,34.397244],[99.062266,34.387152],[99.069591,34.362494],[99.045909,34.321153],[99.037852,34.300645],[99.034923,34.270046],[99.036713,34.253607],[99.041596,34.243516],[99.056082,34.225898],[99.063569,34.213935],[99.067556,34.205024],[99.069347,34.194403],[99.069591,34.177517],[99.070567,34.171088],[99.074962,34.16002],[99.075776,34.153347],[99.073741,34.146186],[99.064382,34.132595],[99.062266,34.125678],[99.060069,34.112901],[99.050792,34.083441],[99.048595,34.071357],[99.048432,34.046007],[99.050385,34.034776],[99.056082,34.019843],[99.067393,33.998847],[99.068777,33.986884],[99.062266,33.971462],[99.081472,33.966824],[99.096772,33.950141],[99.106944,33.929633],[99.110606,33.913398],[99.119233,33.906684],[99.17213,33.875841],[99.248057,33.784369],[99.281993,33.759141],[99.306163,33.746609],[99.322846,33.743232],[99.361095,33.746161],[99.369233,33.74787],[99.376882,33.752753],[99.382335,33.760199],[99.384288,33.769721],[99.386485,33.775417],[99.390147,33.779608],[99.392019,33.783962],[99.384858,33.794257],[99.381114,33.801459],[99.378429,33.809027],[99.378184,33.814399],[99.395274,33.827216],[99.42213,33.82807],[99.480479,33.818468],[99.501231,33.809109],[99.525483,33.802802],[99.531749,33.793077],[99.535492,33.781928],[99.542003,33.773464],[99.569347,33.765977],[99.586436,33.76793],[99.645763,33.765652],[99.658702,33.769721],[99.692475,33.795478],[99.694347,33.800116],[99.697276,33.804796],[99.703298,33.806952],[99.72755,33.806952],[99.771495,33.799994],[99.792247,33.79267],[99.814952,33.778388],[99.837006,33.775662],[99.847341,33.769721],[99.857839,33.761298],[99.875662,33.752753],[99.885916,33.746161],[99.892345,33.73904],[99.901459,33.723415],[99.905772,33.718207],[99.915538,33.713243],[99.92392,33.712104],[99.933035,33.709744],[99.959239,33.690619],[99.999115,33.675645],[100.015636,33.663601],[100.013764,33.663845],[100.015636,33.657335],[100.019135,33.648953],[100.022472,33.643134],[100.048269,33.618354],[100.053152,33.61518],[100.064138,33.610907],[100.070567,33.601508],[100.074962,33.592108],[100.080089,33.587917],[100.124929,33.581651],[100.148692,33.573594],[100.158946,33.574246],[100.16684,33.578681],[100.171397,33.585557],[100.174083,33.591905],[100.175955,33.594672],[100.187266,33.599473],[100.226166,33.623358],[100.237804,33.632514],[100.280691,33.677314],[100.288666,33.691514],[100.286143,33.706488],[100.27589,33.719835],[100.263438,33.732611],[100.254649,33.746161],[100.240896,33.738715],[100.245616,33.760321],[100.267182,33.761908],[100.316742,33.746161],[100.323334,33.757595],[100.357839,33.756415],[100.375011,33.762559],[100.404796,33.786933],[100.421641,33.796739],[100.436697,33.800727],[100.449148,33.806098],[100.479991,33.829535],[100.498546,33.834906],[100.516775,33.837714],[100.564952,33.854804],[100.58074,33.865302],[100.604503,33.889187],[100.632091,33.910468],[100.663992,33.925564],[100.700206,33.930487],[100.766043,33.928168],[100.782237,33.924262],[100.791026,33.912706],[100.801524,33.893826],[100.814545,33.879828],[100.830577,33.883328],[100.836518,33.861518],[100.850352,33.833564],[100.869884,33.807969],[100.8921,33.79328],[100.896983,33.799831],[100.898204,33.802802],[100.899506,33.806952],[100.903901,33.789618],[100.912039,33.78559],[100.920421,33.787136],[100.926199,33.786444],[100.930186,33.77794],[100.928722,33.770941],[100.922374,33.764919],[100.912527,33.759141],[100.958995,33.738064],[100.97991,33.737494],[100.995697,33.751736],[100.99464,33.742743],[100.996104,33.733466],[101.000662,33.726589],[101.009369,33.725043],[101.016531,33.7296],[101.019542,33.73782],[101.021495,33.74726],[101.034434,33.771755],[101.034434,33.791083],[101.028331,33.809841],[101.019054,33.824327],[101.015636,33.831366],[101.01474,33.84044],[101.015636,33.858507],[101.018321,33.871934],[101.025483,33.876899],[101.034597,33.87698],[101.043468,33.875841],[101.063975,33.863796],[101.074229,33.861599],[101.10255,33.862576],[101.111827,33.861599],[101.139089,33.844428],[101.182872,33.786078],[101.236257,33.75963],[101.260753,33.732123],[101.288178,33.711371],[101.323334,33.718207],[101.335541,33.708197],[101.356619,33.703721],[101.376557,33.69713],[101.385509,33.680691],[101.389659,33.676622],[101.399099,33.677843],[101.408376,33.682196],[101.417735,33.694525],[101.42921,33.692165],[101.442963,33.686632],[101.454275,33.684109],[101.46282,33.687323],[101.483897,33.700385],[101.495372,33.704535],[101.508718,33.704779],[101.54005,33.697781],[101.545502,33.694525],[101.563406,33.680447],[101.574229,33.677273],[101.586029,33.675808],[101.606619,33.670193],[101.618907,33.669786],[101.687022,33.682318],[101.737315,33.683458],[101.753673,33.680243],[101.766775,33.672065],[101.820323,33.625067],[101.837576,33.605984],[101.844737,33.584784],[101.851736,33.572943],[101.8838,33.54621],[101.892589,33.526435],[101.891124,33.517524],[101.887625,33.507514],[101.885753,33.497423],[101.889171,33.488552],[101.974539,33.40351],[102.009288,33.376288],[102.052257,33.354356],[102.09669,33.339911],[102.165538,33.333197],[102.174327,33.334581],[102.183197,33.340522],[102.202078,33.358222],[102.211518,33.361925],[102.221121,33.369737],[102.256358,33.413153],[102.266531,33.419013],[102.288992,33.416083],[102.321381,33.406602],[102.333507,33.41352],[102.343191,33.411648],[102.349294,33.40644],[102.35198,33.40351],[102.361257,33.404324],[102.375499,33.408271],[102.385916,33.409735],[102.439382,33.448513],[102.461843,33.457546],[102.458995,33.461493],[102.454194,33.471788],[102.467296,33.469916],[102.471202,33.468695],[102.476085,33.464952],[102.481619,33.464952],[102.465343,33.486274],[102.458507,33.498725],[102.454194,33.512763],[102.452729,33.523261],[102.453298,33.535509],[102.45989,33.541571],[102.476085,33.533271],[102.481619,33.540066],[102.423432,33.576239],[102.413259,33.577948],[102.402599,33.594021],[102.355724,33.60932],[102.345144,33.625759],[102.341889,33.632025],[102.327729,33.646104],[102.324474,33.653347],[102.326427,33.676134],[102.331391,33.697781],[102.336518,33.709174],[102.341889,33.717312],[102.342865,33.725124],[102.334727,33.735622],[102.327403,33.734483],[102.317393,33.726386],[102.304861,33.720242],[102.290457,33.725043],[102.298106,33.734402],[102.305919,33.739936],[102.314545,33.744656],[102.324474,33.751736],[102.314138,33.767442],[102.299327,33.780707],[102.280772,33.789903],[102.259776,33.79328],[102.247081,33.797553],[102.243744,33.806952],[102.248464,33.816352],[102.259776,33.820624],[102.263927,33.826036],[102.257253,33.837999],[102.194347,33.919257],[102.166515,33.945828],[102.132823,33.965196],[102.109955,33.953721],[102.069591,33.968451],[102.050304,33.957831],[102.027192,33.979071],[101.98642,34.000271],[101.943451,34.010565],[101.913097,33.999376],[101.858409,34.03974],[101.829845,34.052069],[101.816417,34.060167],[101.803233,34.075059],[101.785085,34.066189],[101.759532,34.072699],[101.737315,34.088813],[101.72877,34.108588],[101.718435,34.103298],[101.714773,34.10578],[101.712576,34.111518],[101.707612,34.116034],[101.680919,34.12226],[101.646983,34.135932],[101.635753,34.145209],[101.639252,34.15705],[101.630789,34.166042],[101.621755,34.171454],[101.614757,34.178249],[101.611339,34.191189],[101.569591,34.208075],[101.529389,34.218451],[101.517019,34.219306],[101.496104,34.218044],[101.488455,34.218451],[101.480479,34.221625],[101.472748,34.226264],[101.46339,34.230333],[101.425385,34.234239],[101.365001,34.252631],[101.334239,34.256537],[101.323334,34.259467],[101.314952,34.26496],[101.307872,34.27204],[101.299246,34.27794],[101.286143,34.280544],[101.279714,34.283637],[101.265717,34.297309],[101.255789,34.300401],[101.242686,34.299994],[101.233979,34.300727],[101.22934,34.305609],[101.226573,34.327826],[101.222341,34.335273],[101.215017,34.339789],[101.204194,34.341376],[101.197276,34.34516],[101.195567,34.354438],[101.195811,34.36579],[101.194265,34.376166],[101.196056,34.383816],[101.196381,34.38996],[101.194265,34.396023],[101.19044,34.396918],[101.177745,34.395087],[101.173839,34.396023],[101.165701,34.406358],[101.164073,34.410956],[101.165294,34.415839],[101.166433,34.427354],[101.163992,34.443223],[101.149018,34.481635],[101.139659,34.49962],[101.060557,34.505886],[101.052175,34.509304],[101.042491,34.524197],[101.03297,34.527615],[101.020518,34.530097],[101.014089,34.535915],[101.009044,34.542304],[101.001964,34.54682],[100.950694,34.546942],[100.928966,34.551825],[100.919932,34.571641],[100.91684,34.595771],[100.908702,34.613878],[100.885834,34.649848],[100.870616,34.708808],[100.861339,34.718126],[100.835867,34.714911],[100.817556,34.706651],[100.782237,34.684597],[100.763438,34.677843],[100.742931,34.673692],[100.696788,34.670966],[100.674815,34.675727],[100.635671,34.692898],[100.618256,34.691474],[100.573985,34.739814],[100.559093,34.745307],[100.539561,34.758083],[100.522553,34.772773],[100.515229,34.783962],[100.49464,34.805487],[100.447195,34.818956],[100.354503,34.827989],[100.336355,34.833848],[100.327729,34.848253],[100.316742,34.883246],[100.309255,34.892157],[100.2942,34.906928],[100.288666,34.917344],[100.285818,34.929389],[100.288666,34.958319],[100.285818,34.984565],[100.278331,34.999376],[100.254649,35.027208],[100.249034,35.04621],[100.249034,35.089219],[100.240896,35.109198],[100.247651,35.13288],[100.247162,35.173611],[100.238455,35.214911],[100.22047,35.240668],[100.230235,35.253852],[100.241954,35.26203],[100.253347,35.26793],[100.261974,35.274766],[100.272227,35.289496],[100.271251,35.295437],[100.248464,35.302069],[100.2199,35.316433],[100.205333,35.330634],[100.203705,35.349799],[100.214285,35.378445],[100.193126,35.370958],[100.191173,35.402289],[100.168386,35.428656],[100.142345,35.450222],[100.131114,35.466579],[100.135916,35.472113],[100.154796,35.479438],[100.158946,35.483954],[100.15797,35.507839],[100.158946,35.51496],[100.166433,35.532782],[100.174815,35.542344],[100.199962,35.562812],[100.207612,35.574042],[100.240652,35.661689],[100.282481,35.723944],[100.295828,35.751288],[100.296153,35.771674],[100.337169,35.771674],[100.348399,35.774766],[100.360444,35.790961],[100.371186,35.798407],[100.390554,35.800564],[100.411225,35.795722],[100.447032,35.77912],[100.442556,35.800849],[100.444347,35.818183],[100.455089,35.829657],[100.477794,35.833767],[100.497081,35.841579],[100.529226,35.877875],[100.543061,35.888983],[100.554698,35.890448],[100.579275,35.888007],[100.590912,35.888983],[100.601085,35.893866],[100.617931,35.906358],[100.628835,35.908881],[100.637787,35.913113],[100.638927,35.922471],[100.638276,35.931912],[100.6421,35.936143],[100.704112,35.975898],[100.72047,35.989081],[100.72755,36.001288],[100.727631,36.03144],[100.730886,36.052802],[100.74171,36.070868],[100.815929,36.13227],[100.842377,36.140082],[100.900971,36.132758],[100.938406,36.139757],[100.9581,36.140245],[100.992686,36.132636],[101.004893,36.132432],[101.012706,36.134589],[101.029796,36.142279],[101.038015,36.144843],[101.064138,36.14643],[101.0796,36.139675],[101.087576,36.124538],[101.091807,36.100898],[101.105479,36.100938],[101.135183,36.115587],[101.150645,36.119574],[101.16627,36.118476],[101.179861,36.113593],[101.189057,36.103787],[101.191173,36.087592],[101.205496,36.086127],[101.234386,36.092475],[101.249604,36.093207],[101.262136,36.091173],[101.273692,36.087958],[101.327078,36.061591],[101.358816,36.053494],[101.392019,36.051093],[101.427257,36.052924],[101.456472,36.057725],[101.478526,36.065945],[101.631277,36.153998],[101.653819,36.173774],[101.666433,36.181586],[101.681082,36.185655],[101.697195,36.184353],[101.782725,36.146064],[101.789236,36.144965],[101.811941,36.146348],[101.826589,36.144395],[101.839936,36.140652],[101.852306,36.134345],[101.905772,36.088406],[101.913097,36.086982],[101.912852,36.068427],[101.958425,36.053249],[101.947765,36.038601],[101.985606,36.020819],[102.016124,35.991563],[102.036632,35.956122],[102.044037,35.919379],[102.048106,35.912299],[102.066498,35.894721],[102.07073,35.885281],[102.071788,35.864122],[102.073985,35.855251],[102.078136,35.847439],[102.098888,35.830146],[102.121511,35.827094],[102.163585,35.833767],[102.182384,35.840155],[102.225597,35.868272],[102.246104,35.874701],[102.345144,35.874701],[102.41741,35.887722],[102.441498,35.887763],[102.458425,35.882921],[102.489187,35.866889],[102.506277,35.86168],[102.554861,35.857042],[102.604584,35.842108],[102.636485,35.83865],[102.704845,35.839464],[102.716807,35.837348],[102.725597,35.833197],[102.735037,35.830349],[102.749766,35.831977],[102.759532,35.83751],[102.787201,35.859931],[102.837332,35.860663],[102.858897,35.85696],[102.872569,35.846259],[102.899506,35.84988],[103.009207,35.825792],[103.116466,35.778184],[103.133311,35.781114],[103.138194,35.791612],[103.149832,35.798041],[103.164236,35.803656],[103.18629,35.817084],[103.196788,35.820339],[103.219005,35.822333],[103.22934,35.825507],[103.244558,35.839667],[103.253184,35.842841],[103.26767,35.845974],[103.28712,35.853827],[103.30421,35.863878],[103.311453,35.873847],[103.317312,35.885199],[103.359304,35.911689],[103.270518,35.938422],[103.263682,35.941718],[103.250255,35.952012],[103.242931,35.955675],[103.235932,35.956855],[103.221934,35.95661],[103.215261,35.957465],[103.203624,35.961453],[103.194021,35.967393],[103.188731,35.976508],[103.189138,35.989773],[103.194021,35.999335],[103.202403,36.007107],[103.220714,36.020575],[103.250418,36.055487],[103.261322,36.065619],[103.392345,36.131049],[103.422944,36.156073],[103.424734,36.161566],[103.430675,36.165839],[103.446788,36.184638],[103.454845,36.18891],[103.492768,36.184923],[103.502615,36.182074],[103.515147,36.169786],[103.541026,36.134223],[103.554454,36.126817],[103.574636,36.130316],[103.610444,36.145209],[103.634288,36.147895],[103.646251,36.146511],[103.654552,36.143337],[103.667735,36.133653],[103.695567,36.103868],[103.698416,36.098904],[103.748953,36.094672],[103.876475,36.064643],[103.921804,36.060981],[104.012787,36.071967],[104.034679,36.078477],[104.043956,36.088935],[104.045421,36.110053],[104.044688,36.121934],[104.040701,36.123725],[104.047944,36.136501],[104.041433,36.14289],[104.023367,36.147895],[104.018647,36.182237],[104.047944,36.205024],[104.090912,36.22309],[104.126964,36.243516],[104.132335,36.251044],[104.140147,36.277045],[104.157237,36.299994],[104.191498,36.335273],[104.232595,36.368354],[104.259532,36.378689],[104.317312,36.382595],[104.345144,36.390326],[104.364268,36.404364],[104.399018,36.439399],[104.420014,36.450507],[104.445323,36.454128],[104.469819,36.455024],[104.493907,36.459662],[104.517589,36.474677],[104.546153,36.503445],[104.559093,36.51081],[104.592784,36.52143],[104.607921,36.528998],[104.620046,36.542548],[104.631358,36.564154],[104.638927,36.571641],[104.652761,36.579169],[104.684825,36.58865],[104.694916,36.592963],[104.710378,36.606024],[104.713796,36.620795],[104.709239,36.664618],[104.711436,36.669745],[104.716075,36.674831],[104.720714,36.681708],[104.722992,36.692247],[104.719168,36.697333],[104.691905,36.718451],[104.684093,36.721625],[104.681244,36.723334],[104.677175,36.728461],[104.672537,36.73904],[104.668224,36.74376],[104.612804,36.772569],[104.604747,36.792182],[104.600027,36.81505],[104.592459,36.833116],[104.579112,36.839179],[104.560802,36.841579],[104.544363,36.847235],[104.537364,36.863308],[104.527843,36.871934],[104.482026,36.884304],[104.466238,36.890896],[104.44752,36.894884],[104.408702,36.882025],[104.401378,36.890896],[104.393077,36.905829],[104.373953,36.907742],[104.335948,36.900824],[104.330007,36.909857],[104.328705,36.930528],[104.337494,37.006781],[104.332123,37.019843],[104.305186,37.055935],[104.298432,37.067247],[104.298595,37.079657],[104.305186,37.100043],[104.317149,37.122626],[104.328298,37.127794],[104.341726,37.127794],[104.359793,37.134833],[104.351329,37.141425],[104.338796,37.147895],[104.325613,37.152696],[104.305919,37.157009],[104.306163,37.162299],[104.311046,37.16824],[104.31544,37.17239],[104.323985,37.17654],[104.332286,37.174425],[104.339773,37.170478],[104.346121,37.168972],[104.406749,37.194688],[104.438975,37.203437],[104.469656,37.195665],[104.492686,37.208564],[104.578217,37.324083],[104.603119,37.339667],[104.627208,37.343695],[104.678966,37.344102],[104.696218,37.349433],[104.728282,37.366034],[104.745616,37.371121],[104.800955,37.37169],[104.819021,37.377875],[104.83253,37.38821],[104.843435,37.399115],[104.856944,37.407823],[104.877452,37.411404],[104.919363,37.407823],[104.938731,37.408515],[104.95696,37.415391],[104.992605,37.44245],[104.997162,37.452663],[104.995535,37.463324],[104.993663,37.469509],[104.997325,37.473253],[105.011485,37.476833],[105.020112,37.473741],[105.041515,37.456855],[105.052419,37.453559],[105.063243,37.457099],[105.08546,37.469997],[105.096202,37.472724],[105.102061,37.474962],[105.111095,37.484809],[105.11671,37.487006],[105.122976,37.485907],[105.132253,37.481269],[105.137218,37.48017],[105.150971,37.481269],[105.174897,37.485907],[105.188487,37.487006],[105.198171,37.485867],[105.218354,37.48078],[105.229991,37.48017],[105.243256,37.4831],[105.261811,37.492458],[105.274669,37.494452],[105.547862,37.497626],[105.573253,37.500678],[105.62794,37.524522],[105.69394,37.53559],[105.78419,37.568874],[105.857921,37.578721],[105.876069,37.586046],[105.889089,37.598822],[105.917979,37.642279],[105.94044,37.688015],[105.943289,37.695868],[105.946056,37.712429],[105.958995,37.753038],[105.963145,37.774441],[105.961843,37.805976],[105.963145,37.815985],[105.975597,37.842475],[105.977306,37.854193],[105.992686,37.885037],[106.029063,37.922227],[106.071056,37.95364],[106.104015,37.966864],[106.121511,37.971462],[106.139578,37.98253],[106.1692,38.007758],[106.18214,38.022773],[106.202729,38.058295],[106.220632,38.082302],[106.223562,38.091824],[106.223725,38.113959],[106.226329,38.127468],[106.232351,38.136908],[106.239187,38.144395],[106.244151,38.151801],[106.247,38.16059],[106.248464,38.175971],[106.250418,38.185899],[106.270925,38.223822],[106.278087,38.233262],[106.40797,38.36225],[106.49879,38.411729],[106.517019,38.426866],[106.539236,38.474636],[106.564708,38.50434],[106.572765,38.526557],[106.535655,38.535346],[106.521007,38.564399],[106.518565,38.573269],[106.520763,38.584418],[106.540457,38.621446],[106.594249,38.666327],[106.582042,38.680935],[106.575694,38.690253],[106.573416,38.698676],[106.573171,38.710395],[106.577159,38.712958],[106.596934,38.719591],[106.604096,38.720974],[106.607514,38.724799],[106.60849,38.733751],[106.607921,38.751654],[106.648936,38.803534],[106.665538,38.820258],[106.717784,38.858181],[106.840343,38.987616],[106.859386,39.013617],[106.866222,39.043158],[106.85377,39.077216],[106.881602,39.10456],[106.848155,39.163886],[106.836681,39.172797],[106.819591,39.180487],[106.808035,39.19892],[106.80128,39.221625],[106.799083,39.241726],[106.809093,39.309272],[106.802419,39.327094],[106.797781,39.334906],[106.793468,39.352891],[106.788829,39.360907],[106.780365,39.368354],[106.765147,39.378363],[106.7588,39.385077],[106.749929,39.418809],[106.752452,39.465522],[106.77532,39.559272],[106.778575,39.584337],[106.778331,39.595486],[106.773529,39.616563],[106.772472,39.62873],[106.776541,39.652452],[106.783621,39.664333],[106.785085,39.674628],[106.772472,39.693549],[106.767345,39.69599],[106.760509,39.696885],[106.754487,39.698798],[106.751964,39.704169],[106.75294,39.713731],[106.757498,39.729682],[106.7588,39.738593],[106.759939,39.742133],[106.762706,39.747178],[106.765147,39.753933],[106.765636,39.762519],[106.763194,39.772325],[106.754893,39.788357],[106.751964,39.796658],[106.744558,39.854926],[106.739757,39.862738],[106.717377,39.886176],[106.710378,39.898993],[106.738292,39.919501],[106.738455,39.929755],[106.733653,39.93891],[106.730235,39.947781],[106.73463,39.957343],[106.738048,39.971503],[106.733002,39.990302],[106.724539,40.007392],[106.717784,40.016303],[106.709076,40.038113],[106.727143,40.062608],[106.858653,40.179755],[106.870128,40.183621],[106.874278,40.166571],[106.977306,40.241645],[106.999034,40.251085],[107.007091,40.257148],[107.01474,40.269314],[107.02589,40.30268],[107.03183,40.310492],[107.057872,40.33279],[107.06601,40.337836],[107.080984,40.341742],[107.113862,40.345567],[107.128022,40.351508],[107.151541,40.376044],[107.158702,40.402045],[107.154063,40.428331],[107.141694,40.453925],[107.147227,40.462226],[107.163259,40.47724],[107.169688,40.481879],[107.179861,40.486396],[107.20574,40.494412],[107.214366,40.499213],[107.220225,40.512397],[107.20517,40.540229],[107.203868,40.563788],[107.211843,40.582709],[107.224864,40.59516],[107.2553,40.615587],[107.26295,40.625434],[107.266124,40.632921],[107.270763,40.637803],[107.282644,40.639472],[107.309825,40.640082],[107.322195,40.642279],[107.348562,40.652452],[107.380056,40.656684],[107.39503,40.66059],[107.440359,40.701606],[107.466563,40.709906],[107.490245,40.72663],[107.513927,40.739203],[107.539073,40.735053],[107.561453,40.73725],[107.573985,40.746853],[107.583507,40.757432],[107.643972,40.774766],[107.663097,40.776068],[107.694591,40.768866],[107.706635,40.77143],[107.711436,40.786933],[107.706716,40.801581],[107.699636,40.816596],[107.699799,40.829779],[107.717703,40.838731],[107.732432,40.851264],[107.758393,40.859483],[107.862071,40.8699],[107.885183,40.867499],[107.905528,40.85517],[107.91627,40.850165],[107.928315,40.851752],[107.95045,40.858588],[108.011974,40.858588],[108.086681,40.847724],[108.115001,40.851752],[108.1421,40.870551],[108.156749,40.877143],[108.173269,40.879706],[108.178803,40.874579],[108.19752,40.838731],[108.208751,40.827908],[108.224213,40.817939],[108.240815,40.81391],[108.268891,40.826687],[108.283702,40.822943],[108.306733,40.810818],[108.33782,40.810167],[108.404796,40.820583],[108.437755,40.817003],[108.451752,40.808539],[108.467296,40.793321],[108.479747,40.775458],[108.484874,40.758979],[108.492605,40.752509],[108.52825,40.739773],[108.550873,40.717963],[108.576264,40.682725],[108.581065,40.670233],[108.590831,40.661566],[108.612885,40.65412],[108.670421,40.642646],[108.680268,40.632636],[108.687592,40.621039],[108.697195,40.612169],[108.713959,40.609931],[108.748057,40.617987],[108.766124,40.612169],[108.757091,40.58808],[108.763601,40.573188],[108.779796,40.564032],[108.81129,40.551866],[108.820323,40.546739],[108.830007,40.54328],[108.842377,40.54328],[108.848399,40.546942],[108.856456,40.5539],[108.86671,40.560736],[108.879405,40.563788],[108.88323,40.558417],[108.886648,40.546698],[108.891612,40.53498],[108.900401,40.529608],[108.913097,40.531684],[108.921397,40.534695],[108.929454,40.534369],[108.94101,40.526231],[108.950694,40.522162],[108.963796,40.521348],[108.989268,40.522773],[109.000255,40.526313],[109.004405,40.53498],[109.005626,40.556952],[109.015391,40.547431],[109.02589,40.545193],[109.03655,40.548855],[109.046641,40.556952],[109.046397,40.540635],[109.049897,40.528673],[109.057872,40.52501],[109.087332,40.546658],[109.098155,40.547227],[109.122325,40.529608],[109.150076,40.523708],[109.185069,40.520697],[109.207286,40.511908],[109.19752,40.488715],[109.222341,40.492051],[109.286713,40.522773],[109.279552,40.490424],[109.28712,40.488227],[109.335134,40.487331],[109.355479,40.483425],[109.396576,40.468207],[109.413097,40.477362],[109.459483,40.489814],[109.472341,40.502305],[109.460704,40.502305],[109.450043,40.504503],[109.439952,40.508857],[109.430919,40.515326],[109.447032,40.520819],[109.482514,40.524604],[109.499034,40.529608],[109.50587,40.51671],[109.519216,40.52265],[109.53655,40.535509],[109.554454,40.54328],[109.572846,40.542263],[109.582042,40.53913],[109.590831,40.539984],[109.608328,40.550727],[109.665131,40.496772],[109.69044,40.484687],[109.700857,40.477607],[109.71339,40.475287],[109.737641,40.492458],[109.749034,40.497829],[109.762299,40.501166],[109.789561,40.504014],[109.828054,40.515326],[109.883311,40.515326],[109.892507,40.519965],[109.901378,40.52265],[109.910655,40.522773],[109.916026,40.52029],[109.924246,40.512397],[109.931163,40.509141],[109.941498,40.505886],[109.952891,40.503974],[109.963634,40.508124],[109.972097,40.522773],[109.988292,40.511583],[109.999604,40.512803],[110.010183,40.51907],[110.023936,40.522773],[110.039643,40.520575],[110.054779,40.51671],[110.069021,40.515977],[110.08253,40.522773],[110.095225,40.510688],[110.102306,40.505398],[110.109874,40.502305],[110.122813,40.502875],[110.142589,40.512885],[110.153331,40.515326],[110.154307,40.518907],[110.167572,40.540229],[110.175141,40.541571],[110.202566,40.539618],[110.211681,40.537055],[110.223155,40.522773],[110.237804,40.482733],[110.246104,40.474433],[110.286388,40.483913],[110.30364,40.481391],[110.293549,40.461371],[110.306651,40.453192],[110.347097,40.453152],[110.355724,40.450792],[110.362071,40.4442],[110.403412,40.420437],[110.4192,40.398383],[110.430268,40.388495],[110.441417,40.38935],[110.456391,40.397081],[110.467377,40.394599],[110.475027,40.385077],[110.479096,40.372016],[110.486501,40.372016],[110.506847,40.381374],[110.542979,40.360541],[110.58074,40.331855],[110.606049,40.31741],[110.638194,40.32213],[110.658132,40.321804],[110.688487,40.305732],[110.727306,40.296739],[110.746104,40.290066],[110.76588,40.280341],[110.779796,40.276068],[110.814952,40.276435],[110.834402,40.273708],[110.864838,40.258816],[110.879893,40.255316],[110.941335,40.253282],[110.964854,40.262641],[110.987397,40.261664],[110.996593,40.265896],[111.014903,40.283393],[111.034679,40.296902],[111.061046,40.267198],[111.184825,40.208116],[111.209565,40.180447],[111.219737,40.172716],[111.231293,40.168972],[111.254975,40.166775],[111.277192,40.160753],[111.290701,40.159044],[111.302745,40.156073],[111.328298,40.11872],[111.33839,40.110663],[111.361339,40.097968],[111.369884,40.090847],[111.379893,40.062445],[111.380789,40.057318],[111.39739,40.047919],[111.405365,40.025824],[111.411388,39.981553],[111.436534,39.917304],[111.435313,39.90644],[111.423432,39.895941],[111.397227,39.830756],[111.365245,39.777533],[111.359467,39.750434],[111.369884,39.721503],[111.417572,39.683661],[111.420095,39.672431],[111.426768,39.658881],[111.435639,39.646593],[111.445567,39.638983],[111.463145,39.620185],[111.453624,39.617255],[111.425141,39.625312],[111.424246,39.617214],[111.425141,39.535956],[111.420909,39.52204],[111.372488,39.489081],[111.342377,39.444363],[111.316987,39.429389],[111.284109,39.424872],[111.199148,39.427069],[111.163992,39.423163],[111.134288,39.410509],[111.109874,39.385077],[111.118175,39.376044],[111.141205,39.367255],[111.150808,39.357123],[111.16684,39.364691],[111.174571,39.356757],[111.17921,39.342353],[111.184825,39.33043],[111.200206,39.320909],[111.214773,39.316352],[111.22462,39.310492],[111.226573,39.296942],[111.221609,39.283393],[111.158214,39.172797],[111.134207,39.099433],[111.117686,39.067328],[111.088634,39.042507],[111.021902,39.018581],[110.99464,39.00377],[110.972585,38.974189],[110.994151,38.937201],[111.00351,38.916083],[111.003429,38.902533],[110.994151,38.885281],[110.979991,38.816514],[110.969005,38.798855],[110.95753,38.785264],[110.948334,38.771104],[110.9428,38.739366],[110.937511,38.731553],[110.921397,38.717231],[110.91505,38.708441],[110.904307,38.679389],[110.871511,38.621283],[110.87322,38.61168],[110.875255,38.607489],[110.900645,38.58039],[110.901296,38.573676],[110.899018,38.545356],[110.896983,38.535346],[110.890717,38.525092],[110.876475,38.509955],[110.870128,38.501817],[110.865326,38.490302],[110.859467,38.467963],[110.85255,38.457099],[110.833751,38.445828],[110.792084,38.439561],[110.774018,38.426093],[110.755626,38.390408],[110.746104,38.377712],[110.711192,38.356798],[110.705089,38.354438],[110.700694,38.346747],[110.67099,38.316921],[110.659679,38.310004],[110.647472,38.305609],[110.634288,38.30329],[110.60434,38.301378],[110.589854,38.296698],[110.579275,38.287218],[110.568614,38.232204],[110.568614,38.226874],[110.559255,38.216905],[110.54713,38.210883],[110.532807,38.207872],[110.517019,38.207058],[110.510916,38.202094],[110.499604,38.166042],[110.509288,38.144965],[110.509044,38.128038],[110.499604,38.090359],[110.507091,38.011542],[110.507823,38.008653],[110.511648,38.005072],[110.513276,38.001003],[110.513601,37.98253],[110.513276,37.980496],[110.514171,37.97016],[110.51295,37.961249],[110.514903,37.954901],[110.524099,37.952501],[110.545095,37.949652],[110.562511,37.942003],[110.576915,37.93126],[110.588959,37.919013],[110.653087,37.813096],[110.674408,37.796169],[110.728933,37.773546],[110.742686,37.764757],[110.752859,37.745673],[110.743744,37.732449],[110.705089,37.713568],[110.727061,37.700263],[110.778901,37.67829],[110.794444,37.658311],[110.78769,37.652411],[110.770437,37.641181],[110.766612,37.637885],[110.766043,37.623969],[110.771007,37.613349],[110.777192,37.603868],[110.786713,37.573513],[110.788585,37.561347],[110.783702,37.555935],[110.775808,37.551866],[110.76946,37.542344],[110.746104,37.48017],[110.738455,37.469428],[110.715343,37.449774],[110.696218,37.439399],[110.653331,37.433905],[110.636729,37.418158],[110.630056,37.396552],[110.633311,37.379218],[110.646251,37.367703],[110.667898,37.363552],[110.687104,37.357123],[110.687511,37.342108],[110.67099,37.309516],[110.669363,37.301093],[110.670014,37.295722],[110.669688,37.290391],[110.664806,37.282172],[110.660818,37.2803],[110.647634,37.276638],[110.643565,37.274726],[110.64088,37.269639],[110.636729,37.256374],[110.633718,37.250841],[110.568614,37.178534],[110.536794,37.155382],[110.527599,37.144395],[110.516368,37.115017],[110.508718,37.101589],[110.496186,37.095974],[110.489268,37.091824],[110.478933,37.081651],[110.469493,37.069403],[110.465587,37.058783],[110.45989,37.051134],[110.446381,37.044257],[110.417735,37.035183],[110.417735,37.027696],[110.425385,37.027045],[110.445079,37.021511],[110.427257,37.010199],[110.40797,37.014757],[110.389171,37.021837],[110.373057,37.017768],[110.372813,37.00727],[110.3838,36.994981],[110.397878,36.984809],[110.407156,36.980536],[110.417979,36.967231],[110.412527,36.937527],[110.394786,36.906928],[110.369233,36.891181],[110.37672,36.878485],[110.400808,36.861111],[110.410818,36.849555],[110.403819,36.837266],[110.407237,36.829942],[110.414236,36.824001],[110.417735,36.816026],[110.414968,36.805121],[110.409109,36.795762],[110.397227,36.781317],[110.393077,36.780707],[110.385753,36.781033],[110.378998,36.779893],[110.37672,36.775092],[110.379893,36.769965],[110.3921,36.765001],[110.397227,36.76081],[110.399913,36.760525],[110.417735,36.753974],[110.412201,36.753689],[110.413097,36.745307],[110.416108,36.736151],[110.417735,36.733507],[110.439057,36.742255],[110.44101,36.726426],[110.432058,36.703966],[110.421153,36.692572],[110.410574,36.695014],[110.400483,36.698839],[110.392833,36.698554],[110.38974,36.688788],[110.393565,36.682318],[110.482921,36.592882],[110.489757,36.577338],[110.498546,36.524482],[110.499604,36.507595],[110.495942,36.483995],[110.482188,36.448554],[110.476329,36.404853],[110.458751,36.349311],[110.459076,36.327094],[110.470144,36.28616],[110.472992,36.263699],[110.469005,36.243232],[110.450613,36.206855],[110.445079,36.185411],[110.446869,36.141791],[110.497488,35.9796],[110.500662,35.933132],[110.505951,35.911973],[110.507091,35.900824],[110.510753,35.886786],[110.519542,35.885077],[110.530691,35.88703],[110.54127,35.883816],[110.560151,35.849148],[110.57545,35.71247],[110.611339,35.637722],[110.61964,35.597195],[110.602631,35.554226],[110.572765,35.52794],[110.555919,35.50849],[110.558442,35.499579],[110.562755,35.490749],[110.559255,35.470811],[110.552745,35.449897],[110.547455,35.438178],[110.537527,35.427761],[110.523448,35.416571],[110.5088,35.40766],[110.496186,35.403998],[110.468272,35.356024],[110.458751,35.343126],[110.444835,35.335028],[110.437104,35.322333],[110.431651,35.307807],[110.424571,35.294135],[110.417247,35.286404],[110.372569,35.255316],[110.357595,35.238227],[110.335134,35.197943],[110.326182,35.149197],[110.316905,35.125678],[110.310476,35.090888],[110.29184,35.05036],[110.284597,35.00963],[110.268647,34.959418],[110.259369,34.944688],[110.271007,34.913438],[110.272227,34.881456],[110.262706,34.851182],[110.242442,34.824897],[110.237234,34.801337],[110.241628,34.71894],[110.251964,34.663153],[110.269949,34.637274]],[[97.288178,34.835476],[97.301199,34.817979],[97.315929,34.81684],[97.352794,34.821804],[97.406342,34.817939],[97.424815,34.821804],[97.437266,34.828437],[97.484955,34.871283],[97.50172,34.876247],[97.546967,34.876003]]]}},{"type":"Feature","properties":{"kind":"rivers","name":"Qumar","source":"Natural Earth 1:10m"},"geometry":{"type":"MultiLineString","coordinates":[[[92.298595,35.222968],[92.201915,35.221706],[92.159434,35.225206],[92.141368,35.231147],[92.112234,35.235175],[92.08017,35.230414],[92.067475,35.219346]]]}},{"type":"Feature","properties":{"kind":"rivers","name":"Qumar","source":"Natural Earth 1:10m"},"geometry":{"type":"MultiLineString","coordinates":[[[90.949229,35.244696],[90.996593,35.23664],[91.158783,35.2449],[91.24171,35.233751],[91.276866,35.216376],[91.298595,35.209296],[91.341889,35.20543],[91.471934,35.208686],[91.601654,35.185574],[91.72226,35.180935],[91.739513,35.184027],[91.773367,35.194281],[91.790457,35.196723],[91.806163,35.19477],[91.846121,35.175808],[91.910655,35.160102],[91.977061,35.154731],[91.992198,35.156195],[92.0053,35.15998],[92.014578,35.1671],[92.017996,35.178982],[92.024913,35.191759],[92.056733,35.20246],[92.067475,35.219346]],[[92.298595,35.222968],[92.31601,35.223456],[92.33489,35.220893],[92.352794,35.215928],[92.367605,35.209296],[92.382823,35.215847],[92.401866,35.217841],[92.453705,35.214545],[92.488292,35.204779],[92.508067,35.202501],[92.573253,35.209296],[92.590017,35.204128],[92.609793,35.181016],[92.624522,35.175808],[92.650076,35.185492],[92.670665,35.206326],[92.694753,35.22545],[92.731212,35.230414],[92.768891,35.217353],[92.785737,35.216742],[92.911143,35.255479],[92.974132,35.260199],[93.011729,35.271348],[93.086192,35.281806],[93.10434,35.288764],[93.120616,35.298774],[93.138764,35.303738],[93.274343,35.310736],[93.31544,35.319037],[93.35434,35.332831],[93.361257,35.33869],[93.369884,35.34809],[93.380382,35.356879],[93.392019,35.360785],[93.402354,35.358669],[93.420421,35.349229],[93.425792,35.347113],[93.438731,35.345323],[93.47047,35.332831],[93.482351,35.331977],[93.506358,35.333604],[93.518321,35.332831],[93.633311,35.296576],[93.675792,35.291856],[93.768647,35.299343],[93.786632,35.295193],[93.826915,35.273505],[93.876475,35.23371],[93.896088,35.221625],[93.919851,35.216742],[94.011729,35.222968],[94.104747,35.216742],[94.129242,35.211982],[94.148367,35.199897],[94.221283,35.140245],[94.244151,35.126492],[94.28419,35.113064],[94.30421,35.096015],[94.321056,35.077582],[94.334483,35.065985],[94.376964,35.052273],[94.534109,35.034003],[94.557628,35.028347],[94.5796,35.020046],[94.597992,35.00727],[94.609386,35.002265],[94.621104,35.005968],[94.642345,35.018175],[94.654307,35.020209],[94.732595,35.017768],[94.752208,35.011257],[94.760265,34.993964],[94.769786,34.979193],[94.814138,34.957872],[94.827891,34.944688],[94.899425,34.9206],[94.929861,34.905137],[94.930186,34.883246],[94.946218,34.862128],[94.958914,34.836615],[94.965912,34.806952],[94.955496,34.718573],[94.944916,34.695014],[94.924083,34.677191]]]}},{"type":"Feature","properties":{"kind":"rivers","name":"Za’gya","source":"Natural Earth 1:10m"},"geometry":{"type":"MultiLineString","coordinates":[[[91.147878,33.070828],[91.150645,33.066474],[91.171804,33.04324],[91.177664,33.032579],[91.179291,33.02204],[91.179861,33.011013],[91.181895,32.998847],[91.207042,32.953681],[91.210053,32.939399],[91.204682,32.924994],[91.182628,32.896593],[91.175792,32.881212],[91.174897,32.867377],[91.178233,32.856635],[91.184825,32.846991],[91.194591,32.836493],[91.201427,32.831244],[91.206391,32.82921],[91.209972,32.825507],[91.212901,32.815009],[91.213145,32.805976],[91.211355,32.798611],[91.132904,32.657416],[91.119395,32.64057],[91.10255,32.626736],[90.943451,32.553656],[90.901947,32.525906],[90.891124,32.532416],[90.881114,32.532782],[90.838471,32.520616],[90.822683,32.51907],[90.804291,32.513373],[90.743175,32.470649],[90.722667,32.443915],[90.723643,32.432563],[90.728282,32.420966],[90.730886,32.409695],[90.726085,32.398953],[90.714122,32.380194],[90.700125,32.33454],[90.687999,32.313585],[90.680593,32.30683],[90.667003,32.298407],[90.661143,32.293077],[90.655772,32.282782],[90.651541,32.271552],[90.644623,32.262641],[90.613292,32.253974],[90.57366,32.230902],[90.55185,32.224189],[90.532237,32.225124],[90.498953,32.235297],[90.479991,32.23786],[90.201915,32.210557],[90.154796,32.211493],[90.139578,32.209418],[90.108897,32.200019],[90.093679,32.197089],[90.074474,32.197048],[90.01767,32.205105],[89.998464,32.204372],[89.971283,32.196641],[89.895437,32.16116],[89.866954,32.156562],[89.780854,32.153388],[89.758556,32.146674],[89.735362,32.13581],[89.694835,32.108181],[89.690522,32.102362],[89.682872,32.084988],[89.677745,32.077094],[89.66627,32.071641],[89.65325,32.073594],[89.6303,32.080837],[89.61378,32.073269],[89.583751,32.039984],[89.567882,32.032416],[89.51295,31.9949],[89.497651,31.988064],[89.473155,31.983018],[89.448253,31.982123],[89.431651,31.987738],[89.423269,31.991726],[89.401947,31.99376],[89.393891,31.998318],[89.389171,32.007839],[89.389171,32.029608],[89.386974,32.039862],[89.374115,32.057196],[89.358328,32.064765],[89.339447,32.063096],[89.317963,32.052924],[89.311127,32.046698],[89.299327,32.031928],[89.290619,32.02558],[89.280528,32.022325],[89.249766,32.02558],[89.2081,32.02558],[89.19752,32.028184],[89.188569,32.031521],[89.179291,32.031765],[89.167247,32.02558],[89.148367,32.041124],[89.124766,32.051947],[89.099539,32.058295],[89.074718,32.06037],[88.996104,32.038357],[88.939138,32.00255],[88.93214,31.989814],[88.954275,31.97781],[88.966238,31.977322],[89.002208,31.980902],[89.000662,31.950303],[89.002208,31.936835]]]}},{"type":"Feature","properties":{"kind":"rivers","name":null,"source":"Natural Earth 1:10m"},"geometry":{"type":"MultiLineString","coordinates":[[[86.011974,34.390977],[86.031993,34.38703],[86.070811,34.368842],[86.090424,34.363715],[86.141205,34.36579],[86.167735,34.371161],[86.17921,34.380439],[86.181407,34.388048],[86.187266,34.393337],[86.196218,34.39643],[86.207042,34.397813],[86.240245,34.395697],[86.343272,34.368109],[86.386729,34.362982],[86.433116,34.363715],[86.513927,34.382595],[86.550141,34.378038],[86.618663,34.410915],[86.654063,34.416327],[86.786876,34.416815],[86.819835,34.410346],[86.837169,34.410915],[86.848399,34.416042],[86.85906,34.424262],[86.872813,34.431098],[86.884939,34.431952],[86.912527,34.425889],[86.934174,34.426825],[86.94866,34.439805],[86.953868,34.469835],[86.961192,34.470242],[86.976329,34.478787],[86.989838,34.488634],[86.99171,34.493435],[87.005463,34.499823],[87.006765,34.513861],[87.003673,34.52794],[87.005382,34.534369],[87.006847,34.535264],[87.022716,34.541815],[87.029389,34.543484],[87.112071,34.541815],[87.1692,34.534044],[87.188731,34.541775],[87.19394,34.569159]]]}},{"type":"Feature","properties":{"kind":"rivers","name":null,"source":"Natural Earth 1:10m"},"geometry":{"type":"MultiLineString","coordinates":[[[90.661143,36.406277],[90.608409,36.407416],[90.580577,36.404812],[90.542003,36.388251],[90.5171,36.394232],[90.469493,36.413682],[90.446869,36.415961],[90.284434,36.413682],[90.265066,36.421251],[90.223074,36.443223],[90.205333,36.447821],[90.183849,36.450385],[90.120046,36.46894],[90.088145,36.471381],[90.078298,36.475165],[90.070567,36.4831],[90.066173,36.492051],[90.060151,36.499457],[90.047944,36.502509],[90.003429,36.505927],[89.962332,36.51614],[89.853282,36.559638],[89.811534,36.570746],[89.742279,36.566107],[89.725841,36.572455],[89.715343,36.589382],[89.682872,36.70893],[89.681163,36.730089],[89.678152,36.73961],[89.664236,36.752712],[89.661225,36.764228],[89.661876,36.776719],[89.663666,36.788357],[89.667735,36.799099],[89.674327,36.808621],[89.685802,36.817003],[89.726085,36.838446],[89.740164,36.8428],[89.746511,36.854315],[89.756847,36.925889],[89.756277,36.948839],[89.73878,37.020331],[89.736746,37.037299],[89.737234,37.054551],[89.74114,37.072089],[89.749441,37.089789],[89.763927,37.106635],[89.782319,37.123358],[89.797944,37.141384],[89.809825,37.183702],[89.823009,37.203152],[89.924815,37.291815],[89.942882,37.304226],[90.010753,37.329372],[90.050304,37.358466],[90.061697,37.389919],[90.047537,37.418647],[90.010753,37.439236],[89.825206,37.487006],[89.812999,37.493028],[89.792572,37.508857],[89.780772,37.512071],[89.759207,37.508734],[89.748953,37.508328],[89.736339,37.512071],[89.656505,37.564032]]]}},{"type":"Feature","properties":{"kind":"rivers","name":"Yurungkax","source":"Natural Earth 1:10m"},"geometry":{"type":"MultiLineString","coordinates":[[[81.506928,35.469997],[81.491954,35.514187],[81.49464,35.563544],[81.485606,35.601915],[81.436046,35.612901],[81.374278,35.597032],[81.278738,35.583808],[81.258881,35.576483],[81.247325,35.575385],[81.229747,35.577989],[81.179291,35.596259],[81.161143,35.607367],[81.131928,35.635037],[81.115652,35.647244],[81.091075,35.655097],[81.038503,35.658515],[81.014415,35.668972],[80.985606,35.704698],[80.945242,35.79621],[80.915945,35.831977],[80.901378,35.839464],[80.864757,35.853542],[80.850678,35.863349],[80.822765,35.873114],[80.692475,35.872911],[80.67921,35.877305],[80.6456,35.896511],[80.559662,35.921413],[80.502208,35.951524],[80.480479,35.955512],[80.438975,35.957628],[80.417979,35.961941],[80.401378,35.969794],[80.395112,35.962348],[80.387706,35.969794],[80.369151,35.956],[80.344656,35.954861],[80.295339,35.962348],[80.273204,35.961249],[80.261974,35.962226],[80.220714,35.980292],[80.217052,35.982774],[80.197765,35.979682],[80.176687,35.971625],[80.155772,35.966824],[80.116628,35.982489],[80.061453,35.985419],[80.037608,35.990261],[80.004161,36.010769],[80.002696,36.021064],[80.004405,36.034695],[80.003347,36.046576],[79.977143,36.059353],[79.966726,36.077094],[79.958995,36.097602],[79.949474,36.113145],[79.929861,36.125434],[79.884044,36.143826],[79.836192,36.178656],[79.829682,36.186591],[79.812266,36.216173],[79.800548,36.227118],[79.784597,36.238349],[79.770518,36.25141],[79.764578,36.267686],[79.762787,36.289659],[79.75172,36.333319],[79.744151,36.35338],[79.733409,36.371772],[79.729991,36.380805],[79.729747,36.394355],[79.733816,36.405707],[79.747325,36.421413],[79.754893,36.444892],[79.804291,36.513048],[79.816417,36.52379],[79.832286,36.529731],[79.880056,36.534125],[79.904307,36.543036],[79.92099,36.559841],[79.92213,36.586127],[79.913097,36.599718],[79.899099,36.612982],[79.886322,36.628974],[79.874766,36.671942],[79.873057,36.683458],[79.877208,36.688544],[79.889903,36.690741],[79.900645,36.696641],[79.90919,36.705512],[79.915294,36.716498],[79.916596,36.724189],[79.916433,36.733832],[79.917491,36.745063],[79.92213,36.757432],[79.927745,36.763251],[79.9345,36.7685],[79.940196,36.775987],[79.942556,36.788438],[79.937999,36.810492],[79.926768,36.824246],[79.913259,36.836127],[79.901785,36.853054],[79.893077,36.896918],[79.899913,36.941107],[79.916108,36.982489],[79.9428,37.03087],[79.949474,37.048651],[79.954275,37.069037],[79.959565,37.111029],[79.971202,37.1553],[79.9699,37.175808],[79.934174,37.230984],[79.928315,37.247829],[79.929861,37.286566],[79.934174,37.303005],[79.971121,37.365912],[79.973725,37.374376],[79.979991,37.385688],[79.990489,37.456366],[80.015147,37.485216],[80.126964,37.545111],[80.204112,37.598334],[80.353282,37.672309],[80.371023,37.685981],[80.400971,37.721015],[80.414236,37.740668],[80.422455,37.758002],[80.424083,37.768175],[80.422455,37.802354],[80.424083,37.811347],[80.432221,37.823269],[80.435557,37.833075]]]}},{"type":"Feature","properties":{"kind":"rivers","name":"Dam","source":"Natural Earth 1:10m"},"geometry":{"type":"MultiLineString","coordinates":[[[94.31601,32.639716],[94.237234,32.688096],[94.236095,32.69241],[94.238048,32.704128],[94.237234,32.708564],[94.232351,32.713894],[94.221121,32.72366],[94.216726,32.729071],[94.198985,32.758124],[94.192963,32.774848],[94.186697,32.783393],[94.182709,32.792344],[94.188975,32.81155],[94.185964,32.823025],[94.180105,32.832953],[94.175141,32.838935],[94.158621,32.847357],[94.108979,32.857937],[94.089773,32.859442],[94.069753,32.86579],[94.036388,32.895697],[94.017507,32.904975],[93.992198,32.904608],[93.949148,32.888617],[93.888194,32.879828],[93.875499,32.881537],[93.852794,32.890326],[93.834239,32.900336],[93.808116,32.922065],[93.731212,33.002794],[93.691335,33.029853],[93.668224,33.039862],[93.645518,33.043769],[93.624115,33.049913],[93.606212,33.064276],[93.590017,33.080512],[93.573985,33.092149],[93.516775,33.107204],[93.501475,33.1164],[93.482432,33.141547],[93.443126,33.181505],[93.390554,33.223212],[93.382335,33.239285],[93.377045,33.260281],[93.36378,33.271064],[93.327078,33.283962],[93.262218,33.322618],[93.255056,33.328681],[93.245942,33.338162],[93.237071,33.343329],[93.227061,33.345567],[93.214122,33.346015],[93.201427,33.348578],[93.194021,33.35456],[93.188731,33.361518],[93.183116,33.367133],[93.148936,33.386664],[93.132416,33.391954],[93.090424,33.396186],[93.071218,33.402411],[93.053722,33.41116],[93.039073,33.421088],[93.013438,33.443468],[92.996593,33.452338],[92.954194,33.460028],[92.937999,33.470323],[92.851654,33.550605],[92.837006,33.558295],[92.818858,33.565294],[92.811615,33.582221],[92.806407,33.622626],[92.80128,33.627265],[92.792898,33.632514],[92.786876,33.63878],[92.789154,33.646552],[92.795339,33.656684],[92.795828,33.667426],[92.792572,33.687812],[92.761974,33.707953],[92.763682,33.711941],[92.759776,33.738634],[92.758556,33.742377],[92.737397,33.899441],[92.731863,33.919379],[92.710704,33.950466],[92.710704,33.971462],[92.721609,33.989325],[92.740001,34.005683],[92.760834,34.018744],[92.778901,34.026679],[92.840343,34.034491],[92.860362,34.03974],[92.878917,34.050605],[92.92921,34.094997]]]}},{"type":"Feature","properties":{"kind":"rivers","name":"Zayü","source":"Natural Earth 1:10m"},"geometry":{"type":"MultiLineString","coordinates":[[[97.148204,29.438747],[97.143077,29.415229],[97.142345,29.392768],[97.146983,29.371283],[97.172293,29.325466],[97.191905,29.263861],[97.206635,29.166693],[97.217703,29.135688],[97.242605,29.109971],[97.262706,29.102362],[97.306407,29.098741],[97.327891,29.092149],[97.342784,29.082953],[97.356619,29.071641],[97.379242,29.047919],[97.397227,29.022528],[97.434011,28.939561],[97.476166,28.875067],[97.486257,28.851386],[97.490652,28.823798],[97.486095,28.801215],[97.469819,28.752468],[97.47226,28.689154],[97.465261,28.669501],[97.435476,28.642524],[97.399913,28.631903],[97.325613,28.626288],[97.267833,28.607489],[97.246755,28.608222],[97.226573,28.612372],[97.212983,28.612982],[97.199962,28.609971],[97.140066,28.584988],[97.108409,28.56037],[97.083995,28.527615]]]}},{"type":"Feature","properties":{"kind":"rivers","name":null,"source":"Natural Earth 1:10m"},"geometry":{"type":"MultiLineString","coordinates":[[[90.365164,29.119249],[90.335948,29.131456],[90.327078,29.130561],[90.320323,29.124294],[90.316742,29.117377],[90.311453,29.112169],[90.30071,29.111111],[90.292491,29.113471],[90.278331,29.121609],[90.270763,29.124294],[90.261241,29.12462],[90.211192,29.11579],[90.199962,29.11579],[90.191742,29.119249],[90.189952,29.122585],[90.187918,29.1317],[90.186046,29.135443],[90.18214,29.138495],[90.177419,29.140408],[90.168224,29.142401],[90.150076,29.140733],[90.134858,29.1317],[90.120372,29.119818],[90.104991,29.109809],[90.086518,29.104519],[90.071056,29.106024],[90.057221,29.112982],[90.036143,29.12995],[90.004405,29.149237],[89.958914,29.197089],[89.942475,29.209499],[89.927013,29.217312],[89.872813,29.226264],[89.855886,29.233954],[89.847992,29.240749],[89.790701,29.317898]]]}},{"type":"Feature","properties":{"kind":"rivers","name":"Luhit","source":"Natural Earth 1:10m"},"geometry":{"type":"MultiLineString","coordinates":[[[97.083995,28.527615],[97.064708,28.484565],[97.050548,28.435004],[97.041108,28.379503],[97.038097,28.323188],[97.052013,28.186347],[97.044363,28.147406],[96.993663,28.047675],[96.987722,28.026964],[96.98463,27.975287],[96.979503,27.958848],[96.959402,27.935818],[96.927989,27.91413],[96.893321,27.899197],[96.864024,27.896267],[96.845795,27.903998],[96.821869,27.9289],[96.807384,27.940009],[96.784434,27.948676],[96.711192,27.965644],[96.685802,27.97956],[96.590831,28.073065],[96.574229,28.085313],[96.552257,28.091905],[96.513682,28.089301],[96.480398,28.073839],[96.453054,28.048407],[96.432872,28.015815],[96.425873,27.983507],[96.423839,27.947333],[96.417247,27.91474],[96.396658,27.8935],[96.377208,27.889919],[96.318614,27.902167],[96.301199,27.902411],[96.250987,27.896023],[96.191173,27.902859],[96.160492,27.906033],[96.14503,27.905951],[96.128998,27.90412],[96.094656,27.895616],[95.91269,27.822048],[95.887625,27.816677],[95.876964,27.817694],[95.869395,27.821072],[95.861339,27.823106],[95.84962,27.819932],[95.79599,27.795356],[95.765229,27.77029],[95.752371,27.766466],[95.739268,27.767524],[95.732921,27.771918],[95.728038,27.777655],[95.720144,27.782782],[95.641124,27.808702],[95.624278,27.810126],[95.568614,27.806952],[95.553315,27.81212],[95.539236,27.818874],[95.520274,27.823432],[95.501394,27.821112],[95.486746,27.816352],[95.476654,27.818142],[95.472179,27.835273],[95.459483,27.843858]]]}}]}