{"type":"FeatureCollection","features":[{"type":"Feature","properties":{"kind":"lakes","name":"鄂陵湖","source":"Natural Earth 1:10m"},"geometry":{"type":"Polygon","coordinates":[[[97.867981,34.871666],[97.900656,34.831632],[97.901539,34.821624],[97.883583,34.821329],[97.850025,34.8281],[97.85709,34.808377],[97.845315,34.806611],[97.808225,34.821624],[97.779672,34.829572],[97.769958,34.835459],[97.760833,34.849],[97.754945,34.817208],[97.734929,34.808377],[97.712263,34.818386],[97.698428,34.842229],[97.681649,34.820446],[97.678705,34.815148],[97.681649,34.808672],[97.69725,34.799841],[97.698428,34.794542],[97.688419,34.786006],[97.672523,34.781885],[97.65545,34.780707],[97.60482,34.784534],[97.581271,34.79572],[97.565964,34.814853],[97.546241,34.870488],[97.545358,34.889328],[97.5536,34.906401],[97.591573,34.946434],[97.61159,34.957914],[97.636905,34.963507],[97.671935,34.965274],[97.6581,34.968806],[97.644559,34.967628],[97.632784,34.970572],[97.623953,34.986173],[97.631018,35.000008],[97.636317,35.007073],[97.64397,35.013549],[97.634551,35.025618],[97.650446,35.042397],[97.676939,35.058293],[97.692246,35.068301],[97.72963,35.085963],[97.746998,35.088612],[97.768486,35.087729],[97.768486,35.081253],[97.764071,35.06889],[97.771135,35.051228],[97.804399,35.020908],[97.808225,35.010017],[97.80587,35.000008],[97.792918,34.987351],[97.788503,34.978814],[97.788503,34.969983],[97.790564,34.961447],[97.794685,34.951438],[97.796451,34.925829],[97.800278,34.914643],[97.808225,34.903751],[97.855324,34.887267],[97.862977,34.879908],[97.867981,34.871666]]]}},{"type":"Feature","properties":{"kind":"lakes","name":"扎陵湖","source":"Natural Earth 1:10m"},"geometry":{"type":"Polygon","coordinates":[[[97.436738,34.994416],[97.466174,34.992355],[97.48678,34.983818],[97.486191,34.96704],[97.472062,34.956148],[97.452045,34.965274],[97.445863,34.93672],[97.396116,34.90905],[97.383752,34.886973],[97.378748,34.872843],[97.366679,34.864307],[97.342247,34.855181],[97.318109,34.835165],[97.304274,34.829277],[97.288378,34.835459],[97.248345,34.836048],[97.109699,34.917292],[97.083795,34.926123],[97.069371,34.935248],[97.06319,34.949378],[97.061718,34.972633],[97.056419,34.988234],[97.055831,34.997948],[97.061718,35.006779],[97.074376,35.012077],[97.085856,35.009723],[97.093804,35.000892],[97.095864,34.986173],[97.107344,34.998242],[97.113526,35.016493],[97.122946,35.027973],[97.162979,35.012961],[97.250111,35.013549],[97.263063,35.016493],[97.288378,35.030034],[97.300742,35.034155],[97.317226,35.034155],[97.333122,35.030622],[97.413189,35.000008],[97.436738,34.994416]]]}},{"type":"Feature","properties":{"kind":"lakes","name":"烏梁素海","source":"Natural Earth 1:10m"},"geometry":{"type":"Polygon","coordinates":[[[108.944903,41.023582],[108.951085,40.994145],[108.944903,40.971774],[108.926358,40.952934],[108.903398,40.934389],[108.897511,40.92703],[108.883087,40.912018],[108.876317,40.908191],[108.8772,40.90613],[108.852179,40.891412],[108.838638,40.876105],[108.816855,40.86021],[108.768874,40.837249],[108.729723,40.80428],[108.714122,40.801042],[108.708235,40.811934],[108.717654,40.838721],[108.727368,40.855205],[108.730018,40.861976],[108.732078,40.872278],[108.731489,40.88317],[108.728251,40.895239],[108.717654,40.920554],[108.729723,40.921437],[108.74032,40.917905],[108.747974,40.91084],[108.751801,40.899654],[108.766813,40.91084],[108.782414,40.926736],[108.800371,40.939099],[108.8145,40.94116],[108.836283,40.934389],[108.861598,40.93174],[108.861598,40.948813],[108.858949,40.967064],[108.852179,40.975306],[108.831279,40.98502],[108.821859,41.00592],[108.829218,41.027114],[108.858655,41.036828],[108.863953,41.034473],[108.869841,41.029175],[108.873962,41.023582],[108.876022,41.020049],[108.880143,41.013868],[108.888974,41.018577],[108.896628,41.026525],[108.897805,41.030352],[108.921354,41.033001],[108.932834,41.030646],[108.944903,41.023582]]]}},{"type":"Feature","properties":{"kind":"lakes","name":"多尔改错湖","source":"Natural Earth 1:10m"},"geometry":{"type":"Polygon","coordinates":[[[92.062826,35.219898],[92.035745,35.211068],[91.963331,35.221665],[91.935661,35.21666],[91.944786,35.233734],[91.968041,35.243742],[91.994534,35.251395],[92.038688,35.271118],[92.095795,35.270823],[92.120816,35.278183],[92.164676,35.259049],[92.190875,35.253456],[92.213541,35.260815],[92.233852,35.264347],[92.258578,35.25375],[92.281539,35.236383],[92.298612,35.222842],[92.272119,35.199587],[92.234441,35.183986],[92.194113,35.178982],[92.162027,35.189579],[92.157906,35.176038],[92.1582,35.170151],[92.162027,35.161614],[92.155257,35.161614],[92.140538,35.177216],[92.111691,35.199882],[92.081666,35.217838],[92.062826,35.219898]]]}},{"type":"Feature","properties":{"kind":"lakes","name":null,"source":"Natural Earth 1:10m"},"geometry":{"type":"Polygon","coordinates":[[[95.231067,37.007866],[95.295239,36.962828],[95.299949,36.937808],[95.293767,36.907488],[95.279637,36.88335],[95.259326,36.876874],[95.236955,36.893947],[95.201042,36.947816],[95.173666,36.959296],[95.148351,36.96695],[95.116854,37.000213],[95.091244,37.007866],[95.028545,37.010221],[95.000286,37.016403],[94.972027,37.027589],[94.983213,37.03377],[94.994399,37.034948],[95.006468,37.034359],[95.019714,37.035242],[95.030017,37.039363],[95.052388,37.052315],[95.064163,37.054964],[95.087123,37.052021],[95.130395,37.038186],[95.193683,37.027294],[95.231067,37.007866]]]}},{"type":"Feature","properties":{"kind":"lakes","name":"库赛湖","source":"Natural Earth 1:10m"},"geometry":{"type":"Polygon","coordinates":[[[92.973883,35.732975],[92.996255,35.718846],[93.038938,35.700006],[93.025986,35.681167],[93.006558,35.671159],[92.983597,35.666743],[92.914422,35.66586],[92.899409,35.673514],[92.826701,35.737096],[92.821108,35.757407],[92.806684,35.771831],[92.788728,35.78184],[92.70925,35.80951],[92.693354,35.819224],[92.674221,35.82776],[92.623001,35.834531],[92.607106,35.843362],[92.621235,35.858374],[92.673632,35.86014],[92.771655,35.850132],[92.776659,35.851604],[92.785785,35.857786],[92.809922,35.830704],[92.82258,35.818929],[92.840536,35.809215],[92.887046,35.796558],[92.901764,35.788904],[92.954455,35.758879],[92.964169,35.744455],[92.973883,35.732975]]]}},{"type":"Feature","properties":{"kind":"lakes","name":"卓乃湖","source":"Natural Earth 1:10m"},"geometry":{"type":"Polygon","coordinates":[[[92.038688,35.574902],[92.057528,35.569603],[92.099916,35.562833],[92.099916,35.556062],[92.089319,35.551941],[92.052229,35.528098],[92.047519,35.533691],[92.036334,35.543405],[92.031624,35.549292],[92.004248,35.533102],[91.970102,35.518678],[91.93625,35.508964],[91.907991,35.507492],[91.889151,35.518384],[91.880909,35.521327],[91.870901,35.521622],[91.849707,35.519856],[91.839698,35.521327],[91.825863,35.528686],[91.784652,35.569603],[91.795249,35.574902],[91.804963,35.583144],[91.811439,35.595213],[91.812028,35.61052],[91.86207,35.639367],[91.880909,35.645549],[91.904164,35.645843],[91.946258,35.634069],[91.966864,35.631125],[92.038688,35.574902]]]}},{"type":"Feature","properties":{"kind":"lakes","name":"青海湖","source":"Natural Earth 1:10m"},"geometry":{"type":"Polygon","coordinates":[[[100.717426,36.853325],[100.751867,36.82536],[100.765996,36.804461],[100.761581,36.781206],[100.743036,36.773258],[100.72037,36.776496],[100.70153,36.776202],[100.693288,36.757362],[100.698881,36.74441],[100.734499,36.706143],[100.741858,36.684066],[100.73862,36.669642],[100.731555,36.655807],[100.72037,36.590164],[100.712716,36.566026],[100.703591,36.555429],[100.694466,36.553074],[100.6718,36.543654],[100.659142,36.541005],[100.649428,36.541593],[100.628234,36.54542],[100.559941,36.566614],[100.539924,36.568969],[100.498419,36.578389],[100.459269,36.599583],[100.445434,36.622838],[100.481052,36.63785],[100.481052,36.644032],[100.450143,36.64521],[100.440135,36.644032],[100.435425,36.641677],[100.423651,36.632552],[100.418941,36.630491],[100.410404,36.631669],[100.403045,36.636673],[100.395392,36.63785],[100.392742,36.644327],[100.390387,36.65669],[100.385383,36.665815],[100.366838,36.658162],[100.330337,36.650803],[100.300018,36.657573],[100.288832,36.657867],[100.276763,36.654629],[100.259101,36.646093],[100.220834,36.641677],[100.159017,36.62431],[100.133996,36.623721],[100.089253,36.634907],[100.022138,36.643738],[99.980927,36.657867],[99.943248,36.676412],[99.92647,36.68907],[99.907925,36.719978],[99.882315,36.722039],[99.836689,36.712325],[99.810785,36.713208],[99.797832,36.72351],[99.781642,36.760895],[99.791356,36.774435],[99.790473,36.79298],[99.780171,36.811231],[99.761626,36.822122],[99.723358,36.83272],[99.70187,36.84155],[99.682736,36.865983],[99.63711,36.889237],[99.623863,36.898068],[99.619153,36.908371],[99.617682,36.91838],[99.619153,36.928388],[99.623863,36.938985],[99.662131,36.96695],[99.682442,36.965772],[99.697454,36.961945],[99.733661,36.945755],[99.781642,36.937513],[99.820793,36.951348],[99.842281,36.981373],[99.836689,37.021407],[99.832567,37.037891],[99.830507,37.042012],[99.827269,37.044367],[99.81991,37.046722],[99.816966,37.048783],[99.780759,37.082046],[99.770162,37.105595],[99.760448,37.122079],[99.754561,37.142096],[99.761626,37.164762],[99.776933,37.178009],[99.796949,37.185073],[99.836689,37.192727],[99.893206,37.211566],[99.935006,37.215687],[99.967681,37.225401],[99.984165,37.227756],[99.999766,37.223929],[100.043038,37.199497],[100.079245,37.191255],[100.182861,37.192727],[100.192575,37.190078],[100.215535,37.180364],[100.223777,37.181835],[100.230548,37.187723],[100.239379,37.193316],[100.249387,37.198025],[100.258218,37.199497],[100.274702,37.196259],[100.286183,37.188606],[100.29678,37.17948],[100.296191,37.178597],[100.34741,37.117664],[100.441607,37.046134],[100.469571,37.017286],[100.559941,36.887471],[100.577897,36.870104],[100.593499,36.863628],[100.638831,36.863333],[100.649722,36.860684],[100.672094,36.851559],[100.679747,36.849498],[100.688578,36.853619],[100.695937,36.86039],[100.704474,36.862745],[100.717426,36.853325]]]}},{"type":"Feature","properties":{"kind":"rivers","name":"Huan","source":"Natural Earth 1:10m"},"geometry":{"type":"MultiLineString","coordinates":[[[107.224213,37.31977],[107.232921,37.305284],[107.285737,37.261746],[107.310151,37.203559],[107.315684,37.179145],[107.324718,37.16352],[107.326671,37.155219],[107.324311,37.143907],[107.285167,37.068386],[107.277436,37.043728],[107.282644,37.024604],[107.285492,37.021104],[107.287852,37.016669],[107.291515,37.005398],[107.293956,36.990587],[107.294526,36.959296],[107.293224,36.945828],[107.277843,36.904568],[107.223399,36.82807],[107.203868,36.788764],[107.195079,36.748806],[107.194347,36.725287],[107.20045,36.709296],[107.210134,36.695624],[107.222097,36.673448],[107.230724,36.651394],[107.231049,36.637885],[107.250499,36.625434],[107.272634,36.590033],[107.289561,36.582709],[107.299734,36.575954],[107.334076,36.534247],[107.427826,36.448188],[107.450206,36.411404],[107.476654,36.345649],[107.500418,36.327582],[107.521658,36.284288],[107.532725,36.267401],[107.549571,36.257392],[107.593435,36.241482],[107.621755,36.222602],[107.642345,36.21662],[107.652599,36.209662],[107.69044,36.164984],[107.729421,36.128689],[107.74171,36.123358],[107.753835,36.115912],[107.773855,36.083035],[107.78297,36.075548],[107.80714,36.063422],[107.937918,35.934353],[107.951752,35.907253],[107.956716,35.873847],[107.954519,35.846503],[107.948009,35.820624],[107.937429,35.794949],[107.922455,35.767768],[107.930919,35.748236],[107.930431,35.726345],[107.922455,35.685167],[107.922374,35.664333],[107.929861,35.609442],[107.929128,35.567003],[107.896495,35.444363],[107.884776,35.41946],[107.880789,35.396308],[107.882253,35.346259],[107.892019,35.324897],[107.934255,35.281602],[107.943614,35.260037]]]}},{"type":"Feature","properties":{"kind":"rivers","name":"Zi","source":"Natural Earth 1:10m"},"geometry":{"type":"MultiLineString","coordinates":[[[95.598562,33.277167],[95.656505,33.265692],[95.692312,33.244493],[95.842296,33.034044],[95.866466,32.995917],[95.879242,32.985175],[95.896251,32.979438],[95.920502,32.977729],[95.931407,32.974636],[95.94866,32.960964],[95.955089,32.957831],[95.967784,32.957139],[96.03476,32.942572],[96.059093,32.932481],[96.080577,32.916856],[96.106212,32.892401],[96.127859,32.888007],[96.19752,32.898464],[96.225678,32.895819],[96.237722,32.887803],[96.248953,32.86994],[96.259776,32.859442],[96.307058,32.849473],[96.314464,32.842353],[96.324718,32.829291],[96.348643,32.808051],[96.375987,32.790961],[96.396495,32.790473],[96.424327,32.76378],[96.453624,32.751288],[96.467865,32.734483],[96.53419,32.708564],[96.544688,32.696234],[96.550792,32.679145],[96.557546,32.621283],[96.564952,32.60163],[96.58196,32.572048],[96.607188,32.542019],[96.637299,32.519843],[96.705496,32.482001],[96.7942,32.411811],[96.848888,32.38642],[96.865164,32.372382],[96.883067,32.349555],[96.897472,32.324408],[96.907481,32.290635],[96.914073,32.280788],[96.915457,32.271023],[96.903412,32.258979],[96.892996,32.256415],[96.878835,32.257676],[96.865164,32.261176],[96.855724,32.265163],[96.872081,32.221869],[96.923595,32.193142],[96.982432,32.171454],[97.020763,32.149115],[97.03004,32.133979],[97.032156,32.121446],[97.028738,32.108995],[97.020763,32.093858],[97.016043,32.087999],[97.004487,32.079413],[96.999766,32.07335],[96.998546,32.067328],[97.00058,32.052843],[96.999766,32.046698],[96.981456,32.026801],[96.958507,32.009548],[96.942312,31.990261],[96.945079,31.964179]]]}},{"type":"Feature","properties":{"kind":"rivers","name":"Tuo","source":"Natural Earth 1:10m"},"geometry":{"type":"MultiLineString","coordinates":[[[103.530528,33.067491],[103.555593,33.054958],[103.573009,33.040635],[103.58074,33.021593],[103.576589,32.994737],[103.568289,32.978583],[103.545828,32.949286],[103.53712,32.933458],[103.532156,32.907497],[103.537608,32.886542],[103.561534,32.846137],[103.577647,32.806464],[103.586192,32.796576],[103.596446,32.791287],[103.606456,32.787909],[103.615652,32.783474],[103.623057,32.774848],[103.626231,32.76557],[103.62672,32.755316],[103.625418,32.74433],[103.622651,32.732978],[103.613455,32.700385],[103.601573,32.629503],[103.601085,32.611518],[103.606863,32.591254],[103.630626,32.541612],[103.709076,32.434272],[103.727061,32.403266],[103.734874,32.372585],[103.735362,32.312445],[103.744558,32.281317],[103.768484,32.242784],[103.775076,32.223253],[103.77296,32.199286],[103.741954,32.135037],[103.72991,32.096625],[103.720876,32.079372],[103.706635,32.065619],[103.695404,32.050564],[103.689871,32.027899],[103.683442,31.941514],[103.690033,31.903144],[103.704519,31.867621],[103.726573,31.835883],[103.758067,31.810411],[103.831716,31.768419],[103.857188,31.741645],[103.859467,31.708319],[103.839366,31.67414],[103.702891,31.552191],[103.679779,31.526557],[103.652843,31.506171],[103.593679,31.480658],[103.566173,31.459825],[103.489675,31.359565],[103.471202,31.327175],[103.470307,31.290554],[103.490245,31.218085],[103.492686,31.195746],[103.469005,31.033962],[103.472097,31.013617],[103.48349,31.010688],[103.558116,31.034613],[103.570893,31.035956],[103.583751,31.031562],[103.634044,31.006944],[103.65797,31.024359],[103.681651,31.034695],[103.706554,31.037543],[103.73463,31.032782],[103.757823,31.022976],[103.772227,31.010565],[103.799408,30.978217],[103.83546,30.955146],[103.886485,30.934597],[103.939952,30.92003],[103.983002,30.914903],[104.282807,30.927843],[104.348399,30.92003],[104.405284,30.888495],[104.421641,30.869208],[104.447195,30.827501],[104.461925,30.809027],[104.469493,30.803249],[104.486095,30.793972],[104.493256,30.787706],[104.49822,30.778103],[104.501964,30.759385],[104.509776,30.751044],[104.533214,30.733995],[104.542898,30.720649],[104.54127,30.70421],[104.520763,30.66116],[104.511811,30.646918],[104.506114,30.63349],[104.506114,30.618354],[104.512136,30.609442],[104.523692,30.611029],[104.520763,30.600043],[104.515229,30.594509],[104.506928,30.59101],[104.498953,30.586005],[104.494558,30.575629],[104.497081,30.565741],[104.520518,30.537218],[104.521007,30.527533],[104.517996,30.51793],[104.519054,30.511746],[104.532237,30.512152],[104.545909,30.508165],[104.557628,30.49433],[104.564545,30.476752],[104.564057,30.461697],[104.54892,30.444892],[104.536062,30.441352],[104.53419,30.434272],[104.576101,30.371405],[104.588308,30.358954],[104.605724,30.348497],[104.613048,30.34809],[104.620372,30.350124],[104.627533,30.34988],[104.634288,30.342597],[104.642996,30.32921],[104.67392,30.295722],[104.653087,30.292182],[104.647634,30.279731],[104.644054,30.263536],[104.628347,30.248643],[104.636322,30.232042],[104.704275,30.172919],[104.705007,30.150092],[104.673269,30.134792],[104.667003,30.12641],[104.662852,30.106147],[104.662364,30.102647],[104.660248,30.097724],[104.653331,30.086249],[104.652599,30.081244],[104.656342,30.075751],[104.662039,30.074001],[104.667572,30.072862],[104.671397,30.069607],[104.682628,30.03738],[104.683116,30.028998],[104.677745,30.022813],[104.660492,30.01435],[104.655203,30.004991],[104.659109,30.000678],[104.67099,29.970649],[104.669526,29.967353],[104.674327,29.962429],[104.67864,29.959174],[104.685557,29.957139],[104.714122,29.954169],[104.720876,29.951728],[104.72405,29.945258],[104.731375,29.919216],[104.735037,29.911078],[104.74171,29.904608],[104.753347,29.897162],[104.762787,29.887315],[104.764415,29.876899],[104.764659,29.866807],[104.77003,29.858181],[104.786794,29.848904],[104.825125,29.834825],[104.841238,29.822537],[104.849864,29.808702],[104.855072,29.795966],[104.862641,29.784735],[104.877615,29.77558],[104.892996,29.773301],[104.924327,29.774604],[104.938569,29.76907],[104.958018,29.745225],[105.004242,29.646837],[105.038503,29.59748],[105.083018,29.57099],[105.101166,29.551825],[105.092459,29.531073],[105.076182,29.530056],[105.063243,29.543036],[105.050955,29.55211],[105.037608,29.53974],[105.030772,29.516384],[105.023855,29.513617],[105.007904,29.524604],[105.011974,29.512803],[105.025401,29.489081],[105.028412,29.477484],[105.025401,29.465644],[105.018891,29.455105],[105.014252,29.445014],[105.01767,29.434841],[105.031179,29.411648],[105.031505,29.390448],[105.004893,29.308661],[105.001069,29.286566],[105.000011,29.269843],[105.010183,29.224473],[105.008556,29.201768],[104.992117,29.185492],[104.975352,29.175564],[104.961436,29.160997],[104.956065,29.1435],[104.965343,29.124538],[104.977143,29.118028],[104.985606,29.122667],[104.993663,29.12877],[105.004649,29.126573],[105.012543,29.117987],[105.01588,29.109076],[105.020518,29.100694],[105.031668,29.094021],[105.038992,29.095323],[105.046886,29.100653],[105.055186,29.105048],[105.063731,29.10338],[105.065359,29.095486],[105.064871,29.064276],[105.0713,29.050849],[105.076182,29.04975],[105.08489,29.049587],[105.095307,29.047065],[105.115001,29.031928],[105.137706,29.021511],[105.163015,29.013007],[105.177419,29.010321],[105.191905,29.009833],[105.206472,29.011908],[105.220225,29.006415],[105.232595,28.989569],[105.243663,28.970771],[105.25294,28.95954],[105.254487,28.962714],[105.259288,28.968858],[105.266368,28.973822],[105.274913,28.97309],[105.280935,28.96601],[105.283214,28.956244],[105.284109,28.94713],[105.285574,28.942084],[105.299083,28.935899],[105.315359,28.935655],[105.331635,28.940985],[105.3449,28.951728],[105.356456,28.926703],[105.384044,28.903591],[105.417084,28.890082],[105.445242,28.894151]]]}},{"type":"Feature","properties":{"kind":"rivers","name":"Tuotuo","source":"Natural Earth 1:10m"},"geometry":{"type":"MultiLineString","coordinates":[[[90.794688,34.300401],[90.841807,34.303656],[90.923269,34.327012],[91.066498,34.341376],[91.090831,34.338324],[91.127533,34.324164],[91.151541,34.320909],[91.21933,34.32453],[91.259858,34.316596],[91.305186,34.301296],[91.322276,34.290798],[91.340424,34.285102],[91.391694,34.293484],[91.414643,34.294216],[91.425304,34.291205],[91.444835,34.283271],[91.456391,34.280544],[91.468435,34.280626],[91.500662,34.28738],[91.704845,34.256537],[91.750499,34.259467],[91.792735,34.270697],[91.811534,34.268175],[91.819428,34.249538],[91.824229,34.228461],[91.836681,34.215928],[91.874034,34.198025],[91.939871,34.153266],[91.97755,34.136542],[92.017996,34.136542],[92.030528,34.13996],[92.035167,34.142279],[92.057546,34.179023],[92.064952,34.18769],[92.09905,34.19713],[92.116303,34.211127],[92.131847,34.227078],[92.148448,34.238959],[92.167003,34.245063],[92.191824,34.249823],[92.216319,34.250027],[92.233979,34.242703],[92.325857,34.238959],[92.511485,34.211697],[92.560639,34.212836],[92.58546,34.210313],[92.604015,34.201117],[92.631277,34.174099],[92.639578,34.162787],[92.644135,34.13996],[92.648692,34.129096],[92.680593,34.100938],[92.722585,34.087226],[92.813243,34.081326],[92.839285,34.082953],[92.886485,34.092637],[92.992768,34.100287]]]}},{"type":"Feature","properties":{"kind":"rivers","name":"Tongtian","source":"Natural Earth 1:10m"},"geometry":{"type":"MultiLineString","coordinates":[[[92.992768,34.100287],[93.011729,34.108588],[93.019216,34.124376],[93.024343,34.145046],[93.03419,34.163031],[93.056163,34.170681],[93.070323,34.178819],[93.112641,34.215847],[93.128429,34.225898],[93.170421,34.232286],[93.348155,34.232123],[93.359874,34.229275],[93.382498,34.220323],[93.392019,34.218451],[93.414236,34.220567],[93.454845,34.229926],[93.477306,34.232123],[93.499278,34.230048],[93.542979,34.220649],[93.662852,34.211697],[93.699636,34.217882],[93.748627,34.232286],[93.792491,34.251817],[93.813731,34.273057],[93.811534,34.290391],[93.80657,34.305732],[93.811127,34.316718],[93.837576,34.320909],[93.849864,34.327338],[93.86085,34.342108],[93.875092,34.36933],[93.893077,34.391425],[93.90032,34.403673],[93.90683,34.44127],[93.917247,34.453559],[93.950206,34.472357],[93.973155,34.4713],[94.001069,34.491767],[94.057628,34.55268],[94.068126,34.561347],[94.082286,34.566718],[94.120616,34.571479],[94.152192,34.584906],[94.169444,34.589057],[94.20517,34.587348],[94.237234,34.582221],[94.264578,34.583767],[94.286632,34.602078],[94.295828,34.620673],[94.300385,34.633653],[94.307628,34.641181],[94.324229,34.643622],[94.337169,34.65115],[94.344493,34.664659],[94.351166,34.670966],[94.362315,34.656684],[94.375499,34.67654],[94.392345,34.684394],[94.433686,34.684597],[94.451752,34.68769],[94.475841,34.695339],[94.496755,34.705186],[94.505789,34.715033],[94.521414,34.744696],[94.558442,34.764024],[94.602468,34.767524],[94.638927,34.749823],[94.652354,34.741278],[94.883393,34.700954],[94.917898,34.686347],[94.94394,34.66352],[94.967459,34.6706],[94.977794,34.650092],[94.982351,34.622626],[94.989024,34.608913],[94.997813,34.6046],[95.006765,34.585801],[95.016205,34.58161],[95.038097,34.581122],[95.046886,34.579169],[95.053803,34.574774],[95.057628,34.566107],[95.061127,34.54267],[95.067475,34.5338],[95.079519,34.529893],[95.101085,34.534451],[95.111501,34.530707],[95.156261,34.492621],[95.169932,34.486029],[95.179128,34.488145],[95.188487,34.49433],[95.198985,34.499701],[95.211436,34.49962],[95.218842,34.492499],[95.228526,34.469753],[95.235362,34.464911],[95.246674,34.466091],[95.266124,34.471218],[95.276378,34.472357],[95.287608,34.46955],[95.303966,34.458848],[95.313975,34.458686],[95.316173,34.463243],[95.315522,34.471544],[95.317556,34.480292],[95.327566,34.486029],[95.33839,34.485907],[95.344737,34.481024],[95.347992,34.472602],[95.348643,34.461778],[95.357921,34.459581],[95.410167,34.417751],[95.445079,34.379665],[95.466563,34.362616],[95.492605,34.348822],[95.555919,34.329942],[95.578054,34.311143],[95.5678,34.280544],[95.574962,34.275824],[95.588878,34.259467],[95.582937,34.253933],[95.574718,34.24376],[95.5678,34.238959],[95.57545,34.231635],[95.58546,34.226182],[95.596202,34.224677],[95.617605,34.233832],[95.627859,34.229438],[95.637299,34.222276],[95.646576,34.218451],[95.666596,34.21369],[95.680268,34.200792],[95.68808,34.182196],[95.690684,34.160183],[95.695323,34.142646],[95.706635,34.129177],[95.788829,34.063422],[95.794363,34.053331],[95.825857,34.051866],[95.848399,34.015082],[95.865001,33.971788],[95.879649,33.950954],[95.889659,33.949408],[95.894786,33.944851],[95.896495,33.937445],[95.898204,33.914374],[95.902354,33.912543],[95.908702,33.913845],[95.917247,33.90998],[95.933849,33.894599],[95.951101,33.882432],[95.970144,33.873725],[95.992931,33.869005],[95.987071,33.843207],[96.007742,33.833808],[96.03476,33.829169],[96.048106,33.817491],[96.066905,33.810248],[96.10198,33.805935],[96.122081,33.797919],[96.095876,33.779649],[96.130626,33.764838],[96.147065,33.762722],[96.160737,33.769721],[96.167247,33.77086],[96.175304,33.768012],[96.181895,33.767768],[96.184825,33.776557],[96.188731,33.781765],[96.198171,33.78498],[96.209239,33.786444],[96.218272,33.786444],[96.214285,33.779853],[96.211436,33.773464],[96.22047,33.772569],[96.22698,33.7685],[96.230479,33.76142],[96.231944,33.751736],[96.197765,33.746161],[96.205089,33.735541],[96.227306,33.738593],[96.231944,33.728787],[96.23463,33.717963],[96.241466,33.720526],[96.249278,33.728095],[96.256114,33.732489],[96.293956,33.738715],[96.306407,33.737128],[96.310476,33.733181],[96.314708,33.731879],[96.328136,33.738715],[96.351654,33.76203],[96.35906,33.765977],[96.372081,33.762885],[96.392345,33.749294],[96.400076,33.746161],[96.405772,33.739122],[96.397716,33.701768],[96.403819,33.684109],[96.430186,33.690863],[96.455984,33.679551],[96.500011,33.643134],[96.487804,33.635688],[96.472097,33.628852],[96.472097,33.622626],[96.522227,33.620673],[96.577566,33.611151],[96.617768,33.588406],[96.623546,33.546902],[96.636648,33.551825],[96.651866,33.553738],[96.68157,33.553738],[96.700694,33.547309],[96.708914,33.533271],[96.706716,33.51911],[96.695242,33.512763],[96.689464,33.50613],[96.694021,33.491645],[96.705496,33.471788],[96.707042,33.465522],[96.706716,33.461249],[96.708507,33.456326],[96.722748,33.43948],[96.722179,33.434149],[96.715831,33.431505],[96.705496,33.430854],[96.705496,33.423407],[96.714692,33.419216],[96.721934,33.413194],[96.727957,33.405626],[96.732839,33.396674],[96.73463,33.405463],[96.737315,33.409247],[96.743093,33.40998],[96.753347,33.409735],[96.746511,33.396674],[96.764903,33.397488],[96.772716,33.38878],[96.774099,33.373847],[96.773692,33.35574],[96.785085,33.364081],[96.789154,33.386176],[96.800955,33.389838],[96.793549,33.375556],[96.802989,33.367499],[96.828298,33.313544],[96.832612,33.321112],[96.837413,33.326239],[96.848888,33.334581],[96.853445,33.325059],[96.858979,33.32213],[96.865652,33.324571],[96.873057,33.330878],[96.880789,33.33279],[96.917735,33.327175],[96.936534,33.332953],[96.950857,33.342637],[96.963959,33.348212],[96.97934,33.341417],[96.976736,33.337185],[96.976736,33.336208],[96.978038,33.334296],[96.97934,33.327175],[96.985606,33.334337],[96.991466,33.337958],[97.007091,33.341417],[97.004487,33.334581],[96.999766,33.313544],[97.020437,33.320176],[97.022227,33.300645],[97.017182,33.273139],[97.0171,33.255805],[97.022227,33.245388],[97.019054,33.225165],[97.023936,33.214464],[97.047374,33.183783],[97.083995,33.156684],[97.10377,33.146308],[97.120128,33.142198],[97.134288,33.133246],[97.174815,33.067084],[97.180919,33.052558],[97.185313,33.046658],[97.195811,33.039618],[97.220225,33.029731],[97.229991,33.022732],[97.240815,33.003974],[97.246023,32.964911],[97.25351,32.9442],[97.267345,32.931179],[97.287852,32.922471],[97.310639,32.917792],[97.331716,32.916287],[97.346934,32.910753],[97.360769,32.896999],[97.371349,32.879177],[97.376964,32.86164],[97.3838,32.77912],[97.391368,32.761542],[97.424815,32.724473],[97.426768,32.716579],[97.427013,32.707587],[97.430431,32.700222],[97.441742,32.697211],[97.447683,32.694281],[97.465831,32.676703],[97.559093,32.629706],[97.56544,32.624823],[97.573985,32.621283],[97.594493,32.623562],[97.603038,32.621446],[97.607514,32.61461],[97.616954,32.592637],[97.620372,32.587958],[97.663585,32.559841],[97.817556,32.51321],[97.83782,32.511501],[97.856212,32.51907],[97.886648,32.497585],[98.013927,32.464423],[98.066742,32.422716],[98.075857,32.412909],[98.080333,32.404608],[98.09075,32.401679],[98.113455,32.402371],[98.122813,32.400214],[98.129242,32.394965],[98.135265,32.388251],[98.144216,32.381903],[98.187266,32.366645],[98.205577,32.355577],[98.213145,32.337755],[98.211681,32.296169],[98.213308,32.273057],[98.2199,32.252143],[98.271495,32.190701],[98.309255,32.128607],[98.374522,32.080349],[98.384369,32.063422],[98.393321,32.040066],[98.436534,32.00373],[98.452729,31.983995],[98.456472,31.960395],[98.452729,31.932888],[98.444835,31.907904],[98.435313,31.892157],[98.422781,31.881619],[98.418875,31.879828],[98.420502,31.878119],[98.435069,31.838324],[98.434581,31.824571],[98.425385,31.8133],[98.445323,31.803534],[98.468272,31.766791],[98.501231,31.749701],[98.541515,31.689765]]]}},{"type":"Feature","properties":{"kind":"rivers","name":"Han","source":"Natural Earth 1:10m"},"geometry":{"type":"MultiLineString","coordinates":[[[106.398448,33.067694],[106.421153,33.072292],[106.434174,33.08336],[106.444021,33.096788],[106.456554,33.10871],[106.473399,33.115261],[106.665619,33.143988],[106.67628,33.142198],[106.682872,33.137274],[106.686127,33.130642],[106.69044,33.124823],[106.70045,33.122341],[106.805756,33.124376],[106.841319,33.133816],[106.864268,33.136013],[106.883556,33.131415],[106.899913,33.120307],[106.929454,33.095038],[106.980398,33.064154],[106.99464,33.05036],[107.015636,33.038398],[107.038259,33.037706],[107.058849,33.033881],[107.073416,33.012478],[107.086925,33.01911],[107.102468,33.038357],[107.11435,33.046658],[107.126557,33.04739],[107.142589,33.045966],[107.156261,33.047471],[107.16212,33.057196],[107.169688,33.076239],[107.188243,33.088935],[107.212576,33.096747],[107.261729,33.103298],[107.323253,33.101264],[107.332123,33.106635],[107.34669,33.130561],[107.357595,33.136013],[107.368582,33.134345],[107.389903,33.128526],[107.402436,33.129177],[107.420828,33.136827],[107.490245,33.187445],[107.513601,33.200873],[107.522553,33.208035],[107.534923,33.215359],[107.541921,33.208523],[107.54713,33.190619],[107.567312,33.187812],[107.623546,33.187038],[107.635265,33.180365],[107.644949,33.170722],[107.667572,33.170233],[107.711436,33.176947],[107.735362,33.177436],[107.751394,33.174018],[107.764415,33.166775],[107.779226,33.155829],[107.787364,33.168769],[107.796967,33.174831],[107.820811,33.183783],[107.832937,33.191596],[107.838308,33.197781],[107.857595,33.237616],[107.863699,33.242947],[107.875418,33.245876],[107.888682,33.243598],[107.897878,33.236029],[107.905203,33.227891],[107.912608,33.224148],[107.938975,33.219306],[107.955658,33.206407],[107.959565,33.188056],[107.942149,33.158962],[107.937266,33.146267],[107.937266,33.134385],[107.947032,33.129177],[107.955089,33.123114],[107.957612,33.108995],[107.956716,33.080756],[107.977957,33.086615],[107.995046,33.07685],[108.026134,33.046658],[108.047781,33.037055],[108.064708,33.035346],[108.081147,33.039333],[108.101329,33.046658],[108.141368,33.037665],[108.219656,33.032335],[108.258881,33.019314],[108.274994,33.005683],[108.279063,32.989325],[108.274832,32.970771],[108.265717,32.950385],[108.260346,32.942206],[108.253673,32.934434],[108.248057,32.926215],[108.245372,32.916287],[108.247325,32.905951],[108.257091,32.892279],[108.258881,32.882148],[108.252208,32.867011],[108.241466,32.852729],[108.237722,32.839423],[108.252208,32.827501],[108.259858,32.828966],[108.266124,32.836005],[108.273692,32.840522],[108.286225,32.834337],[108.29184,32.824897],[108.289806,32.816107],[108.286225,32.807685],[108.286225,32.799628],[108.312511,32.769843],[108.35255,32.749783],[108.437755,32.724473],[108.437755,32.717637],[108.428722,32.713975],[108.407237,32.709052],[108.396088,32.703966],[108.413829,32.673936],[108.416596,32.662421],[108.431895,32.669745],[108.439464,32.666449],[108.44394,32.657782],[108.450206,32.648749],[108.47169,32.633409],[108.468435,32.628974],[108.454112,32.618354],[108.448171,32.599433],[108.469737,32.582831],[108.498057,32.566921],[108.512218,32.54975],[108.52296,32.528835],[108.54835,32.518419],[108.578054,32.512641],[108.601573,32.505398],[108.615652,32.488349],[108.622081,32.48489],[108.633311,32.485867],[108.639171,32.490424],[108.644216,32.495551],[108.681733,32.504991],[108.692882,32.504177],[108.697195,32.491767],[108.758067,32.537421],[108.774018,32.566352],[108.759858,32.601589],[108.759858,32.607774],[108.770925,32.609198],[108.777843,32.61461],[108.780691,32.623562],[108.779796,32.635118],[108.78712,32.630723],[108.792898,32.62462],[108.797293,32.61697],[108.800222,32.607774],[108.812511,32.620795],[108.81894,32.618191],[108.822846,32.608751],[108.827566,32.601589],[108.842703,32.58865],[108.851573,32.586534],[108.855479,32.598171],[108.85491,32.607123],[108.855968,32.609565],[108.879405,32.607774],[108.890391,32.61168],[108.894216,32.621039],[108.896658,32.632514],[108.903331,32.642524],[108.921316,32.649034],[108.996104,32.656195],[109.00351,32.664008],[109.022472,32.700303],[109.03297,32.711453],[109.042979,32.713975],[109.064545,32.715196],[109.074474,32.717637],[109.086436,32.724473],[109.093191,32.73196],[109.097992,32.739936],[109.1338,32.783962],[109.148529,32.787869],[109.255056,32.752387],[109.298432,32.74787],[109.334565,32.758612],[109.343191,32.766872],[109.345225,32.773953],[109.346609,32.781114],[109.352061,32.789984],[109.358897,32.795966],[109.374115,32.805732],[109.383067,32.813259],[109.386974,32.822699],[109.386241,32.831732],[109.389089,32.838487],[109.403412,32.841173],[109.411794,32.844591],[109.408295,32.852607],[109.402436,32.861762],[109.403412,32.868476],[109.412852,32.867743],[109.438975,32.860419],[109.448822,32.868679],[109.514252,32.883816],[109.52589,32.892198],[109.533946,32.909451],[109.547944,32.899237],[109.55657,32.888739],[109.565684,32.88349],[109.581635,32.888943],[109.585948,32.894558],[109.589366,32.902777],[109.593842,32.910915],[109.602061,32.916287],[109.612397,32.916368],[109.618744,32.911689],[109.624522,32.906033],[109.632823,32.903266],[109.650483,32.904731],[109.66741,32.909044],[109.682384,32.916368],[109.694591,32.92654],[109.706391,32.939032],[109.718191,32.94835],[109.729503,32.949327],[109.739268,32.936794]],[[109.739268,32.929958],[109.758474,32.914984],[109.782807,32.90115],[109.8095,32.893134],[109.83546,32.895819],[109.868175,32.912909],[109.883311,32.916287],[109.898855,32.914374],[109.925141,32.900662],[109.937918,32.895819],[109.992605,32.888943],[110.003347,32.88406],[110.040294,32.86164],[110.081716,32.848171],[110.095632,32.841173],[110.103445,32.834174],[110.114838,32.818793],[110.123546,32.813259],[110.215424,32.813259],[110.237885,32.807563],[110.257091,32.796658],[110.274099,32.789862],[110.290457,32.796454],[110.299815,32.801866],[110.309988,32.804633],[110.318126,32.808458],[110.325694,32.827745],[110.33546,32.834337],[110.397634,32.858018],[110.411794,32.856065],[110.403412,32.834337],[110.418468,32.829942],[110.431733,32.832872],[110.44573,32.838324],[110.462169,32.841173],[110.477143,32.836941],[110.497162,32.817979],[110.507091,32.813259],[110.566824,32.829128],[110.591726,32.829657],[110.588959,32.807074],[110.612641,32.819363],[110.616954,32.820665],[110.625011,32.81448],[110.63087,32.798692],[110.636729,32.793402],[110.651378,32.791856],[110.705089,32.799628],[110.705089,32.807074],[110.695974,32.808214],[110.692882,32.810248],[110.690684,32.814073],[110.685313,32.820665],[110.718761,32.837999],[110.746104,32.86164],[110.796397,32.831855],[110.811534,32.827501],[110.814708,32.825019],[110.817963,32.819648],[110.824229,32.814643],[110.83546,32.813259],[110.845714,32.817247],[110.857432,32.831326],[110.866466,32.834337],[110.875255,32.832587],[110.882416,32.828233],[110.893565,32.816962],[110.902273,32.810858],[110.910248,32.811103],[110.9192,32.813341],[110.931082,32.813259],[110.938243,32.810167],[110.952159,32.801378],[110.962413,32.799628],[110.982595,32.806912],[110.993175,32.807074],[110.983653,32.798936],[110.968435,32.790717],[110.9581,32.781195],[110.962413,32.769151],[110.983165,32.752509],[110.992198,32.748236],[111.000011,32.740668]],[[111.477631,32.567816],[111.48406,32.55447],[111.492198,32.530137],[111.547944,32.48489],[111.615245,32.454454],[111.643891,32.434149],[111.665294,32.402371],[111.640717,32.367947],[111.633067,32.349311],[111.637299,32.327257],[111.646414,32.318712],[111.672862,32.303412],[111.699474,32.265163],[111.693614,32.224189],[111.72698,32.19123],[111.771983,32.162869],[111.80128,32.135443],[111.814708,32.092882],[111.827159,32.078721],[111.853038,32.07335],[111.876231,32.075995],[111.931651,32.093858],[111.953054,32.094916],[111.975597,32.091254],[111.993256,32.082831],[112.008067,32.054511],[112.026541,32.046413],[112.157807,32.034206],[112.192882,32.021999],[112.192882,31.991482],[112.185964,31.98489],[112.177745,31.981228],[112.170095,31.975857],[112.164968,31.964179],[112.16448,31.951524],[112.167735,31.93948],[112.173839,31.928534],[112.182058,31.91946],[112.217459,31.895087],[112.220225,31.883612],[112.182546,31.822374],[112.177257,31.797309],[112.195893,31.785997],[112.215912,31.779853],[112.250662,31.749457],[112.268077,31.737616],[112.336681,31.724392],[112.353608,31.713975],[112.369884,31.69245],[112.380951,31.672675],[112.406749,31.606716],[112.41684,31.592597],[112.442393,31.569688],[112.452403,31.550238],[112.450043,31.528103],[112.442556,31.505398],[112.438569,31.484402],[112.440847,31.474677],[112.450206,31.45307],[112.452403,31.443386],[112.449229,31.433539],[112.435069,31.41238],[112.431895,31.405544],[112.425385,31.386013],[112.412364,31.372992],[112.402273,31.358262],[112.404552,31.333523],[112.414806,31.318915],[112.446707,31.302191],[112.462901,31.288845],[112.487804,31.254706],[112.500499,31.24197],[112.5206,31.230496],[112.545421,31.223497],[112.560476,31.221991],[112.567556,31.215399],[112.569753,31.192939],[112.566417,31.182644],[112.551768,31.161933],[112.548432,31.151679],[112.552826,31.139472],[112.574636,31.118354],[112.582774,31.10696],[112.584239,31.086127],[112.567393,31.086249],[112.54184,31.095079],[112.517507,31.100775],[112.506765,31.089179],[112.508067,31.063015],[112.5206,31.018826],[112.533702,30.990749],[112.561697,30.953437],[112.567149,30.94123],[112.572195,30.888699],[112.577729,30.877021],[112.589366,30.869208],[112.664561,30.842882],[112.678966,30.833279],[112.668224,30.830268],[112.637136,30.82571],[112.630463,30.82331],[112.635509,30.807929],[112.644786,30.795518],[112.649669,30.78323],[112.641612,30.768093],[112.625987,30.747626],[112.596283,30.676215],[112.624441,30.657904],[112.703298,30.661566],[112.719819,30.651964],[112.714122,30.640489],[112.687511,30.63113],[112.678966,30.620958],[112.67921,30.605333],[112.690929,30.57099],[112.692556,30.552069],[112.728526,30.574042],[112.748139,30.583116],[112.771414,30.586859],[112.783621,30.576728],[112.81601,30.51793],[112.8296,30.509345],[112.852631,30.499294],[112.874766,30.496039],[112.884288,30.508002],[112.881602,30.555732],[112.89088,30.570746],[112.918468,30.573188],[112.933442,30.563829],[112.951427,30.531277],[112.9699,30.524115],[113.004405,30.525458],[113.023041,30.52379],[113.042003,30.51793],[113.046641,30.517605],[113.059174,30.518988],[113.06308,30.51793],[113.066417,30.51085],[113.065522,30.505235],[113.063487,30.5008],[113.06308,30.497423],[113.063487,30.488959],[113.060313,30.482489],[113.062511,30.47838],[113.0796,30.476996],[113.099213,30.483425],[113.107432,30.483181],[113.11085,30.473253],[113.11142,30.461859],[113.113373,30.45307],[113.117279,30.446723],[113.124034,30.442206],[113.137299,30.439561],[113.146658,30.443549],[113.15504,30.448757],[113.165538,30.449652],[113.175304,30.444525],[113.186615,30.43122],[113.196218,30.428534],[113.289073,30.428534],[113.427338,30.395209],[113.466563,30.395046],[113.48585,30.398993],[113.491466,30.401679],[113.500662,30.408067],[113.5088,30.415839],[113.518158,30.431667],[113.532481,30.447821],[113.540294,30.465033],[113.545665,30.473253],[113.555919,30.481716],[113.590017,30.497423],[113.607432,30.511908],[113.622976,30.531684],[113.634288,30.554023],[113.638438,30.576239],[113.646983,30.586249],[113.73878,30.626899],[113.74822,30.627794],[113.760916,30.622992],[113.782481,30.604763],[113.789236,30.60045],[113.79892,30.604804],[113.807628,30.614325],[113.817475,30.622097],[113.830333,30.620958],[113.83839,30.610907],[113.834483,30.599962],[113.825125,30.591091],[113.816742,30.586859],[113.823416,30.575954],[113.830333,30.575141],[113.837332,30.580186],[113.844005,30.586859],[113.850597,30.595404],[113.852143,30.603217],[113.850678,30.61754],[113.838796,30.64411],[113.840587,30.648261],[113.843354,30.649482],[113.845225,30.651964],[113.848237,30.654568],[113.854503,30.655707],[113.862234,30.653876],[113.863292,30.649522],[113.862315,30.644721],[113.86435,30.641466],[113.878184,30.634304],[113.884858,30.633124],[113.911794,30.633653],[113.920421,30.632839],[113.925141,30.63703],[113.926524,30.651964],[113.930919,30.672675],[113.941498,30.6789],[113.955089,30.67414],[113.968028,30.661933],[113.983897,30.633979],[113.995697,30.624579],[114.018565,30.620958],[114.027436,30.616645],[114.028412,30.607001],[114.027843,30.597357],[114.031993,30.593044],[114.043468,30.594184],[114.069835,30.60045],[114.170665,30.598212],[114.289561,30.566352]]]}},{"type":"Feature","properties":{"kind":"rivers","name":"Dadu","source":"Natural Earth 1:10m"},"geometry":{"type":"MultiLineString","coordinates":[[[100.070242,33.005683],[100.082937,32.992377],[100.113455,32.968329],[100.169037,32.909735],[100.190929,32.898505],[100.193777,32.887397],[100.193126,32.865058],[100.196788,32.858995],[100.215587,32.849921],[100.251394,32.824327],[100.291515,32.803168],[100.334727,32.786404],[100.371186,32.77912],[100.441987,32.726508],[100.453868,32.714545],[100.458507,32.705634],[100.488455,32.683458],[100.49822,32.669013],[100.501557,32.65587],[100.503429,32.642768],[100.508393,32.628241],[100.515717,32.620388],[100.524994,32.615017],[100.53297,32.608832],[100.536388,32.598171],[100.54184,32.586534],[100.554454,32.576524],[100.569347,32.569444],[100.595714,32.563503],[100.638682,32.539496],[100.654389,32.535753],[100.667572,32.534369],[100.679861,32.530382],[100.69337,32.51907],[100.71046,32.522732],[100.725597,32.512478],[100.740815,32.498603],[100.758556,32.491767],[100.766368,32.487494],[100.789643,32.456977],[100.793386,32.454779],[100.796804,32.455512],[100.799897,32.455349],[100.803233,32.450751],[100.805919,32.442328],[100.805675,32.4383],[100.804128,32.434394],[100.803233,32.426581],[100.805186,32.391669],[100.806651,32.385281],[100.810557,32.37519],[100.802664,32.353298],[100.803233,32.341498],[100.813487,32.336697],[100.828217,32.347357],[100.847585,32.356472],[100.871511,32.347113],[100.862804,32.331488],[100.878835,32.320909],[100.91627,32.310167],[100.925304,32.303819],[100.942882,32.295437],[100.950694,32.289659],[100.960216,32.279853],[100.965587,32.272732],[100.979503,32.24079],[100.983897,32.233018],[101.00644,32.205268],[101.0088,32.199246],[101.009369,32.186957],[101.004975,32.169053],[100.974539,32.108181],[100.970876,32.088446],[100.974539,32.03616],[100.977061,32.023871],[100.982921,32.017849],[100.990733,32.014106],[100.99879,32.008816],[101.004893,31.999579],[101.005463,31.982367],[101.009369,31.970974],[101.023936,31.957343],[101.063894,31.94835],[101.081065,31.939968],[101.16627,31.833848],[101.192149,31.814399],[101.241222,31.802191],[101.272227,31.783474],[101.286143,31.779161],[101.329275,31.78616],[101.344493,31.785997],[101.361257,31.781562],[101.391612,31.768988],[101.405854,31.765489],[101.424815,31.765082],[101.4428,31.768093],[101.455984,31.775702],[101.461192,31.78913],[101.47755,31.802924],[101.513927,31.805121],[101.551524,31.800076],[101.571056,31.792263],[101.587494,31.801581],[101.627452,31.815945],[101.646658,31.819525],[101.649506,31.816107],[101.653901,31.809353],[101.660655,31.805243],[101.670095,31.809882],[101.688894,31.828721],[101.694591,31.833197],[101.725597,31.846625],[101.830577,31.861111],[101.840912,31.852973],[101.857026,31.828803],[101.865245,31.819525],[101.87851,31.812608],[101.903087,31.806464],[101.913097,31.799628],[101.906261,31.799628],[101.933604,31.789659],[102.026378,31.710517],[102.029796,31.704047],[102.030935,31.694119],[102.02825,31.6883],[102.024425,31.685004],[102.02296,31.6824],[102.030772,31.666938],[102.050955,31.646593],[102.050304,31.635199],[102.065929,31.619574],[102.071544,31.601386],[102.078136,31.4713],[102.076752,31.453803],[102.070893,31.442084],[101.997081,31.378607],[101.98878,31.367703],[101.993337,31.351386],[102.007335,31.331],[102.024913,31.313585],[102.040294,31.30622],[102.048757,31.298448],[102.040457,31.2803],[102.016124,31.244167],[102.001069,31.202948],[101.988048,31.188788],[101.943289,31.1789],[101.924083,31.167548],[101.907237,31.151964],[101.892589,31.134874],[101.879975,31.11168],[101.874034,31.083604],[101.872081,31.015082],[101.874441,30.998399],[101.884207,30.962999],[101.885753,30.943142],[101.880382,30.907823],[101.885834,30.894599],[101.906261,30.888495],[101.919932,30.867703],[101.933035,30.820502],[101.944021,30.802517],[101.954194,30.798041],[101.963959,30.797675],[101.971446,30.79446],[101.974539,30.781765],[101.975678,30.769843],[101.979503,30.762803],[101.995616,30.750678],[102.002452,30.74669],[102.016612,30.741482],[102.02296,30.737657],[102.029796,30.728461],[102.040538,30.707058],[102.04713,30.702908],[102.054861,30.699327],[102.055268,30.690863],[102.050304,30.672471],[102.051768,30.660915],[102.055431,30.654405],[102.060069,30.649237],[102.064464,30.641466],[102.067556,30.62462],[102.064952,30.536689],[102.068777,30.523871],[102.098643,30.497423],[102.115896,30.477891],[102.121349,30.462226],[102.119151,30.418647],[102.123057,30.398139],[102.143891,30.354844],[102.169851,30.313422],[102.180431,30.290839],[102.18629,30.267035],[102.187999,30.236762],[102.198985,30.222602],[102.203054,30.213487],[102.192393,30.205349],[102.187592,30.185492],[102.17864,30.166815],[102.172862,30.065009],[102.170665,30.058661],[102.177745,30.050564],[102.208507,30.004014],[102.21339,29.989447],[102.214366,29.982245],[102.214692,29.973253],[102.216807,29.965033],[102.226085,29.961005],[102.228282,29.95246],[102.225678,29.935899],[102.220795,29.920437],[102.218028,29.906358],[102.222179,29.89411],[102.211925,29.872016],[102.209402,29.848944],[102.216075,29.774726],[102.213145,29.763983],[102.204682,29.753852],[102.199718,29.742296],[102.202078,29.711127],[102.197683,29.69892],[102.194591,29.693305],[102.195323,29.681179],[102.194265,29.675076],[102.190929,29.670722],[102.182872,29.664171],[102.180593,29.661404],[102.168956,29.641466],[102.165538,29.628526],[102.170665,29.617011],[102.177257,29.593573],[102.15797,29.543036],[102.174327,29.524237],[102.16684,29.500922],[102.177013,29.482367],[102.195893,29.472927],[102.214692,29.477078],[102.222179,29.469591],[102.220144,29.455146],[102.23585,29.390733],[102.25294,29.352891],[102.261322,29.350531],[102.265229,29.344184],[102.278412,29.294013],[102.283621,29.284613],[102.293793,29.277899],[102.307384,29.272081],[102.319347,29.264919],[102.324474,29.253933],[102.333425,29.256659],[102.41627,29.26671],[102.45574,29.275743],[102.47877,29.277777],[102.501231,29.283026],[102.518891,29.295762],[102.550385,29.325629],[102.566742,29.332302],[102.580333,29.332831],[102.59547,29.335761],[102.615733,29.349473],[102.625418,29.350287],[102.647065,29.330837],[102.656993,29.325629],[102.701427,29.325629],[102.777273,29.316352],[102.807709,29.300849],[102.804454,29.271023],[102.818614,29.257432],[102.833425,29.233181],[102.84962,29.215033],[102.869151,29.219794],[102.878347,29.223822],[102.89088,29.226508],[102.901947,29.230821],[102.906749,29.239936],[102.908946,29.250922],[102.920909,29.27497],[102.927257,29.284613],[102.942556,29.300116],[102.958263,29.303331],[102.999278,29.298285],[103.02003,29.291612],[103.026134,29.257514],[103.043386,29.243028],[103.064545,29.244818],[103.084565,29.259141],[103.099539,29.278388],[103.105398,29.294542],[103.11378,29.303656],[103.132823,29.298367],[103.203054,29.253933],[103.217377,29.250922],[103.23935,29.250515],[103.262218,29.245632],[103.27296,29.24787],[103.278819,29.267401],[103.28712,29.285183],[103.291026,29.290839],[103.305756,29.300889],[103.324718,29.308173],[103.337169,29.306749],[103.33253,29.290839],[103.34669,29.293769],[103.366954,29.311876],[103.380382,29.318793],[103.386974,29.314073],[103.397634,29.309638],[103.410085,29.306423],[103.421316,29.305121],[103.433116,29.307196],[103.457937,29.316514],[103.461681,29.318793],[103.478445,29.30744],[103.493093,29.286485],[103.509288,29.271552],[103.530528,29.277777],[103.582123,29.212673],[103.590261,29.208686],[103.601329,29.207831],[103.638764,29.209784],[103.64503,29.213568],[103.646576,29.236843],[103.645518,29.245144],[103.640066,29.26671],[103.640391,29.277777],[103.645925,29.289008],[103.652761,29.295518],[103.658376,29.302517],[103.660818,29.315009],[103.651541,29.336737],[103.630463,29.340684],[103.592052,29.333075],[103.574229,29.339423],[103.561534,29.354112],[103.553722,29.374335],[103.550955,29.397284],[103.554128,29.420111],[103.562022,29.436225],[103.642833,29.521552],[103.677257,29.545111],[103.716238,29.558946]]]}},{"type":"Feature","properties":{"kind":"rivers","name":"Za","source":"Natural Earth 1:10m"},"geometry":{"type":"MultiLineString","coordinates":[[[94.083995,33.155829],[94.092784,33.158067],[94.112804,33.167914],[94.136729,33.172227],[94.16505,33.181667],[94.176768,33.183783],[94.221609,33.177802],[94.305431,33.153022],[94.348074,33.149685],[94.447765,33.163275],[94.457286,33.167914],[94.463959,33.178778],[94.46933,33.19127],[94.475027,33.201199],[94.484386,33.207953],[94.497488,33.213202],[94.512136,33.216661],[94.526296,33.217882],[94.579112,33.212185],[94.591075,33.208035],[94.601736,33.199774],[94.615001,33.191962],[94.628184,33.186103],[94.705007,33.176947],[94.723562,33.1789],[94.76588,33.190619],[94.789561,33.187608],[94.860769,33.168158],[94.875662,33.159532],[94.880382,33.148993],[94.891775,33.138739],[94.916596,33.122341],[94.946788,33.095486],[94.958263,33.087592],[94.965261,33.100409],[94.979503,33.096503],[94.996023,33.086453],[95.009369,33.080756],[95.028819,33.078884],[95.049897,33.073432],[95.068777,33.065009],[95.081147,33.054063],[95.085948,33.043036],[95.08546,33.03502],[95.082774,33.027126],[95.081147,33.015896],[95.083263,33.00613],[95.092703,32.986111],[95.094737,32.974311],[95.093191,32.965277],[95.090424,32.961005],[95.089936,32.957343],[95.094737,32.950385],[95.10434,32.941596],[95.11435,32.936835],[95.125011,32.937364],[95.135753,32.9442],[95.2046,32.911322],[95.217703,32.895819],[95.23463,32.909003],[95.252452,32.907253],[95.287201,32.888943],[95.350108,32.879421],[95.398448,32.853624],[95.438569,32.849392],[95.523448,32.854804],[95.557709,32.847968],[95.588959,32.830268],[95.61378,32.805854],[95.629242,32.77912],[95.64796,32.726996],[95.65032,32.714545],[95.660167,32.714952],[95.718435,32.689765],[95.735037,32.692694],[95.781342,32.661566],[95.807384,32.662421],[95.817475,32.647081],[95.871674,32.599921],[95.934093,32.556749],[95.959727,32.545111],[95.985444,32.538357],[96.003429,32.542914],[96.021088,32.555772],[96.042247,32.562364],[96.163829,32.57453],[96.181082,32.570583],[96.187022,32.563341],[96.195242,32.550076],[96.201182,32.542914],[96.209483,32.537299],[96.229096,32.531277],[96.239268,32.525906],[96.244721,32.519721],[96.2553,32.502875],[96.259776,32.497911],[96.272472,32.4949],[96.29892,32.4949],[96.311046,32.488308],[96.337576,32.451483],[96.362071,32.433783],[96.366791,32.436835],[96.370209,32.44245],[96.375906,32.443915],[96.3921,32.434597],[96.414154,32.418158],[96.428396,32.402452],[96.420909,32.395535],[96.415701,32.384304],[96.424571,32.359158],[96.445404,32.31977],[96.454275,32.294623],[96.458507,32.286241],[96.467296,32.278103],[96.488862,32.263739],[96.493175,32.255561],[96.496186,32.238308],[96.512218,32.197577],[96.519949,32.183214],[96.533132,32.166083],[96.548595,32.155626],[96.567882,32.150499],[96.592459,32.149115],[96.601166,32.146999],[96.615652,32.137559],[96.62672,32.135443],[96.632335,32.133328],[96.641612,32.123887],[96.647227,32.121772],[96.653087,32.123155],[96.658214,32.126166],[96.664073,32.128607],[96.671397,32.128607],[96.681163,32.124945],[96.686697,32.120632],[96.693451,32.116645],[96.705496,32.114325],[96.712901,32.115302],[96.733165,32.120551],[96.742686,32.121772],[96.759288,32.11225],[96.769054,32.06505],[96.780528,32.046698],[96.792735,32.044257],[96.822846,32.048774],[96.835216,32.046698],[96.84669,32.036566],[96.847992,32.026801],[96.844493,32.015815],[96.842052,32.002021],[96.851329,31.976101],[96.873057,31.966498],[96.898204,31.963446],[96.917735,31.957343],[96.941335,31.965522]]]}},{"type":"Feature","properties":{"kind":"rivers","name":"Wujia","source":"Natural Earth 1:10m"},"geometry":{"type":"MultiLineString","coordinates":[[[108.863292,40.914008],[108.868093,40.917019],[108.872325,40.933946],[108.861501,40.948676]],[[108.845144,40.902533],[108.740652,40.838406],[108.721446,40.819281],[108.710948,40.803778]]]}},{"type":"Feature","properties":{"kind":"rivers","name":"Wujia","source":"Natural Earth 1:10m"},"geometry":{"type":"MultiLineString","coordinates":[[[108.191742,41.203721],[108.214366,41.200059],[108.23642,41.192003],[108.354503,41.174506],[108.432384,41.184882],[108.471202,41.185126],[108.501557,41.170844],[108.515229,41.166531],[108.534923,41.165839],[108.552338,41.162299],[108.560069,41.149685],[108.565929,41.135769],[108.580333,41.13463],[108.598399,41.13878],[108.615245,41.140408],[108.615245,41.132921],[108.597097,41.124091],[108.604015,41.115058],[108.620046,41.105577],[108.637136,41.084784],[108.655854,41.078925],[108.676768,41.075141],[108.690929,41.070868],[108.683523,41.064643],[108.693777,41.058376],[108.699311,41.059394],[108.704031,41.063056],[108.711436,41.064643],[108.727468,41.063585],[108.734955,41.061835],[108.745616,41.057237],[108.762218,41.045274],[108.784272,41.000312]],[[107.95281,41.171983],[108.005056,41.187567],[108.014659,41.19241],[108.024099,41.201972],[108.032319,41.208075],[108.054698,41.214301],[108.080333,41.217841],[108.097585,41.225165],[108.094493,41.242784],[108.11907,41.241278],[108.144216,41.232001],[108.191742,41.203721]],[[107.95281,41.171983],[107.953298,41.171454]],[[108.784272,41.000312],[108.795014,40.982693],[108.80364,40.971869],[108.815359,40.965928],[108.844819,40.960883],[108.861501,40.948676]],[[108.863292,40.914008],[108.845144,40.902533]],[[107.841238,40.899604],[107.878835,40.916449],[108.026134,40.920681],[108.052257,40.925116],[108.070811,40.933783],[108.138601,41.00141],[108.154307,41.023057],[108.16269,41.042914],[108.160818,41.059638],[108.145925,41.103095],[108.142182,41.122667],[108.170095,41.195014],[108.191742,41.203721]],[[107.841238,40.899604],[107.926524,40.87995],[107.971934,40.87519],[108.103038,40.89997],[108.128673,40.910102],[108.159679,40.916815],[108.235037,40.917996],[108.262299,40.930609],[108.338145,40.999213],[108.366791,41.043891],[108.384044,41.063056],[108.410167,41.070868],[108.52589,41.070868],[108.747,41.021308],[108.77296,41.009467],[108.784272,41.000312]],[[107.682872,40.858588],[107.690684,40.907986],[107.74464,40.970771],[107.7588,41.009467],[107.745128,41.088568],[107.750499,41.118191],[107.786632,41.140408],[107.902761,41.15705],[107.95281,41.171983]],[[108.710948,40.803778],[108.67628,40.768012],[108.663666,40.748074],[108.650401,40.698757],[108.651296,40.688788],[108.671479,40.6612],[108.675548,40.65119],[108.677257,40.639472]],[[107.301687,40.681789],[107.331472,40.706732],[107.402436,40.817003],[107.432384,40.846462],[107.440522,40.863308],[107.44337,40.889675],[107.448416,40.910712],[107.474132,40.948798],[107.484386,40.968451],[107.511729,41.090644],[107.525401,41.126085],[107.548106,41.159125],[107.555919,41.179958],[107.550222,41.198106],[107.546886,41.216742],[107.573171,41.225369],[107.628998,41.229193],[107.664643,41.242621],[107.682709,41.246649],[107.704112,41.242784],[107.769542,41.201239],[107.789806,41.195014],[107.807872,41.192816],[107.847748,41.182969],[107.872,41.180732],[107.896251,41.185085],[107.917491,41.191718],[107.935313,41.191352],[107.95281,41.171983]],[[107.301687,40.681789],[107.757823,40.892524],[107.798595,40.901313],[107.841238,40.899604]],[[107.300141,40.680487],[107.301687,40.681789]],[[107.118826,40.521959],[107.110932,40.533393],[107.104584,40.54796],[107.094005,40.605414],[107.075287,40.646511],[107.062266,40.665595],[107.049571,40.673651],[107.028819,40.682685],[107.015066,40.704047],[106.997813,40.748725],[106.961925,40.799628],[106.957449,40.820746],[106.957449,40.862006],[106.958425,40.870551],[106.962576,40.887885],[106.963634,40.899604],[106.958263,40.92475],[106.934825,40.963568],[106.929454,40.985867],[106.935802,41.000596],[106.951427,41.013454],[106.971609,41.023627],[106.991466,41.030544],[107.038178,41.040229],[107.058849,41.04739],[107.076915,41.060981],[107.087576,41.075954],[107.094737,41.082465],[107.104503,41.08515],[107.11435,41.11933],[107.134939,41.139431],[107.158702,41.14171],[107.183523,41.140489],[107.20753,41.149685],[107.208914,41.158637],[107.20517,41.171251],[107.204275,41.182685],[107.214366,41.187567],[107.223399,41.189276],[107.323985,41.219794],[107.373546,41.224392],[107.437266,41.24962],[107.458507,41.25495],[107.551524,41.257636],[107.614675,41.270128],[107.666433,41.270941],[107.711029,41.255968],[107.750499,41.23078],[107.795828,41.195014]],[[107.118826,40.521959],[107.126475,40.546698],[107.141694,40.57807],[107.16448,40.601996],[107.229584,40.648505],[107.301687,40.681789]],[[107.141694,40.453925],[107.122325,40.516872],[107.118826,40.521959]],[[107.03183,40.310492],[107.035167,40.344265],[107.046316,40.381537],[107.06308,40.416815],[107.10434,40.475165],[107.118826,40.521959]]]}},{"type":"Feature","properties":{"kind":"rivers","name":"Buh","source":"Natural Earth 1:10m"},"geometry":{"type":"MultiLineString","coordinates":[[[98.864268,38.158718],[98.868663,38.150743],[98.871104,38.142686],[98.872,38.134101],[98.871104,38.124579],[98.86671,38.114203],[98.853445,38.098944],[98.850597,38.093533],[98.846202,38.078477],[98.816417,38.022081],[98.797537,37.991034],[98.795421,37.980536],[98.798839,37.969794],[98.813243,37.95364],[98.816417,37.943305],[98.813975,37.917548],[98.80714,37.898383],[98.749766,37.813015],[98.736908,37.799018],[98.72462,37.781806],[98.708263,37.743109],[98.692882,37.726671],[98.675955,37.721218],[98.631277,37.716905],[98.614024,37.709988],[98.598725,37.692694],[98.600027,37.680121],[98.641694,37.642035],[98.644542,37.638536],[98.646576,37.631212],[98.645925,37.625312],[98.644542,37.620551],[98.644542,37.616807],[98.656668,37.582546],[98.658214,37.572781],[98.661225,37.561794],[98.675385,37.544623],[98.678722,37.538642],[98.678722,37.493964],[98.682546,37.479356],[98.69101,37.461249],[98.702891,37.445828],[98.726085,37.435004],[98.744395,37.415717],[98.750987,37.411404],[98.761811,37.409695],[98.795421,37.397732],[98.965912,37.363593],[99.037039,37.332465],[99.140229,37.268134],[99.565684,37.132351],[99.589692,37.11697],[99.631114,37.080268],[99.784272,37.004462],[99.82073,36.995632],[99.838796,37.000271]]]}},{"type":"Feature","properties":{"kind":"rivers","name":"Jialing","source":"Natural Earth 1:10m"},"geometry":{"type":"MultiLineString","coordinates":[[[106.881602,34.207953],[106.874766,34.197455],[106.858653,34.196234],[106.826427,34.20421],[106.779714,34.163357],[106.769054,34.15705],[106.757904,34.146999],[106.724132,34.081326],[106.698253,34.061876],[106.687511,34.049099],[106.681733,34.025458],[106.667735,34.000352],[106.6421,33.965196],[106.601492,33.946234],[106.510916,33.924669],[106.47698,33.902533],[106.435557,33.856391],[106.424083,33.834906],[106.411713,33.830024],[106.384858,33.82807],[106.376964,33.824571],[106.362071,33.807318],[106.354015,33.800727],[106.312592,33.795844],[106.306244,33.789903],[106.302989,33.778998],[106.288503,33.755805],[106.285167,33.748969],[106.276296,33.735297],[106.256114,33.739691],[106.223725,33.759141],[106.21046,33.739325],[106.209483,33.7237],[106.213878,33.707953],[106.216889,33.687812],[106.218761,33.682074],[106.22226,33.677314],[106.223888,33.672553],[106.220307,33.666693],[106.205333,33.655626],[106.203217,33.653347],[106.199311,33.651923],[106.175955,33.628852],[106.070079,33.573432],[106.045502,33.546902],[106.022227,33.51496],[106.019786,33.503119],[106.038585,33.474189],[106.044444,33.45893],[106.052419,33.423407],[106.0678,33.378974],[106.081065,33.357856],[106.097179,33.348904],[106.121755,33.345282],[106.136322,33.335761],[106.142345,33.322292],[106.141694,33.306708],[106.136241,33.288764],[106.128184,33.27497],[106.082286,33.22366],[106.068858,33.212104],[106.052419,33.204901],[106.058442,33.186103],[106.060557,33.16295],[106.056895,33.141872],[106.045502,33.129177],[106.085704,33.09101],[106.100841,33.080756],[106.072276,33.00373],[106.059255,32.985175],[105.971609,32.943793],[105.956716,32.933376],[105.953543,32.916205],[105.945079,32.909206],[105.934093,32.904853],[105.922537,32.895819],[105.914561,32.880968],[105.915538,32.870714],[105.919932,32.860216],[105.922537,32.844591],[105.924734,32.840888],[105.933686,32.830634],[105.935802,32.824083],[105.934825,32.816718],[105.930593,32.807725],[105.927175,32.782416],[105.92685,32.771064],[105.929454,32.760321],[105.935802,32.744981],[105.9192,32.746934],[105.910167,32.744452],[105.905365,32.737087],[105.901541,32.724473],[105.901541,32.686632],[105.900483,32.683783],[105.898204,32.679389],[105.895925,32.673448],[105.893077,32.656073],[105.889089,32.651801],[105.884532,32.64879],[105.881114,32.642524],[105.867442,32.591376],[105.865245,32.576483],[105.855479,32.560004],[105.853282,32.54975],[105.861339,32.507676],[105.860606,32.491767],[105.85255,32.470404],[105.836518,32.445828],[105.81544,32.427069],[105.79184,32.423448],[105.795095,32.417426],[105.802013,32.401638],[105.805431,32.395535],[105.76767,32.393093],[105.750662,32.38703],[105.737071,32.375027],[105.709076,32.31977],[105.713634,32.316759],[105.730968,32.308458],[105.737804,32.303778],[105.731375,32.297065],[105.716726,32.286241],[105.715424,32.272732],[105.717784,32.258246],[105.722667,32.245673],[105.729747,32.23786],[105.723888,32.229315],[105.723643,32.223741],[105.727143,32.219184],[105.733409,32.213975],[105.737722,32.205105],[105.731619,32.19892],[105.722585,32.194444],[105.716726,32.190701],[105.688731,32.149115],[105.711681,32.142849],[105.715424,32.12877],[105.712901,32.111029],[105.716726,32.093858],[105.707937,32.092149],[105.7046,32.089871],[105.702078,32.08629],[105.695567,32.080837],[105.70574,32.075019],[105.709239,32.06684],[105.70574,32.058661],[105.695567,32.052924],[105.701915,32.045518],[105.717052,32.037665],[105.723562,32.032416],[105.727143,32.024034],[105.72755,32.010606],[105.733409,32.002021],[105.741222,31.996853],[105.746593,31.995673],[105.749766,31.992377],[105.750662,31.980902],[105.749604,31.971381],[105.744395,31.953721],[105.743337,31.943061],[105.757742,31.950141],[105.768321,31.948432],[105.776785,31.944037],[105.784923,31.943061],[105.794037,31.947292],[105.803966,31.957628],[105.812755,31.964179],[105.820567,31.951687],[105.822846,31.940863],[105.81837,31.931342],[105.805431,31.922553],[105.839692,31.910427],[105.853282,31.908881],[105.845876,31.884711],[105.838878,31.876288],[105.825857,31.874132],[105.825857,31.867947],[105.831716,31.863715],[105.835053,31.860297],[105.835704,31.855577],[105.833425,31.84748],[105.848074,31.850287],[105.85906,31.855292],[105.869151,31.858344],[105.881114,31.854926],[105.873139,31.82335],[105.8921,31.799384],[105.921153,31.789374],[105.943289,31.799628],[105.943858,31.780463],[105.935069,31.763495],[105.933849,31.749091],[105.956716,31.737616],[105.940115,31.723578],[105.938731,31.708564],[105.948171,31.6942],[105.963145,31.6824],[105.956391,31.682929],[105.935802,31.6824],[105.94044,31.67296],[105.943289,31.669298],[105.936941,31.663886],[105.931651,31.657253],[105.928396,31.649604],[105.928803,31.641384],[105.934255,31.635443],[105.942556,31.635932],[105.951264,31.637641],[105.956716,31.635199],[105.961436,31.618516],[105.963145,31.586778],[105.97047,31.573106],[105.982595,31.582465],[105.997976,31.609158],[106.008067,31.614691],[106.052419,31.579901],[106.059255,31.568671],[106.064138,31.552354],[106.060802,31.537787],[106.042084,31.531521],[106.030691,31.525214],[106.021007,31.511339],[106.020112,31.497423],[106.035248,31.491156],[106.038097,31.483751],[106.039806,31.448513],[106.038666,31.436591],[106.024669,31.412624],[106.0206,31.400255],[106.028412,31.394965],[106.034679,31.393866],[106.048106,31.389228],[106.055919,31.388129],[106.065115,31.385199],[106.069265,31.378526],[106.070811,31.371609],[106.073009,31.367703],[106.08839,31.363471],[106.119884,31.358669],[106.134939,31.354031],[106.134939,31.347195],[106.117279,31.337917],[106.114757,31.321723],[106.12322,31.310655],[106.138276,31.316759],[106.151459,31.329454],[106.197032,31.361436],[106.208995,31.336778],[106.210704,31.330105],[106.213878,31.32628],[106.22169,31.326483],[106.230398,31.327582],[106.236827,31.326687],[106.247325,31.318712],[106.258556,31.308173],[106.267345,31.2956],[106.270925,31.281684],[106.267833,31.26789],[106.259939,31.252265],[106.250011,31.23782],[106.240489,31.227118],[106.228038,31.221137],[106.214366,31.216579],[106.211436,31.211249],[106.230479,31.203192],[106.243337,31.207139],[106.249522,31.197292],[106.253673,31.181016],[106.261241,31.165961],[106.287852,31.146552],[106.292003,31.144843],[106.296641,31.131863],[106.307546,31.130194],[106.326182,31.134874],[106.346202,31.120307],[106.346772,31.107042],[106.341319,31.094753],[106.343435,31.083075],[106.351329,31.079942],[106.361746,31.079617],[106.370697,31.077663],[106.374522,31.069688],[106.39503,31.045518],[106.378184,31.033515],[106.355968,31.030219],[106.332937,31.029486],[106.312511,31.02501],[106.325043,31.013617],[106.344656,30.998969],[106.356863,30.985297],[106.34669,30.97663],[106.33253,30.980007],[106.297537,31.003201],[106.279063,31.01142],[106.256114,31.016669],[106.255951,31.013495],[106.257823,31.004584],[106.261729,30.996161],[106.271495,30.992377],[106.270925,30.984076],[106.258311,30.965115],[106.240489,30.962266],[106.200206,30.970404],[106.188406,30.959744],[106.180756,30.912787],[106.172537,30.902167],[106.161143,30.893663],[106.141124,30.852159],[106.131277,30.836697],[106.09962,30.801947],[106.085704,30.780382],[106.079682,30.761257],[106.089122,30.746039],[106.106456,30.728583],[106.115652,30.711249],[106.100841,30.696112],[106.088308,30.709337],[106.072195,30.714138],[106.058442,30.707302],[106.052419,30.685858],[106.057384,30.665717],[106.069835,30.666368],[106.087413,30.672471],[106.107026,30.668769],[106.118907,30.649929],[106.106375,30.634711],[106.083018,30.624701],[106.062999,30.620958],[106.062755,30.61404],[106.069265,30.579535],[106.066742,30.566352],[106.084076,30.571723],[106.093761,30.576361],[106.098399,30.574286],[106.100841,30.559516],[106.096609,30.54914],[106.089366,30.538845],[106.089366,30.531806],[106.107026,30.531602],[106.120046,30.538886],[106.132904,30.549872],[106.145112,30.553494],[106.155365,30.538398],[106.152924,30.532172],[106.141694,30.483181],[106.11378,30.500759],[106.10377,30.499701],[106.090343,30.486884],[106.095307,30.477851],[106.135346,30.455268],[106.148529,30.449652],[106.152761,30.465155],[106.164561,30.463446],[106.177013,30.450466],[106.182872,30.432237],[106.185964,30.413113],[106.19337,30.411566],[106.202566,30.421332],[106.210704,30.435981],[106.224701,30.398301],[106.230479,30.387559],[106.243175,30.375352],[106.254975,30.370063],[106.266775,30.366645],[106.279063,30.360297],[106.250418,30.339789],[106.264903,30.327704],[106.268565,30.305365],[106.264903,30.281562],[106.257823,30.264716],[106.251964,30.270453],[106.241954,30.278144],[106.236827,30.285183],[106.226329,30.250067],[106.220307,30.240505],[106.203217,30.203233],[106.205496,30.189724],[106.211681,30.186794],[106.221283,30.185858],[106.233653,30.178412],[106.235037,30.170844],[106.230072,30.160915],[106.216889,30.14057],[106.22991,30.136908],[106.249522,30.15412],[106.264659,30.154853],[106.263276,30.147528],[106.26295,30.133409],[106.268484,30.124945],[106.285167,30.134345],[106.289561,30.123847],[106.285655,30.114854],[106.277843,30.105414],[106.270925,30.09337],[106.294851,30.091986],[106.309581,30.085557],[106.31544,30.07099],[106.311615,30.03738],[106.309662,30.028388],[106.303152,30.020819],[106.27589,30.01435],[106.271495,30.006537],[106.273204,29.99726],[106.279063,29.989691],[106.285167,29.989691],[106.295828,30.002061],[106.319021,30.002061],[106.337494,29.989325],[106.333018,29.962999],[106.362071,29.946885],[106.379242,29.926622],[106.408702,29.873643],[106.426362,29.853461],[106.509369,29.782294],[106.520112,29.769477],[106.524832,29.753852],[106.523529,29.721381],[106.516694,29.703437],[106.501231,29.695502],[106.470795,29.705878],[106.456391,29.704291],[106.450206,29.685329],[106.452159,29.677598],[106.461029,29.662421],[106.463878,29.654568],[106.462413,29.650702],[106.459402,29.645128],[106.458507,29.637519],[106.463878,29.627265],[106.459239,29.595567],[106.497813,29.577094],[106.550222,29.573269],[106.586843,29.585639]]]}},{"type":"Feature","properties":{"kind":"rivers","name":"Yalong","source":"Natural Earth 1:10m"},"geometry":{"type":"MultiLineString","coordinates":[[[97.616628,34.064236],[97.60906,34.046007],[97.591319,34.033718],[97.345714,33.942084],[97.328298,33.931912],[97.313243,33.920478],[97.235769,33.841986],[97.226736,33.834906],[97.216401,33.831732],[97.190847,33.828803],[97.181895,33.824327],[97.172374,33.81745],[97.164643,33.81448],[97.159272,33.809638],[97.157237,33.797065],[97.159434,33.787706],[97.171641,33.759141],[97.217296,33.554145],[97.223562,33.538275],[97.231944,33.524115],[97.243663,33.50906],[97.248057,33.494086],[97.24822,33.474921],[97.251557,33.458319],[97.276378,33.444892],[97.331716,33.373155],[97.344168,33.360907],[97.359386,33.35574],[97.396902,33.352607],[97.417003,33.348171],[97.431651,33.341417],[97.473888,33.358222],[97.518647,33.370063],[97.564545,33.376166],[97.609793,33.375556],[97.672374,33.363634],[97.695404,33.361925],[97.715831,33.368516],[97.749441,33.399766],[97.768077,33.409735],[97.800548,33.402371],[97.840017,33.376573],[97.875662,33.343329],[97.897227,33.313544],[97.899343,33.304145],[97.901378,33.281358],[97.904063,33.272528],[97.911388,33.262966],[97.951264,33.228624],[97.969493,33.22248],[98.045665,33.215115],[98.055431,33.211127],[98.060313,33.205146],[98.065115,33.19599],[98.071056,33.187527],[98.079112,33.183783],[98.116303,33.179755],[98.157807,33.170193],[98.172944,33.158393],[98.186453,33.142442],[98.201915,33.128363],[98.223399,33.122341],[98.237641,33.1164],[98.319753,33.0456],[98.336925,33.014594],[98.364024,32.936794],[98.391612,32.904975],[98.432384,32.888983],[98.521007,32.868476],[98.576427,32.844428],[98.593272,32.841173],[98.60377,32.846544],[98.612234,32.859198],[98.61964,32.873969],[98.627452,32.885565],[98.643891,32.890163],[98.664643,32.883368],[98.761241,32.820665],[98.765636,32.833686],[98.775808,32.832221],[98.788097,32.825019],[98.799083,32.820665],[98.816905,32.817694],[98.822032,32.809516],[98.824229,32.797431],[98.8331,32.782823],[98.851654,32.759345],[98.862397,32.752875],[98.87794,32.755479],[98.904307,32.764472],[98.905284,32.766059],[98.914806,32.76378],[98.925792,32.754503],[98.935964,32.752387],[98.953543,32.754706],[98.981456,32.764431],[98.99407,32.766059],[99.003917,32.762315],[99.04184,32.738105],[99.049734,32.728135],[99.056163,32.703681],[99.062266,32.689765],[99.095876,32.650458],[99.103933,32.635118],[99.089854,32.627753],[99.082123,32.610053],[99.081716,32.589708],[99.090261,32.574286],[99.071544,32.562283],[99.064464,32.539618],[99.065033,32.513699],[99.069591,32.491767],[99.082612,32.456651],[99.082612,32.443915],[99.076752,32.437323],[99.053722,32.423611],[99.043224,32.414862],[99.031505,32.412543],[99.019786,32.408637],[99.014415,32.398953],[99.010265,32.383653],[99.000255,32.37877],[98.988048,32.377143],[98.966563,32.367255],[98.951671,32.365261],[98.938243,32.361151],[98.932546,32.350857],[98.934988,32.338935],[98.952891,32.299913],[98.976573,32.305528],[98.995942,32.299994],[99.013276,32.290961],[99.031505,32.286241],[99.04127,32.285102],[99.062266,32.279975],[99.072765,32.278835],[99.082286,32.282782],[99.106619,32.301052],[99.117442,32.306749],[99.142019,32.308214],[99.203136,32.293077],[99.225515,32.292426],[99.245697,32.289008],[99.264415,32.280626],[99.281993,32.265163],[99.302338,32.231635],[99.32366,32.186957],[99.326671,32.17536],[99.333751,32.170274],[99.340831,32.168321],[99.344005,32.165839],[99.345144,32.150702],[99.348399,32.147162],[99.354747,32.147081],[99.364513,32.142279],[99.39503,32.117621],[99.412201,32.110622],[99.43629,32.108181],[99.455333,32.102973],[99.463878,32.089301],[99.467459,32.046698],[99.471446,32.027899],[99.480479,32.007351],[99.494151,31.99079],[99.511811,31.983995],[99.528575,31.975165],[99.561046,31.932156],[99.576182,31.916327],[99.635834,31.896755],[99.64503,31.885037],[99.647227,31.875352],[99.656668,31.853624],[99.658702,31.844021],[99.656749,31.822577],[99.658376,31.817003],[99.665538,31.806464],[99.68214,31.79088],[99.720714,31.772895],[99.737641,31.762152],[99.752045,31.743435],[99.781668,31.676134],[99.806163,31.651719],[99.841319,31.640937],[99.970225,31.628852],[100.017833,31.616034],[100.060557,31.595567],[100.090017,31.56627],[100.096934,31.545193],[100.102306,31.500596],[100.114024,31.480984],[100.140554,31.460273],[100.155528,31.453681],[100.15919,31.445868],[100.161632,31.436632],[100.165131,31.429145],[100.183116,31.416612],[100.206147,31.405707],[100.226166,31.392117],[100.234793,31.371405],[100.239268,31.349677],[100.268891,31.298774],[100.282319,31.25727],[100.291515,31.191921],[100.305186,31.150458],[100.309825,31.128038],[100.309825,31.064521],[100.306407,31.052314],[100.308604,31.040839],[100.308849,30.959255],[100.307872,30.950792],[100.306244,30.943671],[100.302989,30.936306],[100.278901,30.918728],[100.266205,30.896023],[100.245128,30.888739],[100.199962,30.881659],[100.163829,30.856716],[100.149832,30.821112],[100.152192,30.779893],[100.197032,30.657986],[100.217703,30.626329],[100.248464,30.60045],[100.271983,30.584581],[100.288829,30.570258],[100.316742,30.538398],[100.332774,30.52501],[100.355724,30.514431],[100.382335,30.507392],[100.409434,30.50491],[100.440115,30.463324],[100.453624,30.448798],[100.463145,30.444037],[100.53297,30.438666],[100.562511,30.430528],[100.577403,30.414903],[100.587983,30.420762],[100.594005,30.419786],[100.604584,30.408067],[100.605235,30.405219],[100.604584,30.391303],[100.606456,30.387152],[100.610362,30.387478],[100.614838,30.388861],[100.618256,30.387559],[100.628673,30.374864],[100.63974,30.366807],[100.666108,30.354071],[100.680919,30.34337],[100.69101,30.330634],[100.707042,30.298855],[100.716563,30.285427],[100.728038,30.272325],[100.737722,30.257921],[100.741791,30.240505],[100.750255,30.225898],[100.787364,30.221055],[100.80421,30.193427],[100.822846,30.194037],[100.842865,30.199042],[100.854503,30.19953],[100.863048,30.189724],[100.866222,30.187038],[100.915701,30.196072],[100.936697,30.207587],[100.956635,30.210639],[100.977957,30.209093],[100.995697,30.203233],[101.002208,30.18004],[100.99879,30.157294],[100.991954,30.136013],[100.98821,30.117255],[100.994395,30.11046],[101.006114,30.107001],[101.013194,30.101833],[101.005626,30.089952],[101.001964,30.082221],[101.00351,30.073106],[101.007253,30.063056],[101.009369,30.052436],[101.003022,30.006903],[101.003022,29.981147],[101.012462,29.969835],[101.027192,29.960476],[101.061941,29.916124],[101.070811,29.901557],[101.086925,29.859158],[101.090343,29.839179],[101.08839,29.75377],[101.084402,29.736436],[101.072358,29.712348],[101.070811,29.702338],[101.074148,29.691474],[101.088145,29.671698],[101.091238,29.665107],[101.089936,29.66059],[101.083751,29.647895],[101.081065,29.643988],[101.080089,29.640489],[101.083425,29.629828],[101.084402,29.623847],[101.086681,29.617377],[101.118337,29.575629],[101.125092,29.569892],[101.132253,29.565782],[101.124766,29.52794],[101.152354,29.464667],[101.139659,29.428575],[101.107188,29.399726],[101.087576,29.386054],[101.074229,29.380194],[101.07252,29.378363],[101.058604,29.369656],[101.050304,29.366523],[101.039806,29.367051],[101.030528,29.370673],[101.021088,29.372138],[101.009369,29.366523],[101.009369,29.359727],[101.01588,29.350287],[101.018158,29.345486],[101.015636,29.346055],[101.021495,29.344509],[101.029307,29.345242],[101.035492,29.34809],[101.036062,29.352891],[101.040701,29.342353],[101.042979,29.331977],[101.054617,29.202948],[101.061697,29.1789],[101.074229,29.167914],[101.093761,29.160834],[101.105235,29.143256],[101.118663,29.099677],[101.151378,29.029975],[101.149913,29.013373],[101.142833,29.003363],[101.142182,28.994249],[101.150401,28.966661],[101.160818,28.960476],[101.172455,28.956163],[101.180675,28.948798],[101.184255,28.928005],[101.173839,28.86286],[101.175141,28.796454],[101.180675,28.776923],[101.186046,28.768663],[101.191417,28.764675],[101.196707,28.759874],[101.201101,28.749579],[101.202566,28.739285],[101.201915,28.684923],[101.242117,28.495185],[101.270437,28.415961],[101.279796,28.399115],[101.292979,28.383653],[101.31129,28.374701],[101.331065,28.372138],[101.349864,28.36579],[101.365001,28.345526],[101.366628,28.335761],[101.363292,28.315863],[101.365001,28.304551],[101.369395,28.298163],[101.382742,28.285753],[101.385509,28.280707],[101.384044,28.257351],[101.371755,28.201524],[101.378917,28.166083],[101.408214,28.140937],[101.443126,28.118964],[101.467377,28.092882],[101.478282,28.070746],[101.487315,28.063056],[101.525971,28.065009],[101.540538,28.073676],[101.571056,28.133857],[101.587901,28.149604],[101.608328,28.164618],[101.625418,28.180447],[101.632416,28.198432],[101.634776,28.208441],[101.644542,28.227851],[101.652924,28.284044],[101.652924,28.325629],[101.655772,28.33629],[101.666515,28.36286],[101.674408,28.372138],[101.71046,28.396674],[101.721202,28.407009],[101.746023,28.474392],[101.749115,28.492947],[101.745046,28.534857],[101.74822,28.550401],[101.762787,28.565253],[101.828136,28.594062],[101.84962,28.612087],[101.875987,28.618354],[101.903819,28.621202],[101.919932,28.620469],[101.937999,28.606757],[101.936046,28.592597],[101.925873,28.577582],[101.913829,28.54446],[101.872081,28.482733],[101.864268,28.442694],[101.881928,28.363349],[101.885753,28.325629],[101.883556,28.316514],[101.874278,28.294989],[101.861908,28.277655],[101.86085,28.26907],[101.860932,28.260321],[101.858409,28.249945],[101.848237,28.231716],[101.813731,28.191596],[101.796397,28.160509],[101.791596,28.146308],[101.790538,28.139268],[101.790131,28.130154],[101.786713,28.109483],[101.771983,28.07746],[101.769054,28.058173],[101.773936,28.036811],[101.785574,28.028347],[101.824311,28.023993],[101.845225,28.024237],[101.854503,28.021674],[101.858409,28.013129],[101.853526,28.0067],[101.827159,27.989285],[101.822846,27.980658],[101.839447,27.96251],[101.861257,27.946804],[101.872081,27.944892],[101.868582,27.923774],[101.85963,27.911241],[101.848562,27.900946],[101.837901,27.886176],[101.867442,27.886094],[101.882335,27.876532],[101.885346,27.859809],[101.878917,27.838446],[101.91155,27.82453],[101.924897,27.786241],[101.934255,27.743109],[101.9546,27.714911],[101.977306,27.710883],[101.997081,27.712429],[102.010834,27.707587],[102.016124,27.684516],[102.015147,27.665839],[102.010916,27.642768],[102.002615,27.622626],[101.98878,27.612494],[101.994395,27.603868],[101.99822,27.59573],[102.000499,27.587999],[102.001394,27.580675],[101.997569,27.560126],[101.97877,27.519843],[101.974539,27.496405],[101.97226,27.430487],[101.960867,27.365505],[101.950125,27.337226],[101.937266,27.317003],[101.90325,27.280097],[101.889089,27.257636],[101.871349,27.205349],[101.858409,27.180487],[101.868175,27.176052],[101.874278,27.166693],[101.87672,27.157416],[101.875499,27.153144],[101.875662,27.150946],[101.844737,27.139512],[101.828705,27.128038],[101.815522,27.11461],[101.80657,27.097439],[101.803233,27.074327],[101.797944,27.056098],[101.773692,27.011786],[101.72877,26.968817],[101.708425,26.962022],[101.696788,26.956814],[101.687104,26.947781],[101.699311,26.932156],[101.702729,26.893134],[101.72519,26.848456],[101.732188,26.844672],[101.769054,26.837917],[101.796479,26.817694],[101.836436,26.763454],[101.865245,26.742947],[101.855968,26.732042],[101.824311,26.674018],[101.82366,26.669257],[101.825206,26.65823],[101.824311,26.65351],[101.813406,26.638129],[101.796397,26.605089]]]}},{"type":"Feature","properties":{"kind":"rivers","name":"Huang","source":"Natural Earth 1:10m"},"geometry":{"type":"MultiLineString","coordinates":[[[97.762787,35.08808],[97.746104,35.079413],[97.733165,35.055203],[97.720714,34.996853],[97.713634,34.953192],[97.697276,34.919867],[97.617686,34.885077],[97.576264,34.875841],[97.545909,34.876003]],[[97.288178,34.835476],[97.285248,34.843207],[97.259044,34.878933],[97.234304,34.907294],[97.149913,34.936347],[97.12379,34.943427],[97.108165,34.941718],[97.096283,34.937283],[97.085053,34.935248],[97.072032,34.930609]]]}},{"type":"Feature","properties":{"kind":"rivers","name":"Huang","source":"Natural Earth 1:10m"},"geometry":{"type":"MultiLineString","coordinates":[[[96.164154,35.129665],[96.22877,35.111762],[96.249278,35.109198],[96.483165,35.105658],[96.53419,35.096137],[96.654877,35.050116],[96.705496,35.047716],[96.747651,35.053249],[96.81129,35.061347],[96.829275,35.0539],[96.867931,35.0185],[96.889903,35.006781],[96.946707,34.999701],[96.97462,34.991645],[96.986746,34.975694],[96.994884,34.94835],[97.015391,34.937445],[97.042084,34.932807],[97.072032,34.930609]],[[97.762787,35.08808],[97.795909,35.111111],[97.848888,35.11225],[97.951752,35.096137],[97.991628,35.080593],[98.018484,35.049425],[98.042979,35.012315],[98.075857,34.978827],[98.10849,34.953884],[98.124441,34.937038],[98.131277,34.920762],[98.131114,34.91002],[98.132416,34.900255],[98.137299,34.893378],[98.147553,34.890692],[98.161794,34.889228],[98.192149,34.87641],[98.263682,34.860785],[98.275076,34.852159],[98.284679,34.842108],[98.306651,34.835517],[98.34962,34.827989],[98.37794,34.815294],[98.391775,34.79682],[98.396251,34.773627],[98.395763,34.74669],[98.395112,34.719835],[98.402192,34.666775],[98.401459,34.649278],[98.394786,34.634874],[98.380951,34.619167],[98.361908,34.610419],[98.34075,34.606757],[98.326671,34.598171],[98.329845,34.574774],[98.345144,34.563259],[98.394786,34.547431],[98.405528,34.537218],[98.413503,34.526638],[98.452159,34.503282],[98.466319,34.492214],[98.467296,34.488064],[98.46575,34.476874],[98.466319,34.472357],[98.469249,34.468614],[98.478445,34.459744],[98.479991,34.458686],[98.490164,34.424384],[98.497081,34.414008],[98.51474,34.40119],[98.627371,34.357449],[98.641124,34.355048],[98.709727,34.355048],[98.724294,34.368598],[98.724294,34.399522],[98.720714,34.433214],[98.723643,34.454942],[98.733979,34.457872],[98.78297,34.451239],[98.797862,34.455675],[98.836925,34.479193],[98.867931,34.478705],[98.928233,34.45307],[98.952891,34.458686],[98.970876,34.446845],[98.97934,34.439399],[98.986501,34.430772],[99.002045,34.436876],[99.016205,34.432644],[99.04184,34.410264],[99.044688,34.409695],[99.053233,34.410997],[99.056082,34.410264],[99.057221,34.406358],[99.056895,34.397244],[99.062266,34.387152],[99.069591,34.362494],[99.045909,34.321153],[99.037852,34.300645],[99.034923,34.270046],[99.036713,34.253607],[99.041596,34.243516],[99.056082,34.225898],[99.063569,34.213935],[99.067556,34.205024],[99.069347,34.194403],[99.069591,34.177517],[99.070567,34.171088],[99.074962,34.16002],[99.075776,34.153347],[99.073741,34.146186],[99.064382,34.132595],[99.062266,34.125678],[99.060069,34.112901],[99.050792,34.083441],[99.048595,34.071357],[99.048432,34.046007],[99.050385,34.034776],[99.056082,34.019843],[99.067393,33.998847],[99.068777,33.986884],[99.062266,33.971462],[99.081472,33.966824],[99.096772,33.950141],[99.106944,33.929633],[99.110606,33.913398],[99.119233,33.906684],[99.17213,33.875841],[99.248057,33.784369],[99.281993,33.759141],[99.306163,33.746609],[99.322846,33.743232],[99.361095,33.746161],[99.369233,33.74787],[99.376882,33.752753],[99.382335,33.760199],[99.384288,33.769721],[99.386485,33.775417],[99.390147,33.779608],[99.392019,33.783962],[99.384858,33.794257],[99.381114,33.801459],[99.378429,33.809027],[99.378184,33.814399],[99.395274,33.827216],[99.42213,33.82807],[99.480479,33.818468],[99.501231,33.809109],[99.525483,33.802802],[99.531749,33.793077],[99.535492,33.781928],[99.542003,33.773464],[99.569347,33.765977],[99.586436,33.76793],[99.645763,33.765652],[99.658702,33.769721],[99.692475,33.795478],[99.694347,33.800116],[99.697276,33.804796],[99.703298,33.806952],[99.72755,33.806952],[99.771495,33.799994],[99.792247,33.79267],[99.814952,33.778388],[99.837006,33.775662],[99.847341,33.769721],[99.857839,33.761298],[99.875662,33.752753],[99.885916,33.746161],[99.892345,33.73904],[99.901459,33.723415],[99.905772,33.718207],[99.915538,33.713243],[99.92392,33.712104],[99.933035,33.709744],[99.959239,33.690619],[99.999115,33.675645],[100.015636,33.663601],[100.013764,33.663845],[100.015636,33.657335],[100.019135,33.648953],[100.022472,33.643134],[100.048269,33.618354],[100.053152,33.61518],[100.064138,33.610907],[100.070567,33.601508],[100.074962,33.592108],[100.080089,33.587917],[100.124929,33.581651],[100.148692,33.573594],[100.158946,33.574246],[100.16684,33.578681],[100.171397,33.585557],[100.174083,33.591905],[100.175955,33.594672],[100.187266,33.599473],[100.226166,33.623358],[100.237804,33.632514],[100.280691,33.677314],[100.288666,33.691514],[100.286143,33.706488],[100.27589,33.719835],[100.263438,33.732611],[100.254649,33.746161],[100.240896,33.738715],[100.245616,33.760321],[100.267182,33.761908],[100.316742,33.746161],[100.323334,33.757595],[100.357839,33.756415],[100.375011,33.762559],[100.404796,33.786933],[100.421641,33.796739],[100.436697,33.800727],[100.449148,33.806098],[100.479991,33.829535],[100.498546,33.834906],[100.516775,33.837714],[100.564952,33.854804],[100.58074,33.865302],[100.604503,33.889187],[100.632091,33.910468],[100.663992,33.925564],[100.700206,33.930487],[100.766043,33.928168],[100.782237,33.924262],[100.791026,33.912706],[100.801524,33.893826],[100.814545,33.879828],[100.830577,33.883328],[100.836518,33.861518],[100.850352,33.833564],[100.869884,33.807969],[100.8921,33.79328],[100.896983,33.799831],[100.898204,33.802802],[100.899506,33.806952],[100.903901,33.789618],[100.912039,33.78559],[100.920421,33.787136],[100.926199,33.786444],[100.930186,33.77794],[100.928722,33.770941],[100.922374,33.764919],[100.912527,33.759141],[100.958995,33.738064],[100.97991,33.737494],[100.995697,33.751736],[100.99464,33.742743],[100.996104,33.733466],[101.000662,33.726589],[101.009369,33.725043],[101.016531,33.7296],[101.019542,33.73782],[101.021495,33.74726],[101.034434,33.771755],[101.034434,33.791083],[101.028331,33.809841],[101.019054,33.824327],[101.015636,33.831366],[101.01474,33.84044],[101.015636,33.858507],[101.018321,33.871934],[101.025483,33.876899],[101.034597,33.87698],[101.043468,33.875841],[101.063975,33.863796],[101.074229,33.861599],[101.10255,33.862576],[101.111827,33.861599],[101.139089,33.844428],[101.182872,33.786078],[101.236257,33.75963],[101.260753,33.732123],[101.288178,33.711371],[101.323334,33.718207],[101.335541,33.708197],[101.356619,33.703721],[101.376557,33.69713],[101.385509,33.680691],[101.389659,33.676622],[101.399099,33.677843],[101.408376,33.682196],[101.417735,33.694525],[101.42921,33.692165],[101.442963,33.686632],[101.454275,33.684109],[101.46282,33.687323],[101.483897,33.700385],[101.495372,33.704535],[101.508718,33.704779],[101.54005,33.697781],[101.545502,33.694525],[101.563406,33.680447],[101.574229,33.677273],[101.586029,33.675808],[101.606619,33.670193],[101.618907,33.669786],[101.687022,33.682318],[101.737315,33.683458],[101.753673,33.680243],[101.766775,33.672065],[101.820323,33.625067],[101.837576,33.605984],[101.844737,33.584784],[101.851736,33.572943],[101.8838,33.54621],[101.892589,33.526435],[101.891124,33.517524],[101.887625,33.507514],[101.885753,33.497423],[101.889171,33.488552],[101.974539,33.40351],[102.009288,33.376288],[102.052257,33.354356],[102.09669,33.339911],[102.165538,33.333197],[102.174327,33.334581],[102.183197,33.340522],[102.202078,33.358222],[102.211518,33.361925],[102.221121,33.369737],[102.256358,33.413153],[102.266531,33.419013],[102.288992,33.416083],[102.321381,33.406602],[102.333507,33.41352],[102.343191,33.411648],[102.349294,33.40644],[102.35198,33.40351],[102.361257,33.404324],[102.375499,33.408271],[102.385916,33.409735],[102.439382,33.448513],[102.461843,33.457546],[102.458995,33.461493],[102.454194,33.471788],[102.467296,33.469916],[102.471202,33.468695],[102.476085,33.464952],[102.481619,33.464952],[102.465343,33.486274],[102.458507,33.498725],[102.454194,33.512763],[102.452729,33.523261],[102.453298,33.535509],[102.45989,33.541571],[102.476085,33.533271],[102.481619,33.540066],[102.423432,33.576239],[102.413259,33.577948],[102.402599,33.594021],[102.355724,33.60932],[102.345144,33.625759],[102.341889,33.632025],[102.327729,33.646104],[102.324474,33.653347],[102.326427,33.676134],[102.331391,33.697781],[102.336518,33.709174],[102.341889,33.717312],[102.342865,33.725124],[102.334727,33.735622],[102.327403,33.734483],[102.317393,33.726386],[102.304861,33.720242],[102.290457,33.725043],[102.298106,33.734402],[102.305919,33.739936],[102.314545,33.744656],[102.324474,33.751736],[102.314138,33.767442],[102.299327,33.780707],[102.280772,33.789903],[102.259776,33.79328],[102.247081,33.797553],[102.243744,33.806952],[102.248464,33.816352],[102.259776,33.820624],[102.263927,33.826036],[102.257253,33.837999],[102.194347,33.919257],[102.166515,33.945828],[102.132823,33.965196],[102.109955,33.953721],[102.069591,33.968451],[102.050304,33.957831],[102.027192,33.979071],[101.98642,34.000271],[101.943451,34.010565],[101.913097,33.999376],[101.858409,34.03974],[101.829845,34.052069],[101.816417,34.060167],[101.803233,34.075059],[101.785085,34.066189],[101.759532,34.072699],[101.737315,34.088813],[101.72877,34.108588],[101.718435,34.103298],[101.714773,34.10578],[101.712576,34.111518],[101.707612,34.116034],[101.680919,34.12226],[101.646983,34.135932],[101.635753,34.145209],[101.639252,34.15705],[101.630789,34.166042],[101.621755,34.171454],[101.614757,34.178249],[101.611339,34.191189],[101.569591,34.208075],[101.529389,34.218451],[101.517019,34.219306],[101.496104,34.218044],[101.488455,34.218451],[101.480479,34.221625],[101.472748,34.226264],[101.46339,34.230333],[101.425385,34.234239],[101.365001,34.252631],[101.334239,34.256537],[101.323334,34.259467],[101.314952,34.26496],[101.307872,34.27204],[101.299246,34.27794],[101.286143,34.280544],[101.279714,34.283637],[101.265717,34.297309],[101.255789,34.300401],[101.242686,34.299994],[101.233979,34.300727],[101.22934,34.305609],[101.226573,34.327826],[101.222341,34.335273],[101.215017,34.339789],[101.204194,34.341376],[101.197276,34.34516],[101.195567,34.354438],[101.195811,34.36579],[101.194265,34.376166],[101.196056,34.383816],[101.196381,34.38996],[101.194265,34.396023],[101.19044,34.396918],[101.177745,34.395087],[101.173839,34.396023],[101.165701,34.406358],[101.164073,34.410956],[101.165294,34.415839],[101.166433,34.427354],[101.163992,34.443223],[101.149018,34.481635],[101.139659,34.49962],[101.060557,34.505886],[101.052175,34.509304],[101.042491,34.524197],[101.03297,34.527615],[101.020518,34.530097],[101.014089,34.535915],[101.009044,34.542304],[101.001964,34.54682],[100.950694,34.546942],[100.928966,34.551825],[100.919932,34.571641],[100.91684,34.595771],[100.908702,34.613878],[100.885834,34.649848],[100.870616,34.708808],[100.861339,34.718126],[100.835867,34.714911],[100.817556,34.706651],[100.782237,34.684597],[100.763438,34.677843],[100.742931,34.673692],[100.696788,34.670966],[100.674815,34.675727],[100.635671,34.692898],[100.618256,34.691474],[100.573985,34.739814],[100.559093,34.745307],[100.539561,34.758083],[100.522553,34.772773],[100.515229,34.783962],[100.49464,34.805487],[100.447195,34.818956],[100.354503,34.827989],[100.336355,34.833848],[100.327729,34.848253],[100.316742,34.883246],[100.309255,34.892157],[100.2942,34.906928],[100.288666,34.917344],[100.285818,34.929389],[100.288666,34.958319],[100.285818,34.984565],[100.278331,34.999376],[100.254649,35.027208],[100.249034,35.04621],[100.249034,35.089219],[100.240896,35.109198],[100.247651,35.13288],[100.247162,35.173611],[100.238455,35.214911],[100.22047,35.240668],[100.230235,35.253852],[100.241954,35.26203],[100.253347,35.26793],[100.261974,35.274766],[100.272227,35.289496],[100.271251,35.295437],[100.248464,35.302069],[100.2199,35.316433],[100.205333,35.330634],[100.203705,35.349799],[100.214285,35.378445],[100.193126,35.370958],[100.191173,35.402289],[100.168386,35.428656],[100.142345,35.450222],[100.131114,35.466579],[100.135916,35.472113],[100.154796,35.479438],[100.158946,35.483954],[100.15797,35.507839],[100.158946,35.51496],[100.166433,35.532782],[100.174815,35.542344],[100.199962,35.562812],[100.207612,35.574042],[100.240652,35.661689],[100.282481,35.723944],[100.295828,35.751288],[100.296153,35.771674],[100.337169,35.771674],[100.348399,35.774766],[100.360444,35.790961],[100.371186,35.798407],[100.390554,35.800564],[100.411225,35.795722],[100.447032,35.77912],[100.442556,35.800849],[100.444347,35.818183],[100.455089,35.829657],[100.477794,35.833767],[100.497081,35.841579],[100.529226,35.877875],[100.543061,35.888983],[100.554698,35.890448],[100.579275,35.888007],[100.590912,35.888983],[100.601085,35.893866],[100.617931,35.906358],[100.628835,35.908881],[100.637787,35.913113],[100.638927,35.922471],[100.638276,35.931912],[100.6421,35.936143],[100.704112,35.975898],[100.72047,35.989081],[100.72755,36.001288],[100.727631,36.03144],[100.730886,36.052802],[100.74171,36.070868],[100.815929,36.13227],[100.842377,36.140082],[100.900971,36.132758],[100.938406,36.139757],[100.9581,36.140245],[100.992686,36.132636],[101.004893,36.132432],[101.012706,36.134589],[101.029796,36.142279],[101.038015,36.144843],[101.064138,36.14643],[101.0796,36.139675],[101.087576,36.124538],[101.091807,36.100898],[101.105479,36.100938],[101.135183,36.115587],[101.150645,36.119574],[101.16627,36.118476],[101.179861,36.113593],[101.189057,36.103787],[101.191173,36.087592],[101.205496,36.086127],[101.234386,36.092475],[101.249604,36.093207],[101.262136,36.091173],[101.273692,36.087958],[101.327078,36.061591],[101.358816,36.053494],[101.392019,36.051093],[101.427257,36.052924],[101.456472,36.057725],[101.478526,36.065945],[101.631277,36.153998],[101.653819,36.173774],[101.666433,36.181586],[101.681082,36.185655],[101.697195,36.184353],[101.782725,36.146064],[101.789236,36.144965],[101.811941,36.146348],[101.826589,36.144395],[101.839936,36.140652],[101.852306,36.134345],[101.905772,36.088406],[101.913097,36.086982],[101.912852,36.068427],[101.958425,36.053249],[101.947765,36.038601],[101.985606,36.020819],[102.016124,35.991563],[102.036632,35.956122],[102.044037,35.919379],[102.048106,35.912299],[102.066498,35.894721],[102.07073,35.885281],[102.071788,35.864122],[102.073985,35.855251],[102.078136,35.847439],[102.098888,35.830146],[102.121511,35.827094],[102.163585,35.833767],[102.182384,35.840155],[102.225597,35.868272],[102.246104,35.874701],[102.345144,35.874701],[102.41741,35.887722],[102.441498,35.887763],[102.458425,35.882921],[102.489187,35.866889],[102.506277,35.86168],[102.554861,35.857042],[102.604584,35.842108],[102.636485,35.83865],[102.704845,35.839464],[102.716807,35.837348],[102.725597,35.833197],[102.735037,35.830349],[102.749766,35.831977],[102.759532,35.83751],[102.787201,35.859931],[102.837332,35.860663],[102.858897,35.85696],[102.872569,35.846259],[102.899506,35.84988],[103.009207,35.825792],[103.116466,35.778184],[103.133311,35.781114],[103.138194,35.791612],[103.149832,35.798041],[103.164236,35.803656],[103.18629,35.817084],[103.196788,35.820339],[103.219005,35.822333],[103.22934,35.825507],[103.244558,35.839667],[103.253184,35.842841],[103.26767,35.845974],[103.28712,35.853827],[103.30421,35.863878],[103.311453,35.873847],[103.317312,35.885199],[103.359304,35.911689],[103.270518,35.938422],[103.263682,35.941718],[103.250255,35.952012],[103.242931,35.955675],[103.235932,35.956855],[103.221934,35.95661],[103.215261,35.957465],[103.203624,35.961453],[103.194021,35.967393],[103.188731,35.976508],[103.189138,35.989773],[103.194021,35.999335],[103.202403,36.007107],[103.220714,36.020575],[103.250418,36.055487],[103.261322,36.065619],[103.392345,36.131049],[103.422944,36.156073],[103.424734,36.161566],[103.430675,36.165839],[103.446788,36.184638],[103.454845,36.18891],[103.492768,36.184923],[103.502615,36.182074],[103.515147,36.169786],[103.541026,36.134223],[103.554454,36.126817],[103.574636,36.130316],[103.610444,36.145209],[103.634288,36.147895],[103.646251,36.146511],[103.654552,36.143337],[103.667735,36.133653],[103.695567,36.103868],[103.698416,36.098904],[103.748953,36.094672],[103.876475,36.064643],[103.921804,36.060981],[104.012787,36.071967],[104.034679,36.078477],[104.043956,36.088935],[104.045421,36.110053],[104.044688,36.121934],[104.040701,36.123725],[104.047944,36.136501],[104.041433,36.14289],[104.023367,36.147895],[104.018647,36.182237],[104.047944,36.205024],[104.090912,36.22309],[104.126964,36.243516],[104.132335,36.251044],[104.140147,36.277045],[104.157237,36.299994],[104.191498,36.335273],[104.232595,36.368354],[104.259532,36.378689],[104.317312,36.382595],[104.345144,36.390326],[104.364268,36.404364],[104.399018,36.439399],[104.420014,36.450507],[104.445323,36.454128],[104.469819,36.455024],[104.493907,36.459662],[104.517589,36.474677],[104.546153,36.503445],[104.559093,36.51081],[104.592784,36.52143],[104.607921,36.528998],[104.620046,36.542548],[104.631358,36.564154],[104.638927,36.571641],[104.652761,36.579169],[104.684825,36.58865],[104.694916,36.592963],[104.710378,36.606024],[104.713796,36.620795],[104.709239,36.664618],[104.711436,36.669745],[104.716075,36.674831],[104.720714,36.681708],[104.722992,36.692247],[104.719168,36.697333],[104.691905,36.718451],[104.684093,36.721625],[104.681244,36.723334],[104.677175,36.728461],[104.672537,36.73904],[104.668224,36.74376],[104.612804,36.772569],[104.604747,36.792182],[104.600027,36.81505],[104.592459,36.833116],[104.579112,36.839179],[104.560802,36.841579],[104.544363,36.847235],[104.537364,36.863308],[104.527843,36.871934],[104.482026,36.884304],[104.466238,36.890896],[104.44752,36.894884],[104.408702,36.882025],[104.401378,36.890896],[104.393077,36.905829],[104.373953,36.907742],[104.335948,36.900824],[104.330007,36.909857],[104.328705,36.930528],[104.337494,37.006781],[104.332123,37.019843],[104.305186,37.055935],[104.298432,37.067247],[104.298595,37.079657],[104.305186,37.100043],[104.317149,37.122626],[104.328298,37.127794],[104.341726,37.127794],[104.359793,37.134833],[104.351329,37.141425],[104.338796,37.147895],[104.325613,37.152696],[104.305919,37.157009],[104.306163,37.162299],[104.311046,37.16824],[104.31544,37.17239],[104.323985,37.17654],[104.332286,37.174425],[104.339773,37.170478],[104.346121,37.168972],[104.406749,37.194688],[104.438975,37.203437],[104.469656,37.195665],[104.492686,37.208564],[104.578217,37.324083],[104.603119,37.339667],[104.627208,37.343695],[104.678966,37.344102],[104.696218,37.349433],[104.728282,37.366034],[104.745616,37.371121],[104.800955,37.37169],[104.819021,37.377875],[104.83253,37.38821],[104.843435,37.399115],[104.856944,37.407823],[104.877452,37.411404],[104.919363,37.407823],[104.938731,37.408515],[104.95696,37.415391],[104.992605,37.44245],[104.997162,37.452663],[104.995535,37.463324],[104.993663,37.469509],[104.997325,37.473253],[105.011485,37.476833],[105.020112,37.473741],[105.041515,37.456855],[105.052419,37.453559],[105.063243,37.457099],[105.08546,37.469997],[105.096202,37.472724],[105.102061,37.474962],[105.111095,37.484809],[105.11671,37.487006],[105.122976,37.485907],[105.132253,37.481269],[105.137218,37.48017],[105.150971,37.481269],[105.174897,37.485907],[105.188487,37.487006],[105.198171,37.485867],[105.218354,37.48078],[105.229991,37.48017],[105.243256,37.4831],[105.261811,37.492458],[105.274669,37.494452],[105.547862,37.497626],[105.573253,37.500678],[105.62794,37.524522],[105.69394,37.53559],[105.78419,37.568874],[105.857921,37.578721],[105.876069,37.586046],[105.889089,37.598822],[105.917979,37.642279],[105.94044,37.688015],[105.943289,37.695868],[105.946056,37.712429],[105.958995,37.753038],[105.963145,37.774441],[105.961843,37.805976],[105.963145,37.815985],[105.975597,37.842475],[105.977306,37.854193],[105.992686,37.885037],[106.029063,37.922227],[106.071056,37.95364],[106.104015,37.966864],[106.121511,37.971462],[106.139578,37.98253],[106.1692,38.007758],[106.18214,38.022773],[106.202729,38.058295],[106.220632,38.082302],[106.223562,38.091824],[106.223725,38.113959],[106.226329,38.127468],[106.232351,38.136908],[106.239187,38.144395],[106.244151,38.151801],[106.247,38.16059],[106.248464,38.175971],[106.250418,38.185899],[106.270925,38.223822],[106.278087,38.233262],[106.40797,38.36225],[106.49879,38.411729],[106.517019,38.426866],[106.539236,38.474636],[106.564708,38.50434],[106.572765,38.526557],[106.535655,38.535346],[106.521007,38.564399],[106.518565,38.573269],[106.520763,38.584418],[106.540457,38.621446],[106.594249,38.666327],[106.582042,38.680935],[106.575694,38.690253],[106.573416,38.698676],[106.573171,38.710395],[106.577159,38.712958],[106.596934,38.719591],[106.604096,38.720974],[106.607514,38.724799],[106.60849,38.733751],[106.607921,38.751654],[106.648936,38.803534],[106.665538,38.820258],[106.717784,38.858181],[106.840343,38.987616],[106.859386,39.013617],[106.866222,39.043158],[106.85377,39.077216],[106.881602,39.10456],[106.848155,39.163886],[106.836681,39.172797],[106.819591,39.180487],[106.808035,39.19892],[106.80128,39.221625],[106.799083,39.241726],[106.809093,39.309272],[106.802419,39.327094],[106.797781,39.334906],[106.793468,39.352891],[106.788829,39.360907],[106.780365,39.368354],[106.765147,39.378363],[106.7588,39.385077],[106.749929,39.418809],[106.752452,39.465522],[106.77532,39.559272],[106.778575,39.584337],[106.778331,39.595486],[106.773529,39.616563],[106.772472,39.62873],[106.776541,39.652452],[106.783621,39.664333],[106.785085,39.674628],[106.772472,39.693549],[106.767345,39.69599],[106.760509,39.696885],[106.754487,39.698798],[106.751964,39.704169],[106.75294,39.713731],[106.757498,39.729682],[106.7588,39.738593],[106.759939,39.742133],[106.762706,39.747178],[106.765147,39.753933],[106.765636,39.762519],[106.763194,39.772325],[106.754893,39.788357],[106.751964,39.796658],[106.744558,39.854926],[106.739757,39.862738],[106.717377,39.886176],[106.710378,39.898993],[106.738292,39.919501],[106.738455,39.929755],[106.733653,39.93891],[106.730235,39.947781],[106.73463,39.957343],[106.738048,39.971503],[106.733002,39.990302],[106.724539,40.007392],[106.717784,40.016303],[106.709076,40.038113],[106.727143,40.062608],[106.858653,40.179755],[106.870128,40.183621],[106.874278,40.166571],[106.977306,40.241645],[106.999034,40.251085],[107.007091,40.257148],[107.01474,40.269314],[107.02589,40.30268],[107.03183,40.310492],[107.057872,40.33279],[107.06601,40.337836],[107.080984,40.341742],[107.113862,40.345567],[107.128022,40.351508],[107.151541,40.376044],[107.158702,40.402045],[107.154063,40.428331],[107.141694,40.453925],[107.147227,40.462226],[107.163259,40.47724],[107.169688,40.481879],[107.179861,40.486396],[107.20574,40.494412],[107.214366,40.499213],[107.220225,40.512397],[107.20517,40.540229],[107.203868,40.563788],[107.211843,40.582709],[107.224864,40.59516],[107.2553,40.615587],[107.26295,40.625434],[107.266124,40.632921],[107.270763,40.637803],[107.282644,40.639472],[107.309825,40.640082],[107.322195,40.642279],[107.348562,40.652452],[107.380056,40.656684],[107.39503,40.66059],[107.440359,40.701606],[107.466563,40.709906],[107.490245,40.72663],[107.513927,40.739203],[107.539073,40.735053],[107.561453,40.73725],[107.573985,40.746853],[107.583507,40.757432],[107.643972,40.774766],[107.663097,40.776068],[107.694591,40.768866],[107.706635,40.77143],[107.711436,40.786933],[107.706716,40.801581],[107.699636,40.816596],[107.699799,40.829779],[107.717703,40.838731],[107.732432,40.851264],[107.758393,40.859483],[107.862071,40.8699],[107.885183,40.867499],[107.905528,40.85517],[107.91627,40.850165],[107.928315,40.851752],[107.95045,40.858588],[108.011974,40.858588],[108.086681,40.847724],[108.115001,40.851752],[108.1421,40.870551],[108.156749,40.877143],[108.173269,40.879706],[108.178803,40.874579],[108.19752,40.838731],[108.208751,40.827908],[108.224213,40.817939],[108.240815,40.81391],[108.268891,40.826687],[108.283702,40.822943],[108.306733,40.810818],[108.33782,40.810167],[108.404796,40.820583],[108.437755,40.817003],[108.451752,40.808539],[108.467296,40.793321],[108.479747,40.775458],[108.484874,40.758979],[108.492605,40.752509],[108.52825,40.739773],[108.550873,40.717963],[108.576264,40.682725],[108.581065,40.670233],[108.590831,40.661566],[108.612885,40.65412],[108.670421,40.642646],[108.680268,40.632636],[108.687592,40.621039],[108.697195,40.612169],[108.713959,40.609931],[108.748057,40.617987],[108.766124,40.612169],[108.757091,40.58808],[108.763601,40.573188],[108.779796,40.564032],[108.81129,40.551866],[108.820323,40.546739],[108.830007,40.54328],[108.842377,40.54328],[108.848399,40.546942],[108.856456,40.5539],[108.86671,40.560736],[108.879405,40.563788],[108.88323,40.558417],[108.886648,40.546698],[108.891612,40.53498],[108.900401,40.529608],[108.913097,40.531684],[108.921397,40.534695],[108.929454,40.534369],[108.94101,40.526231],[108.950694,40.522162],[108.963796,40.521348],[108.989268,40.522773],[109.000255,40.526313],[109.004405,40.53498],[109.005626,40.556952],[109.015391,40.547431],[109.02589,40.545193],[109.03655,40.548855],[109.046641,40.556952],[109.046397,40.540635],[109.049897,40.528673],[109.057872,40.52501],[109.087332,40.546658],[109.098155,40.547227],[109.122325,40.529608],[109.150076,40.523708],[109.185069,40.520697],[109.207286,40.511908],[109.19752,40.488715],[109.222341,40.492051],[109.286713,40.522773],[109.279552,40.490424],[109.28712,40.488227],[109.335134,40.487331],[109.355479,40.483425],[109.396576,40.468207],[109.413097,40.477362],[109.459483,40.489814],[109.472341,40.502305],[109.460704,40.502305],[109.450043,40.504503],[109.439952,40.508857],[109.430919,40.515326],[109.447032,40.520819],[109.482514,40.524604],[109.499034,40.529608],[109.50587,40.51671],[109.519216,40.52265],[109.53655,40.535509],[109.554454,40.54328],[109.572846,40.542263],[109.582042,40.53913],[109.590831,40.539984],[109.608328,40.550727],[109.665131,40.496772],[109.69044,40.484687],[109.700857,40.477607],[109.71339,40.475287],[109.737641,40.492458],[109.749034,40.497829],[109.762299,40.501166],[109.789561,40.504014],[109.828054,40.515326],[109.883311,40.515326],[109.892507,40.519965],[109.901378,40.52265],[109.910655,40.522773],[109.916026,40.52029],[109.924246,40.512397],[109.931163,40.509141],[109.941498,40.505886],[109.952891,40.503974],[109.963634,40.508124],[109.972097,40.522773],[109.988292,40.511583],[109.999604,40.512803],[110.010183,40.51907],[110.023936,40.522773],[110.039643,40.520575],[110.054779,40.51671],[110.069021,40.515977],[110.08253,40.522773],[110.095225,40.510688],[110.102306,40.505398],[110.109874,40.502305],[110.122813,40.502875],[110.142589,40.512885],[110.153331,40.515326],[110.154307,40.518907],[110.167572,40.540229],[110.175141,40.541571],[110.202566,40.539618],[110.211681,40.537055],[110.223155,40.522773],[110.237804,40.482733],[110.246104,40.474433],[110.286388,40.483913],[110.30364,40.481391],[110.293549,40.461371],[110.306651,40.453192],[110.347097,40.453152],[110.355724,40.450792],[110.362071,40.4442],[110.403412,40.420437],[110.4192,40.398383],[110.430268,40.388495],[110.441417,40.38935],[110.456391,40.397081],[110.467377,40.394599],[110.475027,40.385077],[110.479096,40.372016],[110.486501,40.372016],[110.506847,40.381374],[110.542979,40.360541],[110.58074,40.331855],[110.606049,40.31741],[110.638194,40.32213],[110.658132,40.321804],[110.688487,40.305732],[110.727306,40.296739],[110.746104,40.290066],[110.76588,40.280341],[110.779796,40.276068],[110.814952,40.276435],[110.834402,40.273708],[110.864838,40.258816],[110.879893,40.255316],[110.941335,40.253282],[110.964854,40.262641],[110.987397,40.261664],[110.996593,40.265896],[111.014903,40.283393],[111.034679,40.296902],[111.061046,40.267198],[111.184825,40.208116],[111.209565,40.180447],[111.219737,40.172716],[111.231293,40.168972],[111.254975,40.166775],[111.277192,40.160753],[111.290701,40.159044],[111.302745,40.156073],[111.328298,40.11872],[111.33839,40.110663],[111.361339,40.097968],[111.369884,40.090847],[111.379893,40.062445],[111.380789,40.057318],[111.39739,40.047919],[111.405365,40.025824],[111.411388,39.981553],[111.436534,39.917304],[111.435313,39.90644],[111.423432,39.895941],[111.397227,39.830756],[111.365245,39.777533],[111.359467,39.750434],[111.369884,39.721503],[111.417572,39.683661],[111.420095,39.672431],[111.426768,39.658881],[111.435639,39.646593],[111.445567,39.638983],[111.463145,39.620185],[111.453624,39.617255],[111.425141,39.625312],[111.424246,39.617214],[111.425141,39.535956],[111.420909,39.52204],[111.372488,39.489081],[111.342377,39.444363],[111.316987,39.429389],[111.284109,39.424872],[111.199148,39.427069],[111.163992,39.423163],[111.134288,39.410509],[111.109874,39.385077],[111.118175,39.376044],[111.141205,39.367255],[111.150808,39.357123],[111.16684,39.364691],[111.174571,39.356757],[111.17921,39.342353],[111.184825,39.33043],[111.200206,39.320909],[111.214773,39.316352],[111.22462,39.310492],[111.226573,39.296942],[111.221609,39.283393],[111.158214,39.172797],[111.134207,39.099433],[111.117686,39.067328],[111.088634,39.042507],[111.021902,39.018581],[110.99464,39.00377],[110.972585,38.974189],[110.994151,38.937201],[111.00351,38.916083],[111.003429,38.902533],[110.994151,38.885281],[110.979991,38.816514],[110.969005,38.798855],[110.95753,38.785264],[110.948334,38.771104],[110.9428,38.739366],[110.937511,38.731553],[110.921397,38.717231],[110.91505,38.708441],[110.904307,38.679389],[110.871511,38.621283],[110.87322,38.61168],[110.875255,38.607489],[110.900645,38.58039],[110.901296,38.573676],[110.899018,38.545356],[110.896983,38.535346],[110.890717,38.525092],[110.876475,38.509955],[110.870128,38.501817],[110.865326,38.490302],[110.859467,38.467963],[110.85255,38.457099],[110.833751,38.445828],[110.792084,38.439561],[110.774018,38.426093],[110.755626,38.390408],[110.746104,38.377712],[110.711192,38.356798],[110.705089,38.354438],[110.700694,38.346747],[110.67099,38.316921],[110.659679,38.310004],[110.647472,38.305609],[110.634288,38.30329],[110.60434,38.301378],[110.589854,38.296698],[110.579275,38.287218],[110.568614,38.232204],[110.568614,38.226874],[110.559255,38.216905],[110.54713,38.210883],[110.532807,38.207872],[110.517019,38.207058],[110.510916,38.202094],[110.499604,38.166042],[110.509288,38.144965],[110.509044,38.128038],[110.499604,38.090359],[110.507091,38.011542],[110.507823,38.008653],[110.511648,38.005072],[110.513276,38.001003],[110.513601,37.98253],[110.513276,37.980496],[110.514171,37.97016],[110.51295,37.961249],[110.514903,37.954901],[110.524099,37.952501],[110.545095,37.949652],[110.562511,37.942003],[110.576915,37.93126],[110.588959,37.919013],[110.653087,37.813096],[110.674408,37.796169],[110.728933,37.773546],[110.742686,37.764757],[110.752859,37.745673],[110.743744,37.732449],[110.705089,37.713568],[110.727061,37.700263],[110.778901,37.67829],[110.794444,37.658311],[110.78769,37.652411],[110.770437,37.641181],[110.766612,37.637885],[110.766043,37.623969],[110.771007,37.613349],[110.777192,37.603868],[110.786713,37.573513],[110.788585,37.561347],[110.783702,37.555935],[110.775808,37.551866],[110.76946,37.542344],[110.746104,37.48017],[110.738455,37.469428],[110.715343,37.449774],[110.696218,37.439399],[110.653331,37.433905],[110.636729,37.418158],[110.630056,37.396552],[110.633311,37.379218],[110.646251,37.367703],[110.667898,37.363552],[110.687104,37.357123],[110.687511,37.342108],[110.67099,37.309516],[110.669363,37.301093],[110.670014,37.295722],[110.669688,37.290391],[110.664806,37.282172],[110.660818,37.2803],[110.647634,37.276638],[110.643565,37.274726],[110.64088,37.269639],[110.636729,37.256374],[110.633718,37.250841],[110.568614,37.178534],[110.536794,37.155382],[110.527599,37.144395],[110.516368,37.115017],[110.508718,37.101589],[110.496186,37.095974],[110.489268,37.091824],[110.478933,37.081651],[110.469493,37.069403],[110.465587,37.058783],[110.45989,37.051134],[110.446381,37.044257],[110.417735,37.035183],[110.417735,37.027696],[110.425385,37.027045],[110.445079,37.021511],[110.427257,37.010199],[110.40797,37.014757],[110.389171,37.021837],[110.373057,37.017768],[110.372813,37.00727],[110.3838,36.994981],[110.397878,36.984809],[110.407156,36.980536],[110.417979,36.967231],[110.412527,36.937527],[110.394786,36.906928],[110.369233,36.891181],[110.37672,36.878485],[110.400808,36.861111],[110.410818,36.849555],[110.403819,36.837266],[110.407237,36.829942],[110.414236,36.824001],[110.417735,36.816026],[110.414968,36.805121],[110.409109,36.795762],[110.397227,36.781317],[110.393077,36.780707],[110.385753,36.781033],[110.378998,36.779893],[110.37672,36.775092],[110.379893,36.769965],[110.3921,36.765001],[110.397227,36.76081],[110.399913,36.760525],[110.417735,36.753974],[110.412201,36.753689],[110.413097,36.745307],[110.416108,36.736151],[110.417735,36.733507],[110.439057,36.742255],[110.44101,36.726426],[110.432058,36.703966],[110.421153,36.692572],[110.410574,36.695014],[110.400483,36.698839],[110.392833,36.698554],[110.38974,36.688788],[110.393565,36.682318],[110.482921,36.592882],[110.489757,36.577338],[110.498546,36.524482],[110.499604,36.507595],[110.495942,36.483995],[110.482188,36.448554],[110.476329,36.404853],[110.458751,36.349311],[110.459076,36.327094],[110.470144,36.28616],[110.472992,36.263699],[110.469005,36.243232],[110.450613,36.206855],[110.445079,36.185411],[110.446869,36.141791],[110.497488,35.9796],[110.500662,35.933132],[110.505951,35.911973],[110.507091,35.900824],[110.510753,35.886786],[110.519542,35.885077],[110.530691,35.88703],[110.54127,35.883816],[110.560151,35.849148],[110.57545,35.71247],[110.611339,35.637722],[110.61964,35.597195],[110.602631,35.554226],[110.572765,35.52794],[110.555919,35.50849],[110.558442,35.499579],[110.562755,35.490749],[110.559255,35.470811],[110.552745,35.449897],[110.547455,35.438178],[110.537527,35.427761],[110.523448,35.416571],[110.5088,35.40766],[110.496186,35.403998],[110.468272,35.356024],[110.458751,35.343126],[110.444835,35.335028],[110.437104,35.322333],[110.431651,35.307807],[110.424571,35.294135],[110.417247,35.286404],[110.372569,35.255316],[110.357595,35.238227],[110.335134,35.197943],[110.326182,35.149197],[110.316905,35.125678],[110.310476,35.090888],[110.29184,35.05036],[110.284597,35.00963],[110.268647,34.959418],[110.259369,34.944688],[110.271007,34.913438],[110.272227,34.881456],[110.262706,34.851182],[110.242442,34.824897],[110.237234,34.801337],[110.241628,34.71894],[110.251964,34.663153],[110.269949,34.637274]],[[97.288178,34.835476],[97.301199,34.817979],[97.315929,34.81684],[97.352794,34.821804],[97.406342,34.817939],[97.424815,34.821804],[97.437266,34.828437],[97.484955,34.871283],[97.50172,34.876247],[97.546967,34.876003]]]}},{"type":"Feature","properties":{"kind":"rivers","name":"Qumar","source":"Natural Earth 1:10m"},"geometry":{"type":"MultiLineString","coordinates":[[[92.298595,35.222968],[92.201915,35.221706],[92.159434,35.225206],[92.141368,35.231147],[92.112234,35.235175],[92.08017,35.230414],[92.067475,35.219346]]]}},{"type":"Feature","properties":{"kind":"rivers","name":"Qumar","source":"Natural Earth 1:10m"},"geometry":{"type":"MultiLineString","coordinates":[[[90.949229,35.244696],[90.996593,35.23664],[91.158783,35.2449],[91.24171,35.233751],[91.276866,35.216376],[91.298595,35.209296],[91.341889,35.20543],[91.471934,35.208686],[91.601654,35.185574],[91.72226,35.180935],[91.739513,35.184027],[91.773367,35.194281],[91.790457,35.196723],[91.806163,35.19477],[91.846121,35.175808],[91.910655,35.160102],[91.977061,35.154731],[91.992198,35.156195],[92.0053,35.15998],[92.014578,35.1671],[92.017996,35.178982],[92.024913,35.191759],[92.056733,35.20246],[92.067475,35.219346]],[[92.298595,35.222968],[92.31601,35.223456],[92.33489,35.220893],[92.352794,35.215928],[92.367605,35.209296],[92.382823,35.215847],[92.401866,35.217841],[92.453705,35.214545],[92.488292,35.204779],[92.508067,35.202501],[92.573253,35.209296],[92.590017,35.204128],[92.609793,35.181016],[92.624522,35.175808],[92.650076,35.185492],[92.670665,35.206326],[92.694753,35.22545],[92.731212,35.230414],[92.768891,35.217353],[92.785737,35.216742],[92.911143,35.255479],[92.974132,35.260199],[93.011729,35.271348],[93.086192,35.281806],[93.10434,35.288764],[93.120616,35.298774],[93.138764,35.303738],[93.274343,35.310736],[93.31544,35.319037],[93.35434,35.332831],[93.361257,35.33869],[93.369884,35.34809],[93.380382,35.356879],[93.392019,35.360785],[93.402354,35.358669],[93.420421,35.349229],[93.425792,35.347113],[93.438731,35.345323],[93.47047,35.332831],[93.482351,35.331977],[93.506358,35.333604],[93.518321,35.332831],[93.633311,35.296576],[93.675792,35.291856],[93.768647,35.299343],[93.786632,35.295193],[93.826915,35.273505],[93.876475,35.23371],[93.896088,35.221625],[93.919851,35.216742],[94.011729,35.222968],[94.104747,35.216742],[94.129242,35.211982],[94.148367,35.199897],[94.221283,35.140245],[94.244151,35.126492],[94.28419,35.113064],[94.30421,35.096015],[94.321056,35.077582],[94.334483,35.065985],[94.376964,35.052273],[94.534109,35.034003],[94.557628,35.028347],[94.5796,35.020046],[94.597992,35.00727],[94.609386,35.002265],[94.621104,35.005968],[94.642345,35.018175],[94.654307,35.020209],[94.732595,35.017768],[94.752208,35.011257],[94.760265,34.993964],[94.769786,34.979193],[94.814138,34.957872],[94.827891,34.944688],[94.899425,34.9206],[94.929861,34.905137],[94.930186,34.883246],[94.946218,34.862128],[94.958914,34.836615],[94.965912,34.806952],[94.955496,34.718573],[94.944916,34.695014],[94.924083,34.677191]]]}},{"type":"Feature","properties":{"kind":"rivers","name":"Wei","source":"Natural Earth 1:10m"},"geometry":{"type":"MultiLineString","coordinates":[[[104.064952,34.986274],[104.067475,34.995714],[104.069021,35.018663],[104.071788,35.027208],[104.080984,35.033149],[104.094656,35.038398],[104.107351,35.045762],[104.115896,35.066921],[104.124278,35.074774],[104.134288,35.080349],[104.156505,35.086371],[104.166108,35.095567],[104.181651,35.115994],[104.197358,35.127956],[104.23406,35.139228],[104.271983,35.134101],[104.352957,35.109198],[104.373139,35.107001],[104.438569,35.109198],[104.456716,35.104112],[104.503835,35.068183],[104.592459,35.057969],[104.603526,35.048692],[104.668224,35.019802],[104.687999,34.998481],[104.694916,34.992499],[104.705089,34.987413],[104.713878,34.984198],[104.72047,34.979112],[104.725108,34.957628],[104.734386,34.938747],[104.736501,34.927924],[104.735037,34.915635],[104.729503,34.894355],[104.729096,34.883246],[104.750011,34.836941],[104.756358,34.828437],[104.774425,34.81155],[104.784434,34.807196],[104.794932,34.808905],[104.805675,34.812812],[104.815684,34.815009],[104.846446,34.780829],[104.886485,34.757921],[104.93629,34.749457],[104.987641,34.754747],[105.031342,34.773383],[105.041026,34.781928],[105.045339,34.788153],[105.051524,34.792304],[105.066824,34.79446],[105.166026,34.778754],[105.175222,34.773464],[105.183604,34.766628],[105.195811,34.759711],[105.239757,34.752224],[105.340017,34.758409],[105.387706,34.753485],[105.451427,34.734687],[105.473237,34.732449],[105.49114,34.725531],[105.499929,34.711249],[105.509939,34.699001],[105.531749,34.698269],[105.538259,34.702216],[105.547374,34.714464],[105.552175,34.718126],[105.563975,34.720079],[105.627533,34.714423],[105.647227,34.70543],[105.681895,34.684597],[105.723237,34.669013],[105.742686,34.656928],[105.750662,34.640204],[105.761485,34.626736],[105.786388,34.620958],[105.833425,34.615749],[105.85019,34.605292],[105.856619,34.594102],[105.86085,34.581081],[105.870616,34.564805],[105.884695,34.560085],[105.953136,34.554267],[105.976573,34.54796],[105.987315,34.54682],[105.995942,34.550238],[106.011241,34.565131],[106.021658,34.568549],[106.027843,34.560899],[106.048106,34.546088],[106.069591,34.536322],[106.079682,34.543728],[106.088878,34.556912],[106.10906,34.552191],[106.141694,34.5338],[106.161713,34.531562],[106.177257,34.536566],[106.192475,34.543484],[106.210704,34.54682],[106.225841,34.544501],[106.270925,34.527615],[106.307058,34.521674],[106.34669,34.520087],[106.450206,34.520087],[106.475678,34.524115],[106.486257,34.524034],[106.498057,34.520087],[106.510346,34.511094],[106.522065,34.499823],[106.534679,34.490098],[106.549327,34.486029],[106.572683,34.482489],[106.595876,34.472846],[106.613862,34.458604],[106.621023,34.44127],[106.626964,34.419501],[106.641612,34.405626],[106.65976,34.394884],[106.67628,34.382351],[106.764415,34.371365],[106.809093,34.373643],[106.85377,34.382351],[106.8838,34.393378],[106.895274,34.396023],[106.90797,34.396348],[106.926687,34.391181],[106.939708,34.389757],[106.949718,34.391913],[106.968842,34.401313],[106.980724,34.403428],[106.991954,34.401882],[107.03183,34.389757],[107.062266,34.372911],[107.073416,34.36933],[107.084727,34.370632],[107.096202,34.374945],[107.107432,34.377305],[107.137706,34.361396],[107.163585,34.356269],[107.296641,34.355048],[107.319591,34.351996],[107.358897,34.338446],[107.381277,34.33515],[107.429779,34.340766],[107.454845,34.340644],[107.474132,34.331732],[107.488292,34.322781],[107.533621,34.305447],[107.553233,34.300401],[107.604747,34.296658],[107.634369,34.298122],[107.671153,34.310126],[107.694753,34.304023],[107.738292,34.28738],[107.774913,34.284857],[107.786632,34.280544],[107.810964,34.25141],[107.816987,34.246405],[108.00172,34.232123],[108.087576,34.238959],[108.112234,34.232042],[108.135671,34.221869],[108.158946,34.216986],[108.183849,34.225898],[108.19573,34.219672],[108.206065,34.2213],[108.217377,34.225287],[108.231619,34.225898],[108.242686,34.221381],[108.263682,34.207221],[108.276378,34.20421],[108.368744,34.211697],[108.448416,34.208767],[108.467459,34.215115],[108.481944,34.226508],[108.497162,34.233913],[108.515554,34.23782],[108.587576,34.240587],[108.611827,34.245632],[108.622081,34.256049],[108.632823,34.260525],[108.690929,34.307888],[108.731944,34.320909],[108.760265,34.339179],[108.769542,34.341376],[108.782644,34.347032],[108.842377,34.382351],[108.903331,34.403428],[108.955984,34.414659],[108.995372,34.436306],[109.05421,34.45185],[109.074474,34.472357],[109.096446,34.47016],[109.129242,34.458686],[109.172862,34.431952],[109.179128,34.430121],[109.201182,34.430772],[109.211192,34.4324],[109.223074,34.436591],[109.23406,34.442206],[109.242198,34.448106],[109.250092,34.45893],[109.252533,34.467637],[109.253835,34.476142],[109.258881,34.486029],[109.263601,34.489203],[109.286713,34.49962],[109.286713,34.505886],[109.278738,34.509548],[109.273529,34.513861],[109.269949,34.519639],[109.266368,34.527615],[109.305675,34.543077],[109.328624,34.548041],[109.34547,34.543728],[109.361501,34.535712],[109.382335,34.532904],[109.399099,34.538113],[109.403412,34.554267],[109.416026,34.550238],[109.434255,34.548407],[109.450857,34.550401],[109.466075,34.565253],[109.483165,34.558295],[109.499034,34.546698],[109.502859,34.540635],[109.513927,34.538642],[109.553233,34.519843],[109.56837,34.514024],[109.583263,34.511664],[109.598074,34.51435],[109.612071,34.523871],[109.63144,34.549872],[109.643891,34.57099],[109.661713,34.582872],[109.697765,34.58161],[109.725597,34.575466],[109.735606,34.574774],[109.740896,34.578477],[109.742931,34.587104],[109.743907,34.596259],[109.746104,34.602078],[109.755626,34.614366],[109.761241,34.617051],[109.777436,34.608222],[109.784434,34.60989],[109.79005,34.615261],[109.793956,34.622504],[109.815684,34.60456],[109.848399,34.616319],[109.86964,34.602078],[109.878835,34.609158],[109.917491,34.622504],[109.921886,34.628241],[109.923106,34.635281],[109.925792,34.641181],[109.934581,34.643622],[109.95696,34.642849],[109.967459,34.645453],[109.972097,34.653266],[109.976329,34.67121],[109.986746,34.663886],[110.006277,34.636827],[110.021576,34.634955],[110.071707,34.643622],[110.083507,34.647895],[110.104991,34.666693],[110.112722,34.670966],[110.124522,34.66767],[110.15032,34.650824],[110.223888,34.620307],[110.257742,34.614366],[110.293468,34.623155]]]}},{"type":"Feature","properties":{"kind":"rivers","name":"Dali","source":"Natural Earth 1:10m"},"geometry":{"type":"MultiLineString","coordinates":[[[108.115001,37.22016],[108.206391,37.318386],[108.224864,37.329372],[108.294688,37.341498],[108.306733,37.346747],[108.37558,37.405097],[108.391694,37.415635],[108.397634,37.421088],[108.403575,37.431749],[108.411062,37.467108],[108.413178,37.472724],[108.42571,37.480048],[108.436697,37.497423],[108.445323,37.518175],[108.450206,37.535468],[108.452403,37.554307],[108.450206,37.607449],[108.453298,37.617051],[108.468028,37.63227],[108.471202,37.641303],[108.472748,37.649359],[108.492198,37.693671],[108.496511,37.69892],[108.505382,37.706732],[108.51588,37.711697],[108.527192,37.714219],[108.535818,37.719021],[108.545095,37.749132],[108.558849,37.764675],[108.587901,37.788682],[108.647472,37.879747],[108.749522,37.960028],[108.788992,37.981024],[108.834972,37.987901],[108.927745,37.987901],[108.938487,37.992214],[108.951915,38.010932],[108.961518,38.015245],[108.97462,38.017117],[109.012543,38.028876],[109.053396,38.028876],[109.066987,38.031765],[109.088308,38.040635],[109.098155,38.042548],[109.162364,38.033881],[109.184255,38.035102],[109.224701,38.049384],[109.239268,38.052069],[109.276541,38.049384],[109.324718,38.05622],[109.337169,38.053046],[109.358409,38.038886],[109.368744,38.035102],[109.390229,38.039578],[109.427175,38.064073],[109.447276,38.071967],[109.455984,38.081366],[109.461518,38.083523],[109.466563,38.082343],[109.476085,38.077216],[109.491466,38.074571],[109.520112,38.062364],[109.612315,38.039903],[109.750255,38.029649],[109.784679,38.012803],[109.848562,37.966864],[109.893565,37.954169],[109.937266,37.955634]]]}},{"type":"Feature","properties":{"kind":"rivers","name":"Jing","source":"Natural Earth 1:10m"},"geometry":{"type":"MultiLineString","coordinates":[[[106.418386,35.434841],[106.493663,35.513495],[106.518565,35.534369],[106.554698,35.552029],[106.597748,35.561632],[106.643972,35.562608],[106.689871,35.554226],[106.752533,35.528917],[106.769054,35.516954],[106.78712,35.508083],[106.861257,35.499579],[107.278575,35.360378],[107.323253,35.350775],[107.367686,35.349392],[107.435069,35.367051],[107.48585,35.372504],[107.553233,35.390326],[107.5831,35.389024],[107.6421,35.373643],[107.685313,35.368232],[107.717865,35.358588],[107.727957,35.35281],[107.736095,35.340155],[107.740489,35.327989],[107.747081,35.318874],[107.786143,35.310126],[107.861827,35.274278],[107.922455,35.266872],[107.937755,35.26142],[107.944835,35.255439],[107.95045,35.240749],[107.95224,35.237331],[107.955089,35.23371],[107.958995,35.229844],[107.964122,35.225857],[107.956065,35.22366],[107.936127,35.211615],[107.941905,35.178494],[107.936697,35.145453],[107.938406,35.116726],[107.964122,35.096137],[107.973725,35.090766],[107.988373,35.092231],[108.002533,35.095567],[108.018891,35.096137],[108.031261,35.090766],[108.066498,35.061347],[108.117931,35.030382],[108.149425,35.016547],[108.176362,35.013536],[108.166433,34.992133],[108.16269,34.986274],[108.175792,34.988064],[108.18214,34.985216],[108.195242,34.963446],[108.199718,34.94538],[108.20753,34.93476],[108.224864,34.921413],[108.264903,34.902533],[108.430268,34.800727],[108.431244,34.801825],[108.445567,34.801378],[108.450206,34.800727],[108.475108,34.788601],[108.482188,34.783637],[108.494721,34.769965],[108.500906,34.760443],[108.509939,34.737616],[108.515636,34.729031],[108.566173,34.686591],[108.604421,34.638007],[108.612804,34.619249],[108.618663,34.615749],[108.627371,34.613593],[108.793386,34.505886],[108.81308,34.500434],[108.861501,34.496649],[108.887706,34.485622],[108.898936,34.48489],[108.920665,34.486029],[108.926524,34.483832],[108.935476,34.474473],[108.94101,34.472357],[108.948009,34.478583],[108.951671,34.4831],[108.951671,34.486029],[108.960948,34.479682],[108.975352,34.464708],[108.98585,34.458686],[108.997325,34.45661],[109.036632,34.458686],[109.048106,34.460761],[109.070974,34.470038]]]}},{"type":"Feature","properties":{"kind":"rivers","name":"Dam","source":"Natural Earth 1:10m"},"geometry":{"type":"MultiLineString","coordinates":[[[94.31601,32.639716],[94.237234,32.688096],[94.236095,32.69241],[94.238048,32.704128],[94.237234,32.708564],[94.232351,32.713894],[94.221121,32.72366],[94.216726,32.729071],[94.198985,32.758124],[94.192963,32.774848],[94.186697,32.783393],[94.182709,32.792344],[94.188975,32.81155],[94.185964,32.823025],[94.180105,32.832953],[94.175141,32.838935],[94.158621,32.847357],[94.108979,32.857937],[94.089773,32.859442],[94.069753,32.86579],[94.036388,32.895697],[94.017507,32.904975],[93.992198,32.904608],[93.949148,32.888617],[93.888194,32.879828],[93.875499,32.881537],[93.852794,32.890326],[93.834239,32.900336],[93.808116,32.922065],[93.731212,33.002794],[93.691335,33.029853],[93.668224,33.039862],[93.645518,33.043769],[93.624115,33.049913],[93.606212,33.064276],[93.590017,33.080512],[93.573985,33.092149],[93.516775,33.107204],[93.501475,33.1164],[93.482432,33.141547],[93.443126,33.181505],[93.390554,33.223212],[93.382335,33.239285],[93.377045,33.260281],[93.36378,33.271064],[93.327078,33.283962],[93.262218,33.322618],[93.255056,33.328681],[93.245942,33.338162],[93.237071,33.343329],[93.227061,33.345567],[93.214122,33.346015],[93.201427,33.348578],[93.194021,33.35456],[93.188731,33.361518],[93.183116,33.367133],[93.148936,33.386664],[93.132416,33.391954],[93.090424,33.396186],[93.071218,33.402411],[93.053722,33.41116],[93.039073,33.421088],[93.013438,33.443468],[92.996593,33.452338],[92.954194,33.460028],[92.937999,33.470323],[92.851654,33.550605],[92.837006,33.558295],[92.818858,33.565294],[92.811615,33.582221],[92.806407,33.622626],[92.80128,33.627265],[92.792898,33.632514],[92.786876,33.63878],[92.789154,33.646552],[92.795339,33.656684],[92.795828,33.667426],[92.792572,33.687812],[92.761974,33.707953],[92.763682,33.711941],[92.759776,33.738634],[92.758556,33.742377],[92.737397,33.899441],[92.731863,33.919379],[92.710704,33.950466],[92.710704,33.971462],[92.721609,33.989325],[92.740001,34.005683],[92.760834,34.018744],[92.778901,34.026679],[92.840343,34.034491],[92.860362,34.03974],[92.878917,34.050605],[92.92921,34.094997]]]}}]}