{"type":"FeatureCollection","features":[{"type":"Feature","properties":{"kind":"lakes","name":"色林错","source":"Natural Earth 1:10m"},"geometry":{"type":"Polygon","coordinates":[[[89.338486,31.818521],[89.342607,31.816166],[89.345257,31.806452],[89.331127,31.783197],[89.296981,31.777899],[89.269899,31.792028],[89.276964,31.827058],[89.248411,31.80292],[89.241641,31.763475],[89.242524,31.717848],[89.235459,31.676049],[89.225156,31.661625],[89.188361,31.622474],[89.177469,31.614821],[89.158335,31.606579],[89.146267,31.588623],[89.137141,31.569783],[89.12625,31.559481],[89.107999,31.563896],[89.087688,31.578909],[89.070909,31.597454],[89.064139,31.611289],[89.051481,31.61541],[88.975241,31.600397],[88.960817,31.607756],[88.941095,31.622769],[88.925493,31.639548],[88.924316,31.652205],[88.945216,31.686057],[88.95964,31.702836],[88.980245,31.709901],[88.937857,31.735805],[88.915779,31.740809],[88.893702,31.7308],[88.87869,31.736688],[88.85985,31.737865],[88.840717,31.73551],[88.824527,31.7308],[88.811869,31.722558],[88.787142,31.70107],[88.780372,31.696654],[88.76271,31.698715],[88.734451,31.708134],[88.718555,31.710195],[88.683526,31.710784],[88.667925,31.71461],[88.653795,31.72403],[88.653795,31.717848],[88.648202,31.734333],[88.646731,31.756999],[88.648202,31.77731],[88.650263,31.786141],[88.618472,31.779665],[88.61229,31.779076],[88.601987,31.787024],[88.602576,31.793794],[88.60552,31.800859],[88.601693,31.809984],[88.584325,31.818521],[88.568724,31.816166],[88.558716,31.818521],[88.557244,31.840598],[88.561659,31.85826],[88.571373,31.869152],[88.585797,31.875922],[88.604931,31.881515],[88.638783,31.886225],[88.687353,31.887108],[88.730624,31.882692],[88.749464,31.870918],[88.745343,31.859732],[88.738572,31.848252],[88.7371,31.835594],[88.749464,31.819404],[88.76742,31.810868],[88.787142,31.80969],[88.806865,31.813517],[88.824527,31.819404],[88.805393,31.833239],[88.798328,31.849429],[88.80451,31.866502],[88.824527,31.881515],[88.831886,31.874156],[88.838362,31.881515],[88.845721,31.874156],[88.865149,31.883281],[88.927554,31.90212],[89.009682,31.936855],[89.029993,31.916839],[89.0662,31.91625],[89.136553,31.929496],[89.155392,31.924198],[89.178647,31.900943],[89.191304,31.895939],[89.205728,31.893584],[89.241641,31.88387],[89.269605,31.879454],[89.285795,31.873273],[89.299925,31.864736],[89.31111,31.855022],[89.325534,31.827058],[89.332893,31.819993],[89.338486,31.818521]]]}},{"type":"Feature","properties":{"kind":"lakes","name":"阿雅克库木湖","source":"Natural Earth 1:10m"},"geometry":{"type":"Polygon","coordinates":[[[89.674356,37.512112],[89.670235,37.499749],[89.647274,37.498866],[89.619015,37.500926],[89.598704,37.498571],[89.608713,37.492978],[89.612834,37.491506],[89.612834,37.484147],[89.594289,37.484147],[89.586635,37.486208],[89.579276,37.491506],[89.550428,37.474728],[89.497149,37.47149],[89.440042,37.4762],[89.400008,37.484147],[89.281968,37.531834],[89.235459,37.533306],[89.188655,37.52477],[89.164517,37.525653],[89.123895,37.544786],[89.097991,37.551851],[89.076797,37.56392],[89.071498,37.587764],[89.08445,37.603365],[89.108294,37.606603],[89.156864,37.601599],[89.166578,37.599244],[89.182179,37.590118],[89.194542,37.587764],[89.249883,37.601599],[89.289916,37.623676],[89.311699,37.626914],[89.341724,37.641632],[89.544247,37.625737],[89.571328,37.615728],[89.578393,37.609841],[89.601942,37.598949],[89.62608,37.591002],[89.643448,37.587764],[89.654339,37.582759],[89.657283,37.571574],[89.654928,37.558621],[89.649924,37.550085],[89.639032,37.546553],[89.61931,37.560093],[89.609301,37.556855],[89.611068,37.542431],[89.633439,37.530068],[89.659932,37.52006],[89.674356,37.512112]]]}},{"type":"Feature","properties":{"kind":"lakes","name":"鄂陵湖","source":"Natural Earth 1:10m"},"geometry":{"type":"Polygon","coordinates":[[[97.867981,34.871666],[97.900656,34.831632],[97.901539,34.821624],[97.883583,34.821329],[97.850025,34.8281],[97.85709,34.808377],[97.845315,34.806611],[97.808225,34.821624],[97.779672,34.829572],[97.769958,34.835459],[97.760833,34.849],[97.754945,34.817208],[97.734929,34.808377],[97.712263,34.818386],[97.698428,34.842229],[97.681649,34.820446],[97.678705,34.815148],[97.681649,34.808672],[97.69725,34.799841],[97.698428,34.794542],[97.688419,34.786006],[97.672523,34.781885],[97.65545,34.780707],[97.60482,34.784534],[97.581271,34.79572],[97.565964,34.814853],[97.546241,34.870488],[97.545358,34.889328],[97.5536,34.906401],[97.591573,34.946434],[97.61159,34.957914],[97.636905,34.963507],[97.671935,34.965274],[97.6581,34.968806],[97.644559,34.967628],[97.632784,34.970572],[97.623953,34.986173],[97.631018,35.000008],[97.636317,35.007073],[97.64397,35.013549],[97.634551,35.025618],[97.650446,35.042397],[97.676939,35.058293],[97.692246,35.068301],[97.72963,35.085963],[97.746998,35.088612],[97.768486,35.087729],[97.768486,35.081253],[97.764071,35.06889],[97.771135,35.051228],[97.804399,35.020908],[97.808225,35.010017],[97.80587,35.000008],[97.792918,34.987351],[97.788503,34.978814],[97.788503,34.969983],[97.790564,34.961447],[97.794685,34.951438],[97.796451,34.925829],[97.800278,34.914643],[97.808225,34.903751],[97.855324,34.887267],[97.862977,34.879908],[97.867981,34.871666]]]}},{"type":"Feature","properties":{"kind":"lakes","name":"扎陵湖","source":"Natural Earth 1:10m"},"geometry":{"type":"Polygon","coordinates":[[[97.436738,34.994416],[97.466174,34.992355],[97.48678,34.983818],[97.486191,34.96704],[97.472062,34.956148],[97.452045,34.965274],[97.445863,34.93672],[97.396116,34.90905],[97.383752,34.886973],[97.378748,34.872843],[97.366679,34.864307],[97.342247,34.855181],[97.318109,34.835165],[97.304274,34.829277],[97.288378,34.835459],[97.248345,34.836048],[97.109699,34.917292],[97.083795,34.926123],[97.069371,34.935248],[97.06319,34.949378],[97.061718,34.972633],[97.056419,34.988234],[97.055831,34.997948],[97.061718,35.006779],[97.074376,35.012077],[97.085856,35.009723],[97.093804,35.000892],[97.095864,34.986173],[97.107344,34.998242],[97.113526,35.016493],[97.122946,35.027973],[97.162979,35.012961],[97.250111,35.013549],[97.263063,35.016493],[97.288378,35.030034],[97.300742,35.034155],[97.317226,35.034155],[97.333122,35.030622],[97.413189,35.000008],[97.436738,34.994416]]]}},{"type":"Feature","properties":{"kind":"lakes","name":"可可西里湖","source":"Natural Earth 1:10m"},"geometry":{"type":"Polygon","coordinates":[[[91.283056,35.630242],[91.297774,35.609048],[91.338985,35.579906],[91.306605,35.568426],[91.288649,35.565188],[91.270692,35.565482],[91.298951,35.538695],[91.300129,35.528686],[91.274519,35.524565],[91.233014,35.526626],[91.218884,35.530747],[91.2024,35.538989],[91.160012,35.551353],[91.072291,35.557534],[91.03785,35.573135],[91.019305,35.589325],[91.003704,35.599923],[90.985454,35.605516],[90.959844,35.607282],[90.941888,35.614641],[90.932174,35.63142],[90.935412,35.647904],[90.956606,35.654969],[90.967792,35.653202],[90.996934,35.642017],[90.998111,35.639956],[91.001644,35.634952],[91.006648,35.630242],[91.011946,35.628182],[91.016067,35.631714],[91.018422,35.638484],[91.021072,35.645549],[91.028136,35.648787],[91.094368,35.646726],[91.113502,35.642017],[91.139112,35.62877],[91.149709,35.62671],[91.223005,35.634658],[91.21859,35.641428],[91.217118,35.647021],[91.218884,35.653497],[91.223005,35.662328],[91.241256,35.648198],[91.262745,35.64025],[91.283056,35.630242]]]}},{"type":"Feature","properties":{"kind":"lakes","name":null,"source":"Natural Earth 1:10m"},"geometry":{"type":"Polygon","coordinates":[[[90.310771,33.319189],[90.290754,33.313596],[90.236003,33.341561],[90.213337,33.349803],[90.194497,33.360989],[90.160351,33.389837],[90.124144,33.357751],[90.085877,33.362461],[89.99639,33.403377],[90.014641,33.426044],[90.016996,33.433991],[90.014346,33.44606],[90.008165,33.450181],[90.0011,33.452242],[89.99639,33.45754],[89.994918,33.475202],[90.005515,33.473142],[90.023177,33.463428],[90.052908,33.453714],[90.091175,33.43458],[90.11914,33.413091],[90.137979,33.403672],[90.158879,33.398668],[90.181251,33.396607],[90.195969,33.398079],[90.207449,33.402789],[90.281923,33.453419],[90.294287,33.45754],[90.302823,33.479912],[90.293109,33.529071],[90.270149,33.602073],[90.277508,33.602073],[90.286928,33.599424],[90.293404,33.612965],[90.296936,33.632393],[90.298113,33.725117],[90.31607,33.689499],[90.318719,33.680668],[90.337558,33.670954],[90.341679,33.66389],[90.325489,33.656825],[90.336086,33.623856],[90.344034,33.608549],[90.356103,33.602073],[90.362285,33.593537],[90.378475,33.555564],[90.390838,33.546733],[90.402024,33.530543],[90.407028,33.49257],[90.407911,33.419862],[90.400258,33.420745],[90.364051,33.414563],[90.352865,33.409853],[90.347567,33.401317],[90.343151,33.383066],[90.339619,33.375707],[90.311654,33.361872],[90.311654,33.34892],[90.314598,33.33273],[90.310771,33.319189]]]}},{"type":"Feature","properties":{"kind":"lakes","name":null,"source":"Natural Earth 1:10m"},"geometry":{"type":"Polygon","coordinates":[[[89.956357,33.512587],[89.973135,33.492275],[89.976668,33.484916],[89.972841,33.471964],[89.964893,33.46696],[89.955768,33.464016],[89.948703,33.45754],[89.947231,33.437818],[89.949292,33.410442],[89.946937,33.38601],[89.93163,33.375707],[89.916912,33.370409],[89.902488,33.35834],[89.891597,33.343622],[89.887181,33.330964],[89.882471,33.308298],[89.870402,33.292991],[89.85274,33.282099],[89.832429,33.27268],[89.848325,33.260317],[89.843321,33.247364],[89.82507,33.242949],[89.800932,33.255901],[89.793573,33.266498],[89.798577,33.269736],[89.807703,33.271797],[89.811529,33.280039],[89.807408,33.286221],[89.790041,33.302116],[89.784154,33.313596],[89.777678,33.347743],[89.777383,33.383361],[89.788863,33.41162],[89.8183,33.423394],[89.806231,33.430165],[89.752657,33.430459],[89.728813,33.436935],[89.674356,33.478146],[89.661404,33.492275],[89.667585,33.499046],[89.692606,33.483445],[89.739116,33.464605],[89.788569,33.453419],[89.821832,33.461367],[89.830074,33.46696],[89.838022,33.470198],[89.84391,33.475497],[89.846264,33.488449],[89.84597,33.499635],[89.847442,33.509349],[89.852152,33.516413],[89.863043,33.519063],[89.929569,33.525244],[89.948703,33.519063],[89.956357,33.512587]]]}},{"type":"Feature","properties":{"kind":"lakes","name":null,"source":"Natural Earth 1:10m"},"geometry":{"type":"Polygon","coordinates":[[[91.527084,32.119067],[91.533854,32.094046],[91.534443,32.067553],[91.532088,32.046653],[91.516192,31.999261],[91.511482,31.971296],[91.518253,31.950396],[91.506184,31.942154],[91.463207,31.929496],[91.467622,31.943331],[91.463501,31.952457],[91.454081,31.958638],[91.442601,31.964231],[91.431415,31.980716],[91.424056,32.012507],[91.421113,32.047536],[91.421996,32.07344],[91.433476,32.095223],[91.455847,32.118772],[91.483812,32.135257],[91.510894,32.135551],[91.527084,32.119067]]]}},{"type":"Feature","properties":{"kind":"lakes","name":"多尔改错湖","source":"Natural Earth 1:10m"},"geometry":{"type":"Polygon","coordinates":[[[92.062826,35.219898],[92.035745,35.211068],[91.963331,35.221665],[91.935661,35.21666],[91.944786,35.233734],[91.968041,35.243742],[91.994534,35.251395],[92.038688,35.271118],[92.095795,35.270823],[92.120816,35.278183],[92.164676,35.259049],[92.190875,35.253456],[92.213541,35.260815],[92.233852,35.264347],[92.258578,35.25375],[92.281539,35.236383],[92.298612,35.222842],[92.272119,35.199587],[92.234441,35.183986],[92.194113,35.178982],[92.162027,35.189579],[92.157906,35.176038],[92.1582,35.170151],[92.162027,35.161614],[92.155257,35.161614],[92.140538,35.177216],[92.111691,35.199882],[92.081666,35.217838],[92.062826,35.219898]]]}},{"type":"Feature","properties":{"kind":"lakes","name":null,"source":"Natural Earth 1:10m"},"geometry":{"type":"Polygon","coordinates":[[[95.231067,37.007866],[95.295239,36.962828],[95.299949,36.937808],[95.293767,36.907488],[95.279637,36.88335],[95.259326,36.876874],[95.236955,36.893947],[95.201042,36.947816],[95.173666,36.959296],[95.148351,36.96695],[95.116854,37.000213],[95.091244,37.007866],[95.028545,37.010221],[95.000286,37.016403],[94.972027,37.027589],[94.983213,37.03377],[94.994399,37.034948],[95.006468,37.034359],[95.019714,37.035242],[95.030017,37.039363],[95.052388,37.052315],[95.064163,37.054964],[95.087123,37.052021],[95.130395,37.038186],[95.193683,37.027294],[95.231067,37.007866]]]}},{"type":"Feature","properties":{"kind":"lakes","name":"尕斯库乐湖","source":"Natural Earth 1:10m"},"geometry":{"type":"Polygon","coordinates":[[[90.80177,38.17031],[90.825614,38.159124],[90.899499,38.122034],[90.953662,38.112615],[90.985748,38.100251],[91.007237,38.081118],[91.003704,38.056097],[91.020189,38.05021],[91.009003,38.048738],[90.976328,38.049326],[90.972502,38.044028],[90.972207,38.027838],[90.969852,38.021362],[90.961316,38.016652],[90.939827,38.009293],[90.932468,38.004289],[90.914217,37.996635],[90.899499,38.008999],[90.880954,38.042556],[90.868885,38.052564],[90.850929,38.061395],[90.831501,38.067577],[90.815311,38.069932],[90.79971,38.074642],[90.780576,38.084061],[90.761148,38.090537],[90.738482,38.085533],[90.725824,38.087299],[90.71405,38.090832],[90.709046,38.09407],[90.708163,38.104078],[90.706691,38.111732],[90.706102,38.11968],[90.709046,38.13116],[90.728768,38.153237],[90.763503,38.167367],[90.80177,38.17031]]]}},{"type":"Feature","properties":{"kind":"lakes","name":"库赛湖","source":"Natural Earth 1:10m"},"geometry":{"type":"Polygon","coordinates":[[[92.973883,35.732975],[92.996255,35.718846],[93.038938,35.700006],[93.025986,35.681167],[93.006558,35.671159],[92.983597,35.666743],[92.914422,35.66586],[92.899409,35.673514],[92.826701,35.737096],[92.821108,35.757407],[92.806684,35.771831],[92.788728,35.78184],[92.70925,35.80951],[92.693354,35.819224],[92.674221,35.82776],[92.623001,35.834531],[92.607106,35.843362],[92.621235,35.858374],[92.673632,35.86014],[92.771655,35.850132],[92.776659,35.851604],[92.785785,35.857786],[92.809922,35.830704],[92.82258,35.818929],[92.840536,35.809215],[92.887046,35.796558],[92.901764,35.788904],[92.954455,35.758879],[92.964169,35.744455],[92.973883,35.732975]]]}},{"type":"Feature","properties":{"kind":"lakes","name":"卓乃湖","source":"Natural Earth 1:10m"},"geometry":{"type":"Polygon","coordinates":[[[92.038688,35.574902],[92.057528,35.569603],[92.099916,35.562833],[92.099916,35.556062],[92.089319,35.551941],[92.052229,35.528098],[92.047519,35.533691],[92.036334,35.543405],[92.031624,35.549292],[92.004248,35.533102],[91.970102,35.518678],[91.93625,35.508964],[91.907991,35.507492],[91.889151,35.518384],[91.880909,35.521327],[91.870901,35.521622],[91.849707,35.519856],[91.839698,35.521327],[91.825863,35.528686],[91.784652,35.569603],[91.795249,35.574902],[91.804963,35.583144],[91.811439,35.595213],[91.812028,35.61052],[91.86207,35.639367],[91.880909,35.645549],[91.904164,35.645843],[91.946258,35.634069],[91.966864,35.631125],[92.038688,35.574902]]]}},{"type":"Feature","properties":{"kind":"lakes","name":null,"source":"Natural Earth 1:10m"},"geometry":{"type":"Polygon","coordinates":[[[90.215397,35.703539],[90.126499,35.720906],[90.083522,35.736213],[90.057912,35.757407],[90.060267,35.788021],[90.101478,35.79332],[90.188316,35.785372],[90.223051,35.803034],[90.244833,35.806566],[90.267205,35.79538],[90.283984,35.794497],[90.328727,35.818046],[90.346095,35.812748],[90.347861,35.805683],[90.346389,35.797735],[90.338147,35.78184],[90.324312,35.741217],[90.296347,35.715313],[90.258669,35.70295],[90.215397,35.703539]]]}},{"type":"Feature","properties":{"kind":"lakes","name":null,"source":"Natural Earth 1:10m"},"geometry":{"type":"Polygon","coordinates":[[[90.400552,35.164558],[90.354631,35.151017],[90.240124,35.161026],[90.201856,35.143364],[90.196852,35.152195],[90.19067,35.156316],[90.183311,35.156021],[90.17448,35.150134],[90.163883,35.158671],[90.145633,35.180454],[90.133564,35.191051],[90.120317,35.197527],[90.108543,35.200765],[90.098829,35.206358],[90.092058,35.219015],[90.110015,35.21931],[90.116196,35.228435],[90.118551,35.241387],[90.126205,35.252573],[90.141806,35.257577],[90.153286,35.252279],[90.165061,35.244036],[90.181251,35.239621],[90.213631,35.234322],[90.21157,35.223431],[90.187138,35.213422],[90.154169,35.211656],[90.154169,35.205475],[90.170654,35.198999],[90.20009,35.193111],[90.225405,35.190756],[90.230998,35.191345],[90.236591,35.189579],[90.2466,35.181337],[90.254547,35.177216],[90.261318,35.178393],[90.266911,35.183692],[90.270149,35.191051],[90.263673,35.19164],[90.258963,35.1937],[90.255136,35.196055],[90.250426,35.197821],[90.257785,35.211951],[90.264556,35.231673],[90.274564,35.244919],[90.290754,35.239621],[90.291049,35.251984],[90.295464,35.265231],[90.303706,35.276122],[90.315186,35.280538],[90.321957,35.282009],[90.333143,35.287602],[90.339619,35.287897],[90.344623,35.285247],[90.352865,35.276122],[90.356103,35.274356],[90.364934,35.263759],[90.383773,35.216366],[90.400552,35.205475],[90.39231,35.236972],[90.385834,35.252867],[90.377003,35.259932],[90.373765,35.266702],[90.380241,35.277888],[90.389661,35.280243],[90.39437,35.259932],[90.400258,35.263759],[90.406145,35.265231],[90.418214,35.263759],[90.467667,35.226963],[90.483563,35.219015],[90.492394,35.216955],[90.520947,35.219015],[90.529778,35.216955],[90.536843,35.211951],[90.551855,35.197821],[90.555388,35.211951],[90.560686,35.21666],[90.567457,35.214894],[90.575993,35.208418],[90.585707,35.206063],[90.597482,35.210184],[90.609551,35.216072],[90.619559,35.219015],[90.631039,35.217249],[90.642519,35.212539],[90.648995,35.204886],[90.643697,35.194583],[90.575993,35.188402],[90.517709,35.17074],[90.499753,35.173095],[90.481208,35.183692],[90.465901,35.199587],[90.455598,35.219015],[90.437936,35.165735],[90.422629,35.147191],[90.400552,35.164558]]]}},{"type":"Feature","properties":{"kind":"lakes","name":null,"source":"Natural Earth 1:10m"},"geometry":{"type":"Polygon","coordinates":[[[90.739071,34.840169],[90.733184,34.835459],[90.698743,34.835459],[90.689323,34.838108],[90.665774,34.851355],[90.653705,34.855181],[90.626918,34.854593],[90.580114,34.839286],[90.555388,34.835459],[90.486801,34.835459],[90.479736,34.837519],[90.476792,34.842229],[90.476204,34.846939],[90.476204,34.849],[90.460897,34.84635],[90.456187,34.837519],[90.452949,34.826039],[90.442057,34.815148],[90.424101,34.808966],[90.386423,34.803668],[90.366406,34.794542],[90.366406,34.787183],[90.38083,34.78424],[90.420274,34.78159],[90.428517,34.777175],[90.435287,34.769816],[90.451183,34.76805],[90.469433,34.76805],[90.483563,34.766578],[90.499164,34.757452],[90.499753,34.748622],[90.493866,34.737436],[90.490039,34.721834],[90.483268,34.71477],[90.449417,34.709471],[90.435287,34.705056],[90.460602,34.694164],[90.460308,34.68445],[90.442352,34.683567],[90.414093,34.698285],[90.339619,34.753331],[90.322546,34.745384],[90.30665,34.747738],[90.29517,34.758924],[90.290754,34.777175],[90.297525,34.79101],[90.314009,34.798075],[90.352865,34.800724],[90.338441,34.813382],[90.256608,34.835459],[90.263967,34.84635],[90.266028,34.854298],[90.263967,34.872843],[90.268677,34.880497],[90.279568,34.880202],[90.292226,34.877847],[90.301057,34.879908],[90.319308,34.895215],[90.339619,34.904046],[90.362579,34.908461],[90.388778,34.909639],[90.398492,34.907578],[90.402907,34.902868],[90.406734,34.896981],[90.414093,34.890799],[90.428222,34.88344],[90.434698,34.881674],[90.469728,34.885795],[90.476498,34.883146],[90.486801,34.872843],[90.499164,34.864601],[90.50564,34.87196],[90.51035,34.890799],[90.531544,34.896687],[90.553327,34.896098],[90.649584,34.88138],[90.660181,34.87667],[90.668423,34.871666],[90.674899,34.869016],[90.684613,34.868722],[90.706396,34.870783],[90.715816,34.869016],[90.723764,34.86254],[90.733772,34.85106],[90.739071,34.840169]]]}},{"type":"Feature","properties":{"kind":"lakes","name":null,"source":"Natural Earth 1:10m"},"geometry":{"type":"Polygon","coordinates":[[[90.388778,34.909639],[90.388483,34.909639],[90.387894,34.909933],[90.39437,34.909933],[90.388778,34.909639]]]}},{"type":"Feature","properties":{"kind":"lakes","name":null,"source":"Natural Earth 1:10m"},"geometry":{"type":"Polygon","coordinates":[[[89.361152,35.260226],[89.374693,35.265525],[89.387056,35.246391],[89.386173,35.223725],[89.372338,35.215189],[89.353205,35.218132],[89.335543,35.229613],[89.319647,35.236972],[89.300219,35.24227],[89.290799,35.250512],[89.30434,35.266702],[89.284323,35.271412],[89.236048,35.274945],[89.203373,35.293784],[89.180413,35.299377],[89.157158,35.299966],[89.139791,35.294078],[89.135081,35.304381],[89.137436,35.312623],[89.153626,35.328813],[89.158041,35.329991],[89.177469,35.328813],[89.181002,35.330579],[89.181002,35.334112],[89.180118,35.338822],[89.180707,35.343237],[89.17688,35.341471],[89.173937,35.347064],[89.172759,35.3556],[89.173937,35.362371],[89.178647,35.366786],[89.1863,35.371496],[89.19572,35.375028],[89.280497,35.384154],[89.302574,35.379149],[89.309933,35.367081],[89.314054,35.351185],[89.335837,35.320277],[89.341724,35.30232],[89.344374,35.283187],[89.345257,35.263464],[89.349967,35.252279],[89.361152,35.260226]]]}},{"type":"Feature","properties":{"kind":"lakes","name":null,"source":"Natural Earth 1:10m"},"geometry":{"type":"Polygon","coordinates":[[[89.229572,34.59202],[89.235459,34.568471],[89.235753,34.558168],[89.234281,34.547865],[89.229866,34.539329],[89.221918,34.533736],[89.204845,34.533736],[89.194837,34.543744],[89.189244,34.555519],[89.18424,34.561112],[89.163928,34.564644],[89.128016,34.579657],[89.105644,34.581717],[89.086511,34.58054],[89.08239,34.577302],[89.07768,34.568471],[89.07974,34.564644],[89.07768,34.523727],[89.070321,34.503711],[89.052364,34.493997],[89.029698,34.491053],[88.989076,34.49488],[88.96435,34.500767],[88.94551,34.512836],[88.941978,34.533736],[88.914013,34.513425],[88.916663,34.566704],[88.920784,34.581717],[88.888109,34.574652],[88.868092,34.587899],[88.838362,34.629993],[88.853374,34.642356],[88.876335,34.645594],[88.895763,34.637352],[88.900473,34.615569],[88.911364,34.620573],[88.923727,34.621456],[88.935796,34.61969],[88.933736,34.615569],[89.021456,34.599379],[89.064728,34.597613],[89.105644,34.602028],[89.112709,34.606149],[89.117124,34.611448],[89.124484,34.615863],[89.139791,34.615569],[89.151271,34.611153],[89.162457,34.598496],[89.170699,34.595847],[89.216914,34.599379],[89.229572,34.59202]]]}},{"type":"Feature","properties":{"kind":"lakes","name":null,"source":"Natural Earth 1:10m"},"geometry":{"type":"Polygon","coordinates":[[[89.57751,36.291384],[89.602825,36.274016],[89.611656,36.253705],[89.588696,36.243991],[89.572506,36.240459],[89.563381,36.233983],[89.554255,36.230745],[89.537182,36.23781],[89.530706,36.242519],[89.526585,36.248112],[89.52423,36.254588],[89.523347,36.261948],[89.519815,36.265774],[89.500681,36.266363],[89.483019,36.271662],[89.45476,36.27696],[89.448873,36.282259],[89.443574,36.28844],[89.356443,36.336127],[89.327889,36.34643],[89.29757,36.347607],[89.299336,36.362031],[89.295804,36.382637],[89.288739,36.401182],[89.280497,36.40913],[89.277847,36.420021],[89.276375,36.441804],[89.282852,36.457405],[89.30434,36.450046],[89.339369,36.424142],[89.373516,36.410013],[89.448873,36.388524],[89.482725,36.372334],[89.510395,36.350551],[89.533061,36.324058],[89.551312,36.29315],[89.57751,36.291384]]]}},{"type":"Feature","properties":{"kind":"lakes","name":null,"source":"Natural Earth 1:10m"},"geometry":{"type":"Polygon","coordinates":[[[91.218884,33.942064],[91.236252,33.934116],[91.243317,33.920575],[91.242728,33.90674],[91.23949,33.890844],[91.232131,33.874066],[91.219473,33.858464],[91.205049,33.848456],[91.187093,33.840803],[91.167371,33.836093],[91.147943,33.834915],[91.134107,33.851988],[91.143527,33.873771],[91.163544,33.892905],[91.181794,33.902619],[91.181794,33.909978],[91.161483,33.910861],[91.156479,33.921458],[91.164427,33.935293],[91.181794,33.944713],[91.198573,33.945596],[91.218884,33.942064]]]}},{"type":"Feature","properties":{"kind":"lakes","name":null,"source":"Natural Earth 1:10m"},"geometry":{"type":"Polygon","coordinates":[[[90.047904,32.491732],[90.060562,32.477308],[90.0638,32.447577],[90.05644,32.422556],[90.03819,32.423439],[90.019351,32.409899],[90.016996,32.406072],[90.01258,32.401068],[90.002866,32.405189],[89.986382,32.41608],[89.940167,32.408721],[89.879528,32.410193],[89.872757,32.412842],[89.87364,32.440218],[89.876584,32.451993],[89.883943,32.456997],[89.894246,32.458469],[89.898661,32.46259],[89.903371,32.46936],[89.914557,32.478191],[89.927215,32.483784],[89.955474,32.492026],[89.969014,32.497913],[89.987559,32.514103],[89.999334,32.522346],[90.014052,32.525878],[90.024649,32.520579],[90.039956,32.49703],[90.047904,32.491732]]]}},{"type":"Feature","properties":{"kind":"lakes","name":null,"source":"Natural Earth 1:10m"},"geometry":{"type":"Polygon","coordinates":[[[90.923637,32.133196],[90.934823,32.111119],[90.946009,32.03429],[90.941888,32.023398],[90.925403,32.018689],[90.910096,32.018983],[90.897733,32.020455],[90.888019,32.024576],[90.880954,32.032524],[90.880954,32.025459],[90.852695,32.046064],[90.761148,32.050186],[90.729357,32.06667],[90.741131,32.076384],[90.777044,32.094046],[90.784697,32.103465],[90.79029,32.114946],[90.799121,32.12466],[90.828852,32.132313],[90.836211,32.140261],[90.842393,32.149386],[90.85299,32.155274],[90.868297,32.155274],[90.892435,32.144971],[90.904798,32.142322],[90.923637,32.133196]]]}},{"type":"Feature","properties":{"kind":"lakes","name":"青海湖","source":"Natural Earth 1:10m"},"geometry":{"type":"Polygon","coordinates":[[[100.717426,36.853325],[100.751867,36.82536],[100.765996,36.804461],[100.761581,36.781206],[100.743036,36.773258],[100.72037,36.776496],[100.70153,36.776202],[100.693288,36.757362],[100.698881,36.74441],[100.734499,36.706143],[100.741858,36.684066],[100.73862,36.669642],[100.731555,36.655807],[100.72037,36.590164],[100.712716,36.566026],[100.703591,36.555429],[100.694466,36.553074],[100.6718,36.543654],[100.659142,36.541005],[100.649428,36.541593],[100.628234,36.54542],[100.559941,36.566614],[100.539924,36.568969],[100.498419,36.578389],[100.459269,36.599583],[100.445434,36.622838],[100.481052,36.63785],[100.481052,36.644032],[100.450143,36.64521],[100.440135,36.644032],[100.435425,36.641677],[100.423651,36.632552],[100.418941,36.630491],[100.410404,36.631669],[100.403045,36.636673],[100.395392,36.63785],[100.392742,36.644327],[100.390387,36.65669],[100.385383,36.665815],[100.366838,36.658162],[100.330337,36.650803],[100.300018,36.657573],[100.288832,36.657867],[100.276763,36.654629],[100.259101,36.646093],[100.220834,36.641677],[100.159017,36.62431],[100.133996,36.623721],[100.089253,36.634907],[100.022138,36.643738],[99.980927,36.657867],[99.943248,36.676412],[99.92647,36.68907],[99.907925,36.719978],[99.882315,36.722039],[99.836689,36.712325],[99.810785,36.713208],[99.797832,36.72351],[99.781642,36.760895],[99.791356,36.774435],[99.790473,36.79298],[99.780171,36.811231],[99.761626,36.822122],[99.723358,36.83272],[99.70187,36.84155],[99.682736,36.865983],[99.63711,36.889237],[99.623863,36.898068],[99.619153,36.908371],[99.617682,36.91838],[99.619153,36.928388],[99.623863,36.938985],[99.662131,36.96695],[99.682442,36.965772],[99.697454,36.961945],[99.733661,36.945755],[99.781642,36.937513],[99.820793,36.951348],[99.842281,36.981373],[99.836689,37.021407],[99.832567,37.037891],[99.830507,37.042012],[99.827269,37.044367],[99.81991,37.046722],[99.816966,37.048783],[99.780759,37.082046],[99.770162,37.105595],[99.760448,37.122079],[99.754561,37.142096],[99.761626,37.164762],[99.776933,37.178009],[99.796949,37.185073],[99.836689,37.192727],[99.893206,37.211566],[99.935006,37.215687],[99.967681,37.225401],[99.984165,37.227756],[99.999766,37.223929],[100.043038,37.199497],[100.079245,37.191255],[100.182861,37.192727],[100.192575,37.190078],[100.215535,37.180364],[100.223777,37.181835],[100.230548,37.187723],[100.239379,37.193316],[100.249387,37.198025],[100.258218,37.199497],[100.274702,37.196259],[100.286183,37.188606],[100.29678,37.17948],[100.296191,37.178597],[100.34741,37.117664],[100.441607,37.046134],[100.469571,37.017286],[100.559941,36.887471],[100.577897,36.870104],[100.593499,36.863628],[100.638831,36.863333],[100.649722,36.860684],[100.672094,36.851559],[100.679747,36.849498],[100.688578,36.853619],[100.695937,36.86039],[100.704474,36.862745],[100.717426,36.853325]]]}},{"type":"Feature","properties":{"kind":"rivers","name":"Zi","source":"Natural Earth 1:10m"},"geometry":{"type":"MultiLineString","coordinates":[[[95.598562,33.277167],[95.656505,33.265692],[95.692312,33.244493],[95.842296,33.034044],[95.866466,32.995917],[95.879242,32.985175],[95.896251,32.979438],[95.920502,32.977729],[95.931407,32.974636],[95.94866,32.960964],[95.955089,32.957831],[95.967784,32.957139],[96.03476,32.942572],[96.059093,32.932481],[96.080577,32.916856],[96.106212,32.892401],[96.127859,32.888007],[96.19752,32.898464],[96.225678,32.895819],[96.237722,32.887803],[96.248953,32.86994],[96.259776,32.859442],[96.307058,32.849473],[96.314464,32.842353],[96.324718,32.829291],[96.348643,32.808051],[96.375987,32.790961],[96.396495,32.790473],[96.424327,32.76378],[96.453624,32.751288],[96.467865,32.734483],[96.53419,32.708564],[96.544688,32.696234],[96.550792,32.679145],[96.557546,32.621283],[96.564952,32.60163],[96.58196,32.572048],[96.607188,32.542019],[96.637299,32.519843],[96.705496,32.482001],[96.7942,32.411811],[96.848888,32.38642],[96.865164,32.372382],[96.883067,32.349555],[96.897472,32.324408],[96.907481,32.290635],[96.914073,32.280788],[96.915457,32.271023],[96.903412,32.258979],[96.892996,32.256415],[96.878835,32.257676],[96.865164,32.261176],[96.855724,32.265163],[96.872081,32.221869],[96.923595,32.193142],[96.982432,32.171454],[97.020763,32.149115],[97.03004,32.133979],[97.032156,32.121446],[97.028738,32.108995],[97.020763,32.093858],[97.016043,32.087999],[97.004487,32.079413],[96.999766,32.07335],[96.998546,32.067328],[97.00058,32.052843],[96.999766,32.046698],[96.981456,32.026801],[96.958507,32.009548],[96.942312,31.990261],[96.945079,31.964179]]]}},{"type":"Feature","properties":{"kind":"rivers","name":"Tuotuo","source":"Natural Earth 1:10m"},"geometry":{"type":"MultiLineString","coordinates":[[[90.794688,34.300401],[90.841807,34.303656],[90.923269,34.327012],[91.066498,34.341376],[91.090831,34.338324],[91.127533,34.324164],[91.151541,34.320909],[91.21933,34.32453],[91.259858,34.316596],[91.305186,34.301296],[91.322276,34.290798],[91.340424,34.285102],[91.391694,34.293484],[91.414643,34.294216],[91.425304,34.291205],[91.444835,34.283271],[91.456391,34.280544],[91.468435,34.280626],[91.500662,34.28738],[91.704845,34.256537],[91.750499,34.259467],[91.792735,34.270697],[91.811534,34.268175],[91.819428,34.249538],[91.824229,34.228461],[91.836681,34.215928],[91.874034,34.198025],[91.939871,34.153266],[91.97755,34.136542],[92.017996,34.136542],[92.030528,34.13996],[92.035167,34.142279],[92.057546,34.179023],[92.064952,34.18769],[92.09905,34.19713],[92.116303,34.211127],[92.131847,34.227078],[92.148448,34.238959],[92.167003,34.245063],[92.191824,34.249823],[92.216319,34.250027],[92.233979,34.242703],[92.325857,34.238959],[92.511485,34.211697],[92.560639,34.212836],[92.58546,34.210313],[92.604015,34.201117],[92.631277,34.174099],[92.639578,34.162787],[92.644135,34.13996],[92.648692,34.129096],[92.680593,34.100938],[92.722585,34.087226],[92.813243,34.081326],[92.839285,34.082953],[92.886485,34.092637],[92.992768,34.100287]]]}},{"type":"Feature","properties":{"kind":"rivers","name":"Nu","source":"Natural Earth 1:10m"},"geometry":{"type":"MultiLineString","coordinates":[[[91.518321,31.943061],[91.532237,31.909735],[91.536632,31.891466],[91.538015,31.85871],[91.540457,31.850369],[91.545014,31.840644],[91.545421,31.832099],[91.544444,31.816189],[91.545014,31.806464],[91.548595,31.787218],[91.554698,31.772081],[91.565522,31.762234],[91.583263,31.758653],[91.595144,31.753241],[91.628673,31.729356],[91.659434,31.718817],[91.669526,31.706814],[91.678315,31.692979],[91.688975,31.6824],[91.70574,31.677191],[91.72226,31.675482],[91.73585,31.6706],[91.743663,31.655626],[91.744151,31.645697],[91.741954,31.639431],[91.73878,31.634385],[91.736257,31.628363],[91.731212,31.607286],[91.730724,31.597276],[91.776296,31.569281],[91.784679,31.556342],[91.79005,31.542833],[91.800873,31.526557],[91.808849,31.508897],[91.805756,31.491156],[91.797537,31.491238],[91.791026,31.487128],[91.78655,31.480048],[91.784679,31.4713],[91.78769,31.457302],[91.795014,31.448269],[91.802257,31.441026],[91.812999,31.414252],[91.830658,31.403184],[91.853038,31.399278],[91.874034,31.402411],[91.888601,31.411892],[91.902843,31.425605],[91.918875,31.438015],[91.938975,31.443386],[91.976329,31.439276],[92.012625,31.428738],[92.019786,31.425482],[92.026947,31.42121],[92.033214,31.415798],[92.03769,31.409125],[92.03948,31.40115],[92.038585,31.393093],[92.034597,31.377021],[92.038829,31.340888],[92.058849,31.3133],[92.089854,31.296454],[92.126231,31.292589],[92.183604,31.294216],[92.209727,31.289333],[92.218761,31.289252],[92.241466,31.295111],[92.264415,31.306749],[92.285167,31.322048],[92.308442,31.346788],[92.321381,31.364529],[92.326264,31.37405],[92.331472,31.393093],[92.33253,31.403388],[92.332042,31.412665],[92.3296,31.420193],[92.32252,31.434678],[92.320567,31.442694],[92.321869,31.453559],[92.327729,31.463202],[92.336843,31.469753],[92.347992,31.471544],[92.357351,31.467353],[92.371104,31.453152],[92.381358,31.451361],[92.387136,31.453925],[92.390636,31.458197],[92.393647,31.462958],[92.39739,31.466742],[92.405691,31.469428],[92.413259,31.468329],[92.429454,31.463894],[92.438487,31.464301],[92.445404,31.46662],[92.46046,31.47366],[92.502533,31.484483],[92.516043,31.490505],[92.527436,31.499701],[92.531993,31.50198],[92.539968,31.503201],[92.563894,31.501899],[92.576915,31.505194],[92.602061,31.515896],[92.615489,31.518581],[92.651541,31.515082],[92.664236,31.515937],[92.674571,31.519232],[92.692556,31.528998],[92.702647,31.532782],[92.710053,31.535834],[92.723725,31.544379],[92.730968,31.547797],[92.765391,31.553249],[92.780772,31.549872],[92.830089,31.552354],[92.840424,31.556342],[92.843761,31.563992],[92.851736,31.564236],[92.871104,31.559434],[92.876964,31.561591],[92.879405,31.56627],[92.881114,31.57099],[92.884532,31.573106],[92.924083,31.572577],[92.930431,31.568874],[92.932628,31.564236],[92.933849,31.552802],[92.936453,31.547553],[92.948741,31.540351],[92.962901,31.542304],[92.976736,31.549384],[92.996755,31.56391],[93.003184,31.566474],[93.009939,31.565253],[93.026866,31.556098],[93.040619,31.545966],[93.046153,31.540147],[93.049246,31.534613],[93.051524,31.528998],[93.054698,31.524237],[93.060802,31.521186],[93.071218,31.522569],[93.091726,31.536322],[93.101573,31.541327],[93.129487,31.545966],[93.143565,31.545966],[93.187999,31.538682],[93.402192,31.543972],[93.428396,31.55036],[93.442149,31.552069],[93.455577,31.550971],[93.507253,31.53205],[93.5171,31.530341],[93.547374,31.529608],[93.563894,31.525499],[93.594656,31.512315],[93.611339,31.509467],[93.716889,31.508002],[93.750011,31.493842],[93.767996,31.488593],[93.788178,31.490261],[93.847667,31.512722],[93.917003,31.510688],[93.925304,31.512152],[93.934174,31.51557],[93.941742,31.520331],[93.955658,31.531765],[93.963634,31.535915],[93.973237,31.537624],[93.980479,31.535102],[93.995372,31.526313],[94.004893,31.524441],[94.032725,31.525499],[94.04184,31.523139],[94.048432,31.518744],[94.06129,31.507758],[94.070323,31.502875],[94.078543,31.501166],[94.097667,31.501085],[94.107188,31.499335],[94.130789,31.488145],[94.138927,31.487006],[94.155284,31.487576],[94.163503,31.486925],[94.168468,31.48546],[94.178233,31.481472],[94.183197,31.480089],[94.200857,31.480414],[94.21575,31.485948],[94.243175,31.504014],[94.257335,31.509711],[94.267507,31.507188],[94.286062,31.488308],[94.30128,31.479682],[94.319265,31.478054],[94.44866,31.481147],[94.470225,31.484198],[94.487641,31.484402],[94.504242,31.480536],[94.542003,31.465644],[94.561534,31.461615],[94.579845,31.455512],[94.594493,31.442816],[94.59905,31.429958],[94.595225,31.419216],[94.5796,31.398017],[94.57252,31.381863],[94.569347,31.367377],[94.569428,31.321234],[94.567963,31.314765],[94.564708,31.308783],[94.552419,31.298041],[94.523204,31.281358],[94.510916,31.270575],[94.505463,31.25788],[94.511974,31.251166],[94.539561,31.24494],[94.593679,31.238715],[94.60849,31.229438],[94.61378,31.221706],[94.621674,31.195421],[94.632416,31.170111],[94.634288,31.161078],[94.634288,31.1435],[94.635183,31.134955],[94.639171,31.127468],[94.644623,31.123236],[94.665701,31.112982],[94.681163,31.10102],[94.689138,31.096015],[94.698822,31.092597],[94.717296,31.091335],[94.723399,31.088975],[94.727306,31.085232],[94.733002,31.075873],[94.736827,31.072781],[94.754242,31.07038],[94.772716,31.074774],[94.882091,31.126532],[94.88795,31.127468],[94.894542,31.127712],[94.900645,31.128526],[94.905772,31.131619],[94.908783,31.137641],[94.910655,31.152371],[94.913178,31.159003],[94.921641,31.16706],[94.933604,31.174262],[94.958018,31.183458],[94.967296,31.185126],[95.008393,31.182888],[95.032725,31.177598],[95.045095,31.172675],[95.058197,31.169745],[95.069916,31.172309],[95.093028,31.184027],[95.112071,31.188747],[95.170665,31.186225],[95.224864,31.190456],[95.251964,31.18891],[95.432384,31.128933],[95.44752,31.118923],[95.45753,31.103624],[95.472667,31.069688],[95.496755,31.038113],[95.518647,30.993923],[95.527924,30.980821],[95.536143,30.9737],[95.589122,30.944892],[95.601573,30.939805],[95.615245,30.938056],[95.630626,30.939805],[95.645763,30.943874],[95.660492,30.949978],[95.673839,30.957628],[95.693777,30.96601],[95.712332,30.966335],[95.760509,30.953152],[95.770518,30.952582],[95.780284,30.953966],[95.789073,30.957384],[95.794444,30.96072],[95.799083,30.964382],[95.802419,30.968858],[95.805186,30.974636],[95.807384,30.984442],[95.808849,30.988959],[95.812022,30.993435],[95.822765,31.000922],[95.836681,31.005561],[95.851492,31.007392],[95.864838,31.006619],[95.871349,31.00491],[95.87672,31.002021],[95.880626,30.99787],[95.883311,30.992133],[95.884369,30.984809],[95.885753,30.982367],[95.889903,30.97956],[95.895274,30.979112],[95.904552,30.985785],[95.910492,30.986396],[95.915538,30.983222],[95.918956,30.975369],[95.92392,30.972724],[95.9463,30.968126],[95.968761,30.965888],[95.975841,30.963731],[95.997162,30.952826],[96.003429,30.948554],[96.054861,30.945421],[96.072032,30.938096],[96.102794,30.920844],[96.119558,30.917507],[96.164154,30.91413],[96.254975,30.892401],[96.271902,30.886298],[96.277843,30.881903],[96.279877,30.876899],[96.281179,30.871121],[96.28419,30.864325],[96.290701,30.85989],[96.299083,30.860622],[96.308197,30.863227],[96.317312,30.864285],[96.330007,30.862738],[96.335704,30.860785],[96.341075,30.857001],[96.345225,30.851671],[96.351329,30.839301],[96.355072,30.833564],[96.361827,30.825303],[96.367768,30.81623],[96.417491,30.668769],[96.424327,30.627794],[96.436127,30.592637],[96.437999,30.583116],[96.44394,30.566107],[96.485769,30.516791],[96.506358,30.482693],[96.530772,30.459988],[96.540457,30.433539],[96.555675,30.432685],[96.595632,30.447943]]]}},{"type":"Feature","properties":{"kind":"rivers","name":"Tongtian","source":"Natural Earth 1:10m"},"geometry":{"type":"MultiLineString","coordinates":[[[92.992768,34.100287],[93.011729,34.108588],[93.019216,34.124376],[93.024343,34.145046],[93.03419,34.163031],[93.056163,34.170681],[93.070323,34.178819],[93.112641,34.215847],[93.128429,34.225898],[93.170421,34.232286],[93.348155,34.232123],[93.359874,34.229275],[93.382498,34.220323],[93.392019,34.218451],[93.414236,34.220567],[93.454845,34.229926],[93.477306,34.232123],[93.499278,34.230048],[93.542979,34.220649],[93.662852,34.211697],[93.699636,34.217882],[93.748627,34.232286],[93.792491,34.251817],[93.813731,34.273057],[93.811534,34.290391],[93.80657,34.305732],[93.811127,34.316718],[93.837576,34.320909],[93.849864,34.327338],[93.86085,34.342108],[93.875092,34.36933],[93.893077,34.391425],[93.90032,34.403673],[93.90683,34.44127],[93.917247,34.453559],[93.950206,34.472357],[93.973155,34.4713],[94.001069,34.491767],[94.057628,34.55268],[94.068126,34.561347],[94.082286,34.566718],[94.120616,34.571479],[94.152192,34.584906],[94.169444,34.589057],[94.20517,34.587348],[94.237234,34.582221],[94.264578,34.583767],[94.286632,34.602078],[94.295828,34.620673],[94.300385,34.633653],[94.307628,34.641181],[94.324229,34.643622],[94.337169,34.65115],[94.344493,34.664659],[94.351166,34.670966],[94.362315,34.656684],[94.375499,34.67654],[94.392345,34.684394],[94.433686,34.684597],[94.451752,34.68769],[94.475841,34.695339],[94.496755,34.705186],[94.505789,34.715033],[94.521414,34.744696],[94.558442,34.764024],[94.602468,34.767524],[94.638927,34.749823],[94.652354,34.741278],[94.883393,34.700954],[94.917898,34.686347],[94.94394,34.66352],[94.967459,34.6706],[94.977794,34.650092],[94.982351,34.622626],[94.989024,34.608913],[94.997813,34.6046],[95.006765,34.585801],[95.016205,34.58161],[95.038097,34.581122],[95.046886,34.579169],[95.053803,34.574774],[95.057628,34.566107],[95.061127,34.54267],[95.067475,34.5338],[95.079519,34.529893],[95.101085,34.534451],[95.111501,34.530707],[95.156261,34.492621],[95.169932,34.486029],[95.179128,34.488145],[95.188487,34.49433],[95.198985,34.499701],[95.211436,34.49962],[95.218842,34.492499],[95.228526,34.469753],[95.235362,34.464911],[95.246674,34.466091],[95.266124,34.471218],[95.276378,34.472357],[95.287608,34.46955],[95.303966,34.458848],[95.313975,34.458686],[95.316173,34.463243],[95.315522,34.471544],[95.317556,34.480292],[95.327566,34.486029],[95.33839,34.485907],[95.344737,34.481024],[95.347992,34.472602],[95.348643,34.461778],[95.357921,34.459581],[95.410167,34.417751],[95.445079,34.379665],[95.466563,34.362616],[95.492605,34.348822],[95.555919,34.329942],[95.578054,34.311143],[95.5678,34.280544],[95.574962,34.275824],[95.588878,34.259467],[95.582937,34.253933],[95.574718,34.24376],[95.5678,34.238959],[95.57545,34.231635],[95.58546,34.226182],[95.596202,34.224677],[95.617605,34.233832],[95.627859,34.229438],[95.637299,34.222276],[95.646576,34.218451],[95.666596,34.21369],[95.680268,34.200792],[95.68808,34.182196],[95.690684,34.160183],[95.695323,34.142646],[95.706635,34.129177],[95.788829,34.063422],[95.794363,34.053331],[95.825857,34.051866],[95.848399,34.015082],[95.865001,33.971788],[95.879649,33.950954],[95.889659,33.949408],[95.894786,33.944851],[95.896495,33.937445],[95.898204,33.914374],[95.902354,33.912543],[95.908702,33.913845],[95.917247,33.90998],[95.933849,33.894599],[95.951101,33.882432],[95.970144,33.873725],[95.992931,33.869005],[95.987071,33.843207],[96.007742,33.833808],[96.03476,33.829169],[96.048106,33.817491],[96.066905,33.810248],[96.10198,33.805935],[96.122081,33.797919],[96.095876,33.779649],[96.130626,33.764838],[96.147065,33.762722],[96.160737,33.769721],[96.167247,33.77086],[96.175304,33.768012],[96.181895,33.767768],[96.184825,33.776557],[96.188731,33.781765],[96.198171,33.78498],[96.209239,33.786444],[96.218272,33.786444],[96.214285,33.779853],[96.211436,33.773464],[96.22047,33.772569],[96.22698,33.7685],[96.230479,33.76142],[96.231944,33.751736],[96.197765,33.746161],[96.205089,33.735541],[96.227306,33.738593],[96.231944,33.728787],[96.23463,33.717963],[96.241466,33.720526],[96.249278,33.728095],[96.256114,33.732489],[96.293956,33.738715],[96.306407,33.737128],[96.310476,33.733181],[96.314708,33.731879],[96.328136,33.738715],[96.351654,33.76203],[96.35906,33.765977],[96.372081,33.762885],[96.392345,33.749294],[96.400076,33.746161],[96.405772,33.739122],[96.397716,33.701768],[96.403819,33.684109],[96.430186,33.690863],[96.455984,33.679551],[96.500011,33.643134],[96.487804,33.635688],[96.472097,33.628852],[96.472097,33.622626],[96.522227,33.620673],[96.577566,33.611151],[96.617768,33.588406],[96.623546,33.546902],[96.636648,33.551825],[96.651866,33.553738],[96.68157,33.553738],[96.700694,33.547309],[96.708914,33.533271],[96.706716,33.51911],[96.695242,33.512763],[96.689464,33.50613],[96.694021,33.491645],[96.705496,33.471788],[96.707042,33.465522],[96.706716,33.461249],[96.708507,33.456326],[96.722748,33.43948],[96.722179,33.434149],[96.715831,33.431505],[96.705496,33.430854],[96.705496,33.423407],[96.714692,33.419216],[96.721934,33.413194],[96.727957,33.405626],[96.732839,33.396674],[96.73463,33.405463],[96.737315,33.409247],[96.743093,33.40998],[96.753347,33.409735],[96.746511,33.396674],[96.764903,33.397488],[96.772716,33.38878],[96.774099,33.373847],[96.773692,33.35574],[96.785085,33.364081],[96.789154,33.386176],[96.800955,33.389838],[96.793549,33.375556],[96.802989,33.367499],[96.828298,33.313544],[96.832612,33.321112],[96.837413,33.326239],[96.848888,33.334581],[96.853445,33.325059],[96.858979,33.32213],[96.865652,33.324571],[96.873057,33.330878],[96.880789,33.33279],[96.917735,33.327175],[96.936534,33.332953],[96.950857,33.342637],[96.963959,33.348212],[96.97934,33.341417],[96.976736,33.337185],[96.976736,33.336208],[96.978038,33.334296],[96.97934,33.327175],[96.985606,33.334337],[96.991466,33.337958],[97.007091,33.341417],[97.004487,33.334581],[96.999766,33.313544],[97.020437,33.320176],[97.022227,33.300645],[97.017182,33.273139],[97.0171,33.255805],[97.022227,33.245388],[97.019054,33.225165],[97.023936,33.214464],[97.047374,33.183783],[97.083995,33.156684],[97.10377,33.146308],[97.120128,33.142198],[97.134288,33.133246],[97.174815,33.067084],[97.180919,33.052558],[97.185313,33.046658],[97.195811,33.039618],[97.220225,33.029731],[97.229991,33.022732],[97.240815,33.003974],[97.246023,32.964911],[97.25351,32.9442],[97.267345,32.931179],[97.287852,32.922471],[97.310639,32.917792],[97.331716,32.916287],[97.346934,32.910753],[97.360769,32.896999],[97.371349,32.879177],[97.376964,32.86164],[97.3838,32.77912],[97.391368,32.761542],[97.424815,32.724473],[97.426768,32.716579],[97.427013,32.707587],[97.430431,32.700222],[97.441742,32.697211],[97.447683,32.694281],[97.465831,32.676703],[97.559093,32.629706],[97.56544,32.624823],[97.573985,32.621283],[97.594493,32.623562],[97.603038,32.621446],[97.607514,32.61461],[97.616954,32.592637],[97.620372,32.587958],[97.663585,32.559841],[97.817556,32.51321],[97.83782,32.511501],[97.856212,32.51907],[97.886648,32.497585],[98.013927,32.464423],[98.066742,32.422716],[98.075857,32.412909],[98.080333,32.404608],[98.09075,32.401679],[98.113455,32.402371],[98.122813,32.400214],[98.129242,32.394965],[98.135265,32.388251],[98.144216,32.381903],[98.187266,32.366645],[98.205577,32.355577],[98.213145,32.337755],[98.211681,32.296169],[98.213308,32.273057],[98.2199,32.252143],[98.271495,32.190701],[98.309255,32.128607],[98.374522,32.080349],[98.384369,32.063422],[98.393321,32.040066],[98.436534,32.00373],[98.452729,31.983995],[98.456472,31.960395],[98.452729,31.932888],[98.444835,31.907904],[98.435313,31.892157],[98.422781,31.881619],[98.418875,31.879828],[98.420502,31.878119],[98.435069,31.838324],[98.434581,31.824571],[98.425385,31.8133],[98.445323,31.803534],[98.468272,31.766791],[98.501231,31.749701],[98.541515,31.689765]]]}},{"type":"Feature","properties":{"kind":"rivers","name":"Jinsha","source":"Natural Earth 1:10m"},"geometry":{"type":"MultiLineString","coordinates":[[[98.541515,31.689765],[98.547781,31.684638],[98.553233,31.68126],[98.558523,31.677029],[98.563243,31.669298],[98.565684,31.66059],[98.568858,31.631781],[98.575694,31.615912],[98.591889,31.598741],[98.840831,31.396796],[98.864268,31.367703],[98.867442,31.364854],[98.884776,31.354031],[98.874278,31.341173],[98.830577,31.298285],[98.802745,31.257839],[98.781749,31.238959],[98.767589,31.230292],[98.761241,31.234198],[98.755951,31.244412],[98.731375,31.277899],[98.723643,31.285102],[98.713634,31.290961],[98.682546,31.315863],[98.66505,31.320502],[98.648936,31.316596],[98.637625,31.30919],[98.620942,31.288845],[98.611095,31.25613],[98.619884,31.187852],[98.603526,31.169623],[98.612804,31.164862],[98.638438,31.159735],[98.651378,31.155382],[98.692882,31.12462],[98.720876,31.066352],[98.726003,31.059638],[98.745046,31.040554],[98.764659,31.015082],[98.774913,31.007432],[98.796804,30.997097],[98.802745,30.990912],[98.805105,30.966254],[98.797862,30.940782],[98.786062,30.91824],[98.774913,30.902167],[98.787364,30.880805],[98.800792,30.867784],[98.8331,30.843533],[98.8803,30.793077],[98.898448,30.778632],[98.938243,30.760199],[98.954112,30.747829],[98.96046,30.727118],[98.952891,30.708116],[98.935964,30.700466],[98.91741,30.694892],[98.905284,30.68244],[98.90504,30.663682],[98.921886,30.623643],[98.92628,30.603868],[98.927257,30.593695],[98.93157,30.579454],[98.930919,30.500027],[98.932546,30.490587],[98.937999,30.485297],[98.947358,30.479112],[98.956391,30.471055],[98.96046,30.459906],[98.986501,30.144314],[99.029552,30.067898],[99.033946,30.055243],[99.036632,29.975531],[99.043224,29.944892],[99.056082,29.915229],[99.017345,29.853298],[99.0053,29.820014],[99.000662,29.784939],[99.00294,29.781033],[99.012218,29.773017],[99.014415,29.767849],[99.012625,29.764716],[99.003673,29.761583],[99.000662,29.756944],[98.98821,29.688585],[98.986501,29.650824],[98.991791,29.63463],[99.015229,29.604356],[99.023855,29.581488],[99.038585,29.567328],[99.04184,29.562364],[99.04184,29.52794],[99.058686,29.417996],[99.048595,29.387641],[99.058849,29.367051],[99.062755,29.34809],[99.062266,29.308214],[99.067149,29.296698],[99.089854,29.26671],[99.096446,29.250515],[99.10849,29.224148],[99.103933,29.092149],[99.120942,28.964626],[99.117442,28.921495],[99.09905,28.855984],[99.096446,28.835883],[99.100352,28.813503],[99.118663,28.77086],[99.124278,28.749579],[99.123546,28.738959],[99.118093,28.720079],[99.117442,28.708604],[99.120128,28.698513],[99.128673,28.677558],[99.130463,28.664578],[99.134858,28.654568],[99.154063,28.640652],[99.158376,28.630154],[99.160248,28.617133],[99.1692,28.602403],[99.17213,28.592597],[99.171641,28.582628],[99.166515,28.565009],[99.165294,28.554714],[99.175955,28.532172],[99.178803,28.523627],[99.180186,28.504706],[99.178233,28.482204],[99.17213,28.463324],[99.161794,28.45539],[99.162364,28.438056],[99.226654,28.339301],[99.244558,28.321804],[99.254975,28.314399],[99.264903,28.311387],[99.273448,28.307237],[99.274506,28.297471],[99.273204,28.2862],[99.274425,28.277208],[99.278412,28.274034],[99.293061,28.264716],[99.29892,28.259874],[99.30421,28.2508],[99.308442,28.240831],[99.314545,28.232774],[99.326671,28.229438],[99.339447,28.224066],[99.381277,28.184434],[99.388601,28.168077],[99.386485,28.139268],[99.398529,28.12641]],[[99.398529,28.119574],[99.391124,28.085313],[99.394542,28.042507],[99.405203,28.000515],[99.449962,27.906317],[99.457774,27.86876],[99.453868,27.832221],[99.446218,27.818712],[99.437511,27.809394],[99.431651,27.797716],[99.432872,27.776964],[99.441335,27.750027],[99.471446,27.689032],[99.480968,27.674628],[99.494151,27.659695],[99.514578,27.657538],[99.523041,27.653591],[99.518484,27.6435],[99.518647,27.637722],[99.522553,27.628241],[99.525401,27.616726],[99.521495,27.605048],[99.549815,27.588894],[99.560313,27.563259],[99.560069,27.534613],[99.555675,27.509467],[99.571707,27.500312],[99.586192,27.486925],[99.594168,27.472846],[99.589854,27.461697],[99.615815,27.421332],[99.64503,27.385932],[99.635916,27.350206],[99.653087,27.317694],[99.802419,27.195583],[99.947765,27.029486],[99.956391,27.009955],[99.960053,26.989366],[99.962576,26.920722],[99.966563,26.898708],[99.97405,26.886298],[99.989024,26.888983],[100.024669,26.919623],[100.039154,26.927273],[100.041026,26.931952],[100.063406,26.958279],[100.062429,26.992133],[100.063406,27.002997],[100.079112,27.045111],[100.084727,27.069119],[100.080089,27.087999],[100.067475,27.106798],[100.059011,27.12873],[100.056733,27.151638],[100.063406,27.173651],[100.075613,27.183661],[100.11614,27.208523],[100.129242,27.224677],[100.14796,27.243272],[100.155772,27.26085],[100.164154,27.267157],[100.173269,27.272244],[100.179454,27.276679],[100.237804,27.341864],[100.244558,27.361151],[100.236501,27.382025],[100.214285,27.413886],[100.211436,27.423285],[100.206716,27.454861],[100.194835,27.480292],[100.193126,27.485867],[100.193126,27.511013],[100.195323,27.52794],[100.203217,27.541938],[100.237641,27.576524],[100.244151,27.592556],[100.24822,27.607367],[100.263764,27.63113],[100.271251,27.652655],[100.278819,27.663398],[100.290131,27.675564],[100.295014,27.683539],[100.296316,27.690863],[100.296153,27.701239],[100.294851,27.711005],[100.289073,27.731024],[100.288666,27.742784],[100.300792,27.768622],[100.302989,27.780382],[100.296153,27.821357],[100.299571,27.832099],[100.307221,27.832221],[100.323416,27.824774],[100.334402,27.824042],[100.339936,27.82453],[100.378673,27.841864],[100.388194,27.844794],[100.402273,27.845893],[100.420339,27.838487],[100.429698,27.820624],[100.433197,27.798041],[100.432384,27.749457],[100.433197,27.742784],[100.45045,27.704657],[100.461843,27.688096],[100.464936,27.670681],[100.443777,27.538398],[100.448822,27.498969],[100.481049,27.468533],[100.527599,27.452826],[100.542979,27.438788],[100.524425,27.400499],[100.522716,27.376654],[100.528819,27.331326],[100.545909,27.284451],[100.552419,27.255479],[100.546641,27.24254],[100.543712,27.238308],[100.54184,27.228868],[100.538829,27.21955],[100.532644,27.215277],[100.521414,27.211371],[100.503184,27.193386],[100.494721,27.187934],[100.482595,27.187201],[100.45045,27.194159],[100.437592,27.190985],[100.433849,27.183905],[100.436615,27.176825],[100.443614,27.173651],[100.466075,27.166083],[100.486257,27.147488],[100.497081,27.124132],[100.49171,27.102322],[100.486257,27.092841],[100.474294,27.057644],[100.453868,27.0303],[100.453543,27.008897],[100.458263,26.980658],[100.46575,26.953315],[100.474294,26.934678],[100.464773,26.922919],[100.458263,26.905341],[100.454845,26.885199],[100.454194,26.843858],[100.451915,26.826443],[100.441173,26.814765],[100.415945,26.810574],[100.398204,26.803819],[100.393972,26.787177],[100.398529,26.746039],[100.40089,26.74018],[100.410655,26.730902],[100.412852,26.724921],[100.411713,26.719062],[100.409434,26.716254],[100.407156,26.714464],[100.405935,26.711534],[100.407807,26.69949],[100.418956,26.674018],[100.419526,26.663926],[100.41741,26.650417],[100.418956,26.639228],[100.421641,26.635443],[100.431244,26.626329],[100.433197,26.625596],[100.432628,26.619412],[100.427419,26.608751],[100.426524,26.605089],[100.426524,26.519477],[100.430756,26.499132],[100.449474,26.465277],[100.460704,26.403388],[100.454845,26.391547],[100.444835,26.3817],[100.440847,26.373074],[100.453868,26.364936],[100.439952,26.344997],[100.426524,26.333686],[100.41684,26.321845],[100.412852,26.300076],[100.41505,26.294786],[100.419688,26.289903],[100.424327,26.28323],[100.428966,26.262559],[100.447032,26.227729],[100.473725,26.214952],[100.547944,26.229438],[100.584239,26.221503],[100.589692,26.215928],[100.593272,26.210232],[100.599294,26.205024],[100.612071,26.201036],[100.618337,26.204128],[100.625987,26.210517],[100.635671,26.213162],[100.667735,26.191677],[100.687918,26.190131],[100.734386,26.1942],[100.774913,26.184149],[100.793875,26.184638],[100.813243,26.197618],[100.83074,26.206],[100.84962,26.200507],[100.885834,26.180528],[100.890554,26.178738],[100.895763,26.175605],[100.900971,26.171454],[100.905772,26.166287],[100.925955,26.186876],[100.949474,26.22663],[100.987804,26.269721],[101.000011,26.27912],[101.026134,26.287177],[101.045828,26.305487],[101.053722,26.309638],[101.080496,26.31627],[101.125662,26.345282],[101.170665,26.355089],[101.191173,26.369208],[101.201101,26.372382],[101.217377,26.369086],[101.228608,26.363878],[101.239675,26.362982],[101.255056,26.372382],[101.279714,26.36994],[101.369721,26.379503],[101.403331,26.392157],[101.422944,26.393093],[101.427013,26.396552],[101.429861,26.400702],[101.471772,26.445583],[101.476329,26.461046],[101.457774,26.467963],[101.451915,26.471625],[101.454845,26.479804],[101.464366,26.492133],[101.464366,26.498155],[101.450857,26.511908],[101.44752,26.519477],[101.452729,26.531195],[101.488455,26.57038],[101.518484,26.590644],[101.552338,26.593573],[101.587006,26.591864],[101.618907,26.598253],[101.631765,26.582302],[101.638601,26.576199],[101.646658,26.57038],[101.652354,26.589952],[101.660492,26.586249],[101.670421,26.573025],[101.680919,26.564154],[101.697846,26.564805],[101.705089,26.573065],[101.708588,26.583686],[101.715017,26.591417],[101.723074,26.594306],[101.730886,26.59516],[101.738455,26.593288],[101.745697,26.587999],[101.754975,26.583319],[101.762218,26.587104],[101.768647,26.594021],[101.77589,26.598253],[101.805675,26.601426],[101.817556,26.598904],[101.830577,26.591417],[101.845876,26.571885],[101.88616,26.474636],[101.892833,26.462266],[101.901134,26.45128],[101.913097,26.44123],[101.931895,26.428778],[101.94044,26.421739],[101.947765,26.413357],[101.94101,26.398749],[101.939138,26.381212],[101.941742,26.326972],[101.94044,26.317165],[101.928315,26.289659],[101.926768,26.279568],[101.921397,26.265652],[101.911225,26.251532],[101.904389,26.23782],[101.909679,26.224636],[101.917247,26.210517],[101.908295,26.201199],[101.878917,26.186794],[101.857026,26.169013],[101.844737,26.13935],[101.839122,26.103583],[101.837901,26.067328],[101.839122,26.059841],[101.843761,26.042304],[101.844737,26.032823],[101.842052,26.022284],[101.831147,26.006049],[101.830577,25.994981],[101.838796,25.98253],[101.854747,25.975409],[101.874115,25.972968],[101.892589,25.974473],[101.940033,25.992214],[101.957774,25.994981],[102.017833,25.98668],[102.046886,25.996039],[102.065359,25.995876],[102.083995,25.999579],[102.098643,26.015448],[102.102061,26.034451],[102.100841,26.053738],[102.10198,26.071112],[102.112315,26.084337],[102.117605,26.096259],[102.130382,26.114814],[102.145437,26.132107],[102.222179,26.186794],[102.231944,26.197781],[102.24114,26.214057],[102.25172,26.228787],[102.266612,26.235175],[102.289806,26.237087],[102.314545,26.24254],[102.338308,26.251166],[102.358165,26.262519],[102.375092,26.280463],[102.386648,26.298204],[102.40032,26.311713],[102.423839,26.317165],[102.4463,26.318549],[102.464854,26.322618],[102.502615,26.337592],[102.55421,26.373114],[102.567882,26.378526],[102.584727,26.374945],[102.602794,26.366238],[102.617931,26.355251],[102.626231,26.345038],[102.623139,26.318671],[102.61142,26.286892],[102.60963,26.260118],[102.646576,26.244574],[102.667491,26.225775],[102.680919,26.221503],[102.698741,26.223456],[102.710867,26.228949],[102.720144,26.237576],[102.766775,26.293321],[102.791026,26.310329],[102.821788,26.317165],[102.845225,26.327094],[102.87794,26.365017],[102.893077,26.364936],[102.891775,26.355292],[102.908376,26.349229],[102.951182,26.345038],[102.971609,26.350857],[102.988292,26.365098],[102.999278,26.383124],[103.00294,26.400255],[103.000499,26.410346],[102.991303,26.430528],[102.989268,26.44123],[102.991303,26.44599],[103.000662,26.456855],[103.00294,26.461127],[103.002371,26.468533],[102.996755,26.47956],[102.995535,26.485378],[102.999766,26.495795],[103.009939,26.500678],[103.022553,26.502061],[103.033702,26.502061],[103.038666,26.506171],[103.053233,26.527045],[103.057628,26.5362],[103.057709,26.557196],[103.047862,26.57038],[103.036062,26.582831],[103.030284,26.601671],[103.030935,26.643866],[103.029226,26.661811],[103.023448,26.680243],[103.011974,26.703721],[103.009207,26.714952],[103.006602,26.738634],[103.003917,26.750759],[102.999278,26.755927],[102.992279,26.765815],[102.975108,26.831081],[102.953054,26.86164],[102.924734,26.892117],[102.901134,26.924628],[102.893077,26.961371],[102.900483,26.992458],[102.899343,27.002997],[102.895518,27.00849],[102.8838,27.017768],[102.879975,27.023464],[102.87794,27.031846],[102.878184,27.035712],[102.879405,27.039374],[102.879975,27.04739],[102.884776,27.06623],[102.906505,27.097764],[102.913585,27.11225],[102.915457,27.134345],[102.903575,27.221625],[102.889578,27.256619],[102.886241,27.276679],[102.889252,27.291368],[102.906993,27.333686],[102.929454,27.367133],[102.941905,27.405097],[102.9546,27.420722],[102.966319,27.398993],[102.977061,27.38878],[102.991222,27.385932],[103.012787,27.385932],[103.019054,27.389106],[103.037852,27.403266],[103.04713,27.40644],[103.070811,27.408149],[103.083507,27.410468],[103.092296,27.413886],[103.106375,27.408474],[103.120616,27.412177],[103.134288,27.421902],[103.146983,27.434353],[103.150076,27.473171],[103.160167,27.497138],[103.217865,27.566759],[103.228933,27.573513],[103.249441,27.577704],[103.28476,27.580756],[103.295909,27.587755],[103.304698,27.605048],[103.285737,27.633612],[103.28419,27.640448],[103.290701,27.646064],[103.313487,27.654853],[103.318289,27.663398],[103.326752,27.673529],[103.414561,27.742784],[103.444021,27.755561],[103.451427,27.759874],[103.454682,27.768663],[103.456065,27.781277],[103.458507,27.792548],[103.465017,27.797431],[103.476573,27.799872],[103.479015,27.80626],[103.478608,27.81505],[103.482188,27.824774],[103.503022,27.849677],[103.508311,27.864447],[103.510916,27.93004],[103.518565,27.94538],[103.536713,27.96129],[103.555431,27.970242],[103.562755,27.97545],[103.564708,27.983018],[103.560069,27.98786],[103.550792,27.98786],[103.540945,27.984442],[103.533702,27.979315],[103.513927,27.971381],[103.50172,27.99197],[103.489024,28.037665],[103.474539,28.039822],[103.456391,28.037136],[103.440929,28.042304],[103.434255,28.068061],[103.436046,28.075792],[103.440115,28.083319],[103.445567,28.090196],[103.451427,28.096015],[103.456472,28.105251],[103.452647,28.123887],[103.454845,28.133857],[103.458914,28.134711],[103.538178,28.184434],[103.551524,28.206122],[103.562022,28.229275],[103.571544,28.243109],[103.58074,28.246365],[103.602468,28.247748],[103.612641,28.249945],[103.619395,28.254747],[103.626231,28.261583],[103.634044,28.267768],[103.643565,28.270453],[103.666026,28.26321],[103.683442,28.246649],[103.697032,28.228339],[103.708751,28.215766],[103.722097,28.21544],[103.749278,28.242743],[103.788992,28.255479],[103.879975,28.325629],[103.870128,28.343777],[103.859467,28.400743],[103.8213,28.484809],[103.796804,28.525336],[103.794932,28.531073],[103.804861,28.551581],[103.828217,28.587429],[103.836436,28.604844],[103.832286,28.620469],[103.841563,28.636257],[103.845144,28.653591],[103.850678,28.668036]]]}},{"type":"Feature","properties":{"kind":"rivers","name":"Dadu","source":"Natural Earth 1:10m"},"geometry":{"type":"MultiLineString","coordinates":[[[100.070242,33.005683],[100.082937,32.992377],[100.113455,32.968329],[100.169037,32.909735],[100.190929,32.898505],[100.193777,32.887397],[100.193126,32.865058],[100.196788,32.858995],[100.215587,32.849921],[100.251394,32.824327],[100.291515,32.803168],[100.334727,32.786404],[100.371186,32.77912],[100.441987,32.726508],[100.453868,32.714545],[100.458507,32.705634],[100.488455,32.683458],[100.49822,32.669013],[100.501557,32.65587],[100.503429,32.642768],[100.508393,32.628241],[100.515717,32.620388],[100.524994,32.615017],[100.53297,32.608832],[100.536388,32.598171],[100.54184,32.586534],[100.554454,32.576524],[100.569347,32.569444],[100.595714,32.563503],[100.638682,32.539496],[100.654389,32.535753],[100.667572,32.534369],[100.679861,32.530382],[100.69337,32.51907],[100.71046,32.522732],[100.725597,32.512478],[100.740815,32.498603],[100.758556,32.491767],[100.766368,32.487494],[100.789643,32.456977],[100.793386,32.454779],[100.796804,32.455512],[100.799897,32.455349],[100.803233,32.450751],[100.805919,32.442328],[100.805675,32.4383],[100.804128,32.434394],[100.803233,32.426581],[100.805186,32.391669],[100.806651,32.385281],[100.810557,32.37519],[100.802664,32.353298],[100.803233,32.341498],[100.813487,32.336697],[100.828217,32.347357],[100.847585,32.356472],[100.871511,32.347113],[100.862804,32.331488],[100.878835,32.320909],[100.91627,32.310167],[100.925304,32.303819],[100.942882,32.295437],[100.950694,32.289659],[100.960216,32.279853],[100.965587,32.272732],[100.979503,32.24079],[100.983897,32.233018],[101.00644,32.205268],[101.0088,32.199246],[101.009369,32.186957],[101.004975,32.169053],[100.974539,32.108181],[100.970876,32.088446],[100.974539,32.03616],[100.977061,32.023871],[100.982921,32.017849],[100.990733,32.014106],[100.99879,32.008816],[101.004893,31.999579],[101.005463,31.982367],[101.009369,31.970974],[101.023936,31.957343],[101.063894,31.94835],[101.081065,31.939968],[101.16627,31.833848],[101.192149,31.814399],[101.241222,31.802191],[101.272227,31.783474],[101.286143,31.779161],[101.329275,31.78616],[101.344493,31.785997],[101.361257,31.781562],[101.391612,31.768988],[101.405854,31.765489],[101.424815,31.765082],[101.4428,31.768093],[101.455984,31.775702],[101.461192,31.78913],[101.47755,31.802924],[101.513927,31.805121],[101.551524,31.800076],[101.571056,31.792263],[101.587494,31.801581],[101.627452,31.815945],[101.646658,31.819525],[101.649506,31.816107],[101.653901,31.809353],[101.660655,31.805243],[101.670095,31.809882],[101.688894,31.828721],[101.694591,31.833197],[101.725597,31.846625],[101.830577,31.861111],[101.840912,31.852973],[101.857026,31.828803],[101.865245,31.819525],[101.87851,31.812608],[101.903087,31.806464],[101.913097,31.799628],[101.906261,31.799628],[101.933604,31.789659],[102.026378,31.710517],[102.029796,31.704047],[102.030935,31.694119],[102.02825,31.6883],[102.024425,31.685004],[102.02296,31.6824],[102.030772,31.666938],[102.050955,31.646593],[102.050304,31.635199],[102.065929,31.619574],[102.071544,31.601386],[102.078136,31.4713],[102.076752,31.453803],[102.070893,31.442084],[101.997081,31.378607],[101.98878,31.367703],[101.993337,31.351386],[102.007335,31.331],[102.024913,31.313585],[102.040294,31.30622],[102.048757,31.298448],[102.040457,31.2803],[102.016124,31.244167],[102.001069,31.202948],[101.988048,31.188788],[101.943289,31.1789],[101.924083,31.167548],[101.907237,31.151964],[101.892589,31.134874],[101.879975,31.11168],[101.874034,31.083604],[101.872081,31.015082],[101.874441,30.998399],[101.884207,30.962999],[101.885753,30.943142],[101.880382,30.907823],[101.885834,30.894599],[101.906261,30.888495],[101.919932,30.867703],[101.933035,30.820502],[101.944021,30.802517],[101.954194,30.798041],[101.963959,30.797675],[101.971446,30.79446],[101.974539,30.781765],[101.975678,30.769843],[101.979503,30.762803],[101.995616,30.750678],[102.002452,30.74669],[102.016612,30.741482],[102.02296,30.737657],[102.029796,30.728461],[102.040538,30.707058],[102.04713,30.702908],[102.054861,30.699327],[102.055268,30.690863],[102.050304,30.672471],[102.051768,30.660915],[102.055431,30.654405],[102.060069,30.649237],[102.064464,30.641466],[102.067556,30.62462],[102.064952,30.536689],[102.068777,30.523871],[102.098643,30.497423],[102.115896,30.477891],[102.121349,30.462226],[102.119151,30.418647],[102.123057,30.398139],[102.143891,30.354844],[102.169851,30.313422],[102.180431,30.290839],[102.18629,30.267035],[102.187999,30.236762],[102.198985,30.222602],[102.203054,30.213487],[102.192393,30.205349],[102.187592,30.185492],[102.17864,30.166815],[102.172862,30.065009],[102.170665,30.058661],[102.177745,30.050564],[102.208507,30.004014],[102.21339,29.989447],[102.214366,29.982245],[102.214692,29.973253],[102.216807,29.965033],[102.226085,29.961005],[102.228282,29.95246],[102.225678,29.935899],[102.220795,29.920437],[102.218028,29.906358],[102.222179,29.89411],[102.211925,29.872016],[102.209402,29.848944],[102.216075,29.774726],[102.213145,29.763983],[102.204682,29.753852],[102.199718,29.742296],[102.202078,29.711127],[102.197683,29.69892],[102.194591,29.693305],[102.195323,29.681179],[102.194265,29.675076],[102.190929,29.670722],[102.182872,29.664171],[102.180593,29.661404],[102.168956,29.641466],[102.165538,29.628526],[102.170665,29.617011],[102.177257,29.593573],[102.15797,29.543036],[102.174327,29.524237],[102.16684,29.500922],[102.177013,29.482367],[102.195893,29.472927],[102.214692,29.477078],[102.222179,29.469591],[102.220144,29.455146],[102.23585,29.390733],[102.25294,29.352891],[102.261322,29.350531],[102.265229,29.344184],[102.278412,29.294013],[102.283621,29.284613],[102.293793,29.277899],[102.307384,29.272081],[102.319347,29.264919],[102.324474,29.253933],[102.333425,29.256659],[102.41627,29.26671],[102.45574,29.275743],[102.47877,29.277777],[102.501231,29.283026],[102.518891,29.295762],[102.550385,29.325629],[102.566742,29.332302],[102.580333,29.332831],[102.59547,29.335761],[102.615733,29.349473],[102.625418,29.350287],[102.647065,29.330837],[102.656993,29.325629],[102.701427,29.325629],[102.777273,29.316352],[102.807709,29.300849],[102.804454,29.271023],[102.818614,29.257432],[102.833425,29.233181],[102.84962,29.215033],[102.869151,29.219794],[102.878347,29.223822],[102.89088,29.226508],[102.901947,29.230821],[102.906749,29.239936],[102.908946,29.250922],[102.920909,29.27497],[102.927257,29.284613],[102.942556,29.300116],[102.958263,29.303331],[102.999278,29.298285],[103.02003,29.291612],[103.026134,29.257514],[103.043386,29.243028],[103.064545,29.244818],[103.084565,29.259141],[103.099539,29.278388],[103.105398,29.294542],[103.11378,29.303656],[103.132823,29.298367],[103.203054,29.253933],[103.217377,29.250922],[103.23935,29.250515],[103.262218,29.245632],[103.27296,29.24787],[103.278819,29.267401],[103.28712,29.285183],[103.291026,29.290839],[103.305756,29.300889],[103.324718,29.308173],[103.337169,29.306749],[103.33253,29.290839],[103.34669,29.293769],[103.366954,29.311876],[103.380382,29.318793],[103.386974,29.314073],[103.397634,29.309638],[103.410085,29.306423],[103.421316,29.305121],[103.433116,29.307196],[103.457937,29.316514],[103.461681,29.318793],[103.478445,29.30744],[103.493093,29.286485],[103.509288,29.271552],[103.530528,29.277777],[103.582123,29.212673],[103.590261,29.208686],[103.601329,29.207831],[103.638764,29.209784],[103.64503,29.213568],[103.646576,29.236843],[103.645518,29.245144],[103.640066,29.26671],[103.640391,29.277777],[103.645925,29.289008],[103.652761,29.295518],[103.658376,29.302517],[103.660818,29.315009],[103.651541,29.336737],[103.630463,29.340684],[103.592052,29.333075],[103.574229,29.339423],[103.561534,29.354112],[103.553722,29.374335],[103.550955,29.397284],[103.554128,29.420111],[103.562022,29.436225],[103.642833,29.521552],[103.677257,29.545111],[103.716238,29.558946]]]}},{"type":"Feature","properties":{"kind":"rivers","name":"Za","source":"Natural Earth 1:10m"},"geometry":{"type":"MultiLineString","coordinates":[[[94.083995,33.155829],[94.092784,33.158067],[94.112804,33.167914],[94.136729,33.172227],[94.16505,33.181667],[94.176768,33.183783],[94.221609,33.177802],[94.305431,33.153022],[94.348074,33.149685],[94.447765,33.163275],[94.457286,33.167914],[94.463959,33.178778],[94.46933,33.19127],[94.475027,33.201199],[94.484386,33.207953],[94.497488,33.213202],[94.512136,33.216661],[94.526296,33.217882],[94.579112,33.212185],[94.591075,33.208035],[94.601736,33.199774],[94.615001,33.191962],[94.628184,33.186103],[94.705007,33.176947],[94.723562,33.1789],[94.76588,33.190619],[94.789561,33.187608],[94.860769,33.168158],[94.875662,33.159532],[94.880382,33.148993],[94.891775,33.138739],[94.916596,33.122341],[94.946788,33.095486],[94.958263,33.087592],[94.965261,33.100409],[94.979503,33.096503],[94.996023,33.086453],[95.009369,33.080756],[95.028819,33.078884],[95.049897,33.073432],[95.068777,33.065009],[95.081147,33.054063],[95.085948,33.043036],[95.08546,33.03502],[95.082774,33.027126],[95.081147,33.015896],[95.083263,33.00613],[95.092703,32.986111],[95.094737,32.974311],[95.093191,32.965277],[95.090424,32.961005],[95.089936,32.957343],[95.094737,32.950385],[95.10434,32.941596],[95.11435,32.936835],[95.125011,32.937364],[95.135753,32.9442],[95.2046,32.911322],[95.217703,32.895819],[95.23463,32.909003],[95.252452,32.907253],[95.287201,32.888943],[95.350108,32.879421],[95.398448,32.853624],[95.438569,32.849392],[95.523448,32.854804],[95.557709,32.847968],[95.588959,32.830268],[95.61378,32.805854],[95.629242,32.77912],[95.64796,32.726996],[95.65032,32.714545],[95.660167,32.714952],[95.718435,32.689765],[95.735037,32.692694],[95.781342,32.661566],[95.807384,32.662421],[95.817475,32.647081],[95.871674,32.599921],[95.934093,32.556749],[95.959727,32.545111],[95.985444,32.538357],[96.003429,32.542914],[96.021088,32.555772],[96.042247,32.562364],[96.163829,32.57453],[96.181082,32.570583],[96.187022,32.563341],[96.195242,32.550076],[96.201182,32.542914],[96.209483,32.537299],[96.229096,32.531277],[96.239268,32.525906],[96.244721,32.519721],[96.2553,32.502875],[96.259776,32.497911],[96.272472,32.4949],[96.29892,32.4949],[96.311046,32.488308],[96.337576,32.451483],[96.362071,32.433783],[96.366791,32.436835],[96.370209,32.44245],[96.375906,32.443915],[96.3921,32.434597],[96.414154,32.418158],[96.428396,32.402452],[96.420909,32.395535],[96.415701,32.384304],[96.424571,32.359158],[96.445404,32.31977],[96.454275,32.294623],[96.458507,32.286241],[96.467296,32.278103],[96.488862,32.263739],[96.493175,32.255561],[96.496186,32.238308],[96.512218,32.197577],[96.519949,32.183214],[96.533132,32.166083],[96.548595,32.155626],[96.567882,32.150499],[96.592459,32.149115],[96.601166,32.146999],[96.615652,32.137559],[96.62672,32.135443],[96.632335,32.133328],[96.641612,32.123887],[96.647227,32.121772],[96.653087,32.123155],[96.658214,32.126166],[96.664073,32.128607],[96.671397,32.128607],[96.681163,32.124945],[96.686697,32.120632],[96.693451,32.116645],[96.705496,32.114325],[96.712901,32.115302],[96.733165,32.120551],[96.742686,32.121772],[96.759288,32.11225],[96.769054,32.06505],[96.780528,32.046698],[96.792735,32.044257],[96.822846,32.048774],[96.835216,32.046698],[96.84669,32.036566],[96.847992,32.026801],[96.844493,32.015815],[96.842052,32.002021],[96.851329,31.976101],[96.873057,31.966498],[96.898204,31.963446],[96.917735,31.957343],[96.941335,31.965522]]]}},{"type":"Feature","properties":{"kind":"rivers","name":"Lancang","source":"Natural Earth 1:10m"},"geometry":{"type":"MultiLineString","coordinates":[[[96.941335,31.965522],[96.959483,31.952094],[96.974701,31.932481],[96.989757,31.922553],[96.994884,31.913682],[96.992117,31.870673],[96.992931,31.854926],[96.999115,31.845974],[97.01588,31.834174],[97.020763,31.826972],[97.014578,31.799994],[97.013276,31.78913],[97.017589,31.767117],[97.028738,31.752387],[97.061697,31.723944],[97.072195,31.710761],[97.08074,31.694607],[97.086843,31.675157],[97.089122,31.611274],[97.093191,31.600653],[97.102794,31.59752],[97.114024,31.596991],[97.123139,31.594265],[97.128022,31.58751],[97.135753,31.568874],[97.143647,31.559434],[97.167979,31.548855],[97.180105,31.540961],[97.188487,31.522325],[97.202647,31.504218],[97.20574,31.494574],[97.203868,31.482733],[97.194591,31.462592],[97.191498,31.449571],[97.208018,31.392401],[97.216075,31.378241],[97.219005,31.371283],[97.220714,31.35989],[97.220714,31.348009],[97.219493,31.339708],[97.211843,31.328396],[97.203868,31.325466],[97.195242,31.324774],[97.185313,31.320502],[97.161062,31.289171],[97.157237,31.281684],[97.159597,31.270128],[97.169444,31.2508],[97.174327,31.230577],[97.180675,31.221218],[97.195242,31.206895],[97.200206,31.196397],[97.198334,31.185492],[97.193858,31.174994],[97.191498,31.165961],[97.192149,31.129665],[97.198171,31.085232],[97.215424,31.047675],[97.250092,31.031846],[97.269216,31.028103],[97.289073,31.018988],[97.321788,30.997097],[97.36142,30.952948],[97.376964,30.943142],[97.372,30.933173],[97.370209,30.902167],[97.357595,30.870714],[97.355968,30.857123],[97.357432,30.794298],[97.362804,30.771796],[97.37851,30.731879],[97.399099,30.701483],[97.427338,30.677191],[97.482188,30.645372],[97.524099,30.603868],[97.554617,30.583116],[97.557628,30.581814],[97.629405,30.452419],[97.66448,30.405829],[97.670665,30.400092],[97.678722,30.395046],[97.713471,30.388943],[97.723074,30.384141],[97.781749,30.332343],[97.810069,30.299913],[97.827891,30.284288],[97.846202,30.277696],[97.852306,30.27558],[97.862885,30.269965],[97.872976,30.262397],[97.877371,30.254177],[97.879487,30.239529],[97.885265,30.234931],[97.893972,30.233832],[97.904063,30.229926],[97.936941,30.205512],[97.947765,30.18891],[97.951752,30.165107],[97.965831,30.155829],[97.975515,30.14765],[97.979747,30.137478],[97.981375,30.131537],[97.985362,30.128363],[97.990896,30.127143],[97.996755,30.126899],[98.001557,30.123969],[97.999766,30.117377],[97.993337,30.107042],[98.004975,30.063096],[98.015717,30.041327],[98.030935,30.031928],[98.042979,30.021267],[98.051768,29.997178],[98.061615,29.956163],[98.073822,29.940863],[98.089936,29.924831],[98.104096,29.906195],[98.110037,29.883612],[98.113292,29.875434],[98.134288,29.849718],[98.138601,29.840684],[98.140391,29.819892],[98.144216,29.812201],[98.161713,29.807074],[98.210053,29.804267],[98.2199,29.794786],[98.225108,29.781806],[98.260834,29.723456],[98.339285,29.638861],[98.348155,29.623358],[98.34962,29.599921],[98.343435,29.572699],[98.343435,29.565782],[98.346202,29.554551],[98.36142,29.51378],[98.397472,29.453884],[98.404226,29.445095],[98.409597,29.435614],[98.411632,29.424872],[98.416026,29.417182],[98.434662,29.408311],[98.439057,29.397284],[98.436941,29.386664],[98.433197,29.375515],[98.431407,29.365017],[98.435313,29.356309],[98.443614,29.351996],[98.473155,29.342637],[98.479015,29.327094],[98.492686,29.31037],[98.53769,29.269232],[98.547944,29.256619],[98.568858,29.223212],[98.614024,29.167914],[98.631602,29.159532],[98.628347,29.140163],[98.610362,29.103095],[98.604991,29.08336],[98.584076,29.045193],[98.583018,29.023953],[98.592784,29.008409],[98.607514,28.996283],[98.620535,28.982774],[98.624034,28.963162],[98.634288,28.944159],[98.638113,28.930487],[98.638438,28.878607],[98.641531,28.870917],[98.654307,28.855048],[98.654796,28.850165],[98.652761,28.844916],[98.651378,28.835883],[98.652843,28.825507],[98.656505,28.818956],[98.660818,28.813178],[98.66505,28.804796],[98.677826,28.756944],[98.680186,28.724392],[98.685476,28.708604],[98.702729,28.670925],[98.774913,28.572089],[98.780935,28.555854],[98.790538,28.514594],[98.799083,28.499783],[98.812266,28.483954],[98.834483,28.441759],[98.850597,28.401475],[98.862397,28.357042],[98.864268,28.335557],[98.860932,28.319851],[98.846446,28.285753],[98.843028,28.270453],[98.8449,28.250312],[98.850108,28.225043],[98.857921,28.200954],[98.884776,28.150662],[98.90683,28.128852],[98.912608,28.119574],[98.914561,28.096259],[98.901947,28.053982],[98.898448,28.033962],[98.901134,28.011013],[98.908621,27.993516],[98.932546,27.96129],[99.018972,27.883816],[99.034923,27.852078],[99.036388,27.84044],[99.034923,27.817939],[99.037364,27.812079],[99.042003,27.808132],[99.048595,27.804958],[99.048269,27.797471],[99.043061,27.786404],[99.04184,27.780382],[99.044688,27.772162],[99.050792,27.765408],[99.054861,27.759385],[99.047293,27.743476],[99.05071,27.719306],[99.048595,27.708075],[99.038585,27.698106],[99.027192,27.694119],[99.016205,27.691962],[99.007498,27.687567],[99.003673,27.681098],[98.99879,27.669501],[98.997569,27.658393],[99.004242,27.653428],[99.008067,27.648708],[99.011322,27.637559],[99.014415,27.615587],[99.017589,27.60578],[99.031749,27.596503],[99.034923,27.585232],[99.030935,27.571641],[99.022472,27.56623],[99.013194,27.563503],[99.007498,27.557888],[99.009532,27.548285],[99.028087,27.516303],[99.031993,27.504747],[99.037608,27.480048],[99.04184,27.468533],[99.065929,27.437201],[99.069591,27.423774],[99.072846,27.416775],[99.087006,27.401801],[99.090261,27.396796],[99.090587,27.370551],[99.093354,27.358344],[99.100108,27.348415],[99.10849,27.330349],[99.110281,27.302843],[99.10255,27.276882],[99.082612,27.263007],[99.088959,27.24254],[99.098237,27.22488],[99.112641,27.21247],[99.134288,27.207831],[99.146658,27.197699],[99.17213,27.132676],[99.165457,27.11754],[99.16505,27.102322],[99.166433,27.086697],[99.165294,27.070624],[99.16269,27.064765],[99.154796,27.052802],[99.151541,27.043972],[99.149994,27.026801],[99.150401,27.017198],[99.151541,27.009792],[99.177013,26.952745],[99.18629,26.92239],[99.185639,26.886298],[99.183197,26.878038],[99.170095,26.848456],[99.163829,26.839626],[99.161794,26.837917],[99.157319,26.836005],[99.15919,26.831855],[99.165294,26.824815],[99.140554,26.771674],[99.13795,26.755927],[99.141205,26.748114],[99.154063,26.736599],[99.158376,26.728624],[99.159597,26.719265],[99.130463,26.625596],[99.136648,26.607123],[99.126231,26.587104],[99.111339,26.566718],[99.103933,26.547065],[99.110037,26.526475],[99.138438,26.501899],[99.144786,26.482204],[99.142345,26.474636],[99.132416,26.457587],[99.130463,26.447455],[99.142507,26.421413],[99.144786,26.409939],[99.141043,26.400255],[99.133718,26.392035],[99.129405,26.384141],[99.140391,26.36579],[99.143647,26.352607],[99.144949,26.339789],[99.144786,26.331366],[99.14267,26.324571],[99.134044,26.307074],[99.130463,26.296658],[99.13795,26.186794],[99.130626,26.07335],[99.13795,26.029731],[99.148855,26.005642],[99.151541,25.994981],[99.152761,25.908311],[99.156668,25.886542],[99.165294,25.865831],[99.167898,25.864081],[99.171397,25.863471],[99.175548,25.86225],[99.178803,25.858425],[99.183604,25.842475],[99.1963,25.816596],[99.202403,25.807156],[99.209972,25.803168],[99.217459,25.794501],[99.254649,25.734931],[99.267182,25.692247],[99.274425,25.649604],[99.281261,25.629706],[99.297374,25.616889],[99.336518,25.597724],[99.343272,25.591864],[99.350108,25.584093],[99.355235,25.57628],[99.357595,25.570421],[99.356456,25.558173],[99.351573,25.550645],[99.346446,25.545356],[99.344005,25.53974],[99.33782,25.515815],[99.336518,25.505235],[99.33839,25.499945],[99.347179,25.483466],[99.35019,25.47488],[99.35255,25.456366],[99.351329,25.43891],[99.344493,25.425564],[99.329845,25.419623],[99.313406,25.42475],[99.302745,25.433661],[99.297293,25.432969],[99.294526,25.399848],[99.289968,25.38935],[99.288666,25.3817],[99.292003,25.373562],[99.306651,25.359565],[99.309825,25.354763],[99.313731,25.338446],[99.323741,25.323065],[99.367442,25.27851],[99.413503,25.212185],[99.435557,25.199286],[99.472748,25.16531],[99.480561,25.155829],[99.48878,25.139472],[99.508311,25.133368],[99.530935,25.134101],[99.548839,25.138454],[99.558523,25.129096],[99.579112,25.117784],[99.60255,25.108262],[99.620942,25.104315],[99.635346,25.098904],[99.648367,25.085395],[99.730724,24.977647],[99.74114,24.956977],[99.745209,24.914089],[99.754893,24.892035],[99.765636,24.884345],[99.8095,24.862413],[99.826915,24.857856],[99.83546,24.849799],[99.864757,24.795762],[99.892589,24.77143],[99.926524,24.755805],[99.965587,24.746527],[100.076671,24.733425],[100.101003,24.719062],[100.116222,24.670966],[100.128998,24.67475],[100.142996,24.688666],[100.156749,24.707221],[100.163178,24.718126],[100.168956,24.723822],[100.17628,24.72838],[100.189708,24.732774],[100.210216,24.745917],[100.22934,24.751166],[100.281505,24.757392],[100.306244,24.76793],[100.323416,24.76911],[100.372081,24.750922],[100.381847,24.74494],[100.392507,24.735785],[100.417084,24.719265],[100.426524,24.707058],[100.423595,24.703192],[100.418956,24.693427],[100.433523,24.690741],[100.437104,24.681464],[100.433197,24.655544],[100.439708,24.646593],[100.467865,24.626899],[100.474294,24.614285],[100.47877,24.607937],[100.500662,24.587592],[100.508393,24.576117],[100.511241,24.561591],[100.510753,24.53559],[100.515229,24.522732],[100.524343,24.516547],[100.535818,24.514675],[100.545828,24.510606],[100.55714,24.476182],[100.557058,24.465277],[100.546641,24.460639],[100.527354,24.448432],[100.516775,24.420111],[100.515229,24.388007],[100.522716,24.364447],[100.517833,24.350409],[100.516531,24.27143],[100.528819,24.206732],[100.530935,24.162706],[100.519542,24.122585],[100.493907,24.091986],[100.453868,24.076443],[100.412852,24.076443],[100.403087,24.073269],[100.381847,24.062771],[100.381847,24.051703],[100.392345,23.980251],[100.406668,23.935614],[100.407481,23.915961],[100.395518,23.894843],[100.379487,23.882758],[100.339692,23.85989],[100.323416,23.843695],[100.28948,23.764838],[100.271983,23.754259],[100.255382,23.740668],[100.199962,23.668647],[100.197195,23.660671],[100.179454,23.631415],[100.138601,23.47309],[100.134044,23.467353],[100.120209,23.454169],[100.117442,23.449246],[100.104421,23.411689],[100.074311,23.360867],[100.070242,23.346788],[100.072276,23.329698],[100.081391,23.293321],[100.083263,23.27143],[100.077403,23.25377],[100.050548,23.22724],[100.042979,23.212429],[100.095876,23.17121],[100.114024,23.165229],[100.120046,23.155097],[100.142996,23.071316],[100.146658,23.065212],[100.161388,23.060736],[100.181895,23.04975],[100.18629,23.044867],[100.192963,23.030707],[100.208588,23.013739],[100.226736,23.002997],[100.240896,23.007636],[100.248464,23.007636],[100.257091,22.970771],[100.261974,22.959174],[100.269054,22.949652],[100.274343,22.948269],[100.296153,22.959174],[100.29184,22.915554],[100.300873,22.878852],[100.354991,22.790961],[100.361827,22.776801],[100.365489,22.746161],[100.370128,22.72663],[100.371186,22.716498],[100.362804,22.68244],[100.364513,22.67182],[100.368337,22.670437],[100.392345,22.657538],[100.402273,22.649766],[100.437755,22.612006],[100.512706,22.551703],[100.533295,22.53974],[100.553396,22.534613],[100.567882,22.526923],[100.572683,22.50906],[100.570567,22.473212],[100.574962,22.450954],[100.574718,22.437567],[100.566824,22.431586],[100.564057,22.425401],[100.573171,22.411933],[100.585053,22.398871],[100.590912,22.393744],[100.595144,22.386542],[100.625092,22.363349],[100.646658,22.326606],[100.659272,22.314887],[100.639659,22.309394],[100.631358,22.306098],[100.625092,22.301866],[100.61378,22.288398],[100.609304,22.27851],[100.615245,22.273953],[100.637625,22.262478],[100.660818,22.259101],[100.671153,22.255927],[100.679454,22.251532],[100.699474,22.237087],[100.702566,22.231391],[100.709972,22.209052],[100.713878,22.174913],[100.717052,22.168647],[100.731212,22.151435],[100.734386,22.140489],[100.731212,22.132758],[100.724294,22.125108],[100.71933,22.117377],[100.720714,22.109483],[100.730968,22.10871],[100.757253,22.098904],[100.777924,22.087592],[100.762625,22.071723],[100.771414,22.048774],[100.795909,22.013861],[100.803966,22.010362],[100.820811,22.009304],[100.830577,22.007025],[100.855724,21.989529],[100.867279,21.983466],[100.870372,21.975653],[100.871511,21.955512],[100.874522,21.943793],[100.881765,21.937445],[100.89088,21.932644],[100.899506,21.925116],[100.905935,21.913601],[100.910085,21.900824],[100.912527,21.873318],[100.917898,21.860948],[100.929861,21.853583],[100.941905,21.849229],[100.947276,21.846259],[101.029796,21.849392],[101.067393,21.828925],[101.070811,21.822537],[101.06837,21.808417],[101.068858,21.794379],[101.081065,21.78795],[101.108002,21.791449],[101.173839,21.815253],[101.181244,21.796942],[101.163097,21.784044],[101.118663,21.766872],[101.118663,21.760037],[101.124522,21.744412],[101.127371,21.695339],[101.135916,21.684923],[101.148855,21.676947],[101.161143,21.658555],[101.168468,21.638007],[101.166433,21.623481],[101.173595,21.612128],[101.167247,21.600409],[101.157481,21.586453],[101.153901,21.568223],[101.158702,21.552843],[101.160818,21.534857],[101.15683,21.519884],[101.142833,21.513617],[101.003184,21.406195],[100.909679,21.360297],[100.895763,21.355984],[100.862071,21.323513],[100.851085,21.315009],[100.814138,21.300401],[100.791596,21.297553],[100.772227,21.30447],[100.764659,21.309394],[100.756358,21.312608],[100.747488,21.31448],[100.738048,21.315009],[100.725108,21.311876],[100.72169,21.3039],[100.722179,21.292914],[100.720714,21.280829],[100.689138,21.159532],[100.637218,21.069892],[100.625092,21.054267],[100.606456,21.044135],[100.561534,21.035264],[100.543061,21.027615],[100.555593,21.000067],[100.556895,20.992255],[100.551687,20.985541],[100.53297,20.97366],[100.528819,20.968614],[100.526785,20.94713],[100.517345,20.906521],[100.515229,20.886746],[100.533946,20.874091],[100.622569,20.888739],[100.651785,20.883002],[100.651785,20.876776],[100.626231,20.853705],[100.598562,20.833686],[100.568614,20.817979],[100.536388,20.807888],[100.513113,20.807237],[100.47047,20.818468],[100.383393,20.831895],[100.364513,20.828396],[100.350841,20.815497],[100.341726,20.799669],[100.329275,20.7862],[100.289806,20.775214],[100.274343,20.762234],[100.248464,20.732204],[100.221446,20.709784],[100.210948,20.697577],[100.206716,20.680976],[100.202078,20.668077],[100.179698,20.638373],[100.172537,20.622341],[100.172537,20.609239],[100.15976,20.582872],[100.148855,20.548285],[100.136322,20.459418],[100.127045,20.428046],[100.124929,20.406602],[100.120697,20.388983],[100.11085,20.375067],[100.099294,20.362413],[100.09669,20.348578],[100.097179,20.33515],[100.098888,20.317979],[100.096934,20.283393],[100.10255,20.26378],[100.116222,20.248236],[100.134288,20.239285],[100.152192,20.239325],[100.16741,20.253852],[100.166921,20.292792],[100.175955,20.300808],[100.17921,20.30268],[100.201427,20.310492],[100.206716,20.311347],[100.208914,20.313178],[100.22047,20.349189],[100.240001,20.372992],[100.27003,20.392035],[100.306082,20.399848],[100.344005,20.390163],[100.363862,20.369167],[100.421397,20.250312],[100.447032,20.218207],[100.451752,20.210476],[100.45696,20.196601],[100.460704,20.190945],[100.468354,20.185899],[100.485281,20.178982],[100.488455,20.173529],[100.496023,20.165107],[100.512462,20.155463],[100.528819,20.14997],[100.536388,20.153673],[100.54184,20.166938],[100.554698,20.170356],[100.570404,20.167996],[100.584239,20.163601],[100.594493,20.128363],[100.584239,20.012763],[100.593028,19.819403],[100.601573,19.802843],[100.621674,19.810411],[100.631928,19.815945],[100.641775,19.816474],[100.655528,19.813544],[100.668875,19.81505],[100.678233,19.818793],[100.748546,19.858018],[100.779552,19.884874],[100.792084,19.891059],[100.805919,19.892035],[100.927989,19.873318],[100.974539,19.859565],[101.009369,19.834052],[101.013113,19.841132],[101.019542,19.850165],[101.02239,19.85574],[101.029796,19.85574],[101.043224,19.840888],[101.059581,19.845893],[101.084402,19.86876],[101.109386,19.885688],[101.118663,19.889268],[101.131358,19.888739],[101.142019,19.883857],[101.150401,19.878241],[101.169526,19.869005],[101.23463,19.827826],[101.257904,19.821357],[101.5595,19.823513],[101.596934,19.831366],[101.618907,19.85574],[101.606863,19.863145],[101.619395,19.874457],[101.641124,19.884792],[101.656342,19.889268],[101.666515,19.895087],[101.695811,19.922309],[101.707612,19.930854],[101.748057,19.941189],[101.829275,19.948065],[101.865245,19.957546],[101.898692,19.979356],[101.950206,20.034206],[101.974539,20.053738],[101.992198,20.059597],[102.04713,20.053738],[102.063569,20.058173],[102.119151,20.088487],[102.15797,20.092231],[102.190684,20.080675],[102.216807,20.057481],[102.23585,20.026435],[102.246511,19.988105],[102.240896,19.958808],[102.222341,19.935818],[102.194265,19.916571],[102.184988,19.91238],[102.16741,19.906765],[102.160167,19.902899],[102.141531,19.879259],[102.136241,19.875596],[102.127208,19.873481],[102.117686,19.864081],[102.10849,19.861925],[102.085948,19.860216],[102.045421,19.851996],[102.038829,19.848822],[102.029796,19.841498],[102.023855,19.832058],[102.011648,19.805935],[102.00587,19.800482],[101.993175,19.794379],[101.893565,19.705634],[101.885753,19.687201],[101.87672,19.679389],[101.835541,19.657986],[101.824311,19.649685],[101.814952,19.615017],[101.816742,19.481513],[101.820893,19.467149],[101.829112,19.454128],[101.841319,19.440863],[101.856944,19.43122],[101.896414,19.414374],[101.906261,19.403266],[101.899425,19.393419],[101.866222,19.360297],[101.858409,19.344916],[101.853282,19.325466],[101.830333,19.292304],[101.824311,19.27912],[101.823985,19.260199],[101.830577,19.200954],[101.828705,19.180772],[101.820323,19.147284],[101.808604,19.032579],[101.804861,19.021267],[101.803152,19.010565],[101.806895,19.002021],[101.812266,18.99433],[101.814952,18.985053],[101.816905,18.964423],[101.815929,18.94127],[101.805675,18.904161],[101.803233,18.885606],[101.808849,18.870307],[101.851003,18.826687],[101.861746,18.793402],[101.85434,18.763373],[101.824311,18.703721],[101.819591,18.682685],[101.815115,18.640815],[101.810639,18.621853],[101.779307,18.568874],[101.763764,18.549587],[101.742605,18.502265],[101.732188,18.491482],[101.729991,18.488471],[101.707612,18.471015],[101.696056,18.466742],[101.683197,18.464423],[101.670665,18.465359],[101.65976,18.471015],[101.644542,18.457628],[101.626394,18.421169],[101.615164,18.405544],[101.593028,18.390937],[101.577729,18.385077],[101.574229,18.375759],[101.573416,18.364447],[101.571056,18.354926],[101.561534,18.341335],[101.546967,18.325385],[101.529877,18.312079],[101.512462,18.306505],[101.490489,18.303046],[101.481212,18.293809],[101.476166,18.280707],[101.467377,18.26557],[101.420828,18.214708],[101.40325,18.182196],[101.399099,18.141425],[101.404307,18.127794],[101.422944,18.096381],[101.427013,18.084011],[101.433197,18.012315],[101.430919,17.982611],[101.424571,17.954657],[101.423595,17.9289],[101.444835,17.894884],[101.449474,17.884833],[101.456391,17.877387],[101.471202,17.874538],[101.495372,17.879096],[101.504242,17.875841],[101.509044,17.860867],[101.515717,17.860867],[101.523204,17.866645],[101.537364,17.873603],[101.551199,17.87519],[101.557384,17.864569],[101.554698,17.857123],[101.536794,17.826728],[101.536794,17.820502],[101.543468,17.815538],[101.550222,17.81391],[101.557058,17.815538],[101.563569,17.820502]]]}},{"type":"Feature","properties":{"kind":"rivers","name":"Buh","source":"Natural Earth 1:10m"},"geometry":{"type":"MultiLineString","coordinates":[[[98.864268,38.158718],[98.868663,38.150743],[98.871104,38.142686],[98.872,38.134101],[98.871104,38.124579],[98.86671,38.114203],[98.853445,38.098944],[98.850597,38.093533],[98.846202,38.078477],[98.816417,38.022081],[98.797537,37.991034],[98.795421,37.980536],[98.798839,37.969794],[98.813243,37.95364],[98.816417,37.943305],[98.813975,37.917548],[98.80714,37.898383],[98.749766,37.813015],[98.736908,37.799018],[98.72462,37.781806],[98.708263,37.743109],[98.692882,37.726671],[98.675955,37.721218],[98.631277,37.716905],[98.614024,37.709988],[98.598725,37.692694],[98.600027,37.680121],[98.641694,37.642035],[98.644542,37.638536],[98.646576,37.631212],[98.645925,37.625312],[98.644542,37.620551],[98.644542,37.616807],[98.656668,37.582546],[98.658214,37.572781],[98.661225,37.561794],[98.675385,37.544623],[98.678722,37.538642],[98.678722,37.493964],[98.682546,37.479356],[98.69101,37.461249],[98.702891,37.445828],[98.726085,37.435004],[98.744395,37.415717],[98.750987,37.411404],[98.761811,37.409695],[98.795421,37.397732],[98.965912,37.363593],[99.037039,37.332465],[99.140229,37.268134],[99.565684,37.132351],[99.589692,37.11697],[99.631114,37.080268],[99.784272,37.004462],[99.82073,36.995632],[99.838796,37.000271]]]}},{"type":"Feature","properties":{"kind":"rivers","name":"Yalong","source":"Natural Earth 1:10m"},"geometry":{"type":"MultiLineString","coordinates":[[[97.616628,34.064236],[97.60906,34.046007],[97.591319,34.033718],[97.345714,33.942084],[97.328298,33.931912],[97.313243,33.920478],[97.235769,33.841986],[97.226736,33.834906],[97.216401,33.831732],[97.190847,33.828803],[97.181895,33.824327],[97.172374,33.81745],[97.164643,33.81448],[97.159272,33.809638],[97.157237,33.797065],[97.159434,33.787706],[97.171641,33.759141],[97.217296,33.554145],[97.223562,33.538275],[97.231944,33.524115],[97.243663,33.50906],[97.248057,33.494086],[97.24822,33.474921],[97.251557,33.458319],[97.276378,33.444892],[97.331716,33.373155],[97.344168,33.360907],[97.359386,33.35574],[97.396902,33.352607],[97.417003,33.348171],[97.431651,33.341417],[97.473888,33.358222],[97.518647,33.370063],[97.564545,33.376166],[97.609793,33.375556],[97.672374,33.363634],[97.695404,33.361925],[97.715831,33.368516],[97.749441,33.399766],[97.768077,33.409735],[97.800548,33.402371],[97.840017,33.376573],[97.875662,33.343329],[97.897227,33.313544],[97.899343,33.304145],[97.901378,33.281358],[97.904063,33.272528],[97.911388,33.262966],[97.951264,33.228624],[97.969493,33.22248],[98.045665,33.215115],[98.055431,33.211127],[98.060313,33.205146],[98.065115,33.19599],[98.071056,33.187527],[98.079112,33.183783],[98.116303,33.179755],[98.157807,33.170193],[98.172944,33.158393],[98.186453,33.142442],[98.201915,33.128363],[98.223399,33.122341],[98.237641,33.1164],[98.319753,33.0456],[98.336925,33.014594],[98.364024,32.936794],[98.391612,32.904975],[98.432384,32.888983],[98.521007,32.868476],[98.576427,32.844428],[98.593272,32.841173],[98.60377,32.846544],[98.612234,32.859198],[98.61964,32.873969],[98.627452,32.885565],[98.643891,32.890163],[98.664643,32.883368],[98.761241,32.820665],[98.765636,32.833686],[98.775808,32.832221],[98.788097,32.825019],[98.799083,32.820665],[98.816905,32.817694],[98.822032,32.809516],[98.824229,32.797431],[98.8331,32.782823],[98.851654,32.759345],[98.862397,32.752875],[98.87794,32.755479],[98.904307,32.764472],[98.905284,32.766059],[98.914806,32.76378],[98.925792,32.754503],[98.935964,32.752387],[98.953543,32.754706],[98.981456,32.764431],[98.99407,32.766059],[99.003917,32.762315],[99.04184,32.738105],[99.049734,32.728135],[99.056163,32.703681],[99.062266,32.689765],[99.095876,32.650458],[99.103933,32.635118],[99.089854,32.627753],[99.082123,32.610053],[99.081716,32.589708],[99.090261,32.574286],[99.071544,32.562283],[99.064464,32.539618],[99.065033,32.513699],[99.069591,32.491767],[99.082612,32.456651],[99.082612,32.443915],[99.076752,32.437323],[99.053722,32.423611],[99.043224,32.414862],[99.031505,32.412543],[99.019786,32.408637],[99.014415,32.398953],[99.010265,32.383653],[99.000255,32.37877],[98.988048,32.377143],[98.966563,32.367255],[98.951671,32.365261],[98.938243,32.361151],[98.932546,32.350857],[98.934988,32.338935],[98.952891,32.299913],[98.976573,32.305528],[98.995942,32.299994],[99.013276,32.290961],[99.031505,32.286241],[99.04127,32.285102],[99.062266,32.279975],[99.072765,32.278835],[99.082286,32.282782],[99.106619,32.301052],[99.117442,32.306749],[99.142019,32.308214],[99.203136,32.293077],[99.225515,32.292426],[99.245697,32.289008],[99.264415,32.280626],[99.281993,32.265163],[99.302338,32.231635],[99.32366,32.186957],[99.326671,32.17536],[99.333751,32.170274],[99.340831,32.168321],[99.344005,32.165839],[99.345144,32.150702],[99.348399,32.147162],[99.354747,32.147081],[99.364513,32.142279],[99.39503,32.117621],[99.412201,32.110622],[99.43629,32.108181],[99.455333,32.102973],[99.463878,32.089301],[99.467459,32.046698],[99.471446,32.027899],[99.480479,32.007351],[99.494151,31.99079],[99.511811,31.983995],[99.528575,31.975165],[99.561046,31.932156],[99.576182,31.916327],[99.635834,31.896755],[99.64503,31.885037],[99.647227,31.875352],[99.656668,31.853624],[99.658702,31.844021],[99.656749,31.822577],[99.658376,31.817003],[99.665538,31.806464],[99.68214,31.79088],[99.720714,31.772895],[99.737641,31.762152],[99.752045,31.743435],[99.781668,31.676134],[99.806163,31.651719],[99.841319,31.640937],[99.970225,31.628852],[100.017833,31.616034],[100.060557,31.595567],[100.090017,31.56627],[100.096934,31.545193],[100.102306,31.500596],[100.114024,31.480984],[100.140554,31.460273],[100.155528,31.453681],[100.15919,31.445868],[100.161632,31.436632],[100.165131,31.429145],[100.183116,31.416612],[100.206147,31.405707],[100.226166,31.392117],[100.234793,31.371405],[100.239268,31.349677],[100.268891,31.298774],[100.282319,31.25727],[100.291515,31.191921],[100.305186,31.150458],[100.309825,31.128038],[100.309825,31.064521],[100.306407,31.052314],[100.308604,31.040839],[100.308849,30.959255],[100.307872,30.950792],[100.306244,30.943671],[100.302989,30.936306],[100.278901,30.918728],[100.266205,30.896023],[100.245128,30.888739],[100.199962,30.881659],[100.163829,30.856716],[100.149832,30.821112],[100.152192,30.779893],[100.197032,30.657986],[100.217703,30.626329],[100.248464,30.60045],[100.271983,30.584581],[100.288829,30.570258],[100.316742,30.538398],[100.332774,30.52501],[100.355724,30.514431],[100.382335,30.507392],[100.409434,30.50491],[100.440115,30.463324],[100.453624,30.448798],[100.463145,30.444037],[100.53297,30.438666],[100.562511,30.430528],[100.577403,30.414903],[100.587983,30.420762],[100.594005,30.419786],[100.604584,30.408067],[100.605235,30.405219],[100.604584,30.391303],[100.606456,30.387152],[100.610362,30.387478],[100.614838,30.388861],[100.618256,30.387559],[100.628673,30.374864],[100.63974,30.366807],[100.666108,30.354071],[100.680919,30.34337],[100.69101,30.330634],[100.707042,30.298855],[100.716563,30.285427],[100.728038,30.272325],[100.737722,30.257921],[100.741791,30.240505],[100.750255,30.225898],[100.787364,30.221055],[100.80421,30.193427],[100.822846,30.194037],[100.842865,30.199042],[100.854503,30.19953],[100.863048,30.189724],[100.866222,30.187038],[100.915701,30.196072],[100.936697,30.207587],[100.956635,30.210639],[100.977957,30.209093],[100.995697,30.203233],[101.002208,30.18004],[100.99879,30.157294],[100.991954,30.136013],[100.98821,30.117255],[100.994395,30.11046],[101.006114,30.107001],[101.013194,30.101833],[101.005626,30.089952],[101.001964,30.082221],[101.00351,30.073106],[101.007253,30.063056],[101.009369,30.052436],[101.003022,30.006903],[101.003022,29.981147],[101.012462,29.969835],[101.027192,29.960476],[101.061941,29.916124],[101.070811,29.901557],[101.086925,29.859158],[101.090343,29.839179],[101.08839,29.75377],[101.084402,29.736436],[101.072358,29.712348],[101.070811,29.702338],[101.074148,29.691474],[101.088145,29.671698],[101.091238,29.665107],[101.089936,29.66059],[101.083751,29.647895],[101.081065,29.643988],[101.080089,29.640489],[101.083425,29.629828],[101.084402,29.623847],[101.086681,29.617377],[101.118337,29.575629],[101.125092,29.569892],[101.132253,29.565782],[101.124766,29.52794],[101.152354,29.464667],[101.139659,29.428575],[101.107188,29.399726],[101.087576,29.386054],[101.074229,29.380194],[101.07252,29.378363],[101.058604,29.369656],[101.050304,29.366523],[101.039806,29.367051],[101.030528,29.370673],[101.021088,29.372138],[101.009369,29.366523],[101.009369,29.359727],[101.01588,29.350287],[101.018158,29.345486],[101.015636,29.346055],[101.021495,29.344509],[101.029307,29.345242],[101.035492,29.34809],[101.036062,29.352891],[101.040701,29.342353],[101.042979,29.331977],[101.054617,29.202948],[101.061697,29.1789],[101.074229,29.167914],[101.093761,29.160834],[101.105235,29.143256],[101.118663,29.099677],[101.151378,29.029975],[101.149913,29.013373],[101.142833,29.003363],[101.142182,28.994249],[101.150401,28.966661],[101.160818,28.960476],[101.172455,28.956163],[101.180675,28.948798],[101.184255,28.928005],[101.173839,28.86286],[101.175141,28.796454],[101.180675,28.776923],[101.186046,28.768663],[101.191417,28.764675],[101.196707,28.759874],[101.201101,28.749579],[101.202566,28.739285],[101.201915,28.684923],[101.242117,28.495185],[101.270437,28.415961],[101.279796,28.399115],[101.292979,28.383653],[101.31129,28.374701],[101.331065,28.372138],[101.349864,28.36579],[101.365001,28.345526],[101.366628,28.335761],[101.363292,28.315863],[101.365001,28.304551],[101.369395,28.298163],[101.382742,28.285753],[101.385509,28.280707],[101.384044,28.257351],[101.371755,28.201524],[101.378917,28.166083],[101.408214,28.140937],[101.443126,28.118964],[101.467377,28.092882],[101.478282,28.070746],[101.487315,28.063056],[101.525971,28.065009],[101.540538,28.073676],[101.571056,28.133857],[101.587901,28.149604],[101.608328,28.164618],[101.625418,28.180447],[101.632416,28.198432],[101.634776,28.208441],[101.644542,28.227851],[101.652924,28.284044],[101.652924,28.325629],[101.655772,28.33629],[101.666515,28.36286],[101.674408,28.372138],[101.71046,28.396674],[101.721202,28.407009],[101.746023,28.474392],[101.749115,28.492947],[101.745046,28.534857],[101.74822,28.550401],[101.762787,28.565253],[101.828136,28.594062],[101.84962,28.612087],[101.875987,28.618354],[101.903819,28.621202],[101.919932,28.620469],[101.937999,28.606757],[101.936046,28.592597],[101.925873,28.577582],[101.913829,28.54446],[101.872081,28.482733],[101.864268,28.442694],[101.881928,28.363349],[101.885753,28.325629],[101.883556,28.316514],[101.874278,28.294989],[101.861908,28.277655],[101.86085,28.26907],[101.860932,28.260321],[101.858409,28.249945],[101.848237,28.231716],[101.813731,28.191596],[101.796397,28.160509],[101.791596,28.146308],[101.790538,28.139268],[101.790131,28.130154],[101.786713,28.109483],[101.771983,28.07746],[101.769054,28.058173],[101.773936,28.036811],[101.785574,28.028347],[101.824311,28.023993],[101.845225,28.024237],[101.854503,28.021674],[101.858409,28.013129],[101.853526,28.0067],[101.827159,27.989285],[101.822846,27.980658],[101.839447,27.96251],[101.861257,27.946804],[101.872081,27.944892],[101.868582,27.923774],[101.85963,27.911241],[101.848562,27.900946],[101.837901,27.886176],[101.867442,27.886094],[101.882335,27.876532],[101.885346,27.859809],[101.878917,27.838446],[101.91155,27.82453],[101.924897,27.786241],[101.934255,27.743109],[101.9546,27.714911],[101.977306,27.710883],[101.997081,27.712429],[102.010834,27.707587],[102.016124,27.684516],[102.015147,27.665839],[102.010916,27.642768],[102.002615,27.622626],[101.98878,27.612494],[101.994395,27.603868],[101.99822,27.59573],[102.000499,27.587999],[102.001394,27.580675],[101.997569,27.560126],[101.97877,27.519843],[101.974539,27.496405],[101.97226,27.430487],[101.960867,27.365505],[101.950125,27.337226],[101.937266,27.317003],[101.90325,27.280097],[101.889089,27.257636],[101.871349,27.205349],[101.858409,27.180487],[101.868175,27.176052],[101.874278,27.166693],[101.87672,27.157416],[101.875499,27.153144],[101.875662,27.150946],[101.844737,27.139512],[101.828705,27.128038],[101.815522,27.11461],[101.80657,27.097439],[101.803233,27.074327],[101.797944,27.056098],[101.773692,27.011786],[101.72877,26.968817],[101.708425,26.962022],[101.696788,26.956814],[101.687104,26.947781],[101.699311,26.932156],[101.702729,26.893134],[101.72519,26.848456],[101.732188,26.844672],[101.769054,26.837917],[101.796479,26.817694],[101.836436,26.763454],[101.865245,26.742947],[101.855968,26.732042],[101.824311,26.674018],[101.82366,26.669257],[101.825206,26.65823],[101.824311,26.65351],[101.813406,26.638129],[101.796397,26.605089]]]}},{"type":"Feature","properties":{"kind":"rivers","name":"Huang","source":"Natural Earth 1:10m"},"geometry":{"type":"MultiLineString","coordinates":[[[97.762787,35.08808],[97.746104,35.079413],[97.733165,35.055203],[97.720714,34.996853],[97.713634,34.953192],[97.697276,34.919867],[97.617686,34.885077],[97.576264,34.875841],[97.545909,34.876003]],[[97.288178,34.835476],[97.285248,34.843207],[97.259044,34.878933],[97.234304,34.907294],[97.149913,34.936347],[97.12379,34.943427],[97.108165,34.941718],[97.096283,34.937283],[97.085053,34.935248],[97.072032,34.930609]]]}},{"type":"Feature","properties":{"kind":"rivers","name":"Huang","source":"Natural Earth 1:10m"},"geometry":{"type":"MultiLineString","coordinates":[[[96.164154,35.129665],[96.22877,35.111762],[96.249278,35.109198],[96.483165,35.105658],[96.53419,35.096137],[96.654877,35.050116],[96.705496,35.047716],[96.747651,35.053249],[96.81129,35.061347],[96.829275,35.0539],[96.867931,35.0185],[96.889903,35.006781],[96.946707,34.999701],[96.97462,34.991645],[96.986746,34.975694],[96.994884,34.94835],[97.015391,34.937445],[97.042084,34.932807],[97.072032,34.930609]],[[97.762787,35.08808],[97.795909,35.111111],[97.848888,35.11225],[97.951752,35.096137],[97.991628,35.080593],[98.018484,35.049425],[98.042979,35.012315],[98.075857,34.978827],[98.10849,34.953884],[98.124441,34.937038],[98.131277,34.920762],[98.131114,34.91002],[98.132416,34.900255],[98.137299,34.893378],[98.147553,34.890692],[98.161794,34.889228],[98.192149,34.87641],[98.263682,34.860785],[98.275076,34.852159],[98.284679,34.842108],[98.306651,34.835517],[98.34962,34.827989],[98.37794,34.815294],[98.391775,34.79682],[98.396251,34.773627],[98.395763,34.74669],[98.395112,34.719835],[98.402192,34.666775],[98.401459,34.649278],[98.394786,34.634874],[98.380951,34.619167],[98.361908,34.610419],[98.34075,34.606757],[98.326671,34.598171],[98.329845,34.574774],[98.345144,34.563259],[98.394786,34.547431],[98.405528,34.537218],[98.413503,34.526638],[98.452159,34.503282],[98.466319,34.492214],[98.467296,34.488064],[98.46575,34.476874],[98.466319,34.472357],[98.469249,34.468614],[98.478445,34.459744],[98.479991,34.458686],[98.490164,34.424384],[98.497081,34.414008],[98.51474,34.40119],[98.627371,34.357449],[98.641124,34.355048],[98.709727,34.355048],[98.724294,34.368598],[98.724294,34.399522],[98.720714,34.433214],[98.723643,34.454942],[98.733979,34.457872],[98.78297,34.451239],[98.797862,34.455675],[98.836925,34.479193],[98.867931,34.478705],[98.928233,34.45307],[98.952891,34.458686],[98.970876,34.446845],[98.97934,34.439399],[98.986501,34.430772],[99.002045,34.436876],[99.016205,34.432644],[99.04184,34.410264],[99.044688,34.409695],[99.053233,34.410997],[99.056082,34.410264],[99.057221,34.406358],[99.056895,34.397244],[99.062266,34.387152],[99.069591,34.362494],[99.045909,34.321153],[99.037852,34.300645],[99.034923,34.270046],[99.036713,34.253607],[99.041596,34.243516],[99.056082,34.225898],[99.063569,34.213935],[99.067556,34.205024],[99.069347,34.194403],[99.069591,34.177517],[99.070567,34.171088],[99.074962,34.16002],[99.075776,34.153347],[99.073741,34.146186],[99.064382,34.132595],[99.062266,34.125678],[99.060069,34.112901],[99.050792,34.083441],[99.048595,34.071357],[99.048432,34.046007],[99.050385,34.034776],[99.056082,34.019843],[99.067393,33.998847],[99.068777,33.986884],[99.062266,33.971462],[99.081472,33.966824],[99.096772,33.950141],[99.106944,33.929633],[99.110606,33.913398],[99.119233,33.906684],[99.17213,33.875841],[99.248057,33.784369],[99.281993,33.759141],[99.306163,33.746609],[99.322846,33.743232],[99.361095,33.746161],[99.369233,33.74787],[99.376882,33.752753],[99.382335,33.760199],[99.384288,33.769721],[99.386485,33.775417],[99.390147,33.779608],[99.392019,33.783962],[99.384858,33.794257],[99.381114,33.801459],[99.378429,33.809027],[99.378184,33.814399],[99.395274,33.827216],[99.42213,33.82807],[99.480479,33.818468],[99.501231,33.809109],[99.525483,33.802802],[99.531749,33.793077],[99.535492,33.781928],[99.542003,33.773464],[99.569347,33.765977],[99.586436,33.76793],[99.645763,33.765652],[99.658702,33.769721],[99.692475,33.795478],[99.694347,33.800116],[99.697276,33.804796],[99.703298,33.806952],[99.72755,33.806952],[99.771495,33.799994],[99.792247,33.79267],[99.814952,33.778388],[99.837006,33.775662],[99.847341,33.769721],[99.857839,33.761298],[99.875662,33.752753],[99.885916,33.746161],[99.892345,33.73904],[99.901459,33.723415],[99.905772,33.718207],[99.915538,33.713243],[99.92392,33.712104],[99.933035,33.709744],[99.959239,33.690619],[99.999115,33.675645],[100.015636,33.663601],[100.013764,33.663845],[100.015636,33.657335],[100.019135,33.648953],[100.022472,33.643134],[100.048269,33.618354],[100.053152,33.61518],[100.064138,33.610907],[100.070567,33.601508],[100.074962,33.592108],[100.080089,33.587917],[100.124929,33.581651],[100.148692,33.573594],[100.158946,33.574246],[100.16684,33.578681],[100.171397,33.585557],[100.174083,33.591905],[100.175955,33.594672],[100.187266,33.599473],[100.226166,33.623358],[100.237804,33.632514],[100.280691,33.677314],[100.288666,33.691514],[100.286143,33.706488],[100.27589,33.719835],[100.263438,33.732611],[100.254649,33.746161],[100.240896,33.738715],[100.245616,33.760321],[100.267182,33.761908],[100.316742,33.746161],[100.323334,33.757595],[100.357839,33.756415],[100.375011,33.762559],[100.404796,33.786933],[100.421641,33.796739],[100.436697,33.800727],[100.449148,33.806098],[100.479991,33.829535],[100.498546,33.834906],[100.516775,33.837714],[100.564952,33.854804],[100.58074,33.865302],[100.604503,33.889187],[100.632091,33.910468],[100.663992,33.925564],[100.700206,33.930487],[100.766043,33.928168],[100.782237,33.924262],[100.791026,33.912706],[100.801524,33.893826],[100.814545,33.879828],[100.830577,33.883328],[100.836518,33.861518],[100.850352,33.833564],[100.869884,33.807969],[100.8921,33.79328],[100.896983,33.799831],[100.898204,33.802802],[100.899506,33.806952],[100.903901,33.789618],[100.912039,33.78559],[100.920421,33.787136],[100.926199,33.786444],[100.930186,33.77794],[100.928722,33.770941],[100.922374,33.764919],[100.912527,33.759141],[100.958995,33.738064],[100.97991,33.737494],[100.995697,33.751736],[100.99464,33.742743],[100.996104,33.733466],[101.000662,33.726589],[101.009369,33.725043],[101.016531,33.7296],[101.019542,33.73782],[101.021495,33.74726],[101.034434,33.771755],[101.034434,33.791083],[101.028331,33.809841],[101.019054,33.824327],[101.015636,33.831366],[101.01474,33.84044],[101.015636,33.858507],[101.018321,33.871934],[101.025483,33.876899],[101.034597,33.87698],[101.043468,33.875841],[101.063975,33.863796],[101.074229,33.861599],[101.10255,33.862576],[101.111827,33.861599],[101.139089,33.844428],[101.182872,33.786078],[101.236257,33.75963],[101.260753,33.732123],[101.288178,33.711371],[101.323334,33.718207],[101.335541,33.708197],[101.356619,33.703721],[101.376557,33.69713],[101.385509,33.680691],[101.389659,33.676622],[101.399099,33.677843],[101.408376,33.682196],[101.417735,33.694525],[101.42921,33.692165],[101.442963,33.686632],[101.454275,33.684109],[101.46282,33.687323],[101.483897,33.700385],[101.495372,33.704535],[101.508718,33.704779],[101.54005,33.697781],[101.545502,33.694525],[101.563406,33.680447],[101.574229,33.677273],[101.586029,33.675808],[101.606619,33.670193],[101.618907,33.669786],[101.687022,33.682318],[101.737315,33.683458],[101.753673,33.680243],[101.766775,33.672065],[101.820323,33.625067],[101.837576,33.605984],[101.844737,33.584784],[101.851736,33.572943],[101.8838,33.54621],[101.892589,33.526435],[101.891124,33.517524],[101.887625,33.507514],[101.885753,33.497423],[101.889171,33.488552],[101.974539,33.40351],[102.009288,33.376288],[102.052257,33.354356],[102.09669,33.339911],[102.165538,33.333197],[102.174327,33.334581],[102.183197,33.340522],[102.202078,33.358222],[102.211518,33.361925],[102.221121,33.369737],[102.256358,33.413153],[102.266531,33.419013],[102.288992,33.416083],[102.321381,33.406602],[102.333507,33.41352],[102.343191,33.411648],[102.349294,33.40644],[102.35198,33.40351],[102.361257,33.404324],[102.375499,33.408271],[102.385916,33.409735],[102.439382,33.448513],[102.461843,33.457546],[102.458995,33.461493],[102.454194,33.471788],[102.467296,33.469916],[102.471202,33.468695],[102.476085,33.464952],[102.481619,33.464952],[102.465343,33.486274],[102.458507,33.498725],[102.454194,33.512763],[102.452729,33.523261],[102.453298,33.535509],[102.45989,33.541571],[102.476085,33.533271],[102.481619,33.540066],[102.423432,33.576239],[102.413259,33.577948],[102.402599,33.594021],[102.355724,33.60932],[102.345144,33.625759],[102.341889,33.632025],[102.327729,33.646104],[102.324474,33.653347],[102.326427,33.676134],[102.331391,33.697781],[102.336518,33.709174],[102.341889,33.717312],[102.342865,33.725124],[102.334727,33.735622],[102.327403,33.734483],[102.317393,33.726386],[102.304861,33.720242],[102.290457,33.725043],[102.298106,33.734402],[102.305919,33.739936],[102.314545,33.744656],[102.324474,33.751736],[102.314138,33.767442],[102.299327,33.780707],[102.280772,33.789903],[102.259776,33.79328],[102.247081,33.797553],[102.243744,33.806952],[102.248464,33.816352],[102.259776,33.820624],[102.263927,33.826036],[102.257253,33.837999],[102.194347,33.919257],[102.166515,33.945828],[102.132823,33.965196],[102.109955,33.953721],[102.069591,33.968451],[102.050304,33.957831],[102.027192,33.979071],[101.98642,34.000271],[101.943451,34.010565],[101.913097,33.999376],[101.858409,34.03974],[101.829845,34.052069],[101.816417,34.060167],[101.803233,34.075059],[101.785085,34.066189],[101.759532,34.072699],[101.737315,34.088813],[101.72877,34.108588],[101.718435,34.103298],[101.714773,34.10578],[101.712576,34.111518],[101.707612,34.116034],[101.680919,34.12226],[101.646983,34.135932],[101.635753,34.145209],[101.639252,34.15705],[101.630789,34.166042],[101.621755,34.171454],[101.614757,34.178249],[101.611339,34.191189],[101.569591,34.208075],[101.529389,34.218451],[101.517019,34.219306],[101.496104,34.218044],[101.488455,34.218451],[101.480479,34.221625],[101.472748,34.226264],[101.46339,34.230333],[101.425385,34.234239],[101.365001,34.252631],[101.334239,34.256537],[101.323334,34.259467],[101.314952,34.26496],[101.307872,34.27204],[101.299246,34.27794],[101.286143,34.280544],[101.279714,34.283637],[101.265717,34.297309],[101.255789,34.300401],[101.242686,34.299994],[101.233979,34.300727],[101.22934,34.305609],[101.226573,34.327826],[101.222341,34.335273],[101.215017,34.339789],[101.204194,34.341376],[101.197276,34.34516],[101.195567,34.354438],[101.195811,34.36579],[101.194265,34.376166],[101.196056,34.383816],[101.196381,34.38996],[101.194265,34.396023],[101.19044,34.396918],[101.177745,34.395087],[101.173839,34.396023],[101.165701,34.406358],[101.164073,34.410956],[101.165294,34.415839],[101.166433,34.427354],[101.163992,34.443223],[101.149018,34.481635],[101.139659,34.49962],[101.060557,34.505886],[101.052175,34.509304],[101.042491,34.524197],[101.03297,34.527615],[101.020518,34.530097],[101.014089,34.535915],[101.009044,34.542304],[101.001964,34.54682],[100.950694,34.546942],[100.928966,34.551825],[100.919932,34.571641],[100.91684,34.595771],[100.908702,34.613878],[100.885834,34.649848],[100.870616,34.708808],[100.861339,34.718126],[100.835867,34.714911],[100.817556,34.706651],[100.782237,34.684597],[100.763438,34.677843],[100.742931,34.673692],[100.696788,34.670966],[100.674815,34.675727],[100.635671,34.692898],[100.618256,34.691474],[100.573985,34.739814],[100.559093,34.745307],[100.539561,34.758083],[100.522553,34.772773],[100.515229,34.783962],[100.49464,34.805487],[100.447195,34.818956],[100.354503,34.827989],[100.336355,34.833848],[100.327729,34.848253],[100.316742,34.883246],[100.309255,34.892157],[100.2942,34.906928],[100.288666,34.917344],[100.285818,34.929389],[100.288666,34.958319],[100.285818,34.984565],[100.278331,34.999376],[100.254649,35.027208],[100.249034,35.04621],[100.249034,35.089219],[100.240896,35.109198],[100.247651,35.13288],[100.247162,35.173611],[100.238455,35.214911],[100.22047,35.240668],[100.230235,35.253852],[100.241954,35.26203],[100.253347,35.26793],[100.261974,35.274766],[100.272227,35.289496],[100.271251,35.295437],[100.248464,35.302069],[100.2199,35.316433],[100.205333,35.330634],[100.203705,35.349799],[100.214285,35.378445],[100.193126,35.370958],[100.191173,35.402289],[100.168386,35.428656],[100.142345,35.450222],[100.131114,35.466579],[100.135916,35.472113],[100.154796,35.479438],[100.158946,35.483954],[100.15797,35.507839],[100.158946,35.51496],[100.166433,35.532782],[100.174815,35.542344],[100.199962,35.562812],[100.207612,35.574042],[100.240652,35.661689],[100.282481,35.723944],[100.295828,35.751288],[100.296153,35.771674],[100.337169,35.771674],[100.348399,35.774766],[100.360444,35.790961],[100.371186,35.798407],[100.390554,35.800564],[100.411225,35.795722],[100.447032,35.77912],[100.442556,35.800849],[100.444347,35.818183],[100.455089,35.829657],[100.477794,35.833767],[100.497081,35.841579],[100.529226,35.877875],[100.543061,35.888983],[100.554698,35.890448],[100.579275,35.888007],[100.590912,35.888983],[100.601085,35.893866],[100.617931,35.906358],[100.628835,35.908881],[100.637787,35.913113],[100.638927,35.922471],[100.638276,35.931912],[100.6421,35.936143],[100.704112,35.975898],[100.72047,35.989081],[100.72755,36.001288],[100.727631,36.03144],[100.730886,36.052802],[100.74171,36.070868],[100.815929,36.13227],[100.842377,36.140082],[100.900971,36.132758],[100.938406,36.139757],[100.9581,36.140245],[100.992686,36.132636],[101.004893,36.132432],[101.012706,36.134589],[101.029796,36.142279],[101.038015,36.144843],[101.064138,36.14643],[101.0796,36.139675],[101.087576,36.124538],[101.091807,36.100898],[101.105479,36.100938],[101.135183,36.115587],[101.150645,36.119574],[101.16627,36.118476],[101.179861,36.113593],[101.189057,36.103787],[101.191173,36.087592],[101.205496,36.086127],[101.234386,36.092475],[101.249604,36.093207],[101.262136,36.091173],[101.273692,36.087958],[101.327078,36.061591],[101.358816,36.053494],[101.392019,36.051093],[101.427257,36.052924],[101.456472,36.057725],[101.478526,36.065945],[101.631277,36.153998],[101.653819,36.173774],[101.666433,36.181586],[101.681082,36.185655],[101.697195,36.184353],[101.782725,36.146064],[101.789236,36.144965],[101.811941,36.146348],[101.826589,36.144395],[101.839936,36.140652],[101.852306,36.134345],[101.905772,36.088406],[101.913097,36.086982],[101.912852,36.068427],[101.958425,36.053249],[101.947765,36.038601],[101.985606,36.020819],[102.016124,35.991563],[102.036632,35.956122],[102.044037,35.919379],[102.048106,35.912299],[102.066498,35.894721],[102.07073,35.885281],[102.071788,35.864122],[102.073985,35.855251],[102.078136,35.847439],[102.098888,35.830146],[102.121511,35.827094],[102.163585,35.833767],[102.182384,35.840155],[102.225597,35.868272],[102.246104,35.874701],[102.345144,35.874701],[102.41741,35.887722],[102.441498,35.887763],[102.458425,35.882921],[102.489187,35.866889],[102.506277,35.86168],[102.554861,35.857042],[102.604584,35.842108],[102.636485,35.83865],[102.704845,35.839464],[102.716807,35.837348],[102.725597,35.833197],[102.735037,35.830349],[102.749766,35.831977],[102.759532,35.83751],[102.787201,35.859931],[102.837332,35.860663],[102.858897,35.85696],[102.872569,35.846259],[102.899506,35.84988],[103.009207,35.825792],[103.116466,35.778184],[103.133311,35.781114],[103.138194,35.791612],[103.149832,35.798041],[103.164236,35.803656],[103.18629,35.817084],[103.196788,35.820339],[103.219005,35.822333],[103.22934,35.825507],[103.244558,35.839667],[103.253184,35.842841],[103.26767,35.845974],[103.28712,35.853827],[103.30421,35.863878],[103.311453,35.873847],[103.317312,35.885199],[103.359304,35.911689],[103.270518,35.938422],[103.263682,35.941718],[103.250255,35.952012],[103.242931,35.955675],[103.235932,35.956855],[103.221934,35.95661],[103.215261,35.957465],[103.203624,35.961453],[103.194021,35.967393],[103.188731,35.976508],[103.189138,35.989773],[103.194021,35.999335],[103.202403,36.007107],[103.220714,36.020575],[103.250418,36.055487],[103.261322,36.065619],[103.392345,36.131049],[103.422944,36.156073],[103.424734,36.161566],[103.430675,36.165839],[103.446788,36.184638],[103.454845,36.18891],[103.492768,36.184923],[103.502615,36.182074],[103.515147,36.169786],[103.541026,36.134223],[103.554454,36.126817],[103.574636,36.130316],[103.610444,36.145209],[103.634288,36.147895],[103.646251,36.146511],[103.654552,36.143337],[103.667735,36.133653],[103.695567,36.103868],[103.698416,36.098904],[103.748953,36.094672],[103.876475,36.064643],[103.921804,36.060981],[104.012787,36.071967],[104.034679,36.078477],[104.043956,36.088935],[104.045421,36.110053],[104.044688,36.121934],[104.040701,36.123725],[104.047944,36.136501],[104.041433,36.14289],[104.023367,36.147895],[104.018647,36.182237],[104.047944,36.205024],[104.090912,36.22309],[104.126964,36.243516],[104.132335,36.251044],[104.140147,36.277045],[104.157237,36.299994],[104.191498,36.335273],[104.232595,36.368354],[104.259532,36.378689],[104.317312,36.382595],[104.345144,36.390326],[104.364268,36.404364],[104.399018,36.439399],[104.420014,36.450507],[104.445323,36.454128],[104.469819,36.455024],[104.493907,36.459662],[104.517589,36.474677],[104.546153,36.503445],[104.559093,36.51081],[104.592784,36.52143],[104.607921,36.528998],[104.620046,36.542548],[104.631358,36.564154],[104.638927,36.571641],[104.652761,36.579169],[104.684825,36.58865],[104.694916,36.592963],[104.710378,36.606024],[104.713796,36.620795],[104.709239,36.664618],[104.711436,36.669745],[104.716075,36.674831],[104.720714,36.681708],[104.722992,36.692247],[104.719168,36.697333],[104.691905,36.718451],[104.684093,36.721625],[104.681244,36.723334],[104.677175,36.728461],[104.672537,36.73904],[104.668224,36.74376],[104.612804,36.772569],[104.604747,36.792182],[104.600027,36.81505],[104.592459,36.833116],[104.579112,36.839179],[104.560802,36.841579],[104.544363,36.847235],[104.537364,36.863308],[104.527843,36.871934],[104.482026,36.884304],[104.466238,36.890896],[104.44752,36.894884],[104.408702,36.882025],[104.401378,36.890896],[104.393077,36.905829],[104.373953,36.907742],[104.335948,36.900824],[104.330007,36.909857],[104.328705,36.930528],[104.337494,37.006781],[104.332123,37.019843],[104.305186,37.055935],[104.298432,37.067247],[104.298595,37.079657],[104.305186,37.100043],[104.317149,37.122626],[104.328298,37.127794],[104.341726,37.127794],[104.359793,37.134833],[104.351329,37.141425],[104.338796,37.147895],[104.325613,37.152696],[104.305919,37.157009],[104.306163,37.162299],[104.311046,37.16824],[104.31544,37.17239],[104.323985,37.17654],[104.332286,37.174425],[104.339773,37.170478],[104.346121,37.168972],[104.406749,37.194688],[104.438975,37.203437],[104.469656,37.195665],[104.492686,37.208564],[104.578217,37.324083],[104.603119,37.339667],[104.627208,37.343695],[104.678966,37.344102],[104.696218,37.349433],[104.728282,37.366034],[104.745616,37.371121],[104.800955,37.37169],[104.819021,37.377875],[104.83253,37.38821],[104.843435,37.399115],[104.856944,37.407823],[104.877452,37.411404],[104.919363,37.407823],[104.938731,37.408515],[104.95696,37.415391],[104.992605,37.44245],[104.997162,37.452663],[104.995535,37.463324],[104.993663,37.469509],[104.997325,37.473253],[105.011485,37.476833],[105.020112,37.473741],[105.041515,37.456855],[105.052419,37.453559],[105.063243,37.457099],[105.08546,37.469997],[105.096202,37.472724],[105.102061,37.474962],[105.111095,37.484809],[105.11671,37.487006],[105.122976,37.485907],[105.132253,37.481269],[105.137218,37.48017],[105.150971,37.481269],[105.174897,37.485907],[105.188487,37.487006],[105.198171,37.485867],[105.218354,37.48078],[105.229991,37.48017],[105.243256,37.4831],[105.261811,37.492458],[105.274669,37.494452],[105.547862,37.497626],[105.573253,37.500678],[105.62794,37.524522],[105.69394,37.53559],[105.78419,37.568874],[105.857921,37.578721],[105.876069,37.586046],[105.889089,37.598822],[105.917979,37.642279],[105.94044,37.688015],[105.943289,37.695868],[105.946056,37.712429],[105.958995,37.753038],[105.963145,37.774441],[105.961843,37.805976],[105.963145,37.815985],[105.975597,37.842475],[105.977306,37.854193],[105.992686,37.885037],[106.029063,37.922227],[106.071056,37.95364],[106.104015,37.966864],[106.121511,37.971462],[106.139578,37.98253],[106.1692,38.007758],[106.18214,38.022773],[106.202729,38.058295],[106.220632,38.082302],[106.223562,38.091824],[106.223725,38.113959],[106.226329,38.127468],[106.232351,38.136908],[106.239187,38.144395],[106.244151,38.151801],[106.247,38.16059],[106.248464,38.175971],[106.250418,38.185899],[106.270925,38.223822],[106.278087,38.233262],[106.40797,38.36225],[106.49879,38.411729],[106.517019,38.426866],[106.539236,38.474636],[106.564708,38.50434],[106.572765,38.526557],[106.535655,38.535346],[106.521007,38.564399],[106.518565,38.573269],[106.520763,38.584418],[106.540457,38.621446],[106.594249,38.666327],[106.582042,38.680935],[106.575694,38.690253],[106.573416,38.698676],[106.573171,38.710395],[106.577159,38.712958],[106.596934,38.719591],[106.604096,38.720974],[106.607514,38.724799],[106.60849,38.733751],[106.607921,38.751654],[106.648936,38.803534],[106.665538,38.820258],[106.717784,38.858181],[106.840343,38.987616],[106.859386,39.013617],[106.866222,39.043158],[106.85377,39.077216],[106.881602,39.10456],[106.848155,39.163886],[106.836681,39.172797],[106.819591,39.180487],[106.808035,39.19892],[106.80128,39.221625],[106.799083,39.241726],[106.809093,39.309272],[106.802419,39.327094],[106.797781,39.334906],[106.793468,39.352891],[106.788829,39.360907],[106.780365,39.368354],[106.765147,39.378363],[106.7588,39.385077],[106.749929,39.418809],[106.752452,39.465522],[106.77532,39.559272],[106.778575,39.584337],[106.778331,39.595486],[106.773529,39.616563],[106.772472,39.62873],[106.776541,39.652452],[106.783621,39.664333],[106.785085,39.674628],[106.772472,39.693549],[106.767345,39.69599],[106.760509,39.696885],[106.754487,39.698798],[106.751964,39.704169],[106.75294,39.713731],[106.757498,39.729682],[106.7588,39.738593],[106.759939,39.742133],[106.762706,39.747178],[106.765147,39.753933],[106.765636,39.762519],[106.763194,39.772325],[106.754893,39.788357],[106.751964,39.796658],[106.744558,39.854926],[106.739757,39.862738],[106.717377,39.886176],[106.710378,39.898993],[106.738292,39.919501],[106.738455,39.929755],[106.733653,39.93891],[106.730235,39.947781],[106.73463,39.957343],[106.738048,39.971503],[106.733002,39.990302],[106.724539,40.007392],[106.717784,40.016303],[106.709076,40.038113],[106.727143,40.062608],[106.858653,40.179755],[106.870128,40.183621],[106.874278,40.166571],[106.977306,40.241645],[106.999034,40.251085],[107.007091,40.257148],[107.01474,40.269314],[107.02589,40.30268],[107.03183,40.310492],[107.057872,40.33279],[107.06601,40.337836],[107.080984,40.341742],[107.113862,40.345567],[107.128022,40.351508],[107.151541,40.376044],[107.158702,40.402045],[107.154063,40.428331],[107.141694,40.453925],[107.147227,40.462226],[107.163259,40.47724],[107.169688,40.481879],[107.179861,40.486396],[107.20574,40.494412],[107.214366,40.499213],[107.220225,40.512397],[107.20517,40.540229],[107.203868,40.563788],[107.211843,40.582709],[107.224864,40.59516],[107.2553,40.615587],[107.26295,40.625434],[107.266124,40.632921],[107.270763,40.637803],[107.282644,40.639472],[107.309825,40.640082],[107.322195,40.642279],[107.348562,40.652452],[107.380056,40.656684],[107.39503,40.66059],[107.440359,40.701606],[107.466563,40.709906],[107.490245,40.72663],[107.513927,40.739203],[107.539073,40.735053],[107.561453,40.73725],[107.573985,40.746853],[107.583507,40.757432],[107.643972,40.774766],[107.663097,40.776068],[107.694591,40.768866],[107.706635,40.77143],[107.711436,40.786933],[107.706716,40.801581],[107.699636,40.816596],[107.699799,40.829779],[107.717703,40.838731],[107.732432,40.851264],[107.758393,40.859483],[107.862071,40.8699],[107.885183,40.867499],[107.905528,40.85517],[107.91627,40.850165],[107.928315,40.851752],[107.95045,40.858588],[108.011974,40.858588],[108.086681,40.847724],[108.115001,40.851752],[108.1421,40.870551],[108.156749,40.877143],[108.173269,40.879706],[108.178803,40.874579],[108.19752,40.838731],[108.208751,40.827908],[108.224213,40.817939],[108.240815,40.81391],[108.268891,40.826687],[108.283702,40.822943],[108.306733,40.810818],[108.33782,40.810167],[108.404796,40.820583],[108.437755,40.817003],[108.451752,40.808539],[108.467296,40.793321],[108.479747,40.775458],[108.484874,40.758979],[108.492605,40.752509],[108.52825,40.739773],[108.550873,40.717963],[108.576264,40.682725],[108.581065,40.670233],[108.590831,40.661566],[108.612885,40.65412],[108.670421,40.642646],[108.680268,40.632636],[108.687592,40.621039],[108.697195,40.612169],[108.713959,40.609931],[108.748057,40.617987],[108.766124,40.612169],[108.757091,40.58808],[108.763601,40.573188],[108.779796,40.564032],[108.81129,40.551866],[108.820323,40.546739],[108.830007,40.54328],[108.842377,40.54328],[108.848399,40.546942],[108.856456,40.5539],[108.86671,40.560736],[108.879405,40.563788],[108.88323,40.558417],[108.886648,40.546698],[108.891612,40.53498],[108.900401,40.529608],[108.913097,40.531684],[108.921397,40.534695],[108.929454,40.534369],[108.94101,40.526231],[108.950694,40.522162],[108.963796,40.521348],[108.989268,40.522773],[109.000255,40.526313],[109.004405,40.53498],[109.005626,40.556952],[109.015391,40.547431],[109.02589,40.545193],[109.03655,40.548855],[109.046641,40.556952],[109.046397,40.540635],[109.049897,40.528673],[109.057872,40.52501],[109.087332,40.546658],[109.098155,40.547227],[109.122325,40.529608],[109.150076,40.523708],[109.185069,40.520697],[109.207286,40.511908],[109.19752,40.488715],[109.222341,40.492051],[109.286713,40.522773],[109.279552,40.490424],[109.28712,40.488227],[109.335134,40.487331],[109.355479,40.483425],[109.396576,40.468207],[109.413097,40.477362],[109.459483,40.489814],[109.472341,40.502305],[109.460704,40.502305],[109.450043,40.504503],[109.439952,40.508857],[109.430919,40.515326],[109.447032,40.520819],[109.482514,40.524604],[109.499034,40.529608],[109.50587,40.51671],[109.519216,40.52265],[109.53655,40.535509],[109.554454,40.54328],[109.572846,40.542263],[109.582042,40.53913],[109.590831,40.539984],[109.608328,40.550727],[109.665131,40.496772],[109.69044,40.484687],[109.700857,40.477607],[109.71339,40.475287],[109.737641,40.492458],[109.749034,40.497829],[109.762299,40.501166],[109.789561,40.504014],[109.828054,40.515326],[109.883311,40.515326],[109.892507,40.519965],[109.901378,40.52265],[109.910655,40.522773],[109.916026,40.52029],[109.924246,40.512397],[109.931163,40.509141],[109.941498,40.505886],[109.952891,40.503974],[109.963634,40.508124],[109.972097,40.522773],[109.988292,40.511583],[109.999604,40.512803],[110.010183,40.51907],[110.023936,40.522773],[110.039643,40.520575],[110.054779,40.51671],[110.069021,40.515977],[110.08253,40.522773],[110.095225,40.510688],[110.102306,40.505398],[110.109874,40.502305],[110.122813,40.502875],[110.142589,40.512885],[110.153331,40.515326],[110.154307,40.518907],[110.167572,40.540229],[110.175141,40.541571],[110.202566,40.539618],[110.211681,40.537055],[110.223155,40.522773],[110.237804,40.482733],[110.246104,40.474433],[110.286388,40.483913],[110.30364,40.481391],[110.293549,40.461371],[110.306651,40.453192],[110.347097,40.453152],[110.355724,40.450792],[110.362071,40.4442],[110.403412,40.420437],[110.4192,40.398383],[110.430268,40.388495],[110.441417,40.38935],[110.456391,40.397081],[110.467377,40.394599],[110.475027,40.385077],[110.479096,40.372016],[110.486501,40.372016],[110.506847,40.381374],[110.542979,40.360541],[110.58074,40.331855],[110.606049,40.31741],[110.638194,40.32213],[110.658132,40.321804],[110.688487,40.305732],[110.727306,40.296739],[110.746104,40.290066],[110.76588,40.280341],[110.779796,40.276068],[110.814952,40.276435],[110.834402,40.273708],[110.864838,40.258816],[110.879893,40.255316],[110.941335,40.253282],[110.964854,40.262641],[110.987397,40.261664],[110.996593,40.265896],[111.014903,40.283393],[111.034679,40.296902],[111.061046,40.267198],[111.184825,40.208116],[111.209565,40.180447],[111.219737,40.172716],[111.231293,40.168972],[111.254975,40.166775],[111.277192,40.160753],[111.290701,40.159044],[111.302745,40.156073],[111.328298,40.11872],[111.33839,40.110663],[111.361339,40.097968],[111.369884,40.090847],[111.379893,40.062445],[111.380789,40.057318],[111.39739,40.047919],[111.405365,40.025824],[111.411388,39.981553],[111.436534,39.917304],[111.435313,39.90644],[111.423432,39.895941],[111.397227,39.830756],[111.365245,39.777533],[111.359467,39.750434],[111.369884,39.721503],[111.417572,39.683661],[111.420095,39.672431],[111.426768,39.658881],[111.435639,39.646593],[111.445567,39.638983],[111.463145,39.620185],[111.453624,39.617255],[111.425141,39.625312],[111.424246,39.617214],[111.425141,39.535956],[111.420909,39.52204],[111.372488,39.489081],[111.342377,39.444363],[111.316987,39.429389],[111.284109,39.424872],[111.199148,39.427069],[111.163992,39.423163],[111.134288,39.410509],[111.109874,39.385077],[111.118175,39.376044],[111.141205,39.367255],[111.150808,39.357123],[111.16684,39.364691],[111.174571,39.356757],[111.17921,39.342353],[111.184825,39.33043],[111.200206,39.320909],[111.214773,39.316352],[111.22462,39.310492],[111.226573,39.296942],[111.221609,39.283393],[111.158214,39.172797],[111.134207,39.099433],[111.117686,39.067328],[111.088634,39.042507],[111.021902,39.018581],[110.99464,39.00377],[110.972585,38.974189],[110.994151,38.937201],[111.00351,38.916083],[111.003429,38.902533],[110.994151,38.885281],[110.979991,38.816514],[110.969005,38.798855],[110.95753,38.785264],[110.948334,38.771104],[110.9428,38.739366],[110.937511,38.731553],[110.921397,38.717231],[110.91505,38.708441],[110.904307,38.679389],[110.871511,38.621283],[110.87322,38.61168],[110.875255,38.607489],[110.900645,38.58039],[110.901296,38.573676],[110.899018,38.545356],[110.896983,38.535346],[110.890717,38.525092],[110.876475,38.509955],[110.870128,38.501817],[110.865326,38.490302],[110.859467,38.467963],[110.85255,38.457099],[110.833751,38.445828],[110.792084,38.439561],[110.774018,38.426093],[110.755626,38.390408],[110.746104,38.377712],[110.711192,38.356798],[110.705089,38.354438],[110.700694,38.346747],[110.67099,38.316921],[110.659679,38.310004],[110.647472,38.305609],[110.634288,38.30329],[110.60434,38.301378],[110.589854,38.296698],[110.579275,38.287218],[110.568614,38.232204],[110.568614,38.226874],[110.559255,38.216905],[110.54713,38.210883],[110.532807,38.207872],[110.517019,38.207058],[110.510916,38.202094],[110.499604,38.166042],[110.509288,38.144965],[110.509044,38.128038],[110.499604,38.090359],[110.507091,38.011542],[110.507823,38.008653],[110.511648,38.005072],[110.513276,38.001003],[110.513601,37.98253],[110.513276,37.980496],[110.514171,37.97016],[110.51295,37.961249],[110.514903,37.954901],[110.524099,37.952501],[110.545095,37.949652],[110.562511,37.942003],[110.576915,37.93126],[110.588959,37.919013],[110.653087,37.813096],[110.674408,37.796169],[110.728933,37.773546],[110.742686,37.764757],[110.752859,37.745673],[110.743744,37.732449],[110.705089,37.713568],[110.727061,37.700263],[110.778901,37.67829],[110.794444,37.658311],[110.78769,37.652411],[110.770437,37.641181],[110.766612,37.637885],[110.766043,37.623969],[110.771007,37.613349],[110.777192,37.603868],[110.786713,37.573513],[110.788585,37.561347],[110.783702,37.555935],[110.775808,37.551866],[110.76946,37.542344],[110.746104,37.48017],[110.738455,37.469428],[110.715343,37.449774],[110.696218,37.439399],[110.653331,37.433905],[110.636729,37.418158],[110.630056,37.396552],[110.633311,37.379218],[110.646251,37.367703],[110.667898,37.363552],[110.687104,37.357123],[110.687511,37.342108],[110.67099,37.309516],[110.669363,37.301093],[110.670014,37.295722],[110.669688,37.290391],[110.664806,37.282172],[110.660818,37.2803],[110.647634,37.276638],[110.643565,37.274726],[110.64088,37.269639],[110.636729,37.256374],[110.633718,37.250841],[110.568614,37.178534],[110.536794,37.155382],[110.527599,37.144395],[110.516368,37.115017],[110.508718,37.101589],[110.496186,37.095974],[110.489268,37.091824],[110.478933,37.081651],[110.469493,37.069403],[110.465587,37.058783],[110.45989,37.051134],[110.446381,37.044257],[110.417735,37.035183],[110.417735,37.027696],[110.425385,37.027045],[110.445079,37.021511],[110.427257,37.010199],[110.40797,37.014757],[110.389171,37.021837],[110.373057,37.017768],[110.372813,37.00727],[110.3838,36.994981],[110.397878,36.984809],[110.407156,36.980536],[110.417979,36.967231],[110.412527,36.937527],[110.394786,36.906928],[110.369233,36.891181],[110.37672,36.878485],[110.400808,36.861111],[110.410818,36.849555],[110.403819,36.837266],[110.407237,36.829942],[110.414236,36.824001],[110.417735,36.816026],[110.414968,36.805121],[110.409109,36.795762],[110.397227,36.781317],[110.393077,36.780707],[110.385753,36.781033],[110.378998,36.779893],[110.37672,36.775092],[110.379893,36.769965],[110.3921,36.765001],[110.397227,36.76081],[110.399913,36.760525],[110.417735,36.753974],[110.412201,36.753689],[110.413097,36.745307],[110.416108,36.736151],[110.417735,36.733507],[110.439057,36.742255],[110.44101,36.726426],[110.432058,36.703966],[110.421153,36.692572],[110.410574,36.695014],[110.400483,36.698839],[110.392833,36.698554],[110.38974,36.688788],[110.393565,36.682318],[110.482921,36.592882],[110.489757,36.577338],[110.498546,36.524482],[110.499604,36.507595],[110.495942,36.483995],[110.482188,36.448554],[110.476329,36.404853],[110.458751,36.349311],[110.459076,36.327094],[110.470144,36.28616],[110.472992,36.263699],[110.469005,36.243232],[110.450613,36.206855],[110.445079,36.185411],[110.446869,36.141791],[110.497488,35.9796],[110.500662,35.933132],[110.505951,35.911973],[110.507091,35.900824],[110.510753,35.886786],[110.519542,35.885077],[110.530691,35.88703],[110.54127,35.883816],[110.560151,35.849148],[110.57545,35.71247],[110.611339,35.637722],[110.61964,35.597195],[110.602631,35.554226],[110.572765,35.52794],[110.555919,35.50849],[110.558442,35.499579],[110.562755,35.490749],[110.559255,35.470811],[110.552745,35.449897],[110.547455,35.438178],[110.537527,35.427761],[110.523448,35.416571],[110.5088,35.40766],[110.496186,35.403998],[110.468272,35.356024],[110.458751,35.343126],[110.444835,35.335028],[110.437104,35.322333],[110.431651,35.307807],[110.424571,35.294135],[110.417247,35.286404],[110.372569,35.255316],[110.357595,35.238227],[110.335134,35.197943],[110.326182,35.149197],[110.316905,35.125678],[110.310476,35.090888],[110.29184,35.05036],[110.284597,35.00963],[110.268647,34.959418],[110.259369,34.944688],[110.271007,34.913438],[110.272227,34.881456],[110.262706,34.851182],[110.242442,34.824897],[110.237234,34.801337],[110.241628,34.71894],[110.251964,34.663153],[110.269949,34.637274]],[[97.288178,34.835476],[97.301199,34.817979],[97.315929,34.81684],[97.352794,34.821804],[97.406342,34.817939],[97.424815,34.821804],[97.437266,34.828437],[97.484955,34.871283],[97.50172,34.876247],[97.546967,34.876003]]]}},{"type":"Feature","properties":{"kind":"rivers","name":"Qumar","source":"Natural Earth 1:10m"},"geometry":{"type":"MultiLineString","coordinates":[[[92.298595,35.222968],[92.201915,35.221706],[92.159434,35.225206],[92.141368,35.231147],[92.112234,35.235175],[92.08017,35.230414],[92.067475,35.219346]]]}},{"type":"Feature","properties":{"kind":"rivers","name":"Qumar","source":"Natural Earth 1:10m"},"geometry":{"type":"MultiLineString","coordinates":[[[90.949229,35.244696],[90.996593,35.23664],[91.158783,35.2449],[91.24171,35.233751],[91.276866,35.216376],[91.298595,35.209296],[91.341889,35.20543],[91.471934,35.208686],[91.601654,35.185574],[91.72226,35.180935],[91.739513,35.184027],[91.773367,35.194281],[91.790457,35.196723],[91.806163,35.19477],[91.846121,35.175808],[91.910655,35.160102],[91.977061,35.154731],[91.992198,35.156195],[92.0053,35.15998],[92.014578,35.1671],[92.017996,35.178982],[92.024913,35.191759],[92.056733,35.20246],[92.067475,35.219346]],[[92.298595,35.222968],[92.31601,35.223456],[92.33489,35.220893],[92.352794,35.215928],[92.367605,35.209296],[92.382823,35.215847],[92.401866,35.217841],[92.453705,35.214545],[92.488292,35.204779],[92.508067,35.202501],[92.573253,35.209296],[92.590017,35.204128],[92.609793,35.181016],[92.624522,35.175808],[92.650076,35.185492],[92.670665,35.206326],[92.694753,35.22545],[92.731212,35.230414],[92.768891,35.217353],[92.785737,35.216742],[92.911143,35.255479],[92.974132,35.260199],[93.011729,35.271348],[93.086192,35.281806],[93.10434,35.288764],[93.120616,35.298774],[93.138764,35.303738],[93.274343,35.310736],[93.31544,35.319037],[93.35434,35.332831],[93.361257,35.33869],[93.369884,35.34809],[93.380382,35.356879],[93.392019,35.360785],[93.402354,35.358669],[93.420421,35.349229],[93.425792,35.347113],[93.438731,35.345323],[93.47047,35.332831],[93.482351,35.331977],[93.506358,35.333604],[93.518321,35.332831],[93.633311,35.296576],[93.675792,35.291856],[93.768647,35.299343],[93.786632,35.295193],[93.826915,35.273505],[93.876475,35.23371],[93.896088,35.221625],[93.919851,35.216742],[94.011729,35.222968],[94.104747,35.216742],[94.129242,35.211982],[94.148367,35.199897],[94.221283,35.140245],[94.244151,35.126492],[94.28419,35.113064],[94.30421,35.096015],[94.321056,35.077582],[94.334483,35.065985],[94.376964,35.052273],[94.534109,35.034003],[94.557628,35.028347],[94.5796,35.020046],[94.597992,35.00727],[94.609386,35.002265],[94.621104,35.005968],[94.642345,35.018175],[94.654307,35.020209],[94.732595,35.017768],[94.752208,35.011257],[94.760265,34.993964],[94.769786,34.979193],[94.814138,34.957872],[94.827891,34.944688],[94.899425,34.9206],[94.929861,34.905137],[94.930186,34.883246],[94.946218,34.862128],[94.958914,34.836615],[94.965912,34.806952],[94.955496,34.718573],[94.944916,34.695014],[94.924083,34.677191]]]}},{"type":"Feature","properties":{"kind":"rivers","name":"Za’gya","source":"Natural Earth 1:10m"},"geometry":{"type":"MultiLineString","coordinates":[[[91.147878,33.070828],[91.150645,33.066474],[91.171804,33.04324],[91.177664,33.032579],[91.179291,33.02204],[91.179861,33.011013],[91.181895,32.998847],[91.207042,32.953681],[91.210053,32.939399],[91.204682,32.924994],[91.182628,32.896593],[91.175792,32.881212],[91.174897,32.867377],[91.178233,32.856635],[91.184825,32.846991],[91.194591,32.836493],[91.201427,32.831244],[91.206391,32.82921],[91.209972,32.825507],[91.212901,32.815009],[91.213145,32.805976],[91.211355,32.798611],[91.132904,32.657416],[91.119395,32.64057],[91.10255,32.626736],[90.943451,32.553656],[90.901947,32.525906],[90.891124,32.532416],[90.881114,32.532782],[90.838471,32.520616],[90.822683,32.51907],[90.804291,32.513373],[90.743175,32.470649],[90.722667,32.443915],[90.723643,32.432563],[90.728282,32.420966],[90.730886,32.409695],[90.726085,32.398953],[90.714122,32.380194],[90.700125,32.33454],[90.687999,32.313585],[90.680593,32.30683],[90.667003,32.298407],[90.661143,32.293077],[90.655772,32.282782],[90.651541,32.271552],[90.644623,32.262641],[90.613292,32.253974],[90.57366,32.230902],[90.55185,32.224189],[90.532237,32.225124],[90.498953,32.235297],[90.479991,32.23786],[90.201915,32.210557],[90.154796,32.211493],[90.139578,32.209418],[90.108897,32.200019],[90.093679,32.197089],[90.074474,32.197048],[90.01767,32.205105],[89.998464,32.204372],[89.971283,32.196641],[89.895437,32.16116],[89.866954,32.156562],[89.780854,32.153388],[89.758556,32.146674],[89.735362,32.13581],[89.694835,32.108181],[89.690522,32.102362],[89.682872,32.084988],[89.677745,32.077094],[89.66627,32.071641],[89.65325,32.073594],[89.6303,32.080837],[89.61378,32.073269],[89.583751,32.039984],[89.567882,32.032416],[89.51295,31.9949],[89.497651,31.988064],[89.473155,31.983018],[89.448253,31.982123],[89.431651,31.987738],[89.423269,31.991726],[89.401947,31.99376],[89.393891,31.998318],[89.389171,32.007839],[89.389171,32.029608],[89.386974,32.039862],[89.374115,32.057196],[89.358328,32.064765],[89.339447,32.063096],[89.317963,32.052924],[89.311127,32.046698],[89.299327,32.031928],[89.290619,32.02558],[89.280528,32.022325],[89.249766,32.02558],[89.2081,32.02558],[89.19752,32.028184],[89.188569,32.031521],[89.179291,32.031765],[89.167247,32.02558],[89.148367,32.041124],[89.124766,32.051947],[89.099539,32.058295],[89.074718,32.06037],[88.996104,32.038357],[88.939138,32.00255],[88.93214,31.989814],[88.954275,31.97781],[88.966238,31.977322],[89.002208,31.980902],[89.000662,31.950303],[89.002208,31.936835]]]}},{"type":"Feature","properties":{"kind":"rivers","name":null,"source":"Natural Earth 1:10m"},"geometry":{"type":"MultiLineString","coordinates":[[[90.661143,36.406277],[90.608409,36.407416],[90.580577,36.404812],[90.542003,36.388251],[90.5171,36.394232],[90.469493,36.413682],[90.446869,36.415961],[90.284434,36.413682],[90.265066,36.421251],[90.223074,36.443223],[90.205333,36.447821],[90.183849,36.450385],[90.120046,36.46894],[90.088145,36.471381],[90.078298,36.475165],[90.070567,36.4831],[90.066173,36.492051],[90.060151,36.499457],[90.047944,36.502509],[90.003429,36.505927],[89.962332,36.51614],[89.853282,36.559638],[89.811534,36.570746],[89.742279,36.566107],[89.725841,36.572455],[89.715343,36.589382],[89.682872,36.70893],[89.681163,36.730089],[89.678152,36.73961],[89.664236,36.752712],[89.661225,36.764228],[89.661876,36.776719],[89.663666,36.788357],[89.667735,36.799099],[89.674327,36.808621],[89.685802,36.817003],[89.726085,36.838446],[89.740164,36.8428],[89.746511,36.854315],[89.756847,36.925889],[89.756277,36.948839],[89.73878,37.020331],[89.736746,37.037299],[89.737234,37.054551],[89.74114,37.072089],[89.749441,37.089789],[89.763927,37.106635],[89.782319,37.123358],[89.797944,37.141384],[89.809825,37.183702],[89.823009,37.203152],[89.924815,37.291815],[89.942882,37.304226],[90.010753,37.329372],[90.050304,37.358466],[90.061697,37.389919],[90.047537,37.418647],[90.010753,37.439236],[89.825206,37.487006],[89.812999,37.493028],[89.792572,37.508857],[89.780772,37.512071],[89.759207,37.508734],[89.748953,37.508328],[89.736339,37.512071],[89.656505,37.564032]]]}},{"type":"Feature","properties":{"kind":"rivers","name":"Dam","source":"Natural Earth 1:10m"},"geometry":{"type":"MultiLineString","coordinates":[[[94.31601,32.639716],[94.237234,32.688096],[94.236095,32.69241],[94.238048,32.704128],[94.237234,32.708564],[94.232351,32.713894],[94.221121,32.72366],[94.216726,32.729071],[94.198985,32.758124],[94.192963,32.774848],[94.186697,32.783393],[94.182709,32.792344],[94.188975,32.81155],[94.185964,32.823025],[94.180105,32.832953],[94.175141,32.838935],[94.158621,32.847357],[94.108979,32.857937],[94.089773,32.859442],[94.069753,32.86579],[94.036388,32.895697],[94.017507,32.904975],[93.992198,32.904608],[93.949148,32.888617],[93.888194,32.879828],[93.875499,32.881537],[93.852794,32.890326],[93.834239,32.900336],[93.808116,32.922065],[93.731212,33.002794],[93.691335,33.029853],[93.668224,33.039862],[93.645518,33.043769],[93.624115,33.049913],[93.606212,33.064276],[93.590017,33.080512],[93.573985,33.092149],[93.516775,33.107204],[93.501475,33.1164],[93.482432,33.141547],[93.443126,33.181505],[93.390554,33.223212],[93.382335,33.239285],[93.377045,33.260281],[93.36378,33.271064],[93.327078,33.283962],[93.262218,33.322618],[93.255056,33.328681],[93.245942,33.338162],[93.237071,33.343329],[93.227061,33.345567],[93.214122,33.346015],[93.201427,33.348578],[93.194021,33.35456],[93.188731,33.361518],[93.183116,33.367133],[93.148936,33.386664],[93.132416,33.391954],[93.090424,33.396186],[93.071218,33.402411],[93.053722,33.41116],[93.039073,33.421088],[93.013438,33.443468],[92.996593,33.452338],[92.954194,33.460028],[92.937999,33.470323],[92.851654,33.550605],[92.837006,33.558295],[92.818858,33.565294],[92.811615,33.582221],[92.806407,33.622626],[92.80128,33.627265],[92.792898,33.632514],[92.786876,33.63878],[92.789154,33.646552],[92.795339,33.656684],[92.795828,33.667426],[92.792572,33.687812],[92.761974,33.707953],[92.763682,33.711941],[92.759776,33.738634],[92.758556,33.742377],[92.737397,33.899441],[92.731863,33.919379],[92.710704,33.950466],[92.710704,33.971462],[92.721609,33.989325],[92.740001,34.005683],[92.760834,34.018744],[92.778901,34.026679],[92.840343,34.034491],[92.860362,34.03974],[92.878917,34.050605],[92.92921,34.094997]]]}}]}