{"type":"FeatureCollection","features":[{"type":"Feature","properties":{"kind":"lakes","name":"巴尔喀什湖","source":"Natural Earth 1:10m"},"geometry":{"type":"Polygon","coordinates":[[[79.052521,46.464019],[79.025733,46.4337],[78.992176,46.407207],[78.953026,46.38513],[78.908577,46.368351],[78.884144,46.365113],[78.794658,46.377771],[78.731075,46.396316],[78.711353,46.394549],[78.67544,46.379831],[78.655129,46.374827],[78.638939,46.37365],[78.622749,46.374533],[78.607736,46.377476],[78.593901,46.382186],[78.546803,46.40603],[78.525314,46.409268],[78.472035,46.406913],[78.456139,46.402497],[78.440832,46.395138],[78.426114,46.383364],[78.417872,46.367468],[78.421698,46.34804],[78.434356,46.338032],[78.467619,46.329201],[78.477039,46.320075],[78.471151,46.294466],[78.440832,46.287401],[78.404625,46.295054],[78.380193,46.313305],[78.387846,46.313305],[78.366947,46.339798],[78.338099,46.356577],[78.306896,46.362169],[78.278932,46.354222],[78.292178,46.34804],[78.261859,46.330967],[78.14794,46.345979],[78.107317,46.34127],[78.107317,46.333616],[78.117031,46.332439],[78.126157,46.333027],[78.134988,46.335971],[78.142641,46.34127],[78.150589,46.33391],[78.160303,46.329495],[78.170606,46.327434],[78.18238,46.327434],[78.164424,46.312422],[78.132044,46.311539],[78.042852,46.324785],[78.02048,46.336854],[77.976914,46.368351],[77.871237,46.425752],[77.811481,46.438704],[77.757613,46.423103],[77.757613,46.415449],[77.777335,46.421631],[77.799118,46.423986],[77.820607,46.42222],[77.839152,46.415449],[77.822667,46.409562],[77.800884,46.405441],[77.76144,46.402497],[77.743778,46.396021],[77.728765,46.383658],[77.713753,46.375416],[77.695502,46.382186],[77.705216,46.390723],[77.737302,46.409268],[77.595124,46.41957],[77.485032,46.460487],[77.451474,46.488157],[77.433224,46.499343],[77.411735,46.506113],[77.387303,46.506408],[77.364342,46.499049],[77.316067,46.475794],[77.283098,46.467846],[77.264553,46.454011],[77.253661,46.451067],[77.243947,46.453422],[77.236883,46.458721],[77.230701,46.465491],[77.222753,46.47079],[77.203325,46.478149],[77.179776,46.483742],[77.156521,46.483742],[77.137682,46.474617],[77.118254,46.459604],[77.09706,46.45195],[77.073216,46.449596],[77.044663,46.451067],[76.928978,46.478443],[76.9278,46.457249],[76.912493,46.457838],[76.792098,46.51936],[76.752065,46.532606],[76.397356,46.540848],[76.3794,46.545264],[76.304043,46.575583],[76.281082,46.579116],[76.263126,46.573817],[76.27755,46.567636],[76.28432,46.566458],[76.28432,46.560276],[76.264009,46.56322],[76.256945,46.566458],[76.257828,46.545264],[76.246347,46.544381],[76.228097,46.551151],[76.208374,46.553506],[76.214556,46.532312],[76.199249,46.527308],[76.124186,46.535256],[76.084741,46.54497],[76.061781,46.547324],[76.057366,46.542909],[76.061781,46.533195],[76.069435,46.523775],[76.075616,46.51936],[76.079737,46.517299],[76.078265,46.512884],[76.07385,46.508174],[76.068551,46.506408],[76.062075,46.507291],[76.049418,46.511412],[76.044708,46.512295],[75.941681,46.506408],[75.941681,46.512295],[75.949334,46.513178],[75.969351,46.51936],[75.960814,46.531429],[75.951983,46.534961],[75.924607,46.532901],[75.892227,46.54497],[75.873977,46.547619],[75.859553,46.52613],[75.843952,46.521126],[75.808039,46.51936],[75.800974,46.517299],[75.783901,46.50788],[75.777131,46.506408],[75.771244,46.509646],[75.767417,46.516416],[75.762707,46.522598],[75.752993,46.525542],[75.724734,46.530251],[75.710016,46.53084],[75.695298,46.525542],[75.686172,46.51465],[75.67793,46.490807],[75.667333,46.484625],[75.657619,46.485214],[75.654381,46.490512],[75.651732,46.496105],[75.643195,46.498754],[75.636131,46.496988],[75.611993,46.484625],[75.594036,46.478149],[75.576669,46.474028],[75.537519,46.47079],[75.548116,46.484625],[75.579024,46.501992],[75.585206,46.515828],[75.576375,46.52613],[75.52074,46.556744],[75.475996,46.603842],[75.468637,46.615028],[75.470698,46.626803],[75.478351,46.632396],[75.486005,46.635339],[75.489537,46.638872],[75.490715,46.648586],[75.493953,46.655356],[75.500429,46.660066],[75.510143,46.662715],[75.513969,46.649763],[75.516913,46.64211],[75.515736,46.626803],[75.533103,46.620916],[75.556358,46.624154],[75.571665,46.635339],[75.561068,46.641521],[75.563423,46.647997],[75.573137,46.653001],[75.585206,46.655945],[75.573137,46.670957],[75.552531,46.676845],[75.491598,46.675667],[75.479234,46.673312],[75.468049,46.668897],[75.455685,46.662715],[75.427132,46.638872],[75.417418,46.635339],[75.401522,46.626214],[75.402405,46.60502],[75.411531,46.581765],[75.42095,46.566458],[75.427721,46.560571],[75.434491,46.55645],[75.43979,46.549679],[75.44185,46.536433],[75.445088,46.524953],[75.45333,46.517299],[75.475996,46.506408],[75.475702,46.503464],[75.475113,46.501404],[75.47423,46.499932],[75.472464,46.499343],[75.460101,46.494045],[75.445971,46.496694],[75.435669,46.495222],[75.434491,46.478443],[75.430076,46.483742],[75.41889,46.493456],[75.41418,46.498754],[75.4027,46.48227],[75.38857,46.46608],[75.371497,46.455483],[75.352658,46.457249],[75.354718,46.460487],[75.356779,46.467552],[75.35884,46.47079],[75.340883,46.474617],[75.332641,46.489335],[75.332936,46.504936],[75.342061,46.512295],[75.356779,46.515828],[75.352364,46.522892],[75.336762,46.529957],[75.318217,46.532901],[75.278478,46.529074],[75.262582,46.522304],[75.256401,46.509352],[75.260816,46.50523],[75.27995,46.496399],[75.283482,46.491984],[75.277301,46.486391],[75.242566,46.478443],[75.266998,46.460487],[75.276123,46.449007],[75.266704,46.443414],[75.251691,46.438704],[75.227259,46.418687],[75.208419,46.415449],[75.214601,46.423103],[75.200472,46.422808],[75.176923,46.417216],[75.163382,46.415449],[75.153373,46.419865],[75.146309,46.426635],[75.139833,46.428107],[75.132768,46.415449],[75.12276,46.42428],[75.111574,46.430756],[75.09921,46.434877],[75.084492,46.437527],[75.084492,46.443414],[75.10186,46.454011],[75.127175,46.479032],[75.146603,46.484625],[75.132768,46.49846],[75.110985,46.490807],[75.074484,46.460781],[75.058588,46.439882],[75.049463,46.41957],[75.037983,46.401909],[75.0162,46.388957],[74.995005,46.38513],[74.972045,46.386896],[74.949673,46.393666],[74.931128,46.40603],[74.910229,46.415155],[74.896394,46.403969],[74.866074,46.331556],[74.86107,46.313599],[74.859009,46.29005],[74.853416,46.267679],[74.839581,46.249134],[74.792777,46.204979],[74.785124,46.191438],[74.786301,46.17672],[74.800725,46.159353],[74.811617,46.139041],[74.801314,46.120496],[74.781297,46.105484],[74.763047,46.094592],[74.708295,46.073693],[74.691222,46.090766],[74.655898,46.082524],[74.628228,46.059563],[74.632643,46.032776],[74.560524,46.008638],[74.551104,46.013348],[74.543745,46.009227],[74.533148,45.994803],[74.521079,45.98921],[74.511365,45.992154],[74.49547,46.0054],[74.459263,46.028949],[74.443661,46.036014],[74.423939,46.038663],[74.398624,46.03572],[74.353292,46.021296],[74.331509,46.018352],[74.302367,46.020413],[74.290003,46.018352],[74.279995,46.013937],[74.258506,46.00069],[74.231425,45.988621],[74.230247,45.967722],[74.239667,45.944761],[74.249676,45.929749],[74.26616,45.909732],[74.279112,45.890304],[74.28706,45.86911],[74.290003,45.843794],[74.293241,45.834375],[74.308254,45.815241],[74.311786,45.809942],[74.313553,45.804055],[74.322089,45.79493],[74.32415,45.789042],[74.322383,45.785804],[74.318262,45.783155],[74.314141,45.7808],[74.311786,45.77874],[74.30531,45.767848],[74.296774,45.759312],[74.28706,45.753424],[74.276168,45.751658],[74.281467,45.762255],[74.27764,45.769909],[74.26822,45.774913],[74.256446,45.77874],[74.245849,45.774619],[74.237312,45.767554],[74.231719,45.759312],[74.228481,45.751658],[74.230542,45.731641],[74.239667,45.721044],[74.255268,45.72075],[74.276168,45.731641],[74.327388,45.701911],[74.339162,45.690725],[74.331509,45.683071],[74.339162,45.676301],[74.322972,45.660111],[74.299717,45.662466],[74.249676,45.683071],[74.26145,45.666881],[74.27087,45.650103],[74.27087,45.630675],[74.256446,45.608009],[74.23584,45.595351],[74.1596,45.580927],[74.12045,45.562088],[74.084537,45.539127],[74.071585,45.520877],[74.070408,45.504687],[74.079827,45.489969],[74.098078,45.477017],[74.070113,45.426386],[74.07394,45.411668],[74.089541,45.390473],[74.091308,45.374872],[74.08542,45.363392],[74.076589,45.356916],[74.072763,45.349851],[74.081005,45.337194],[74.095134,45.328363],[74.113091,45.32483],[74.131047,45.326302],[74.145765,45.333956],[74.140761,45.340432],[74.142233,45.346319],[74.148709,45.351323],[74.1596,45.354267],[74.167842,45.318649],[74.160778,45.287446],[74.14812,45.256538],[74.139583,45.223863],[74.139878,45.205024],[74.148709,45.133788],[74.17373,45.087278],[74.159306,45.073149],[74.140172,45.062552],[74.116917,45.055487],[74.087775,45.053132],[74.074823,45.050189],[74.069819,45.042829],[74.072174,45.032527],[74.081005,45.021635],[74.118978,45.036353],[74.132224,45.039003],[74.116329,45.015454],[74.111913,45.004856],[74.127809,44.998969],[74.140172,44.98484],[74.144293,44.970416],[74.136051,44.96394],[74.126043,44.966589],[74.098078,44.991021],[74.080711,44.986017],[74.001821,44.998086],[74.006531,45.007211],[74.009474,45.011038],[74.004176,45.013982],[73.993873,45.02193],[73.98828,45.024579],[73.999172,45.031938],[74.029197,45.045773],[74.035967,45.053132],[74.031552,45.060491],[73.998877,45.083746],[73.991813,45.094638],[73.988575,45.105529],[73.98828,45.131433],[73.994167,45.137615],[74.024487,45.13997],[74.035967,45.14203],[74.025664,45.145562],[74.015656,45.15145],[74.007414,45.159398],[74.001821,45.169112],[74.008003,45.177943],[74.00447,45.186479],[73.994462,45.193249],[73.98151,45.196487],[73.98151,45.202964],[73.99976,45.201492],[74.007119,45.207085],[74.003293,45.215916],[73.98828,45.223863],[73.957666,45.213855],[73.925875,45.212678],[73.896144,45.220625],[73.872301,45.237404],[73.868768,45.242703],[73.86347,45.252711],[73.858466,45.25801],[73.853756,45.260659],[73.84463,45.262425],[73.838154,45.26478],[73.824319,45.272139],[73.813134,45.281264],[73.811367,45.29245],[73.824319,45.30658],[73.801948,45.320415],[73.728357,45.354267],[73.742486,45.358388],[73.747785,45.357799],[73.756027,45.354267],[73.762503,45.361037],[73.739542,45.368102],[73.717465,45.380465],[73.697448,45.396655],[73.680375,45.415789],[73.668601,45.436394],[73.648878,45.482609],[73.635632,45.501449],[73.617087,45.514989],[73.537903,45.557084],[73.519064,45.56356],[73.471082,45.566503],[73.455187,45.572685],[73.436642,45.588286],[73.425162,45.60742],[73.429871,45.624787],[73.433698,45.632735],[73.434287,45.643921],[73.433404,45.665704],[73.437231,45.676301],[73.44665,45.67895],[73.491394,45.674829],[73.506112,45.675418],[73.513765,45.685721],[73.516709,45.724871],[73.52083,45.73223],[73.527895,45.736057],[73.539669,45.737234],[73.552327,45.74165],[73.559392,45.750186],[73.55792,45.755779],[73.543202,45.751658],[73.523185,45.76726],[73.466373,45.772264],[73.443707,45.782272],[73.424279,45.795518],[73.423101,45.8017],[73.433404,45.813475],[73.439291,45.816418],[73.468139,45.826721],[73.471377,45.831431],[73.472554,45.837318],[73.476381,45.842911],[73.487861,45.847032],[73.514943,45.819362],[73.522596,45.813475],[73.567339,45.811414],[73.57411,45.809942],[73.587356,45.822306],[73.590006,45.829665],[73.591183,45.857335],[73.593538,45.867638],[73.59972,45.873819],[73.612083,45.874997],[73.609728,45.879707],[73.606784,45.890892],[73.604724,45.895602],[73.62739,45.897368],[73.645935,45.908554],[73.652116,45.925627],[73.63887,45.943878],[73.664774,45.962717],[73.672722,45.973314],[73.663302,45.978024],[73.653588,45.981557],[73.665657,45.988621],[73.688029,45.995686],[73.707457,45.998041],[73.705691,45.993331],[73.702747,45.98244],[73.700981,45.978024],[73.729828,45.97302],[73.742781,45.972726],[73.756027,45.978024],[73.738071,45.985678],[73.735421,45.994214],[73.737776,46.004811],[73.735127,46.018352],[73.727179,46.026594],[73.714522,46.034248],[73.660653,46.058386],[73.640636,46.073104],[73.637398,46.091649],[73.65977,46.115198],[73.649761,46.117847],[73.641225,46.122263],[73.635043,46.129033],[73.632688,46.138747],[73.636809,46.141691],[73.646229,46.143163],[73.655649,46.147578],[73.668601,46.179369],[73.689206,46.188495],[73.714227,46.189083],[73.735127,46.18349],[73.739248,46.207334],[73.753672,46.224701],[73.769273,46.230883],[73.776632,46.220875],[73.783403,46.204685],[73.83109,46.162296],[73.847574,46.192321],[73.858171,46.199386],[73.879071,46.204685],[73.897616,46.20704],[73.913806,46.206745],[73.929996,46.203507],[73.973562,46.184668],[73.984748,46.184374],[74.001821,46.190261],[74.03214,46.207923],[74.045092,46.219403],[74.050391,46.231177],[74.040971,46.222935],[74.030963,46.221169],[74.005648,46.223818],[73.995934,46.227351],[73.995345,46.236182],[74.001821,46.25561],[73.997111,46.265029],[73.985631,46.263852],[73.971796,46.259436],[73.960904,46.259142],[73.954723,46.266795],[73.948835,46.288873],[73.940593,46.29947],[73.955606,46.310067],[73.972973,46.315071],[73.982393,46.322725],[73.974739,46.34127],[74.070113,46.415449],[74.101316,46.433406],[74.13399,46.441353],[74.167254,46.440176],[74.2014,46.429873],[74.218473,46.440176],[74.232897,46.456366],[74.249381,46.471673],[74.27293,46.478443],[74.299717,46.48227],[74.351231,46.497577],[74.379196,46.498754],[74.377724,46.50994],[74.390676,46.533784],[74.394208,46.550268],[74.399801,46.56322],[74.413931,46.571462],[74.499885,46.591479],[74.512543,46.597955],[74.519902,46.600016],[74.52785,46.597661],[74.534326,46.597072],[74.536975,46.604431],[74.536092,46.62798],[74.559935,46.722177],[74.571121,46.738956],[74.587606,46.748081],[74.59732,46.746903],[74.606739,46.742194],[74.622341,46.738956],[74.637942,46.743077],[74.633232,46.752791],[74.611449,46.772513],[74.763047,46.779872],[74.80779,46.772513],[74.849001,46.772513],[74.86107,46.778695],[74.875199,46.809014],[74.886385,46.821083],[74.928185,46.804599],[74.947024,46.80401],[74.964686,46.830503],[74.983231,46.834918],[74.998244,46.827853],[74.995594,46.806659],[74.987058,46.800772],[74.976166,46.798123],[74.969985,46.793119],[74.975283,46.779872],[74.986175,46.771924],[74.998832,46.772219],[75.010607,46.776928],[75.019438,46.78311],[75.033567,46.7993],[75.041221,46.804599],[75.069774,46.81078],[75.069774,46.820494],[75.064181,46.831975],[75.064475,46.840806],[75.084787,46.849931],[75.093029,46.831975],[75.098033,46.806365],[75.108924,46.793707],[75.12276,46.788703],[75.180455,46.758972],[75.246392,46.741899],[75.266704,46.728064],[75.285837,46.721294],[75.312624,46.723354],[75.35884,46.731596],[75.489537,46.734246],[75.589621,46.763682],[75.609049,46.765743],[75.628477,46.770158],[75.669982,46.789292],[75.684701,46.793707],[75.692943,46.79253],[75.707072,46.787231],[75.712077,46.786348],[75.722379,46.788114],[75.740041,46.79724],[75.749755,46.800478],[75.769772,46.799889],[75.804801,46.788997],[75.821874,46.786348],[75.854254,46.798123],[75.888401,46.821083],[75.924607,46.835213],[75.961992,46.821083],[75.93962,46.810192],[75.946096,46.796945],[75.957282,46.783405],[75.94904,46.772513],[75.94904,46.765743],[75.970234,46.766626],[75.987896,46.769275],[76.003203,46.77369],[76.017332,46.779872],[76.028518,46.787526],[76.035583,46.794002],[76.043825,46.798711],[76.058249,46.800478],[76.069435,46.786054],[76.076499,46.781344],[76.079443,46.789881],[76.100637,46.803716],[76.148619,46.801949],[76.22898,46.786348],[76.328769,46.744548],[76.362916,46.738956],[76.371452,46.730419],[76.374101,46.710697],[76.372924,46.673312],[76.378517,46.658888],[76.390291,46.646231],[76.402066,46.644759],[76.40707,46.662715],[76.490375,46.629158],[76.510392,46.615323],[76.5204,46.613556],[76.524522,46.625331],[76.524522,46.63946],[76.525993,46.646231],[76.530114,46.650352],[76.538062,46.655945],[76.548071,46.660949],[76.597229,46.675667],[76.609593,46.675079],[76.660518,46.665953],[76.682006,46.665953],[76.701729,46.671252],[76.722334,46.683909],[76.728221,46.675373],[76.729988,46.665659],[76.726455,46.656239],[76.715564,46.649469],[76.729988,46.631513],[76.757364,46.617972],[76.850677,46.591479],[76.907489,46.56793],[76.935454,46.560276],[76.909844,46.585297],[76.868339,46.617972],[76.832721,46.652707],[76.825362,46.683909],[76.84008,46.690974],[76.861568,46.681849],[76.911316,46.640638],[76.920441,46.636811],[76.932216,46.635339],[76.94399,46.635928],[76.969306,46.64211],[77.019348,46.64682],[77.062619,46.635634],[77.100886,46.610613],[77.133855,46.573817],[77.135621,46.566164],[77.132678,46.559982],[77.13415,46.554095],[77.148279,46.547324],[77.159759,46.546736],[77.227757,46.55851],[77.240415,46.571168],[77.250423,46.586769],[77.26367,46.601193],[77.283392,46.61179],[77.306941,46.617972],[77.389069,46.623565],[77.462954,46.64211],[77.619262,46.631807],[77.647815,46.64211],[77.628093,46.64682],[77.614552,46.656534],[77.614258,46.665953],[77.634863,46.670074],[77.642222,46.668014],[77.660178,46.6583],[77.669009,46.655945],[77.678429,46.657417],[77.709926,46.670074],[77.729943,46.655356],[77.767032,46.648586],[77.839152,46.649469],[77.87683,46.658005],[77.893609,46.657711],[77.958958,46.627097],[78.038436,46.601193],[78.058453,46.597072],[78.072288,46.598249],[78.118503,46.611201],[78.134399,46.61179],[78.149117,46.606786],[78.162364,46.594423],[78.18238,46.560276],[78.19651,46.551151],[78.217115,46.560276],[78.231833,46.545264],[78.244197,46.499049],[78.258032,46.478443],[78.267452,46.472556],[78.29836,46.459604],[78.309546,46.457249],[78.326619,46.461665],[78.331034,46.47285],[78.326619,46.502581],[78.332506,46.509057],[78.359293,46.522892],[78.367241,46.532901],[78.365475,46.544086],[78.349873,46.567341],[78.346047,46.57735],[78.347813,46.63269],[78.3537,46.66301],[78.367241,46.683909],[78.380487,46.670957],[78.387846,46.653001],[78.388141,46.632984],[78.380193,46.615028],[78.402565,46.604137],[78.410807,46.617972],[78.413456,46.641227],[78.418755,46.659183],[78.42788,46.667425],[78.4373,46.672724],[78.447602,46.675373],[78.459671,46.676256],[78.464087,46.67184],[78.455256,46.660949],[78.435533,46.64211],[78.436417,46.632984],[78.441421,46.620032],[78.448485,46.607669],[78.456139,46.601193],[78.461437,46.60502],[78.475273,46.624448],[78.480571,46.629158],[78.488519,46.633868],[78.49058,46.644759],[78.49058,46.657122],[78.493818,46.666542],[78.510891,46.681849],[78.531496,46.69745],[78.573296,46.717173],[78.580949,46.72777],[78.58507,46.738956],[78.590958,46.748375],[78.60391,46.751908],[78.627459,46.748964],[78.68957,46.731596],[78.703699,46.732185],[78.730486,46.738367],[78.744027,46.738956],[78.755213,46.73454],[78.771992,46.720411],[78.782589,46.717173],[78.792891,46.708342],[78.807021,46.686853],[78.817912,46.662126],[78.819679,46.64211],[78.815852,46.638577],[78.808493,46.634751],[78.792597,46.629158],[78.792597,46.621799],[78.923,46.630041],[78.93242,46.635928],[78.919174,46.652707],[78.903278,46.660949],[78.864128,46.670074],[78.847643,46.676256],[78.798484,46.730419],[78.768459,46.747492],[78.769048,46.766331],[78.779645,46.785171],[78.795835,46.793707],[78.819973,46.796062],[78.866188,46.805776],[78.887971,46.806659],[78.924178,46.793119],[78.954203,46.769864],[78.987172,46.749553],[79.031915,46.745137],[79.0275,46.753674],[79.026617,46.763093],[79.026617,46.77369],[79.025145,46.786348],[79.016608,46.804893],[79.018669,46.811958],[79.031915,46.821083],[79.049577,46.821672],[79.118753,46.816079],[79.138475,46.809897],[79.169383,46.786348],[79.179686,46.77634],[79.191166,46.757206],[79.197937,46.74867],[79.225607,46.736012],[79.237676,46.713935],[79.258576,46.662715],[79.240031,46.622976],[79.222074,46.604137],[79.199997,46.611201],[79.183218,46.612673],[79.093437,46.601193],[79.079013,46.596483],[79.075481,46.593834],[79.075775,46.587947],[79.068122,46.554978],[79.065473,46.494928],[79.061352,46.479621],[79.052521,46.464019]]]}},{"type":"Feature","properties":{"kind":"lakes","name":null,"source":"Natural Earth 1:10m"},"geometry":{"type":"Polygon","coordinates":[[[81.37417,46.096359],[81.375642,46.093415],[81.37682,46.090471],[81.375937,46.088116],[81.375642,46.087233],[81.368872,46.101657],[81.371816,46.099008],[81.37417,46.096359]]]}},{"type":"Feature","properties":{"kind":"lakes","name":"博斯腾湖","source":"Natural Earth 1:10m"},"geometry":{"type":"Polygon","coordinates":[[[87.433656,41.848979],[87.416877,41.839265],[87.378316,41.844563],[87.310023,41.866052],[87.312672,41.870173],[87.316499,41.872822],[87.307079,41.884008],[87.296482,41.893428],[87.28147,41.884302],[87.24909,41.892839],[87.212294,41.906674],[87.133993,41.921981],[87.049511,41.911973],[86.914692,41.876355],[86.874953,41.872822],[86.844339,41.865757],[86.786644,41.834555],[86.753381,41.82543],[86.737485,41.833966],[86.698334,41.833377],[86.680084,41.845446],[86.725416,41.85516],[86.734247,41.858987],[86.735424,41.864286],[86.734836,41.871056],[86.733069,41.876943],[86.730715,41.879593],[86.721589,41.882536],[86.721295,41.889601],[86.727182,41.904025],[86.73042,41.909029],[86.745138,41.92463],[86.748376,41.931106],[86.750143,41.945824],[86.754852,41.960248],[86.763095,41.972612],[86.775164,41.98262],[86.802834,41.991451],[86.827266,41.993217],[86.844339,42.002637],[86.850815,42.034134],[86.845811,42.03796],[86.836097,42.048852],[86.829621,42.060038],[86.833742,42.065336],[86.837569,42.069163],[86.830504,42.077994],[86.818729,42.087414],[86.809898,42.092418],[86.81402,42.10066],[86.814314,42.106547],[86.810782,42.112435],[86.803128,42.119794],[86.816669,42.133629],[86.834919,42.121265],[86.857585,42.115378],[86.93412,42.11008],[87.073943,42.060921],[87.169906,42.047969],[87.187273,42.051501],[87.196399,42.04738],[87.253211,42.035017],[87.311789,42.032073],[87.337399,42.023537],[87.354472,42.002931],[87.357416,41.974966],[87.351234,41.913739],[87.364186,41.91786],[87.377433,41.91315],[87.38803,41.902847],[87.391856,41.89019],[87.398332,41.881359],[87.42718,41.858693],[87.433656,41.848979]]]}},{"type":"Feature","properties":{"kind":"lakes","name":null,"source":"Natural Earth 1:10m"},"geometry":{"type":"Polygon","coordinates":[[[84.226559,47.724781],[84.213018,47.73214],[84.220672,47.729196],[84.226559,47.724781]]]}},{"type":"Feature","properties":{"kind":"lakes","name":"哈尔乌苏湖","source":"Natural Earth 1:10m"},"geometry":{"type":"Polygon","coordinates":[[[92.816987,48.249338],[92.823463,48.228732],[92.827584,48.207833],[92.816987,48.187816],[92.695709,48.088026],[92.679814,48.08155],[92.544112,48.096857],[92.532043,48.095091],[92.524095,48.088909],[92.514381,48.070953],[92.508199,48.067421],[92.489066,48.061828],[92.473464,48.048876],[92.458746,48.033275],[92.442556,48.020028],[92.428132,48.012669],[92.364255,47.992064],[92.351303,47.985293],[92.32275,47.951736],[92.300673,47.919356],[92.282716,47.883738],[92.268587,47.865781],[92.261228,47.846648],[92.26476,47.823393],[92.270647,47.80161],[92.272119,47.787481],[92.255635,47.773351],[92.227965,47.763931],[92.199117,47.761576],[92.157317,47.776295],[92.098444,47.759516],[92.073129,47.759516],[92.059294,47.771585],[92.053995,47.788952],[92.050463,47.807792],[92.041926,47.82457],[92.02868,47.842821],[92.004542,47.90346],[91.962154,47.979995],[91.965686,48.012375],[92.011018,48.033863],[92.155257,48.061239],[92.191758,48.062122],[92.209714,48.068304],[92.217367,48.085377],[92.223549,48.092736],[92.237679,48.099212],[92.251808,48.109221],[92.260639,48.135125],[92.266526,48.139834],[92.273297,48.143955],[92.278006,48.149843],[92.281245,48.158674],[92.284777,48.184578],[92.283894,48.193114],[92.280656,48.201357],[92.278595,48.208421],[92.281539,48.214897],[92.289192,48.222256],[92.296257,48.230499],[92.299201,48.239624],[92.29508,48.249043],[92.265643,48.288783],[92.252102,48.299968],[92.207359,48.322929],[92.196762,48.335292],[92.212658,48.344417],[92.23709,48.362668],[92.252102,48.36885],[92.273591,48.368555],[92.302733,48.347361],[92.340117,48.336764],[92.349243,48.335292],[92.353364,48.33853],[92.348065,48.355898],[92.346593,48.365023],[92.350126,48.36885],[92.402228,48.369733],[92.439318,48.355309],[92.456686,48.348539],[92.469638,48.34795],[92.497602,48.349716],[92.516441,48.341474],[92.540579,48.335881],[92.545583,48.33176],[92.540285,48.322929],[92.527333,48.319985],[92.511143,48.320574],[92.45904,48.327933],[92.449326,48.327933],[92.439612,48.32234],[92.410765,48.290549],[92.393397,48.243745],[92.383094,48.202534],[92.381034,48.139834],[92.391925,48.127765],[92.416946,48.11658],[92.463162,48.101861],[92.483767,48.098918],[92.506433,48.100978],[92.524684,48.109515],[92.532043,48.126294],[92.541757,48.136008],[92.637131,48.189876],[92.641841,48.194586],[92.643312,48.205478],[92.648022,48.216369],[92.654498,48.225789],[92.662152,48.232265],[92.690116,48.210482],[92.706012,48.201945],[92.724263,48.198118],[92.63507,48.26906],[92.594448,48.311154],[92.600924,48.341768],[92.615053,48.344123],[92.662152,48.335292],[92.714254,48.336764],[92.731327,48.335292],[92.756937,48.325284],[92.782841,48.307622],[92.805213,48.286428],[92.82052,48.266411],[92.816987,48.249338]]]}},{"type":"Feature","properties":{"kind":"lakes","name":"阿雅克库木湖","source":"Natural Earth 1:10m"},"geometry":{"type":"Polygon","coordinates":[[[89.674356,37.512112],[89.670235,37.499749],[89.647274,37.498866],[89.619015,37.500926],[89.598704,37.498571],[89.608713,37.492978],[89.612834,37.491506],[89.612834,37.484147],[89.594289,37.484147],[89.586635,37.486208],[89.579276,37.491506],[89.550428,37.474728],[89.497149,37.47149],[89.440042,37.4762],[89.400008,37.484147],[89.281968,37.531834],[89.235459,37.533306],[89.188655,37.52477],[89.164517,37.525653],[89.123895,37.544786],[89.097991,37.551851],[89.076797,37.56392],[89.071498,37.587764],[89.08445,37.603365],[89.108294,37.606603],[89.156864,37.601599],[89.166578,37.599244],[89.182179,37.590118],[89.194542,37.587764],[89.249883,37.601599],[89.289916,37.623676],[89.311699,37.626914],[89.341724,37.641632],[89.544247,37.625737],[89.571328,37.615728],[89.578393,37.609841],[89.601942,37.598949],[89.62608,37.591002],[89.643448,37.587764],[89.654339,37.582759],[89.657283,37.571574],[89.654928,37.558621],[89.649924,37.550085],[89.639032,37.546553],[89.61931,37.560093],[89.609301,37.556855],[89.611068,37.542431],[89.633439,37.530068],[89.659932,37.52006],[89.674356,37.512112]]]}},{"type":"Feature","properties":{"kind":"lakes","name":"可可西里湖","source":"Natural Earth 1:10m"},"geometry":{"type":"Polygon","coordinates":[[[91.283056,35.630242],[91.297774,35.609048],[91.338985,35.579906],[91.306605,35.568426],[91.288649,35.565188],[91.270692,35.565482],[91.298951,35.538695],[91.300129,35.528686],[91.274519,35.524565],[91.233014,35.526626],[91.218884,35.530747],[91.2024,35.538989],[91.160012,35.551353],[91.072291,35.557534],[91.03785,35.573135],[91.019305,35.589325],[91.003704,35.599923],[90.985454,35.605516],[90.959844,35.607282],[90.941888,35.614641],[90.932174,35.63142],[90.935412,35.647904],[90.956606,35.654969],[90.967792,35.653202],[90.996934,35.642017],[90.998111,35.639956],[91.001644,35.634952],[91.006648,35.630242],[91.011946,35.628182],[91.016067,35.631714],[91.018422,35.638484],[91.021072,35.645549],[91.028136,35.648787],[91.094368,35.646726],[91.113502,35.642017],[91.139112,35.62877],[91.149709,35.62671],[91.223005,35.634658],[91.21859,35.641428],[91.217118,35.647021],[91.218884,35.653497],[91.223005,35.662328],[91.241256,35.648198],[91.262745,35.64025],[91.283056,35.630242]]]}},{"type":"Feature","properties":{"kind":"lakes","name":"萨瑟克湖","source":"Natural Earth 1:10m"},"geometry":{"type":"Polygon","coordinates":[[[80.642676,46.621799],[80.635317,46.621799],[80.639143,46.625625],[80.642676,46.621799]]]}},{"type":"Feature","properties":{"kind":"lakes","name":"萨瑟克湖","source":"Natural Earth 1:10m"},"geometry":{"type":"Polygon","coordinates":[[[81.012397,46.484625],[81.002389,46.486391],[80.985904,46.496399],[80.945282,46.504936],[80.933802,46.506408],[80.918789,46.504642],[80.882288,46.491984],[80.86286,46.489629],[80.847553,46.492573],[80.833424,46.501109],[80.759244,46.566458],[80.741288,46.592362],[80.730102,46.599133],[80.688008,46.602665],[80.668874,46.607375],[80.652978,46.615911],[80.642676,46.629158],[80.639143,46.625625],[80.618538,46.651235],[80.610884,46.666542],[80.608529,46.683909],[80.615889,46.700394],[80.632079,46.703632],[80.67329,46.69745],[80.759538,46.694212],[80.802221,46.686264],[80.84196,46.670074],[80.849025,46.664187],[80.854323,46.657417],[80.861094,46.651824],[80.871985,46.649469],[80.879344,46.652412],[80.892296,46.665953],[80.902599,46.670074],[80.917906,46.668014],[80.953819,46.653001],[80.975013,46.649469],[81.072153,46.649469],[81.119251,46.657122],[81.156047,46.676256],[81.162228,46.672429],[81.189899,46.662715],[81.202262,46.65565],[81.208738,46.64888],[81.213742,46.641227],[81.237586,46.612085],[81.243178,46.592068],[81.240529,46.57264],[81.231698,46.553506],[81.219924,46.537316],[81.199613,46.516711],[81.17518,46.50317],[81.152809,46.509352],[81.149571,46.514944],[81.139562,46.535256],[81.138974,46.539671],[81.127199,46.536433],[81.122489,46.527896],[81.123372,46.516711],[81.128671,46.506408],[81.136619,46.502287],[81.161934,46.49846],[81.170176,46.491984],[81.171648,46.479621],[81.166644,46.46608],[81.157519,46.457838],[81.146038,46.460781],[81.112481,46.478443],[81.100412,46.481387],[81.077451,46.494928],[81.067149,46.498754],[81.051842,46.497871],[81.026526,46.487569],[81.012397,46.484625]]]}},{"type":"Feature","properties":{"kind":"lakes","name":null,"source":"Natural Earth 1:10m"},"geometry":{"type":"Polygon","coordinates":[[[87.348585,34.627344],[87.358888,34.622339],[87.364186,34.607621],[87.360948,34.593492],[87.353295,34.582306],[87.344169,34.575535],[87.324447,34.569943],[87.311201,34.574358],[87.298543,34.5826],[87.282059,34.589665],[87.244969,34.591725],[87.214649,34.589665],[87.20729,34.584072],[87.202875,34.575535],[87.198165,34.569354],[87.190511,34.572297],[87.188745,34.576713],[87.189334,34.583778],[87.191394,34.590842],[87.194044,34.597024],[87.180797,34.589665],[87.191983,34.615863],[87.214649,34.61969],[87.268518,34.609976],[87.286768,34.625577],[87.289418,34.627344],[87.29295,34.631465],[87.300309,34.629993],[87.313261,34.6244],[87.338282,34.627638],[87.348585,34.627344]]]}},{"type":"Feature","properties":{"kind":"lakes","name":"多尔改错湖","source":"Natural Earth 1:10m"},"geometry":{"type":"Polygon","coordinates":[[[92.062826,35.219898],[92.035745,35.211068],[91.963331,35.221665],[91.935661,35.21666],[91.944786,35.233734],[91.968041,35.243742],[91.994534,35.251395],[92.038688,35.271118],[92.095795,35.270823],[92.120816,35.278183],[92.164676,35.259049],[92.190875,35.253456],[92.213541,35.260815],[92.233852,35.264347],[92.258578,35.25375],[92.281539,35.236383],[92.298612,35.222842],[92.272119,35.199587],[92.234441,35.183986],[92.194113,35.178982],[92.162027,35.189579],[92.157906,35.176038],[92.1582,35.170151],[92.162027,35.161614],[92.155257,35.161614],[92.140538,35.177216],[92.111691,35.199882],[92.081666,35.217838],[92.062826,35.219898]]]}},{"type":"Feature","properties":{"kind":"lakes","name":null,"source":"Natural Earth 1:10m"},"geometry":{"type":"Polygon","coordinates":[[[74.649422,34.398328],[74.660608,34.3998],[74.665023,34.382727],[74.663257,34.375368],[74.652954,34.369481],[74.642357,34.370069],[74.627345,34.375662],[74.61351,34.383316],[74.605267,34.389792],[74.596731,34.380666],[74.587311,34.376545],[74.57848,34.37684],[74.571121,34.382433],[74.563762,34.365654],[74.574654,34.332391],[74.571121,34.31414],[74.557286,34.301188],[74.540802,34.298833],[74.525495,34.305604],[74.515781,34.32091],[74.522845,34.355057],[74.521079,34.380961],[74.522845,34.389792],[74.52991,34.402744],[74.541096,34.413635],[74.555225,34.420406],[74.569944,34.419817],[74.593493,34.410986],[74.649422,34.398328]]]}},{"type":"Feature","properties":{"kind":"lakes","name":"艾比湖","source":"Natural Earth 1:10m"},"geometry":{"type":"Polygon","coordinates":[[[83.121516,44.907716],[83.153896,44.87828],[83.164493,44.840307],[83.148597,44.802334],[83.11504,44.772309],[83.072063,44.754353],[83.027319,44.751703],[83.00642,44.757591],[82.973451,44.774664],[82.9552,44.778196],[82.932829,44.785555],[82.89044,44.820585],[82.86954,44.833537],[82.766513,44.843545],[82.755327,44.853553],[82.701753,44.875336],[82.68468,44.887994],[82.707934,44.908894],[82.757093,44.937447],[82.777404,44.953048],[82.788296,44.966883],[82.794477,44.977481],[82.803014,44.985428],[82.821265,44.991021],[82.834805,44.992788],[82.876899,44.991316],[82.89515,44.986017],[82.972862,44.973654],[83.041155,44.943334],[83.080011,44.929205],[83.121516,44.907716]]]}},{"type":"Feature","properties":{"kind":"lakes","name":"马尔卡湖","source":"Natural Earth 1:10m"},"geometry":{"type":"Polygon","coordinates":[[[85.92504,48.807747],[86.001869,48.827175],[86.02218,48.811868],[86.02012,48.788907],[86.002752,48.768007],[85.977437,48.758882],[85.953004,48.753289],[85.932988,48.739748],[85.898841,48.70413],[85.855864,48.677343],[85.805822,48.662919],[85.75372,48.662036],[85.713686,48.669984],[85.67483,48.679404],[85.570037,48.688235],[85.535596,48.710312],[85.530886,48.734744],[85.544133,48.752995],[85.5615,48.766241],[85.570331,48.776544],[85.580928,48.796855],[85.606244,48.804509],[85.658346,48.806569],[85.728699,48.830413],[85.758135,48.833945],[85.780801,48.828941],[85.831726,48.808924],[85.850271,48.806569],[85.859985,48.812162],[85.870583,48.828941],[85.878236,48.833945],[85.888244,48.832768],[85.89943,48.826292],[85.908556,48.817755],[85.912382,48.810102],[85.92504,48.807747]]]}},{"type":"Feature","properties":{"kind":"lakes","name":null,"source":"Natural Earth 1:10m"},"geometry":{"type":"Polygon","coordinates":[[[88.604048,48.531927],[88.564014,48.522213],[88.550768,48.522508],[88.530162,48.527218],[88.495722,48.539875],[88.448624,48.587562],[88.464225,48.5908],[88.477471,48.584619],[88.48954,48.57461],[88.502492,48.566368],[88.521626,48.561658],[88.537816,48.56313],[88.570785,48.574021],[88.608758,48.578437],[88.675578,48.567545],[88.708547,48.566368],[88.680877,48.541641],[88.64467,48.534282],[88.604048,48.531927]]]}},{"type":"Feature","properties":{"kind":"lakes","name":"阿奇特湖","source":"Natural Earth 1:10m"},"geometry":{"type":"Polygon","coordinates":[[[90.647524,49.528644],[90.62368,49.522168],[90.613377,49.503329],[90.619853,49.483901],[90.653705,49.461529],[90.667246,49.445045],[90.672545,49.425911],[90.672839,49.4056],[90.667835,49.387055],[90.657532,49.37322],[90.645169,49.369393],[90.636632,49.375869],[90.633394,49.384995],[90.636632,49.389999],[90.643402,49.393237],[90.650173,49.40089],[90.653117,49.410016],[90.647524,49.417375],[90.638693,49.41502],[90.606607,49.400302],[90.592772,49.396769],[90.540081,49.410016],[90.531544,49.414137],[90.515648,49.430327],[90.44559,49.434153],[90.428811,49.457703],[90.429105,49.471538],[90.427045,49.48449],[90.422041,49.496559],[90.414093,49.506567],[90.430283,49.517164],[90.470905,49.53306],[90.494749,49.550133],[90.517709,49.558964],[90.527717,49.565146],[90.558626,49.589283],[90.600425,49.598114],[90.658415,49.594582],[90.700804,49.576331],[90.695211,49.540713],[90.674899,49.531882],[90.647524,49.528644]]]}},{"type":"Feature","properties":{"kind":"lakes","name":"阿其克庫勒湖","source":"Natural Earth 1:10m"},"geometry":{"type":"Polygon","coordinates":[[[88.404763,36.984317],[88.359431,36.996092],[88.334705,37.014931],[88.308506,37.024645],[88.288489,37.050549],[88.276421,37.060263],[88.342358,37.143568],[88.372089,37.16329],[88.415655,37.173299],[88.46658,37.173593],[88.514855,37.165351],[88.550179,37.148867],[88.555772,37.127084],[88.557538,37.089994],[88.551651,37.05467],[88.540171,37.039069],[88.525453,37.043484],[88.522215,37.052904],[88.517799,37.062324],[88.49896,37.066445],[88.470995,37.067622],[88.465991,37.059969],[88.455394,37.009927],[88.450684,37.000801],[88.440381,36.991971],[88.420365,36.983434],[88.404763,36.984317]]]}},{"type":"Feature","properties":{"kind":"lakes","name":null,"source":"Natural Earth 1:10m"},"geometry":{"type":"Polygon","coordinates":[[[95.231067,37.007866],[95.295239,36.962828],[95.299949,36.937808],[95.293767,36.907488],[95.279637,36.88335],[95.259326,36.876874],[95.236955,36.893947],[95.201042,36.947816],[95.173666,36.959296],[95.148351,36.96695],[95.116854,37.000213],[95.091244,37.007866],[95.028545,37.010221],[95.000286,37.016403],[94.972027,37.027589],[94.983213,37.03377],[94.994399,37.034948],[95.006468,37.034359],[95.019714,37.035242],[95.030017,37.039363],[95.052388,37.052315],[95.064163,37.054964],[95.087123,37.052021],[95.130395,37.038186],[95.193683,37.027294],[95.231067,37.007866]]]}},{"type":"Feature","properties":{"kind":"lakes","name":"尕斯库乐湖","source":"Natural Earth 1:10m"},"geometry":{"type":"Polygon","coordinates":[[[90.80177,38.17031],[90.825614,38.159124],[90.899499,38.122034],[90.953662,38.112615],[90.985748,38.100251],[91.007237,38.081118],[91.003704,38.056097],[91.020189,38.05021],[91.009003,38.048738],[90.976328,38.049326],[90.972502,38.044028],[90.972207,38.027838],[90.969852,38.021362],[90.961316,38.016652],[90.939827,38.009293],[90.932468,38.004289],[90.914217,37.996635],[90.899499,38.008999],[90.880954,38.042556],[90.868885,38.052564],[90.850929,38.061395],[90.831501,38.067577],[90.815311,38.069932],[90.79971,38.074642],[90.780576,38.084061],[90.761148,38.090537],[90.738482,38.085533],[90.725824,38.087299],[90.71405,38.090832],[90.709046,38.09407],[90.708163,38.104078],[90.706691,38.111732],[90.706102,38.11968],[90.709046,38.13116],[90.728768,38.153237],[90.763503,38.167367],[90.80177,38.17031]]]}},{"type":"Feature","properties":{"kind":"lakes","name":"库赛湖","source":"Natural Earth 1:10m"},"geometry":{"type":"Polygon","coordinates":[[[92.973883,35.732975],[92.996255,35.718846],[93.038938,35.700006],[93.025986,35.681167],[93.006558,35.671159],[92.983597,35.666743],[92.914422,35.66586],[92.899409,35.673514],[92.826701,35.737096],[92.821108,35.757407],[92.806684,35.771831],[92.788728,35.78184],[92.70925,35.80951],[92.693354,35.819224],[92.674221,35.82776],[92.623001,35.834531],[92.607106,35.843362],[92.621235,35.858374],[92.673632,35.86014],[92.771655,35.850132],[92.776659,35.851604],[92.785785,35.857786],[92.809922,35.830704],[92.82258,35.818929],[92.840536,35.809215],[92.887046,35.796558],[92.901764,35.788904],[92.954455,35.758879],[92.964169,35.744455],[92.973883,35.732975]]]}},{"type":"Feature","properties":{"kind":"lakes","name":"卓乃湖","source":"Natural Earth 1:10m"},"geometry":{"type":"Polygon","coordinates":[[[92.038688,35.574902],[92.057528,35.569603],[92.099916,35.562833],[92.099916,35.556062],[92.089319,35.551941],[92.052229,35.528098],[92.047519,35.533691],[92.036334,35.543405],[92.031624,35.549292],[92.004248,35.533102],[91.970102,35.518678],[91.93625,35.508964],[91.907991,35.507492],[91.889151,35.518384],[91.880909,35.521327],[91.870901,35.521622],[91.849707,35.519856],[91.839698,35.521327],[91.825863,35.528686],[91.784652,35.569603],[91.795249,35.574902],[91.804963,35.583144],[91.811439,35.595213],[91.812028,35.61052],[91.86207,35.639367],[91.880909,35.645549],[91.904164,35.645843],[91.946258,35.634069],[91.966864,35.631125],[92.038688,35.574902]]]}},{"type":"Feature","properties":{"kind":"lakes","name":null,"source":"Natural Earth 1:10m"},"geometry":{"type":"Polygon","coordinates":[[[90.215397,35.703539],[90.126499,35.720906],[90.083522,35.736213],[90.057912,35.757407],[90.060267,35.788021],[90.101478,35.79332],[90.188316,35.785372],[90.223051,35.803034],[90.244833,35.806566],[90.267205,35.79538],[90.283984,35.794497],[90.328727,35.818046],[90.346095,35.812748],[90.347861,35.805683],[90.346389,35.797735],[90.338147,35.78184],[90.324312,35.741217],[90.296347,35.715313],[90.258669,35.70295],[90.215397,35.703539]]]}},{"type":"Feature","properties":{"kind":"lakes","name":null,"source":"Natural Earth 1:10m"},"geometry":{"type":"Polygon","coordinates":[[[90.400552,35.164558],[90.354631,35.151017],[90.240124,35.161026],[90.201856,35.143364],[90.196852,35.152195],[90.19067,35.156316],[90.183311,35.156021],[90.17448,35.150134],[90.163883,35.158671],[90.145633,35.180454],[90.133564,35.191051],[90.120317,35.197527],[90.108543,35.200765],[90.098829,35.206358],[90.092058,35.219015],[90.110015,35.21931],[90.116196,35.228435],[90.118551,35.241387],[90.126205,35.252573],[90.141806,35.257577],[90.153286,35.252279],[90.165061,35.244036],[90.181251,35.239621],[90.213631,35.234322],[90.21157,35.223431],[90.187138,35.213422],[90.154169,35.211656],[90.154169,35.205475],[90.170654,35.198999],[90.20009,35.193111],[90.225405,35.190756],[90.230998,35.191345],[90.236591,35.189579],[90.2466,35.181337],[90.254547,35.177216],[90.261318,35.178393],[90.266911,35.183692],[90.270149,35.191051],[90.263673,35.19164],[90.258963,35.1937],[90.255136,35.196055],[90.250426,35.197821],[90.257785,35.211951],[90.264556,35.231673],[90.274564,35.244919],[90.290754,35.239621],[90.291049,35.251984],[90.295464,35.265231],[90.303706,35.276122],[90.315186,35.280538],[90.321957,35.282009],[90.333143,35.287602],[90.339619,35.287897],[90.344623,35.285247],[90.352865,35.276122],[90.356103,35.274356],[90.364934,35.263759],[90.383773,35.216366],[90.400552,35.205475],[90.39231,35.236972],[90.385834,35.252867],[90.377003,35.259932],[90.373765,35.266702],[90.380241,35.277888],[90.389661,35.280243],[90.39437,35.259932],[90.400258,35.263759],[90.406145,35.265231],[90.418214,35.263759],[90.467667,35.226963],[90.483563,35.219015],[90.492394,35.216955],[90.520947,35.219015],[90.529778,35.216955],[90.536843,35.211951],[90.551855,35.197821],[90.555388,35.211951],[90.560686,35.21666],[90.567457,35.214894],[90.575993,35.208418],[90.585707,35.206063],[90.597482,35.210184],[90.609551,35.216072],[90.619559,35.219015],[90.631039,35.217249],[90.642519,35.212539],[90.648995,35.204886],[90.643697,35.194583],[90.575993,35.188402],[90.517709,35.17074],[90.499753,35.173095],[90.481208,35.183692],[90.465901,35.199587],[90.455598,35.219015],[90.437936,35.165735],[90.422629,35.147191],[90.400552,35.164558]]]}},{"type":"Feature","properties":{"kind":"lakes","name":null,"source":"Natural Earth 1:10m"},"geometry":{"type":"Polygon","coordinates":[[[90.739071,34.840169],[90.733184,34.835459],[90.698743,34.835459],[90.689323,34.838108],[90.665774,34.851355],[90.653705,34.855181],[90.626918,34.854593],[90.580114,34.839286],[90.555388,34.835459],[90.486801,34.835459],[90.479736,34.837519],[90.476792,34.842229],[90.476204,34.846939],[90.476204,34.849],[90.460897,34.84635],[90.456187,34.837519],[90.452949,34.826039],[90.442057,34.815148],[90.424101,34.808966],[90.386423,34.803668],[90.366406,34.794542],[90.366406,34.787183],[90.38083,34.78424],[90.420274,34.78159],[90.428517,34.777175],[90.435287,34.769816],[90.451183,34.76805],[90.469433,34.76805],[90.483563,34.766578],[90.499164,34.757452],[90.499753,34.748622],[90.493866,34.737436],[90.490039,34.721834],[90.483268,34.71477],[90.449417,34.709471],[90.435287,34.705056],[90.460602,34.694164],[90.460308,34.68445],[90.442352,34.683567],[90.414093,34.698285],[90.339619,34.753331],[90.322546,34.745384],[90.30665,34.747738],[90.29517,34.758924],[90.290754,34.777175],[90.297525,34.79101],[90.314009,34.798075],[90.352865,34.800724],[90.338441,34.813382],[90.256608,34.835459],[90.263967,34.84635],[90.266028,34.854298],[90.263967,34.872843],[90.268677,34.880497],[90.279568,34.880202],[90.292226,34.877847],[90.301057,34.879908],[90.319308,34.895215],[90.339619,34.904046],[90.362579,34.908461],[90.388778,34.909639],[90.398492,34.907578],[90.402907,34.902868],[90.406734,34.896981],[90.414093,34.890799],[90.428222,34.88344],[90.434698,34.881674],[90.469728,34.885795],[90.476498,34.883146],[90.486801,34.872843],[90.499164,34.864601],[90.50564,34.87196],[90.51035,34.890799],[90.531544,34.896687],[90.553327,34.896098],[90.649584,34.88138],[90.660181,34.87667],[90.668423,34.871666],[90.674899,34.869016],[90.684613,34.868722],[90.706396,34.870783],[90.715816,34.869016],[90.723764,34.86254],[90.733772,34.85106],[90.739071,34.840169]]]}},{"type":"Feature","properties":{"kind":"lakes","name":null,"source":"Natural Earth 1:10m"},"geometry":{"type":"Polygon","coordinates":[[[90.388778,34.909639],[90.388483,34.909639],[90.387894,34.909933],[90.39437,34.909933],[90.388778,34.909639]]]}},{"type":"Feature","properties":{"kind":"lakes","name":null,"source":"Natural Earth 1:10m"},"geometry":{"type":"Polygon","coordinates":[[[89.361152,35.260226],[89.374693,35.265525],[89.387056,35.246391],[89.386173,35.223725],[89.372338,35.215189],[89.353205,35.218132],[89.335543,35.229613],[89.319647,35.236972],[89.300219,35.24227],[89.290799,35.250512],[89.30434,35.266702],[89.284323,35.271412],[89.236048,35.274945],[89.203373,35.293784],[89.180413,35.299377],[89.157158,35.299966],[89.139791,35.294078],[89.135081,35.304381],[89.137436,35.312623],[89.153626,35.328813],[89.158041,35.329991],[89.177469,35.328813],[89.181002,35.330579],[89.181002,35.334112],[89.180118,35.338822],[89.180707,35.343237],[89.17688,35.341471],[89.173937,35.347064],[89.172759,35.3556],[89.173937,35.362371],[89.178647,35.366786],[89.1863,35.371496],[89.19572,35.375028],[89.280497,35.384154],[89.302574,35.379149],[89.309933,35.367081],[89.314054,35.351185],[89.335837,35.320277],[89.341724,35.30232],[89.344374,35.283187],[89.345257,35.263464],[89.349967,35.252279],[89.361152,35.260226]]]}},{"type":"Feature","properties":{"kind":"lakes","name":null,"source":"Natural Earth 1:10m"},"geometry":{"type":"Polygon","coordinates":[[[89.229572,34.59202],[89.235459,34.568471],[89.235753,34.558168],[89.234281,34.547865],[89.229866,34.539329],[89.221918,34.533736],[89.204845,34.533736],[89.194837,34.543744],[89.189244,34.555519],[89.18424,34.561112],[89.163928,34.564644],[89.128016,34.579657],[89.105644,34.581717],[89.086511,34.58054],[89.08239,34.577302],[89.07768,34.568471],[89.07974,34.564644],[89.07768,34.523727],[89.070321,34.503711],[89.052364,34.493997],[89.029698,34.491053],[88.989076,34.49488],[88.96435,34.500767],[88.94551,34.512836],[88.941978,34.533736],[88.914013,34.513425],[88.916663,34.566704],[88.920784,34.581717],[88.888109,34.574652],[88.868092,34.587899],[88.838362,34.629993],[88.853374,34.642356],[88.876335,34.645594],[88.895763,34.637352],[88.900473,34.615569],[88.911364,34.620573],[88.923727,34.621456],[88.935796,34.61969],[88.933736,34.615569],[89.021456,34.599379],[89.064728,34.597613],[89.105644,34.602028],[89.112709,34.606149],[89.117124,34.611448],[89.124484,34.615863],[89.139791,34.615569],[89.151271,34.611153],[89.162457,34.598496],[89.170699,34.595847],[89.216914,34.599379],[89.229572,34.59202]]]}},{"type":"Feature","properties":{"kind":"lakes","name":null,"source":"Natural Earth 1:10m"},"geometry":{"type":"Polygon","coordinates":[[[89.57751,36.291384],[89.602825,36.274016],[89.611656,36.253705],[89.588696,36.243991],[89.572506,36.240459],[89.563381,36.233983],[89.554255,36.230745],[89.537182,36.23781],[89.530706,36.242519],[89.526585,36.248112],[89.52423,36.254588],[89.523347,36.261948],[89.519815,36.265774],[89.500681,36.266363],[89.483019,36.271662],[89.45476,36.27696],[89.448873,36.282259],[89.443574,36.28844],[89.356443,36.336127],[89.327889,36.34643],[89.29757,36.347607],[89.299336,36.362031],[89.295804,36.382637],[89.288739,36.401182],[89.280497,36.40913],[89.277847,36.420021],[89.276375,36.441804],[89.282852,36.457405],[89.30434,36.450046],[89.339369,36.424142],[89.373516,36.410013],[89.448873,36.388524],[89.482725,36.372334],[89.510395,36.350551],[89.533061,36.324058],[89.551312,36.29315],[89.57751,36.291384]]]}},{"type":"Feature","properties":{"kind":"lakes","name":null,"source":"Natural Earth 1:10m"},"geometry":{"type":"Polygon","coordinates":[[[82.43918,34.144586],[82.45537,34.131634],[82.458314,34.116033],[82.445067,34.111029],[82.422107,34.114561],[82.398263,34.122215],[82.382956,34.128985],[82.367061,34.141937],[82.353226,34.155478],[82.338213,34.166369],[82.317608,34.17049],[82.306716,34.178144],[82.28405,34.211113],[82.244016,34.229363],[82.211636,34.255856],[82.18897,34.289413],[82.191325,34.32091],[82.295236,34.276461],[82.322023,34.25409],[82.357052,34.191096],[82.37913,34.166958],[82.407094,34.15695],[82.419752,34.153712],[82.43918,34.144586]]]}},{"type":"Feature","properties":{"kind":"lakes","name":"鲁玛江东错","source":"Natural Earth 1:10m"},"geometry":{"type":"Polygon","coordinates":[[[81.797172,34.033611],[81.811007,34.025075],[81.814539,34.006235],[81.809241,33.987396],[81.797172,33.978859],[81.776566,33.979742],[81.768324,33.984158],[81.752428,34.012417],[81.740948,34.02478],[81.729174,34.030373],[81.717105,34.026841],[81.704741,34.012417],[81.694733,33.981509],[81.691495,33.9506],[81.682958,33.924991],[81.657349,33.909978],[81.650873,33.931761],[81.652639,33.945302],[81.658526,33.958254],[81.663825,33.978859],[81.639393,33.972089],[81.621731,33.982686],[81.607307,33.998287],[81.592,34.006235],[81.580225,34.009179],[81.574338,34.015655],[81.569628,34.02272],[81.560797,34.026546],[81.548434,34.026252],[81.540192,34.02272],[81.495154,33.991517],[81.476904,33.982686],[81.454826,33.978859],[81.430394,33.955605],[81.416265,33.950012],[81.409789,33.968262],[81.415087,33.981214],[81.426862,33.984158],[81.440697,33.983569],[81.451294,33.98563],[81.456298,33.991811],[81.493977,34.050684],[81.508989,34.067757],[81.523119,34.075116],[81.533127,34.077177],[81.539309,34.082476],[81.539898,34.088952],[81.53401,34.094839],[81.522824,34.096311],[81.499864,34.088363],[81.492505,34.088068],[81.486323,34.10102],[81.505163,34.111912],[81.532833,34.119565],[81.554027,34.122215],[81.573161,34.121037],[81.591411,34.110146],[81.595532,34.088068],[81.632917,34.095428],[81.667063,34.08483],[81.70062,34.068935],[81.751545,34.056571],[81.778627,34.037732],[81.797172,34.033611]]]}},{"type":"Feature","properties":{"kind":"lakes","name":"郭扎错","source":"Natural Earth 1:10m"},"geometry":{"type":"Polygon","coordinates":[[[81.185777,35.090967],[81.230815,35.070362],[81.244062,35.058881],[81.244062,35.051228],[81.242884,35.044163],[81.240824,35.037393],[81.229638,35.018553],[81.224928,35.014727],[81.206677,35.016493],[81.146627,35.007073],[81.13132,35.012961],[81.101589,35.020908],[81.060084,35.008839],[81.017696,34.991472],[80.984138,34.982347],[80.965593,34.983524],[80.945282,34.988234],[80.929092,34.997654],[80.922616,35.012961],[80.927031,35.032977],[80.937628,35.054466],[80.952052,35.071539],[80.967065,35.078604],[81.018284,35.086552],[81.03889,35.085374],[81.057435,35.081547],[81.074508,35.080664],[81.08746,35.08714],[81.09423,35.105685],[81.101001,35.105685],[81.112481,35.094499],[81.138385,35.097443],[81.164289,35.103625],[81.176063,35.102742],[81.185777,35.090967]]]}},{"type":"Feature","properties":{"kind":"lakes","name":"阿克赛钦湖","source":"Natural Earth 1:10m"},"geometry":{"type":"Polygon","coordinates":[[[79.884099,35.268469],[79.895874,35.248746],[79.910003,35.223137],[79.905294,35.192228],[79.888809,35.165735],[79.867615,35.153667],[79.852602,35.154844],[79.831702,35.158376],[79.813452,35.164264],[79.805504,35.17074],[79.804327,35.175744],[79.801383,35.181042],[79.799028,35.187224],[79.798734,35.195172],[79.801677,35.201059],[79.811391,35.209007],[79.812274,35.214894],[79.795496,35.229907],[79.767237,35.242565],[79.749281,35.258755],[79.764587,35.283776],[79.794318,35.295844],[79.835235,35.30026],[79.875563,35.296433],[79.901761,35.283776],[79.887043,35.278183],[79.880567,35.277005],[79.884099,35.268469]]]}},{"type":"Feature","properties":{"kind":"lakes","name":"斋桑泊","source":"Natural Earth 1:10m"},"geometry":{"type":"Polygon","coordinates":[[[84.481184,47.95674],[84.543883,47.946143],[84.562134,47.930836],[84.506499,47.912585],[84.475885,47.909642],[84.464699,47.906698],[84.456457,47.901399],[84.453219,47.893157],[84.452042,47.884326],[84.447332,47.874024],[84.446449,47.865781],[84.437912,47.853418],[84.419073,47.846059],[84.398173,47.84076],[84.384044,47.834579],[84.37433,47.818978],[84.375213,47.804848],[84.390814,47.773057],[84.379628,47.772762],[84.371975,47.768347],[84.365204,47.762754],[84.356668,47.759516],[84.344599,47.759222],[84.293674,47.767758],[84.285432,47.771291],[84.278073,47.776589],[84.26983,47.77865],[84.245398,47.773645],[84.233918,47.773057],[84.237745,47.763637],[84.243926,47.76246],[84.251874,47.763343],[84.260705,47.759516],[84.263649,47.753629],[84.267476,47.744503],[84.272185,47.735967],[84.278073,47.73214],[84.346071,47.738322],[84.363733,47.73214],[84.328409,47.719777],[84.292496,47.714773],[84.256584,47.718011],[84.220672,47.729196],[84.205953,47.746564],[84.198594,47.752451],[84.191235,47.755984],[84.173279,47.761576],[84.164448,47.765698],[84.145903,47.778944],[84.112934,47.809263],[84.096156,47.820744],[84.07555,47.828397],[84.006963,47.841938],[83.925424,47.869314],[83.85566,47.874907],[83.836232,47.882855],[83.817687,47.899928],[83.800025,47.935251],[83.788251,47.951147],[83.76794,47.962922],[83.720841,47.971458],[83.698764,47.979112],[83.666384,48.009725],[83.649605,48.019439],[83.630472,48.012669],[83.609572,48.021794],[83.583373,48.025621],[83.530976,48.02621],[83.52244,48.028565],[83.50831,48.038279],[83.496241,48.040634],[83.470337,48.042106],[83.445022,48.046815],[83.417941,48.059179],[83.410876,48.061239],[83.394686,48.059179],[83.367899,48.04917],[83.352592,48.046815],[83.325805,48.048582],[83.306671,48.05388],[83.211886,48.099507],[83.195696,48.11187],[83.168025,48.139834],[83.157134,48.147782],[83.148009,48.147782],[83.137706,48.144544],[83.123577,48.143661],[83.085015,48.155436],[83.044098,48.179574],[83.012013,48.209599],[82.999944,48.239918],[83.007597,48.259052],[83.023493,48.266705],[83.042038,48.264939],[83.058228,48.256108],[83.087075,48.235208],[83.092668,48.232265],[83.097967,48.230499],[83.102677,48.226966],[83.107386,48.2252],[83.116806,48.231676],[83.129464,48.238446],[83.142416,48.242862],[83.155662,48.256108],[83.161255,48.259052],[83.209236,48.259052],[83.221305,48.261407],[83.245443,48.271121],[83.256923,48.273476],[83.298723,48.273476],[83.31874,48.271121],[83.359951,48.261407],[83.436191,48.258463],[83.460329,48.262584],[83.479168,48.273476],[83.482406,48.279363],[83.493003,48.307622],[83.507133,48.335292],[83.524795,48.34795],[83.547166,48.356486],[83.595737,48.36885],[83.5663,48.386512],[83.547755,48.393871],[83.51096,48.398875],[83.476225,48.408],[83.462095,48.409766],[83.431481,48.427428],[83.401751,48.46599],[83.384089,48.505729],[83.390565,48.526629],[83.369371,48.560775],[83.39763,48.569017],[83.425005,48.58874],[83.441784,48.613761],[83.438252,48.636427],[83.449438,48.651439],[83.4462,48.674105],[83.434425,48.697949],[83.421179,48.715611],[83.414997,48.732978],[83.416469,48.75741],[83.434425,48.834534],[83.448849,48.865442],[83.471809,48.89164],[83.572187,48.968764],[83.584256,48.973474],[83.614576,48.971119],[83.626939,48.975534],[83.638125,48.984365],[83.705829,49.020572],[83.735265,49.031169],[83.743507,49.037351],[83.764996,49.046476],[83.968402,49.073852],[84.1565,49.134785],[84.181521,49.161572],[84.171807,49.205727],[84.156795,49.23222],[84.150613,49.23899],[84.115878,49.258124],[84.109991,49.256946],[84.101749,49.271076],[84.02021,49.342901],[83.986652,49.358208],[83.967813,49.372631],[83.958393,49.375575],[83.935138,49.376164],[83.921598,49.37999],[83.912472,49.38941],[83.89746,49.411193],[83.870378,49.427089],[83.835643,49.436803],[83.702296,49.45211],[83.683457,49.44946],[83.675215,49.441807],[83.669328,49.430915],[83.657553,49.417375],[83.64519,49.430327],[83.636948,49.442984],[83.632238,49.457408],[83.630472,49.476248],[83.62429,49.485078],[83.582196,49.520991],[83.566889,49.525995],[83.551288,49.528644],[83.539219,49.53512],[83.534509,49.551605],[83.526267,49.557786],[83.508016,49.548661],[83.479168,49.527173],[83.470043,49.539536],[83.45768,49.539241],[83.444433,49.536003],[83.431481,49.540713],[83.431187,49.546306],[83.433248,49.571033],[83.431481,49.58163],[83.417352,49.598114],[83.377024,49.62343],[83.363778,49.643741],[83.381734,49.64168],[83.428538,49.6302],[83.445022,49.62343],[83.450615,49.61607],[83.45297,49.606945],[83.457385,49.599292],[83.46916,49.596054],[83.49477,49.596937],[83.506544,49.600175],[83.517141,49.606651],[83.535392,49.612832],[83.613398,49.616659],[83.621641,49.614893],[83.651077,49.603413],[83.671094,49.598703],[83.736737,49.596054],[83.743802,49.600469],[83.747334,49.610478],[83.749395,49.621958],[83.753516,49.630789],[83.775004,49.641091],[83.805029,49.649039],[83.831522,49.660519],[83.851833,49.701436],[83.872439,49.715271],[83.89746,49.723808],[83.965458,49.730578],[83.98518,49.737054],[84.006963,49.746768],[84.014322,49.732639],[83.98518,49.707912],[83.968107,49.696432],[83.948385,49.691722],[83.90423,49.687012],[83.882447,49.680831],[83.863608,49.671705],[83.801203,49.626962],[83.799437,49.622841],[83.794727,49.616954],[83.790311,49.6093],[83.788251,49.59988],[83.790606,49.589283],[83.808856,49.561907],[83.785896,49.556609],[83.732322,49.566912],[83.705829,49.568089],[83.724079,49.54454],[83.727023,49.53777],[83.723491,49.527761],[83.71466,49.526878],[83.703179,49.528644],[83.691405,49.527173],[83.674626,49.517164],[83.672271,49.510394],[83.681691,49.505095],[83.698764,49.499797],[83.731733,49.494204],[83.798259,49.489788],[83.829462,49.480074],[83.824752,49.476542],[83.815627,49.46565],[83.861253,49.469183],[83.885391,49.467122],[83.905113,49.45888],[83.916005,49.442984],[83.92042,49.425028],[83.928074,49.41031],[83.986652,49.39412],[83.993128,49.393237],[83.997544,49.386172],[84.017855,49.366744],[84.024331,49.362623],[84.026686,49.360268],[84.058477,49.345844],[84.088796,49.314936],[84.214196,49.251353],[84.233918,49.229276],[84.243926,49.221623],[84.290436,49.202195],[84.328998,49.191892],[84.341655,49.190126],[84.35343,49.19513],[84.364616,49.201311],[84.37904,49.204549],[84.393463,49.203666],[84.404649,49.198073],[84.422605,49.205138],[84.4438,49.203372],[84.464699,49.195719],[84.480301,49.184533],[84.433791,49.173936],[84.387576,49.170698],[84.334296,49.133019],[84.316046,49.123011],[84.109991,49.074735],[84.05465,49.069142],[84.010201,49.056779],[83.996661,49.054718],[83.985475,49.047359],[83.951328,49.011447],[83.931606,49.000261],[83.819159,48.992607],[83.796493,48.988486],[83.727023,48.959344],[83.627822,48.939327],[83.582196,48.924315],[83.547461,48.896645],[83.546283,48.892229],[83.548344,48.881043],[83.547461,48.876628],[83.543045,48.871918],[83.532743,48.866914],[83.515375,48.852196],[83.509488,48.846014],[83.507133,48.838949],[83.503012,48.829824],[83.476225,48.804509],[83.469454,48.794206],[83.451793,48.73445],[83.45297,48.717671],[83.460918,48.703836],[83.476225,48.68794],[83.513315,48.657327],[83.528327,48.63937],[83.534509,48.615821],[83.532448,48.605518],[83.523029,48.586385],[83.520674,48.574905],[83.530976,48.559303],[83.535098,48.547823],[83.530976,48.537226],[83.528033,48.520447],[83.538041,48.498076],[83.561885,48.465107],[83.601329,48.430372],[83.654609,48.40329],[83.712893,48.390338],[83.767351,48.396814],[83.781775,48.405056],[83.790606,48.413593],[83.799731,48.420658],[83.815627,48.42419],[83.832111,48.423013],[83.870967,48.409766],[83.922775,48.411238],[83.949562,48.409178],[83.965752,48.396814],[83.948679,48.379741],[83.930723,48.37091],[83.884508,48.362668],[83.817393,48.361785],[83.801203,48.355309],[83.776476,48.367672],[83.717015,48.366789],[83.691405,48.376503],[83.54334,48.305561],[83.503895,48.276419],[83.510665,48.265234],[83.530388,48.253165],[83.553937,48.243745],[83.572187,48.239918],[83.595737,48.238446],[83.717015,48.214309],[83.882447,48.15102],[83.969285,48.130415],[84.052001,48.095974],[84.07349,48.082139],[84.082615,48.064183],[84.08968,48.039751],[84.106458,48.0424],[84.143843,48.067421],[84.156795,48.068893],[84.171807,48.067715],[84.185642,48.063888],[84.195651,48.057707],[84.207425,48.04711],[84.218022,48.043283],[84.34872,48.033275],[84.37433,48.023266],[84.435852,47.985293],[84.456457,47.96822],[84.481184,47.95674]]]}},{"type":"Feature","properties":{"kind":"lakes","name":"托克托古尔水库","source":"Natural Earth 1:10m"},"geometry":{"type":"Polygon","coordinates":[[[73.292992,41.780686],[73.304472,41.773621],[73.310948,41.772444],[73.31036,41.770089],[73.300351,41.759786],[73.290343,41.755665],[73.249132,41.75596],[73.174363,41.735354],[73.156407,41.739475],[73.114902,41.75596],[73.105482,41.757726],[73.093119,41.761552],[73.043666,41.783924],[73.033657,41.783041],[72.966542,41.762141],[72.91915,41.736237],[72.900016,41.730056],[72.879116,41.729467],[72.863515,41.734471],[72.834667,41.750367],[72.817005,41.75596],[72.776972,41.755076],[72.750185,41.739181],[72.707796,41.694732],[72.675711,41.674126],[72.645391,41.665001],[72.616838,41.672655],[72.590639,41.701502],[72.603297,41.706506],[72.613011,41.701208],[72.621842,41.692377],[72.631556,41.687961],[72.642447,41.689433],[72.673061,41.701502],[72.670706,41.718575],[72.71074,41.742124],[72.721337,41.759786],[72.724869,41.771267],[72.732228,41.776565],[72.739588,41.779509],[72.741942,41.784219],[72.736644,41.791283],[72.725458,41.800409],[72.713095,41.808062],[72.703969,41.8113],[72.702203,41.814538],[72.660992,41.859281],[72.652456,41.866052],[72.646568,41.868112],[72.632145,41.870173],[72.625374,41.872822],[72.622725,41.876649],[72.617721,41.891661],[72.615072,41.89696],[72.607712,41.903436],[72.600648,41.908146],[72.59476,41.913444],[72.590639,41.921098],[72.598882,41.926691],[72.608007,41.928457],[72.616838,41.926691],[72.625374,41.921098],[72.699848,41.902259],[72.849974,41.885185],[72.885003,41.887835],[72.919444,41.900787],[72.927098,41.893133],[72.935045,41.878415],[72.942993,41.869584],[72.944759,41.865757],[72.947703,41.862225],[72.95359,41.858987],[72.959183,41.861048],[72.965659,41.86664],[72.971546,41.871056],[72.977728,41.86929],[72.997451,41.860753],[73.052497,41.858693],[73.07163,41.852217],[73.073985,41.844563],[73.073396,41.821014],[73.077223,41.8113],[73.086643,41.806885],[73.149342,41.803647],[73.200562,41.790989],[73.27533,41.786868],[73.292992,41.780686]]]}},{"type":"Feature","properties":{"kind":"lakes","name":"卡普恰盖水库","source":"Natural Earth 1:10m"},"geometry":{"type":"Polygon","coordinates":[[[78.01106,43.782362],[78.004584,43.77883],[77.997225,43.770882],[78.001346,43.771176],[78.005762,43.766172],[78.008411,43.759696],[78.007822,43.754398],[77.990455,43.743506],[77.894198,43.740563],[77.885956,43.761462],[77.865939,43.768233],[77.819135,43.7647],[77.742012,43.776769],[77.726999,43.774709],[77.707277,43.766761],[77.680784,43.770588],[77.634863,43.784423],[77.507992,43.779419],[77.361104,43.804734],[77.342854,43.815625],[77.322543,43.82269],[77.293401,43.82063],[77.250129,43.811799],[77.233939,43.814154],[77.207152,43.823279],[77.192434,43.825634],[77.177716,43.822396],[77.155344,43.808855],[77.141509,43.805617],[77.150045,43.8274],[77.138859,43.84359],[77.122081,43.857425],[77.113544,43.870671],[77.116782,43.878325],[77.132089,43.902757],[77.137682,43.908056],[77.151517,43.906878],[77.175655,43.902168],[77.189196,43.901285],[77.235411,43.905112],[77.258371,43.910116],[77.274267,43.918653],[77.28928,43.92925],[77.311651,43.939847],[77.334906,43.947795],[77.353157,43.949561],[77.361987,43.946323],[77.377,43.934254],[77.387303,43.92925],[77.428219,43.92925],[77.449414,43.918653],[77.669892,43.874204],[77.896847,43.856542],[77.956309,43.867139],[78.011649,43.886273],[78.037847,43.890983],[78.066106,43.88745],[78.104668,43.875676],[78.120858,43.874498],[78.149706,43.878325],[78.162364,43.876559],[78.175904,43.867139],[78.158831,43.862724],[78.139992,43.853893],[78.107317,43.832404],[78.093482,43.840352],[78.082002,43.837703],[78.053743,43.813859],[78.049916,43.812387],[78.041674,43.811799],[78.037847,43.808855],[78.034315,43.795314],[78.03196,43.791193],[78.01106,43.782362]]]}},{"type":"Feature","properties":{"kind":"lakes","name":"伊塞克湖","source":"Natural Earth 1:10m"},"geometry":{"type":"Polygon","coordinates":[[[78.254794,42.599607],[78.306308,42.602551],[78.327502,42.595192],[78.320143,42.571643],[78.30042,42.5634],[78.172961,42.575175],[78.150883,42.573997],[78.128217,42.565461],[78.107612,42.551037],[78.055804,42.493342],[78.028722,42.475091],[77.995753,42.465671],[77.9254,42.461845],[77.900674,42.458018],[77.829438,42.434763],[77.812365,42.420928],[77.822667,42.402678],[77.892726,42.391786],[77.914803,42.37383],[77.87948,42.372652],[77.851809,42.361467],[77.830026,42.342627],[77.792053,42.293763],[77.68726,42.214579],[77.65694,42.203099],[77.622205,42.196623],[77.583055,42.194856],[77.55303,42.185731],[77.515351,42.168952],[77.481205,42.161888],[77.462954,42.181316],[77.427042,42.17013],[77.389952,42.169836],[77.318716,42.181316],[77.28928,42.181021],[77.174772,42.166009],[77.151223,42.160122],[77.136799,42.153351],[77.129145,42.155117],[77.121492,42.159238],[77.113544,42.16071],[77.048195,42.16071],[77.018465,42.168658],[76.987851,42.182199],[76.960769,42.186614],[76.942224,42.167186],[76.935454,42.167186],[76.926623,42.184259],[76.907489,42.197506],[76.883646,42.205748],[76.840669,42.21193],[76.819769,42.220466],[76.765311,42.256673],[76.755009,42.261972],[76.743528,42.263738],[76.729399,42.259911],[76.717919,42.253435],[76.706439,42.25108],[76.692015,42.260205],[76.675825,42.266681],[76.606355,42.270802],[76.561906,42.280222],[76.396767,42.345571],[76.371747,42.347337],[76.349375,42.335857],[76.33289,42.322905],[76.314051,42.315546],[76.293151,42.31378],[76.270485,42.318489],[76.258711,42.322905],[76.247819,42.328792],[76.239577,42.337329],[76.233101,42.36441],[76.225742,42.373241],[76.216617,42.381189],[76.208374,42.392964],[76.212496,42.39473],[76.222798,42.400323],[76.21956,42.404149],[76.216322,42.405621],[76.208374,42.407093],[76.215439,42.407093],[76.201898,42.418573],[76.196011,42.439767],[76.202487,42.460079],[76.225742,42.469204],[76.304632,42.482156],[76.332596,42.482745],[76.443277,42.467732],[76.456229,42.468321],[76.465649,42.472736],[76.48802,42.502761],[76.497146,42.51012],[76.5204,42.51483],[76.575152,42.509237],[76.599584,42.513653],[76.619895,42.527194],[76.653159,42.555747],[76.674647,42.565461],[76.97637,42.609616],[76.981669,42.614031],[76.994032,42.612265],[77.014049,42.606378],[77.027001,42.60991],[77.047312,42.627866],[77.058204,42.634342],[77.083813,42.639641],[77.135916,42.643467],[77.173889,42.653476],[77.18478,42.652004],[77.195377,42.64906],[77.206269,42.647294],[77.219515,42.648766],[77.229818,42.652593],[77.238943,42.657008],[77.325486,42.679674],[77.349624,42.681735],[77.373468,42.677908],[77.435578,42.653476],[77.528009,42.647294],[77.537723,42.650238],[77.549497,42.657008],[77.56922,42.671432],[77.579228,42.676142],[77.620439,42.681735],[77.704333,42.705578],[77.745544,42.710877],[77.771448,42.720002],[77.7844,42.722651],[77.797646,42.722651],[77.832676,42.716175],[77.917158,42.726772],[77.956014,42.714115],[77.983096,42.713232],[78.011649,42.715881],[78.033138,42.720296],[78.082885,42.722357],[78.103785,42.725595],[78.11762,42.732954],[78.137343,42.740313],[78.204752,42.7462],[78.223886,42.742962],[78.235955,42.746495],[78.306308,42.742962],[78.306308,42.736192],[78.282758,42.732954],[78.24979,42.719413],[78.2336,42.716175],[78.211817,42.721474],[78.201514,42.72118],[78.193272,42.703518],[78.175021,42.680263],[78.169134,42.67467],[78.157948,42.671726],[78.132338,42.671138],[78.120858,42.6679],[78.111144,42.659069],[78.08995,42.632576],[78.083474,42.626983],[78.081708,42.622862],[78.088772,42.613148],[78.099664,42.604023],[78.11085,42.599607],[78.254794,42.599607]]]}},{"type":"Feature","properties":{"kind":"lakes","name":"阿拉湖","source":"Natural Earth 1:10m"},"geometry":{"type":"Polygon","coordinates":[[[82.127448,45.787865],[82.136574,45.780506],[82.143933,45.771675],[82.143344,45.759017],[82.116557,45.750481],[82.074168,45.776679],[82.005582,45.83408],[81.957895,45.846149],[81.908441,45.846443],[81.772445,45.819362],[81.74919,45.820245],[81.738888,45.830253],[81.729762,45.844089],[81.709157,45.854391],[81.670595,45.868226],[81.659115,45.882356],[81.651167,45.900606],[81.641747,45.916797],[81.626146,45.923273],[81.616727,45.92916],[81.554321,45.989799],[81.537837,46.00069],[81.519586,46.0054],[81.480436,46.009227],[81.407728,46.029538],[81.393599,46.037486],[81.379175,46.049849],[81.376525,46.056914],[81.378292,46.078697],[81.37682,46.090471],[81.386828,46.111077],[81.389772,46.121968],[81.381824,46.145812],[81.393599,46.155231],[81.41126,46.162591],[81.424212,46.16995],[81.411555,46.187317],[81.423624,46.229117],[81.416559,46.251783],[81.408317,46.254727],[81.396542,46.254727],[81.386534,46.256787],[81.382707,46.265912],[81.386828,46.270622],[81.396542,46.274155],[81.416559,46.279159],[81.388889,46.295643],[81.387417,46.315954],[81.397131,46.339209],[81.405667,46.376593],[81.41126,46.38513],[81.432749,46.40338],[81.439814,46.406618],[81.447467,46.408679],[81.454826,46.409268],[81.461302,46.412211],[81.465718,46.418687],[81.468661,46.425458],[81.471899,46.429873],[81.513405,46.444591],[81.526651,46.451067],[81.549906,46.474322],[81.562564,46.482564],[81.568156,46.474617],[81.572278,46.459015],[81.58258,46.456955],[81.639393,46.47079],[81.643219,46.467552],[81.642336,46.460487],[81.639687,46.456072],[81.635271,46.453128],[81.629679,46.451067],[81.629679,46.443414],[81.694144,46.443414],[81.710923,46.450479],[81.720931,46.452539],[81.725053,46.447241],[81.725936,46.439293],[81.728879,46.4337],[81.734178,46.430756],[81.742126,46.429873],[81.765675,46.431051],[81.773034,46.429873],[81.780393,46.426635],[81.793345,46.415449],[81.82337,46.403086],[81.838971,46.402497],[81.855456,46.409268],[81.862226,46.402497],[81.854867,46.387779],[81.914623,46.361286],[81.917567,46.333616],[81.94141,46.332439],[81.958483,46.326257],[81.968786,46.313305],[81.97379,46.265618],[81.979972,46.249428],[81.99263,46.237359],[82.012941,46.223818],[82.023832,46.219403],[82.032957,46.217342],[82.040905,46.21381],[82.047381,46.204685],[82.049147,46.19291],[82.046793,46.180841],[82.042966,46.169361],[82.03178,46.093121],[82.026776,46.080463],[82.041494,46.040429],[82.050031,45.953592],[82.060922,45.909732],[82.092419,45.84821],[82.10596,45.830253],[82.122738,45.796107],[82.127448,45.787865]]]}},{"type":"Feature","properties":{"kind":"lakes","name":"吉爾吉斯湖","source":"Natural Earth 1:10m"},"geometry":{"type":"MultiPolygon","coordinates":[[[[92.916528,49.329043],[92.915599,49.329065],[92.916482,49.329065],[92.916528,49.329043]]],[[[93.787506,49.170992],[93.806639,49.157157],[93.811938,49.121539],[93.786328,49.102111],[93.699197,49.082683],[93.656514,49.061783],[93.580273,49.033818],[93.553486,49.042944],[93.515808,49.043238],[93.478718,49.036173],[93.453697,49.024104],[93.435446,49.01233],[93.429559,49.006442],[93.428087,49.000555],[93.430736,48.984659],[93.429559,48.979067],[93.416313,48.969058],[93.383049,48.958461],[93.368037,48.951691],[93.334774,48.983482],[93.322705,49.022632],[93.315934,49.062666],[93.299744,49.095635],[93.281199,49.10947],[93.264421,49.110353],[93.244698,49.105643],[93.217028,49.102699],[93.163159,49.102994],[93.136667,49.106821],[93.114001,49.115651],[93.10252,49.128898],[93.092806,49.147443],[93.080737,49.163633],[93.063076,49.170698],[92.869973,49.210437],[92.826701,49.233103],[92.80639,49.266955],[92.815221,49.294625],[92.842597,49.314936],[92.879098,49.327005],[92.917071,49.328771],[92.916528,49.329043],[92.927668,49.328771],[92.951806,49.325239],[92.976827,49.318174],[92.990662,49.308166],[93.015389,49.322001],[93.086625,49.320235],[93.135784,49.339663],[93.151974,49.332009],[93.176406,49.308166],[93.192301,49.301101],[93.207903,49.299923],[93.238222,49.30169],[93.29945,49.293742],[93.36892,49.272842],[93.423966,49.237224],[93.4431,49.184533],[93.44987,49.184533],[93.458701,49.211025],[93.485783,49.219562],[93.521106,49.217796],[93.588516,49.206021],[93.604411,49.199545],[93.618246,49.188359],[93.645034,49.150681],[93.656514,49.143616],[93.651215,49.15804],[93.642384,49.173936],[93.635319,49.189831],[93.635614,49.205727],[93.645034,49.21809],[93.658574,49.218679],[93.690071,49.205727],[93.787506,49.170992]]]]}},{"type":"Feature","properties":{"kind":"lakes","name":"哈尔湖","source":"Natural Earth 1:10m"},"geometry":{"type":"Polygon","coordinates":[[[93.577918,47.687691],[93.597641,47.68357],[93.613537,47.675033],[93.607061,47.655605],[93.580273,47.622342],[93.541123,47.594378],[93.490787,47.576127],[93.437212,47.576127],[93.388054,47.601737],[93.397768,47.622637],[93.380106,47.645891],[93.35273,47.669735],[93.333891,47.691223],[93.329475,47.702115],[93.327709,47.713595],[93.32977,47.724487],[93.346254,47.749802],[93.343899,47.760988],[93.337717,47.771585],[93.333891,47.783654],[93.322999,47.804848],[93.297978,47.828397],[93.269425,47.847236],[93.248231,47.855184],[93.243521,47.857834],[93.230863,47.872257],[93.234396,47.880205],[93.242343,47.88256],[93.251763,47.884326],[93.258239,47.889625],[93.256767,47.89669],[93.249702,47.901105],[93.244698,47.906109],[93.248231,47.913763],[93.259416,47.923182],[93.262949,47.92907],[93.265598,47.938195],[93.189947,47.938195],[93.200249,47.948792],[93.216734,47.954385],[93.235573,47.9588],[93.252057,47.964982],[93.232335,47.978228],[93.207608,47.981761],[93.102815,47.981172],[93.082209,47.987059],[93.038643,48.01208],[93.023631,48.024149],[93.0148,48.040045],[93.011856,48.064183],[93.012739,48.087143],[93.017449,48.113342],[93.027752,48.136302],[93.046003,48.149843],[93.057483,48.139834],[93.076616,48.128649],[93.096927,48.122467],[93.111057,48.126294],[93.118416,48.131592],[93.137255,48.139246],[93.141965,48.143661],[93.141965,48.15367],[93.136961,48.162206],[93.131074,48.168682],[93.128424,48.173981],[93.144614,48.214897],[93.183471,48.222551],[93.272369,48.211954],[93.399239,48.211954],[93.4222,48.199002],[93.419551,48.16986],[93.406304,48.139246],[93.396001,48.122467],[93.374807,48.102156],[93.324471,48.068598],[93.303277,48.050348],[93.279139,48.034158],[93.254707,48.022972],[93.250586,48.015907],[93.286204,48.012669],[93.260594,47.992064],[93.258239,47.985293],[93.265304,47.979112],[93.277373,47.979995],[93.303277,47.985293],[93.317995,47.98235],[93.317406,47.975285],[93.306515,47.96145],[93.304749,47.957917],[93.282671,47.881971],[93.282966,47.858422],[93.296506,47.84812],[93.301805,47.845176],[93.314757,47.831341],[93.374807,47.813973],[93.390997,47.800138],[93.4222,47.766286],[93.45664,47.754512],[93.49373,47.729785],[93.577918,47.687691]]]}},{"type":"Feature","properties":{"kind":"lakes","name":"艾拉格湖","source":"Natural Earth 1:10m"},"geometry":{"type":"Polygon","coordinates":[[[93.536413,48.931085],[93.539357,48.923726],[93.540829,48.91519],[93.537002,48.875156],[93.53082,48.863676],[93.519929,48.856022],[93.505211,48.849252],[93.464588,48.837477],[93.431325,48.840421],[93.401594,48.855434],[93.371569,48.879866],[93.357734,48.887519],[93.345665,48.891935],[93.34125,48.898999],[93.351258,48.914306],[93.362738,48.924904],[93.375396,48.932263],[93.38982,48.936678],[93.406599,48.937856],[93.425732,48.939033],[93.442217,48.941977],[93.470476,48.951691],[93.48019,48.957284],[93.499029,48.965231],[93.517574,48.965526],[93.525522,48.948158],[93.536413,48.931085]]]}},{"type":"Feature","properties":{"kind":"rivers","name":null,"source":"Natural Earth 1:10m"},"geometry":{"type":"MultiLineString","coordinates":[[[88.653819,48.156684],[88.65504,48.134467],[88.642996,48.093614],[88.639578,48.07099],[88.642345,48.059638],[88.651947,48.037909],[88.650076,48.030056],[88.642345,48.018256],[88.640229,48.007025],[88.640636,47.996121],[88.639578,47.985378],[88.66269,47.974066],[88.670339,47.959662],[88.667572,47.942694],[88.660167,47.923896],[88.652273,47.903835],[88.646414,47.882921],[88.647716,47.879259],[88.651296,47.874579],[88.654226,47.868923],[88.653819,47.862413],[88.650808,47.857449],[88.639578,47.845079],[88.633718,47.841864],[88.604991,47.841498],[88.595225,47.838243],[88.589692,47.827948],[88.588959,47.817816],[88.591807,47.804145],[88.601003,47.792792],[88.644786,47.769721],[88.660167,47.759385],[88.680675,47.729315],[88.698253,47.691433],[88.710216,47.650824],[88.714773,47.612616],[88.72519,47.595526],[88.749522,47.582953],[88.776296,47.573188],[88.7942,47.564236],[88.810964,47.550808],[88.850841,47.528591],[88.872976,47.519843],[88.879812,47.526679],[88.931244,47.501044],[88.941905,47.491889],[88.947846,47.497138],[88.967865,47.506171],[88.971934,47.478339],[88.990652,47.452175],[89.013276,47.427029],[89.03004,47.402533],[89.028901,47.386664],[89.042084,47.364447],[89.047455,47.342637],[89.023204,47.32807],[89.023204,47.320624],[89.033621,47.31448],[89.034597,47.309109],[89.031749,47.304389],[89.03004,47.300116],[89.034109,47.282497],[89.033132,47.27265],[89.026541,47.262559],[88.993907,47.224066],[88.989024,47.214423],[88.983409,47.197618],[88.970307,47.186387],[88.941905,47.169745],[88.912608,47.131171],[88.900401,47.122016]]]}},{"type":"Feature","properties":{"kind":"rivers","name":"Qarqan","source":"Natural Earth 1:10m"},"geometry":{"type":"MultiLineString","coordinates":[[[87.282156,36.504706],[87.251231,36.528388],[87.235932,36.54328],[87.228119,36.559353],[87.231863,36.579454],[87.253998,36.608669],[87.256114,36.628241],[87.239024,36.667589],[87.221446,36.703966],[87.208751,36.719184],[87.176524,36.731269],[87.159923,36.74494],[87.15504,36.761542],[87.163829,36.775824],[87.177419,36.789984],[87.187104,36.806423],[87.189464,36.82746],[87.185151,36.845404],[87.155935,36.892198],[87.132498,36.950385],[87.119721,36.96955],[87.090017,37.00141],[87.07724,37.011786],[87.066417,37.022773],[87.047293,37.02143],[87.025076,37.016221],[87.005382,37.022325],[86.965424,37.050727],[86.950694,37.067939],[86.947032,37.094346],[86.964122,37.128241],[87.035085,37.179633],[87.063731,37.211046],[87.06837,37.221259],[87.071056,37.231309],[87.072195,37.2414],[87.071869,37.251329],[87.051524,37.342556],[87.056895,37.374945],[87.086925,37.401638],[87.182546,37.401882],[87.221446,37.416531],[87.239513,37.450507],[87.242442,37.454047],[87.246511,37.467149],[87.264415,37.494249],[87.268565,37.508979],[87.269054,37.56037],[87.257823,37.57392],[87.228119,37.587836],[87.185313,37.575995],[87.137462,37.588243],[87.056895,37.62873],[86.97934,37.654853],[86.936697,37.660264],[86.892345,37.656073],[86.850678,37.646796],[86.806407,37.642401],[86.787852,37.648749],[86.751964,37.677029],[86.73406,37.684027],[86.710053,37.68122],[86.690684,37.675401],[86.671886,37.67475],[86.649099,37.687079],[86.628917,37.693305],[86.343761,37.649278],[86.309093,37.637803],[86.295909,37.635606],[86.254324,37.636664],[86.235769,37.627265],[86.212901,37.623155],[86.203298,37.618842],[86.165538,37.594062],[86.12558,37.576239],[85.905528,37.515163],[85.864838,37.519599],[85.829682,37.546902],[85.77003,37.62755],[85.72047,37.678656],[85.703624,37.707953],[85.678966,37.772773]]]}},{"type":"Feature","properties":{"kind":"rivers","name":"Tuotuo","source":"Natural Earth 1:10m"},"geometry":{"type":"MultiLineString","coordinates":[[[90.794688,34.300401],[90.841807,34.303656],[90.923269,34.327012],[91.066498,34.341376],[91.090831,34.338324],[91.127533,34.324164],[91.151541,34.320909],[91.21933,34.32453],[91.259858,34.316596],[91.305186,34.301296],[91.322276,34.290798],[91.340424,34.285102],[91.391694,34.293484],[91.414643,34.294216],[91.425304,34.291205],[91.444835,34.283271],[91.456391,34.280544],[91.468435,34.280626],[91.500662,34.28738],[91.704845,34.256537],[91.750499,34.259467],[91.792735,34.270697],[91.811534,34.268175],[91.819428,34.249538],[91.824229,34.228461],[91.836681,34.215928],[91.874034,34.198025],[91.939871,34.153266],[91.97755,34.136542],[92.017996,34.136542],[92.030528,34.13996],[92.035167,34.142279],[92.057546,34.179023],[92.064952,34.18769],[92.09905,34.19713],[92.116303,34.211127],[92.131847,34.227078],[92.148448,34.238959],[92.167003,34.245063],[92.191824,34.249823],[92.216319,34.250027],[92.233979,34.242703],[92.325857,34.238959],[92.511485,34.211697],[92.560639,34.212836],[92.58546,34.210313],[92.604015,34.201117],[92.631277,34.174099],[92.639578,34.162787],[92.644135,34.13996],[92.648692,34.129096],[92.680593,34.100938],[92.722585,34.087226],[92.813243,34.081326],[92.839285,34.082953],[92.886485,34.092637],[92.992768,34.100287]]]}},{"type":"Feature","properties":{"kind":"rivers","name":"Tongtian","source":"Natural Earth 1:10m"},"geometry":{"type":"MultiLineString","coordinates":[[[92.992768,34.100287],[93.011729,34.108588],[93.019216,34.124376],[93.024343,34.145046],[93.03419,34.163031],[93.056163,34.170681],[93.070323,34.178819],[93.112641,34.215847],[93.128429,34.225898],[93.170421,34.232286],[93.348155,34.232123],[93.359874,34.229275],[93.382498,34.220323],[93.392019,34.218451],[93.414236,34.220567],[93.454845,34.229926],[93.477306,34.232123],[93.499278,34.230048],[93.542979,34.220649],[93.662852,34.211697],[93.699636,34.217882],[93.748627,34.232286],[93.792491,34.251817],[93.813731,34.273057],[93.811534,34.290391],[93.80657,34.305732],[93.811127,34.316718],[93.837576,34.320909],[93.849864,34.327338],[93.86085,34.342108],[93.875092,34.36933],[93.893077,34.391425],[93.90032,34.403673],[93.90683,34.44127],[93.917247,34.453559],[93.950206,34.472357],[93.973155,34.4713],[94.001069,34.491767],[94.057628,34.55268],[94.068126,34.561347],[94.082286,34.566718],[94.120616,34.571479],[94.152192,34.584906],[94.169444,34.589057],[94.20517,34.587348],[94.237234,34.582221],[94.264578,34.583767],[94.286632,34.602078],[94.295828,34.620673],[94.300385,34.633653],[94.307628,34.641181],[94.324229,34.643622],[94.337169,34.65115],[94.344493,34.664659],[94.351166,34.670966],[94.362315,34.656684],[94.375499,34.67654],[94.392345,34.684394],[94.433686,34.684597],[94.451752,34.68769],[94.475841,34.695339],[94.496755,34.705186],[94.505789,34.715033],[94.521414,34.744696],[94.558442,34.764024],[94.602468,34.767524],[94.638927,34.749823],[94.652354,34.741278],[94.883393,34.700954],[94.917898,34.686347],[94.94394,34.66352],[94.967459,34.6706],[94.977794,34.650092],[94.982351,34.622626],[94.989024,34.608913],[94.997813,34.6046],[95.006765,34.585801],[95.016205,34.58161],[95.038097,34.581122],[95.046886,34.579169],[95.053803,34.574774],[95.057628,34.566107],[95.061127,34.54267],[95.067475,34.5338],[95.079519,34.529893],[95.101085,34.534451],[95.111501,34.530707],[95.156261,34.492621],[95.169932,34.486029],[95.179128,34.488145],[95.188487,34.49433],[95.198985,34.499701],[95.211436,34.49962],[95.218842,34.492499],[95.228526,34.469753],[95.235362,34.464911],[95.246674,34.466091],[95.266124,34.471218],[95.276378,34.472357],[95.287608,34.46955],[95.303966,34.458848],[95.313975,34.458686],[95.316173,34.463243],[95.315522,34.471544],[95.317556,34.480292],[95.327566,34.486029],[95.33839,34.485907],[95.344737,34.481024],[95.347992,34.472602],[95.348643,34.461778],[95.357921,34.459581],[95.410167,34.417751],[95.445079,34.379665],[95.466563,34.362616],[95.492605,34.348822],[95.555919,34.329942],[95.578054,34.311143],[95.5678,34.280544],[95.574962,34.275824],[95.588878,34.259467],[95.582937,34.253933],[95.574718,34.24376],[95.5678,34.238959],[95.57545,34.231635],[95.58546,34.226182],[95.596202,34.224677],[95.617605,34.233832],[95.627859,34.229438],[95.637299,34.222276],[95.646576,34.218451],[95.666596,34.21369],[95.680268,34.200792],[95.68808,34.182196],[95.690684,34.160183],[95.695323,34.142646],[95.706635,34.129177],[95.788829,34.063422],[95.794363,34.053331],[95.825857,34.051866],[95.848399,34.015082],[95.865001,33.971788],[95.879649,33.950954],[95.889659,33.949408],[95.894786,33.944851],[95.896495,33.937445],[95.898204,33.914374],[95.902354,33.912543],[95.908702,33.913845],[95.917247,33.90998],[95.933849,33.894599],[95.951101,33.882432],[95.970144,33.873725],[95.992931,33.869005],[95.987071,33.843207],[96.007742,33.833808],[96.03476,33.829169],[96.048106,33.817491],[96.066905,33.810248],[96.10198,33.805935],[96.122081,33.797919],[96.095876,33.779649],[96.130626,33.764838],[96.147065,33.762722],[96.160737,33.769721],[96.167247,33.77086],[96.175304,33.768012],[96.181895,33.767768],[96.184825,33.776557],[96.188731,33.781765],[96.198171,33.78498],[96.209239,33.786444],[96.218272,33.786444],[96.214285,33.779853],[96.211436,33.773464],[96.22047,33.772569],[96.22698,33.7685],[96.230479,33.76142],[96.231944,33.751736],[96.197765,33.746161],[96.205089,33.735541],[96.227306,33.738593],[96.231944,33.728787],[96.23463,33.717963],[96.241466,33.720526],[96.249278,33.728095],[96.256114,33.732489],[96.293956,33.738715],[96.306407,33.737128],[96.310476,33.733181],[96.314708,33.731879],[96.328136,33.738715],[96.351654,33.76203],[96.35906,33.765977],[96.372081,33.762885],[96.392345,33.749294],[96.400076,33.746161],[96.405772,33.739122],[96.397716,33.701768],[96.403819,33.684109],[96.430186,33.690863],[96.455984,33.679551],[96.500011,33.643134],[96.487804,33.635688],[96.472097,33.628852],[96.472097,33.622626],[96.522227,33.620673],[96.577566,33.611151],[96.617768,33.588406],[96.623546,33.546902],[96.636648,33.551825],[96.651866,33.553738],[96.68157,33.553738],[96.700694,33.547309],[96.708914,33.533271],[96.706716,33.51911],[96.695242,33.512763],[96.689464,33.50613],[96.694021,33.491645],[96.705496,33.471788],[96.707042,33.465522],[96.706716,33.461249],[96.708507,33.456326],[96.722748,33.43948],[96.722179,33.434149],[96.715831,33.431505],[96.705496,33.430854],[96.705496,33.423407],[96.714692,33.419216],[96.721934,33.413194],[96.727957,33.405626],[96.732839,33.396674],[96.73463,33.405463],[96.737315,33.409247],[96.743093,33.40998],[96.753347,33.409735],[96.746511,33.396674],[96.764903,33.397488],[96.772716,33.38878],[96.774099,33.373847],[96.773692,33.35574],[96.785085,33.364081],[96.789154,33.386176],[96.800955,33.389838],[96.793549,33.375556],[96.802989,33.367499],[96.828298,33.313544],[96.832612,33.321112],[96.837413,33.326239],[96.848888,33.334581],[96.853445,33.325059],[96.858979,33.32213],[96.865652,33.324571],[96.873057,33.330878],[96.880789,33.33279],[96.917735,33.327175],[96.936534,33.332953],[96.950857,33.342637],[96.963959,33.348212],[96.97934,33.341417],[96.976736,33.337185],[96.976736,33.336208],[96.978038,33.334296],[96.97934,33.327175],[96.985606,33.334337],[96.991466,33.337958],[97.007091,33.341417],[97.004487,33.334581],[96.999766,33.313544],[97.020437,33.320176],[97.022227,33.300645],[97.017182,33.273139],[97.0171,33.255805],[97.022227,33.245388],[97.019054,33.225165],[97.023936,33.214464],[97.047374,33.183783],[97.083995,33.156684],[97.10377,33.146308],[97.120128,33.142198],[97.134288,33.133246],[97.174815,33.067084],[97.180919,33.052558],[97.185313,33.046658],[97.195811,33.039618],[97.220225,33.029731],[97.229991,33.022732],[97.240815,33.003974],[97.246023,32.964911],[97.25351,32.9442],[97.267345,32.931179],[97.287852,32.922471],[97.310639,32.917792],[97.331716,32.916287],[97.346934,32.910753],[97.360769,32.896999],[97.371349,32.879177],[97.376964,32.86164],[97.3838,32.77912],[97.391368,32.761542],[97.424815,32.724473],[97.426768,32.716579],[97.427013,32.707587],[97.430431,32.700222],[97.441742,32.697211],[97.447683,32.694281],[97.465831,32.676703],[97.559093,32.629706],[97.56544,32.624823],[97.573985,32.621283],[97.594493,32.623562],[97.603038,32.621446],[97.607514,32.61461],[97.616954,32.592637],[97.620372,32.587958],[97.663585,32.559841],[97.817556,32.51321],[97.83782,32.511501],[97.856212,32.51907],[97.886648,32.497585],[98.013927,32.464423],[98.066742,32.422716],[98.075857,32.412909],[98.080333,32.404608],[98.09075,32.401679],[98.113455,32.402371],[98.122813,32.400214],[98.129242,32.394965],[98.135265,32.388251],[98.144216,32.381903],[98.187266,32.366645],[98.205577,32.355577],[98.213145,32.337755],[98.211681,32.296169],[98.213308,32.273057],[98.2199,32.252143],[98.271495,32.190701],[98.309255,32.128607],[98.374522,32.080349],[98.384369,32.063422],[98.393321,32.040066],[98.436534,32.00373],[98.452729,31.983995],[98.456472,31.960395],[98.452729,31.932888],[98.444835,31.907904],[98.435313,31.892157],[98.422781,31.881619],[98.418875,31.879828],[98.420502,31.878119],[98.435069,31.838324],[98.434581,31.824571],[98.425385,31.8133],[98.445323,31.803534],[98.468272,31.766791],[98.501231,31.749701],[98.541515,31.689765]]]}},{"type":"Feature","properties":{"kind":"rivers","name":"Naryn","source":"Natural Earth 1:10m"},"geometry":{"type":"MultiLineString","coordinates":[[[73.300304,41.77619],[73.274343,41.7685],[73.237071,41.773505],[73.199799,41.773301],[73.147716,41.775987],[73.103282,41.786973],[73.053315,41.804511],[73.002859,41.813178],[72.942882,41.806993],[72.896658,41.800157],[72.853526,41.800808],[72.809825,41.794013],[72.776541,41.779731],[72.747813,41.762315],[72.718761,41.734565],[72.686941,41.697943],[72.66741,41.682888],[72.65797,41.674872],[72.653738,41.667426]]]}},{"type":"Feature","properties":{"kind":"rivers","name":"Naryn","source":"Natural Earth 1:10m"},"geometry":{"type":"MultiLineString","coordinates":[[[77.737234,41.879665],[77.778575,41.870225],[77.82252,41.865994],[77.846202,41.869452],[77.935069,41.895697],[77.965424,41.900458],[77.976736,41.900743],[77.988699,41.897773],[78.009776,41.888983],[78.021495,41.887071],[78.044526,41.880561],[78.057872,41.865058],[78.060557,41.846747],[78.052419,41.831855],[77.980886,41.80154],[77.961192,41.77619],[77.901134,41.749864],[77.865164,41.729926],[77.849132,41.718207],[77.817149,41.6883],[77.776541,41.664008],[77.731537,41.617703],[77.721121,41.601182],[77.716807,41.581732],[77.627371,41.562079],[77.587576,41.5362],[77.56601,41.525458],[77.542003,41.521104],[77.47877,41.528673],[77.456065,41.528591],[77.431651,41.52379],[77.387462,41.509792],[77.363292,41.506863],[77.341563,41.509101],[77.298269,41.518907],[77.277354,41.521104],[77.254405,41.516791],[77.213308,41.498114],[77.192475,41.49376],[77.007335,41.500596],[76.965912,41.506863],[76.960053,41.503119],[76.945567,41.485663],[76.935313,41.48017],[76.917084,41.479926],[76.777436,41.494574],[76.661632,41.487616],[76.649343,41.485378],[76.628917,41.475531],[76.616791,41.473334],[76.606212,41.476142],[76.583507,41.489366],[76.572276,41.49376],[76.560802,41.4949],[76.524425,41.49376],[76.498546,41.504828],[76.486501,41.506863],[76.091563,41.449286],[76.009858,41.44599],[75.812022,41.462755],[75.712169,41.443305],[75.691417,41.431098],[75.653575,41.399848],[75.631847,41.389919],[75.605072,41.38349],[75.551768,41.37934],[75.505463,41.382188],[75.479747,41.386542],[75.462413,41.393622],[75.455577,41.386176],[75.432628,41.397162],[75.376964,41.407294],[75.279714,41.43769],[75.256358,41.448269],[75.249522,41.440863],[75.229015,41.448065],[74.81129,41.420966],[74.80071,41.424994],[74.776296,41.438056],[74.766368,41.440863],[74.738862,41.437567],[74.666596,41.41352],[74.641694,41.409451],[74.621023,41.411444],[74.603282,41.418972],[74.588145,41.43122],[74.571056,41.439561],[74.546479,41.442694],[74.495372,41.440863],[74.470225,41.435248],[74.428233,41.417344],[74.403575,41.41352],[74.393972,41.410427],[74.375499,41.396755],[74.369395,41.393622],[74.305268,41.383328],[74.281179,41.375027],[74.26946,41.372504],[74.257335,41.372911],[74.225108,41.37934],[74.219656,41.381619],[74.202078,41.391384],[74.190929,41.393622],[74.156749,41.392524],[74.145925,41.393622],[74.0796,41.417507],[74.029796,41.423855],[74.011485,41.431423],[73.94752,41.483181],[73.936941,41.501899],[73.943858,41.52029],[73.953624,41.537543],[73.953217,41.557969],[73.94044,41.599066],[73.939708,41.605658],[73.941417,41.61872],[73.94044,41.62641],[73.926199,41.653673],[73.875092,41.713446],[73.868256,41.718695],[73.782807,41.729438],[73.757498,41.737738],[73.687266,41.777208],[73.601166,41.795722],[73.584076,41.804511],[73.567312,41.801093],[73.528412,41.801052],[73.508556,41.797065],[73.495697,41.790066],[73.483653,41.781195],[73.469493,41.773627],[73.45045,41.770372],[73.297862,41.775987]],[[72.653738,41.667426],[72.630789,41.633857],[72.597585,41.617296],[72.561615,41.604356],[72.412364,41.509711],[72.375011,41.51496],[72.324636,41.494737],[72.276866,41.464871],[72.247813,41.440863],[72.242931,41.43419],[72.239513,41.426825],[72.23406,41.407294],[72.230724,41.369452],[72.206147,41.33747],[72.193289,41.315619],[72.186453,41.297431],[72.188406,41.293484],[72.192963,41.288153],[72.197846,41.284003],[72.200125,41.283759],[72.199148,41.277289],[72.194753,41.267646],[72.190196,41.251532],[72.181895,41.232367],[72.180186,41.225409],[72.175873,41.220404],[72.156668,41.210639],[72.152354,41.204657],[72.15032,41.190863],[72.144786,41.181586],[72.13616,41.174384],[72.070567,41.13642],[72.054779,41.11046],[71.899669,40.99018],[71.797781,40.936794],[71.778575,40.923774],[71.75823,40.91295],[71.644054,40.889919],[71.505463,40.879503],[71.43629,40.885932],[71.423839,40.884955],[71.400971,40.880683],[71.388194,40.879706],[71.377045,40.882392],[71.356619,40.892849],[71.343435,40.893378],[71.332123,40.889228],[71.318614,40.877143],[71.309255,40.87226],[71.280854,40.866645],[71.25058,40.865424],[71.227631,40.858954],[71.200857,40.846259],[71.175141,40.837226],[71.154552,40.841864],[71.137787,40.851508],[71.113536,40.858913],[71.086843,40.862006],[71.062429,40.858588],[71.052175,40.855089],[71.04241,40.849718],[71.038503,40.841132],[71.045665,40.827908],[71.056163,40.814236],[71.062266,40.799506],[71.059174,40.785956],[71.042491,40.776068],[71.015391,40.816189],[70.971283,40.802191],[70.884207,40.742499],[70.871023,40.741156],[70.843028,40.743272],[70.8296,40.742499],[70.812755,40.736396],[70.801687,40.72724],[70.792491,40.716986],[70.781749,40.707831],[70.740245,40.687934],[70.736746,40.683865],[70.734955,40.679145],[70.731537,40.675238],[70.715261,40.672431],[70.706716,40.669257],[70.692393,40.66059],[70.677419,40.650092],[70.61671,40.612169],[70.581635,40.578966],[70.568858,40.570624],[70.553722,40.565253],[70.539073,40.56212],[70.524994,40.557318],[70.511485,40.547065],[70.487641,40.515815],[70.477468,40.505723],[70.467784,40.502753],[70.398936,40.490424],[70.369151,40.475775],[70.353445,40.456366],[70.354991,40.43537]]]}},{"type":"Feature","properties":{"kind":"rivers","name":"Pamir","source":"Natural Earth 1:10m"},"geometry":{"type":"MultiLineString","coordinates":[[[73.604584,37.446072],[73.484874,37.481228],[73.440196,37.48017],[73.37794,37.452826],[73.361339,37.45661],[73.344656,37.464708],[73.320811,37.467231],[73.295909,37.465196],[73.275808,37.459744],[73.259858,37.450263],[73.211192,37.408515],[73.200125,37.404405],[73.17864,37.410997],[73.169932,37.408515],[73.131765,37.384589],[73.11614,37.369249],[73.098888,37.340155],[73.087413,37.32628],[73.067149,37.315375],[72.995128,37.309516],[72.923839,37.275092],[72.901947,37.254014],[72.876964,37.247138],[72.830089,37.240017],[72.790294,37.220567],[72.760509,37.187771],[72.713959,37.110297],[72.672293,37.057888],[72.666108,37.038601],[72.657319,37.029079]]]}},{"type":"Feature","properties":{"kind":"rivers","name":"Yarkant","source":"Natural Earth 1:10m"},"geometry":{"type":"MultiLineString","coordinates":[[[77.524913,35.520697],[77.547781,35.525702],[77.564138,35.5338],[77.57724,35.544623],[77.589854,35.557929],[77.611746,35.574408],[77.657725,35.591335],[77.675222,35.602607],[77.681651,35.619167],[77.692312,35.673448],[77.692475,35.685167],[77.697846,35.687608],[77.70224,35.694281],[77.70574,35.703925],[77.708425,35.715196],[77.710948,35.738227],[77.710867,35.747423],[77.709972,35.753445],[77.688975,35.784939],[77.552745,35.879665],[77.545421,35.890001],[77.543956,35.903835],[77.54892,35.91295],[77.555675,35.920193],[77.559093,35.928168],[77.563487,35.943061],[77.642182,36.079291],[77.66155,36.096055],[77.729503,36.120958],[77.759532,36.142605],[77.757742,36.17182],[77.745942,36.178046],[77.69573,36.178005],[77.627371,36.199083],[77.557872,36.255398],[77.531179,36.267401],[77.533214,36.271755],[77.53655,36.283474],[77.538585,36.287869],[77.531179,36.292792],[77.524425,36.300238],[77.51946,36.30919],[77.517507,36.318915],[77.513927,36.323106],[77.496593,36.335476],[77.490733,36.342475],[77.498057,36.372382],[77.480561,36.406806],[77.450776,36.429714],[77.421316,36.424994],[77.404714,36.43183],[77.31544,36.44184],[77.273204,36.455919],[77.250011,36.459174],[77.225841,36.457221],[77.181244,36.448188],[77.158132,36.446153],[77.136241,36.448594],[77.101085,36.458523],[77.079194,36.459174],[76.964447,36.434353],[76.914154,36.404568],[76.904307,36.401679],[76.874522,36.397732],[76.838308,36.385281],[76.828868,36.383409],[76.820404,36.385688],[76.806163,36.395453],[76.795014,36.397732],[76.789806,36.396674],[76.78004,36.391954],[76.773936,36.390937],[76.766124,36.392768],[76.755789,36.401679],[76.749604,36.404568],[76.727957,36.405788],[76.66448,36.397732],[76.643972,36.400255],[76.513764,36.430854],[76.493663,36.432481],[76.478608,36.440253],[76.470225,36.458319],[76.462413,36.493272],[76.458425,36.498358],[76.44752,36.503282],[76.442475,36.507595],[76.441498,36.512071],[76.44337,36.523627],[76.442475,36.528022],[76.429454,36.544989],[76.420828,36.552314],[76.410737,36.555365],[76.389903,36.558051],[76.369151,36.564724],[76.332612,36.582709],[76.274669,36.619452],[76.253184,36.624294],[76.22877,36.62519],[76.208995,36.628363],[76.191661,36.634467],[76.118663,36.675157],[76.102631,36.688788],[76.077403,36.724229],[76.058197,36.76081],[76.044526,36.801785],[76.043468,36.808417],[76.044526,36.818223],[76.044526,36.822292],[76.04184,36.828681],[76.032807,36.840196],[76.030935,36.846218],[76.026459,36.868598],[76.015554,36.88581],[75.98935,36.911648],[75.97047,36.937934],[75.962006,36.945828],[75.952159,36.949734],[75.933686,36.950507],[75.924408,36.956081],[75.920095,36.971788],[75.931895,36.987169],[75.962006,37.014106],[75.990896,37.073106],[76.008067,37.093085],[76.010671,37.116238],[76.009858,37.158718],[76.011485,37.166938],[76.014415,37.171942],[76.015066,37.177069],[76.009858,37.18537],[76.001557,37.191352],[75.979096,37.20071],[75.969493,37.206488],[75.956065,37.224229],[75.937999,37.266791],[75.918549,37.292996],[75.911062,37.305854],[75.90683,37.317898],[75.910818,37.323106],[75.937429,37.323757],[75.954682,37.328477],[75.959565,37.31977],[75.962576,37.30744],[75.96575,37.298936],[75.974539,37.29206],[75.982188,37.289862],[76.003673,37.288398],[76.030935,37.282172],[76.043468,37.282742],[76.069347,37.287706],[76.079356,37.288398],[76.086518,37.285346],[76.090912,37.280097],[76.096202,37.275662],[76.106049,37.274726],[76.122162,37.280137],[76.129812,37.289252],[76.134939,37.300605],[76.143565,37.312934],[76.152599,37.317735],[76.175304,37.321885],[76.184825,37.32628],[76.189057,37.335273],[76.189952,37.358751],[76.191661,37.363552],[76.201752,37.371039],[76.235037,37.406562],[76.249441,37.418158],[76.244233,37.429389],[76.232432,37.448065],[76.229015,37.459744],[76.229015,37.471015],[76.236339,37.508124],[76.236501,37.544704],[76.232514,37.566718],[76.222748,37.582587],[76.22698,37.585395],[76.231537,37.592149],[76.236339,37.596869],[76.215912,37.632839],[76.210378,37.648993],[76.208507,37.668891],[76.204356,37.686103],[76.185802,37.714301],[76.181163,37.733466],[76.192882,37.780829],[76.207123,37.810167],[76.198009,37.820258],[76.181407,37.827582],[76.167491,37.837104],[76.175792,37.840928],[76.194347,37.84573],[76.201671,37.850775],[76.205984,37.860622],[76.213145,37.88642],[76.219005,37.89171],[76.259939,37.89171],[76.26767,37.896837],[76.26767,37.908881],[76.263113,37.932685],[76.267996,37.957343],[76.276134,37.966905],[76.290945,37.967882],[76.314952,37.966864],[76.327078,37.970079],[76.349132,37.984646],[76.363048,37.987901],[76.374766,37.986274],[76.389903,37.977607],[76.40089,37.97366],[76.425304,37.970771],[76.450694,37.972439],[76.474376,37.979031],[76.493663,37.991034],[76.505056,37.995714],[76.518077,37.994086],[76.541515,37.987901],[76.546804,37.982245],[76.542491,37.969794],[76.535167,37.957587],[76.531261,37.952501],[76.537201,37.931586],[76.553315,37.928534],[76.574718,37.929877],[76.612804,37.914333],[76.653819,37.910509],[76.674571,37.906033],[76.7081,37.888495],[76.727306,37.88113],[76.753022,37.878038],[76.775401,37.882595],[76.790619,37.893581],[76.811697,37.919013],[76.8838,37.970242],[76.925222,38.020372],[76.942149,38.035102],[76.961681,38.04328],[76.98406,38.049994],[77.002696,38.060492],[77.010346,38.079779],[77.019135,38.091376],[77.079194,38.124457],[77.209727,38.23371],[77.284679,38.269355],[77.38144,38.339301],[77.393972,38.354438],[77.359304,38.445583],[77.363292,38.460883],[77.352957,38.475165],[77.325694,38.5633],[77.329031,38.569363],[77.3296,38.583197],[77.33253,38.590033],[77.340587,38.595811],[77.35963,38.600653],[77.36671,38.604275],[77.375662,38.61933],[77.381765,38.652655],[77.387218,38.666327],[77.398855,38.674994],[77.435069,38.690497],[77.449229,38.699897],[77.457937,38.713894],[77.459565,38.728095],[77.459483,38.743964],[77.462901,38.762519],[77.483816,38.796088],[77.546886,38.844672],[77.572765,38.871161],[77.581472,38.891303],[77.579112,38.905463],[77.571788,38.917792],[77.565359,38.932644],[77.56601,38.951687],[77.570323,38.970526],[77.568858,38.986111],[77.551687,38.995307],[77.555431,39.006619],[77.56129,39.013048],[77.591238,39.026679],[77.599376,39.028754],[77.606944,39.031765],[77.617117,39.039374],[77.616222,39.043321],[77.621104,39.085517],[77.623139,39.093044],[77.634776,39.111396],[77.639171,39.121772],[77.638764,39.127509],[77.63974,39.131944],[77.647878,39.138699],[77.653901,39.139512],[77.660411,39.136786],[77.665945,39.133246],[77.668956,39.131863],[77.674083,39.136542],[77.682384,39.149604],[77.686046,39.152371],[77.700125,39.158637],[77.710216,39.160427],[77.720144,39.155788],[77.729991,39.147569],[77.734874,39.148301],[77.74407,39.165961],[77.743093,39.16767],[77.742442,39.173855],[77.742686,39.181342],[77.74407,39.187079],[77.748627,39.192491],[77.754487,39.195665],[77.760509,39.198065],[77.799571,39.225287],[77.804861,39.231147],[77.866954,39.275214],[77.912852,39.286078],[77.929454,39.29621],[77.935802,39.319892],[77.943858,39.332546],[77.96282,39.34748],[78.004812,39.371446],[78.019216,39.374376],[78.056895,39.37698],[78.069347,39.382025],[78.074718,39.389431],[78.082937,39.406521],[78.087332,39.412421],[78.094249,39.415798],[78.111257,39.41946],[78.130626,39.431708],[78.160411,39.442735],[78.214447,39.483669],[78.227306,39.488715],[78.259695,39.493354],[78.440847,39.566759],[78.470225,39.584337],[78.490896,39.576606],[78.512462,39.584662],[78.533376,39.59748],[78.552419,39.604193],[78.562755,39.599921],[78.563731,39.589423],[78.562429,39.576239],[78.565929,39.563829],[78.575287,39.55744],[78.586192,39.558132],[78.597911,39.561713],[78.61085,39.563829],[78.627696,39.569525],[78.668956,39.596015],[78.689464,39.604193],[78.714366,39.603949],[78.739757,39.600653],[78.760346,39.602403],[78.771902,39.617865],[78.78419,39.612982],[78.806733,39.615098],[78.819753,39.61164],[78.818289,39.623236],[78.820079,39.633002],[78.825125,39.640692],[78.833995,39.645819],[78.843761,39.633653],[78.854096,39.633368],[78.865652,39.635077],[78.878347,39.62873],[78.89088,39.619493],[78.902354,39.617499],[78.928966,39.625312],[78.936046,39.628526],[78.949148,39.63642],[78.956716,39.638983],[78.962169,39.636786],[78.968272,39.631415],[78.97462,39.627224],[78.980479,39.62873],[78.992768,39.635077],[79.005463,39.633857],[79.018647,39.634304],[79.031993,39.645819],[79.051199,39.643378],[79.073416,39.653876],[79.110769,39.683661],[79.130382,39.69538],[79.153087,39.702175],[79.244884,39.707221],[79.257742,39.710639],[79.278819,39.719672],[79.297455,39.72366],[79.313243,39.733018],[79.323985,39.735175],[79.335704,39.736192],[79.34726,39.739081],[79.368337,39.748155],[79.386241,39.760932],[79.426362,39.80683],[79.442312,39.820583],[79.45753,39.82807],[79.590587,39.837592],[79.608816,39.844672],[79.662608,39.892849],[79.721283,39.916449],[79.73463,39.919501],[79.745372,39.924872],[79.75644,39.936591],[79.770437,39.94831],[79.789561,39.95364],[79.807628,39.955837],[79.831716,39.962022],[79.852794,39.971951],[79.861827,39.984971],[79.870372,39.994493],[79.889171,39.997504],[79.90797,40.004503],[79.928233,40.062079],[79.957449,40.078681],[80.051524,40.086371],[80.065522,40.090033],[80.125418,40.122667],[80.141775,40.128485],[80.155935,40.126166],[80.164806,40.138454],[80.198985,40.170844],[80.211192,40.180203],[80.222341,40.183621],[80.247569,40.184434],[80.259044,40.187038],[80.266368,40.192206],[80.278575,40.207343],[80.285737,40.214382],[80.304617,40.222602],[80.346934,40.231228],[80.361501,40.241645],[80.362071,40.247585],[80.360769,40.268826],[80.361501,40.276435],[80.366791,40.283759],[80.382416,40.2956],[80.389415,40.303738],[80.381928,40.310492],[80.396658,40.32099],[80.417491,40.330756],[80.435964,40.343288],[80.44394,40.362087],[80.447276,40.37519],[80.455658,40.392524],[80.466807,40.404079],[80.478282,40.399929],[80.488373,40.404608],[80.499034,40.406358],[80.522553,40.406114],[80.533946,40.409451],[80.553233,40.423936],[80.584402,40.43183],[80.600841,40.440619],[80.617198,40.445746],[80.637625,40.439643],[80.642589,40.434109],[80.745942,40.450873],[80.795095,40.45246],[80.813975,40.427273],[80.820811,40.427273],[80.83017,40.433376],[80.856944,40.443142],[80.870046,40.461046],[80.88795,40.467108]]]}},{"type":"Feature","properties":{"kind":"rivers","name":"Ertis","source":"Natural Earth 1:10m"},"geometry":{"type":"MultiLineString","coordinates":[[[83.36378,49.643866],[83.374115,49.631415],[83.411388,49.614366],[83.438406,49.588935],[83.4699,49.577338],[83.508556,49.577745],[83.54713,49.571153],[83.582286,49.556505],[83.615164,49.52794],[83.645518,49.495185],[83.683035,49.478583],[83.726166,49.470526],[83.760265,49.460069],[83.785167,49.455878],[83.847667,49.452501],[83.873139,49.446397],[83.897716,49.428494],[83.920421,49.406765],[83.940847,49.391466],[83.965017,49.381903],[84.043549,49.339545],[84.100027,49.294867],[84.155854,49.256374],[84.17864,49.237901],[84.200776,49.210476],[84.218272,49.17829],[84.214447,49.152533],[84.203298,49.132392],[84.161632,49.112982],[84.115245,49.096381],[84.034597,49.082709],[83.989757,49.066921],[83.947683,49.04918],[83.906179,49.038194],[83.845795,49.028144],[83.791026,49.015896],[83.753917,49.004503],[83.683442,48.97724],[83.592703,48.948676],[83.564871,48.94123],[83.53419,48.918891],[83.493256,48.864285],[83.468272,48.837592],[83.449962,48.807156],[83.439382,48.764187],[83.43629,48.731391],[83.445079,48.705186],[83.458588,48.674343],[83.472097,48.633857],[83.477143,48.58869],[83.472341,48.553168],[83.479747,48.516669],[83.493093,48.47956],[83.526866,48.44713],[83.576101,48.421413],[83.60377,48.401231],[83.618093,48.37934],[83.61378,48.360216],[83.55421,48.33043],[83.516775,48.313829],[83.501964,48.298163],[83.48878,48.263739],[83.489675,48.231147],[83.52003,48.196357],[83.572765,48.154161],[83.804861,48.078437],[83.859386,48.041205],[83.90919,48.01142],[84.009776,47.958075],[84.075694,47.91413],[84.135183,47.863715],[84.198334,47.776801],[84.241954,47.745795],[84.260509,47.734931],[84.282807,47.725898],[84.302989,47.726264],[84.339936,47.732123],[84.356863,47.732123]]]}},{"type":"Feature","properties":{"kind":"rivers","name":"Ertis","source":"Natural Earth 1:10m"},"geometry":{"type":"MultiLineString","coordinates":[[[79.072846,50.617051],[79.035655,50.61164],[79.017589,50.612006],[78.979503,50.631456],[78.954682,50.63288],[78.901541,50.630154],[78.817963,50.644314],[78.743907,50.672309],[78.710378,50.692491],[78.637462,50.747829],[78.621104,50.754218],[78.599539,50.755968],[78.58074,50.75495],[78.563406,50.756903],[78.545339,50.767279],[78.539806,50.773871],[78.528331,50.791042],[78.521658,50.798651],[78.512625,50.803331],[78.502859,50.804511],[78.493175,50.806952],[78.483897,50.815741],[78.482188,50.827704],[78.454519,50.83747],[78.365245,50.8581],[78.35377,50.864081],[78.343028,50.873725],[78.330577,50.879503],[78.297293,50.881049],[78.282481,50.887722],[78.270437,50.900702],[78.244395,50.939236],[78.242198,50.945176],[78.243175,50.949652],[78.241954,50.95246],[78.233816,50.953477],[78.22755,50.955024],[78.219819,50.959011],[78.212983,50.964219],[78.210216,50.969591],[78.202403,51.002387],[78.183116,51.014106],[78.158376,51.018175],[78.134532,51.02794],[78.1421,51.047716],[78.128917,51.060981],[78.111746,51.073188],[78.107188,51.090033],[78.114187,51.092149],[78.12851,51.101833],[78.136485,51.112372],[78.124522,51.117377],[78.094656,51.115098],[78.082449,51.116563],[78.066173,51.123562],[78.094005,51.154893],[78.096202,51.16706],[78.056651,51.173163],[78.04835,51.176581],[78.035167,51.189317],[78.033132,51.197943],[78.042979,51.20364],[78.056895,51.208197],[78.066173,51.213568],[78.072358,51.235297],[78.063731,51.252753],[78.021251,51.291083],[78.012462,51.294786],[77.982351,51.298529],[77.975108,51.304714],[77.971283,51.313259],[77.963145,51.322821],[77.953624,51.327826],[77.92213,51.336453],[77.886485,51.360622],[77.86378,51.371527],[77.795665,51.453884],[77.775401,51.467882],[77.750906,51.47366],[77.739513,51.474677],[77.718679,51.479356],[77.706554,51.480414],[77.692556,51.485053],[77.687755,51.495551],[77.68629,51.506944],[77.682628,51.514594],[77.665294,51.517401],[77.626557,51.51081],[77.610281,51.518337],[77.600841,51.527371],[77.592214,51.533271],[77.572765,51.542548],[77.567393,51.543647],[77.548595,51.542548],[77.545665,51.544379],[77.542979,51.553168],[77.538585,51.555528],[77.520437,51.55268],[77.500011,51.546658],[77.483409,51.545966],[77.469168,51.576768],[77.452647,51.585313],[77.43629,51.591091],[77.428722,51.600287],[77.420909,51.668484],[77.424734,51.695624],[77.445567,51.723456],[77.449229,51.730089],[77.440522,51.73904],[77.441824,51.747341],[77.440522,51.750515],[77.437999,51.755316],[77.438243,51.759711],[77.445567,51.761583],[77.465831,51.76081],[77.469737,51.761583],[77.468842,51.775824],[77.46046,51.789984],[77.454845,51.803656],[77.462901,51.81623],[77.456065,51.830756],[77.447765,51.836982],[77.421316,51.843573],[77.405935,51.850409],[77.396658,51.857733],[77.38087,51.877712],[77.358165,51.897162],[77.333507,51.908881],[77.277354,51.925482],[77.235444,51.943468],[77.222667,51.946601],[77.177989,51.944403],[77.161876,51.946601],[77.098643,51.970893],[77.069265,51.988145],[77.065684,52.001817],[77.042898,52.037177],[77.035167,52.045925],[77.017182,52.052558],[76.979015,52.048529],[76.965912,52.052761],[76.959727,52.063666],[76.959565,52.074774],[76.961681,52.087714],[76.962494,52.104275],[76.960216,52.110053],[76.955577,52.113593],[76.950857,52.118476],[76.948985,52.127794],[76.953136,52.13227],[76.963145,52.135565],[76.97462,52.137722],[76.983816,52.138373],[76.978526,52.147732],[76.970632,52.154079],[76.960541,52.15766],[76.948985,52.158881],[76.957937,52.174343],[76.962494,52.179307],[76.9546,52.185981],[76.936046,52.197781],[76.929128,52.206651],[76.938975,52.208075],[76.947195,52.211982],[76.953136,52.218451],[76.956391,52.227118],[76.92099,52.236151],[76.914154,52.24079],[76.914561,52.251899],[76.92213,52.258165],[76.930675,52.26085],[76.935313,52.261298],[76.942312,52.274848],[76.935557,52.283962],[76.922455,52.291449],[76.911143,52.29975],[76.89088,52.326443],[76.882498,52.331895],[76.864268,52.335476],[76.848643,52.346259],[76.841807,52.347113],[76.834565,52.347276],[76.82545,52.350653],[76.819021,52.355577],[76.804291,52.371161],[76.771576,52.388983],[76.767507,52.399604],[76.784434,52.412136],[76.758311,52.424262],[76.766856,52.43122],[76.790131,52.436387],[76.808116,52.443183],[76.812022,52.451117],[76.810313,52.459052],[76.80657,52.467597],[76.804291,52.47724],[76.800141,52.489203],[76.791026,52.493598],[76.781749,52.49669],[76.777599,52.504584],[76.778331,52.537421],[76.774913,52.558417],[76.764659,52.577216],[76.743907,52.588162],[76.695323,52.588324],[76.674571,52.597724],[76.708751,52.611396],[76.708751,52.61754],[76.69573,52.625027],[76.680675,52.620225],[76.658783,52.619005],[76.642507,52.623399],[76.644542,52.635565],[76.654307,52.644355],[76.675304,52.659125],[76.68214,52.665961],[76.689708,52.688341],[76.679128,52.701239],[76.663097,52.716132],[76.654796,52.744818],[76.648855,52.751573],[76.61321,52.768378],[76.540538,52.828681],[76.516856,52.837673],[76.492442,52.833564],[76.462413,52.816759],[76.457042,52.821112],[76.453054,52.825954],[76.450287,52.831244],[76.448741,52.837266],[76.463796,52.843817],[76.47698,52.853135],[76.488048,52.864814],[76.497081,52.878241],[76.486257,52.876492],[76.455577,52.864569],[76.446056,52.871161],[76.447195,52.879421],[76.452403,52.889716],[76.455577,52.902452],[76.448741,52.905585],[76.433604,52.905056],[76.417247,52.902371],[76.406993,52.899359],[76.394054,52.892524],[76.392507,52.88821],[76.392996,52.881293],[76.391612,52.874823],[76.3838,52.872016],[76.372569,52.877265],[76.357921,52.900336],[76.349376,52.905585],[76.343191,52.906684],[76.329682,52.911811],[76.321788,52.913031],[76.315522,52.910956],[76.304454,52.901719],[76.29713,52.899359],[76.28476,52.90058],[76.269542,52.905137],[76.2588,52.912665],[76.259939,52.922919],[76.257335,52.928168],[76.241222,52.949978],[76.236339,52.96015],[76.24171,52.968777],[76.242686,52.981024],[76.239675,52.994005],[76.232595,53.00491],[76.222097,53.008897],[76.198985,53.003485],[76.191661,53.00491],[76.175548,53.019884],[76.170909,53.022244],[76.119151,53.022244],[76.107188,53.031317],[76.103119,53.041042],[76.09726,53.049872],[76.079356,53.056342],[76.059825,53.057318],[76.049246,53.052436],[76.034272,53.032172],[75.982514,53.022244],[75.967459,53.023627],[75.927826,53.035915],[75.879161,53.043809],[75.865815,53.050157],[75.872325,53.068549],[75.846772,53.085517],[75.790701,53.111029],[75.783132,53.13699],[75.78655,53.161444],[75.781179,53.179633],[75.733328,53.189154],[75.717377,53.195136],[75.702159,53.202989],[75.691417,53.210883],[75.670828,53.249783],[75.663829,53.255642],[75.596121,53.258816],[75.565196,53.268622],[75.544363,53.28913],[75.563975,53.304877],[75.571381,53.313056],[75.577891,53.32392],[75.515554,53.31863],[75.496511,53.32392],[75.478933,53.334988],[75.483979,53.339423],[75.500499,53.343126],[75.517019,53.351833],[75.526296,53.367133],[75.517019,53.372626],[75.499034,53.374376],[75.482188,53.378485],[75.467296,53.388861],[75.468435,53.395046],[75.496511,53.412665],[75.470307,53.437934],[75.4345,53.484931],[75.349132,53.529364],[75.321381,53.533759],[75.299734,53.54446],[75.263194,53.570339],[75.260671,53.57453],[75.261729,53.57921],[75.26116,53.583035],[75.25294,53.584581],[75.234874,53.583767],[75.225678,53.584499],[75.206635,53.594306],[75.166921,53.604438],[75.18808,53.611274],[75.18808,53.618109],[75.15504,53.617011],[75.139171,53.618964],[75.125987,53.625556],[75.143484,53.633979],[75.141531,53.64704],[75.118582,53.672716],[75.114675,53.681098],[75.112071,53.690212],[75.107188,53.697577],[75.085053,53.703884],[75.064138,53.717963],[75.039236,53.72602],[75.024994,53.738389],[75.014171,53.755194],[75.009858,53.772976],[75.018565,53.787177],[75.034923,53.799913],[75.045502,53.815456],[75.036632,53.837836],[75.066335,53.88935],[75.075776,53.918402],[75.083995,53.929023],[75.084727,53.941962],[75.067556,53.964423],[75.029307,53.983466],[74.993582,53.985622]],[[79.072846,50.617051],[79.059255,50.617051]],[[83.36378,49.643866],[83.362722,49.650092],[83.362722,49.655056],[83.361257,49.659491],[83.355724,49.664333],[83.358897,49.668158],[83.36378,49.678005],[83.236827,49.671739],[83.208751,49.674872],[83.154552,49.688544],[83.126964,49.691677],[83.064952,49.691677],[83.049815,49.694525],[83.043875,49.701687],[83.040619,49.710639],[83.03419,49.71894],[83.009288,49.726142],[82.986257,49.726508],[82.974864,49.735175],[82.985769,49.767361],[82.975597,49.769599],[82.966889,49.774237],[82.960704,49.78144],[82.958507,49.791287],[82.957449,49.804023],[82.954112,49.80744],[82.947765,49.808702],[82.937999,49.815131],[82.888764,49.863796],[82.813243,49.909491],[82.793956,49.918158],[82.77003,49.921495],[82.727061,49.910468],[82.705089,49.911322],[82.698416,49.915473],[82.691905,49.922553],[82.686697,49.929796],[82.684662,49.934923],[82.679698,49.941596],[82.667572,49.943915],[82.643891,49.944892],[82.606619,49.95661],[82.506602,50.014431],[82.489268,50.02086],[82.482595,50.024278],[82.475515,50.030829],[82.468842,50.038845],[82.462576,50.044786],[82.455089,50.046332],[82.444428,50.041083],[82.421479,50.051703],[82.365896,50.05032],[82.34547,50.058417],[82.317475,50.083767],[82.314138,50.092882],[82.315033,50.116075],[82.311453,50.123969],[82.300548,50.137274],[82.279796,50.154853],[82.273204,50.164618],[82.259044,50.209011],[82.248464,50.227362],[82.224864,50.227078],[82.164154,50.206366],[82.157237,50.205593],[82.151459,50.207628],[82.148448,50.217353],[82.143484,50.219794],[82.132335,50.219591],[82.11964,50.217841],[82.107595,50.214301],[82.099132,50.209011],[82.079519,50.202501],[82.052989,50.206651],[82.005626,50.219794],[81.978038,50.220282],[81.900076,50.212429],[81.891368,50.209296],[81.876231,50.195624],[81.865733,50.192491],[81.854747,50.193956],[81.829519,50.201728],[81.821381,50.205593],[81.774018,50.259589],[81.75587,50.267646],[81.738048,50.262722],[81.725027,50.252794],[81.709565,50.245063],[81.684093,50.246527],[81.645518,50.262274],[81.575287,50.308173],[81.533946,50.328437],[81.510753,50.334174],[81.434093,50.335883],[81.407481,50.332099],[81.355968,50.31684],[81.327891,50.315456],[81.305431,50.321234],[81.266124,50.338975],[81.215017,50.3463],[81.193858,50.355251],[81.155935,50.376899],[81.11614,50.393378],[81.093842,50.397284],[81.067312,50.397325],[81.040538,50.39114],[81.03183,50.393744],[81.016205,50.402899],[81.009369,50.404812],[80.99822,50.402289],[80.964854,50.383653],[80.937755,50.373236],[80.823416,50.354356],[80.787039,50.353705],[80.758881,50.357978],[80.759288,50.376899],[80.739024,50.377631],[80.680186,50.370673],[80.66269,50.374457],[80.629649,50.389716],[80.60849,50.39114],[80.500499,50.360663],[80.465261,50.356391],[80.448334,50.35871],[80.412039,50.368476],[80.293468,50.378607],[80.280528,50.381212],[80.269623,50.387763],[80.230724,50.427191],[80.223074,50.440985],[80.217377,50.459418],[80.194591,50.451606],[80.17213,50.457628],[80.149018,50.468085],[80.111339,50.477566],[80.102794,50.486436],[80.095795,50.496609],[80.087169,50.504096],[80.077403,50.504421],[80.046153,50.486762],[80.018565,50.479804],[79.94044,50.486762],[79.882335,50.465522],[79.867931,50.464423],[79.813487,50.470811],[79.792898,50.479071],[79.774913,50.492011],[79.755382,50.510606],[79.746104,50.515082],[79.736257,50.51378],[79.727306,50.509223],[79.720876,50.504096],[79.708995,50.498481],[79.698253,50.501899],[79.683116,50.514024],[79.681082,50.517401],[79.678233,50.524115],[79.674408,50.530829],[79.669444,50.534532],[79.662527,50.533149],[79.657644,50.52794],[79.653575,50.522569],[79.648936,50.52029],[79.634369,50.519599],[79.628673,50.518622],[79.62794,50.522895],[79.628429,50.538275],[79.619151,50.556342],[79.597341,50.564643],[79.552745,50.569281],[79.534923,50.576036],[79.507416,50.596015],[79.490733,50.603461],[79.481456,50.604071],[79.461518,50.601874],[79.450857,50.603461],[79.442393,50.607978],[79.424815,50.621161],[79.419526,50.623887],[79.401296,50.629747],[79.367442,50.654324],[79.34726,50.658026],[79.342052,50.654975],[79.335216,50.642524],[79.327403,50.637519],[79.316905,50.63585],[79.259776,50.636827],[79.249278,50.639716],[79.244884,50.648139],[79.245128,50.66706],[79.242117,50.675238],[79.234386,50.678534],[79.192963,50.672309],[79.181407,50.674425],[79.158295,50.683458],[79.148692,50.685329],[79.125987,50.676866],[79.126394,50.66059],[79.131765,50.644721],[79.124522,50.637519],[79.10491,50.625922],[79.092703,50.621527],[79.087169,50.627021],[79.082286,50.630723],[79.071381,50.629706],[79.052419,50.623887],[79.057058,50.619493],[79.061615,50.617499],[79.072846,50.617051]],[[85.2671,47.994412],[85.233328,47.998969],[85.203868,47.994696],[85.190115,47.99433],[85.17864,47.998969],[85.139415,47.967719],[85.094819,47.957546],[85.049571,47.952908],[85.007904,47.938178],[85.003673,47.933051],[84.999115,47.921088],[84.994395,47.91706],[84.988292,47.91706],[84.981944,47.919623],[84.976654,47.922675],[84.973888,47.923896],[84.940033,47.911729],[84.909109,47.905463],[84.888601,47.89411],[84.808849,47.830146],[84.792735,47.802029],[84.7706,47.796251],[84.7199,47.793565],[84.646414,47.769151],[84.59669,47.760362],[84.574962,47.748236],[84.555593,47.734483],[84.535655,47.724677],[84.490001,47.724677],[84.452403,47.718817],[84.373139,47.72488],[84.356863,47.732123]]]}},{"type":"Feature","properties":{"kind":"rivers","name":"Ertix","source":"Natural Earth 1:10m"},"geometry":{"type":"MultiLineString","coordinates":[[[90.325287,47.650173],[90.322032,47.638495],[90.314464,47.63406],[90.305675,47.630723],[90.298106,47.62226],[90.296153,47.612616],[90.298106,47.577908],[90.296804,47.558661],[90.27825,47.455878],[90.27003,47.437812],[90.253429,47.430487],[90.236339,47.428087],[90.223643,47.422309],[90.20045,47.408026],[90.195079,47.405829],[90.188975,47.40412],[90.174571,47.402533],[90.127859,47.404975],[90.10963,47.398953],[90.047455,47.332099],[90.031261,47.320624],[89.992442,47.305487],[89.982839,47.300116],[89.977631,47.292792],[89.96575,47.265977],[89.960867,47.262722],[89.94573,47.24726],[89.942393,47.242051],[89.937918,47.23253],[89.926768,47.226101],[89.90089,47.218207],[89.772716,47.194892],[89.708751,47.173651],[89.694835,47.142442],[89.664806,47.125922],[89.65325,47.122016],[89.635671,47.120307],[89.62794,47.121405],[89.626231,47.116889],[89.626475,47.09809],[89.615896,47.07453],[89.592214,47.066352],[89.566824,47.061225],[89.551362,47.04682],[89.574718,47.043524],[89.574474,47.026394],[89.560802,47.005723],[89.543956,46.992255],[89.517019,46.984239],[89.491791,46.982693],[89.146658,47.012763],[89.112071,47.026394],[89.086843,47.044135],[89.081554,47.04682],[89.056244,47.045437],[89.042898,47.04621],[89.033376,47.05032],[89.018972,47.065212],[89.009532,47.07156],[88.976573,47.078681],[88.948253,47.090155],[88.922374,47.105577],[88.907237,47.122016],[88.845876,47.146186],[88.821544,47.149237],[88.804617,47.153673],[88.731212,47.191596],[88.689464,47.207709],[88.15976,47.286444],[88.151296,47.291327],[88.144054,47.298163],[88.135346,47.304267],[88.122325,47.306952],[87.991466,47.309027],[87.967459,47.315456],[87.946218,47.325507],[87.930186,47.338324],[87.908214,47.351752],[87.883067,47.353705],[87.856944,47.352118],[87.83074,47.355333],[87.742117,47.409532],[87.634369,47.44127],[87.414806,47.465766],[87.362804,47.489854],[87.354503,47.491889],[87.350108,47.497138],[87.333425,47.54206],[87.316417,47.57449],[87.303396,47.584418],[87.294444,47.585761],[87.285492,47.583116],[87.272227,47.581244],[87.231537,47.581244],[87.195079,47.588813],[87.180919,47.58808],[87.171397,47.583604],[87.161876,47.571234],[87.152436,47.567654],[87.145763,47.569403],[87.126964,47.579047],[87.115245,47.581244],[87.091319,47.583075],[87.044688,47.594428],[86.995372,47.612982],[86.977143,47.624945],[86.943614,47.660102],[86.935639,47.666938],[86.924408,47.673774],[86.912364,47.677273],[86.902354,47.674099],[86.897227,47.677314],[86.842377,47.698513],[86.810151,47.715155],[86.796153,47.724677],[86.765554,47.755968],[86.757904,47.761542],[86.741791,47.768419],[86.73406,47.773057],[86.723562,47.784613],[86.704845,47.811306],[86.693777,47.820868],[86.675385,47.82921],[86.654552,47.835883],[86.632498,47.840399],[86.611827,47.841986],[86.590912,47.846259],[86.554861,47.865058],[86.532481,47.869249],[86.523529,47.872504],[86.504324,47.886583],[86.495128,47.889757],[86.48463,47.886542],[86.466401,47.872504],[86.457286,47.869249],[86.418468,47.868109],[86.399506,47.861151],[86.391531,47.845079],[86.382498,47.83572],[86.362641,47.841132],[86.341563,47.854682],[86.330089,47.869249],[86.310802,47.863145],[86.286388,47.864814],[86.270274,47.863349],[86.275401,47.848212],[86.248464,47.841132],[86.217377,47.847235],[86.12558,47.881944],[86.111501,47.889757],[86.087006,47.910468],[86.074229,47.918891],[86.056244,47.923896],[86.023367,47.926459],[86.009532,47.929755],[85.994233,47.938178],[85.967459,47.958686],[85.953868,47.964911],[85.924897,47.966376],[85.90089,47.95836],[85.882498,47.957139],[85.871349,47.979112],[85.848399,47.965603],[85.829275,47.967108],[85.809825,47.974677],[85.765229,47.981879],[85.754649,47.981147],[85.72991,47.966254],[85.720876,47.968817],[85.706147,47.985378],[85.683035,48.002143],[85.67213,48.005886],[85.655691,48.006903],[85.644135,48.00434],[85.6338,48.0008],[85.596609,47.994696],[85.575125,47.986843],[85.554861,47.983344],[85.535655,47.992214],[85.532156,47.999579],[85.52825,48.019599],[85.521983,48.026313],[85.509369,48.027452],[85.498546,48.022406],[85.489838,48.015896],[85.483979,48.012641],[85.457612,48.011013],[85.438243,48.006374],[85.398367,47.992214],[85.37794,47.979112],[85.371755,47.981513],[85.362315,47.989854],[85.34726,47.996202],[85.343842,48.000678],[85.339447,48.000027],[85.326427,47.988715],[85.311697,47.988308],[85.2671,47.994412]]]}},{"type":"Feature","properties":{"kind":"rivers","name":"Konqi","source":"Natural Earth 1:10m"},"geometry":{"type":"MultiLineString","coordinates":[[[89.386974,40.632636],[89.3449,40.631212],[89.331635,40.632636],[89.312104,40.644558],[89.299327,40.648546],[89.260265,40.632148],[89.193777,40.64529],[89.167247,40.643256],[89.142019,40.637763],[89.120535,40.645779],[89.100027,40.658393],[89.077729,40.666815],[89.047862,40.664659],[89.017589,40.656602],[88.988292,40.652126],[88.961681,40.66059],[88.945567,40.656033],[88.919851,40.656684],[88.893647,40.661729],[88.860037,40.678412],[88.821218,40.677802],[88.804128,40.680487],[88.769135,40.701483],[88.745942,40.707628],[88.72519,40.697821],[88.710216,40.695176],[88.579845,40.695746],[88.490326,40.70893],[88.40683,40.737372],[88.324148,40.77619],[88.290701,40.797797],[88.244151,40.836127],[88.218435,40.850938],[87.885916,40.90119],[87.851329,40.885932],[87.810802,40.90351],[87.680105,40.941189],[87.617686,40.977484],[87.594737,40.982123],[87.495616,40.982123],[87.4546,40.972846],[87.415294,40.956488],[87.375011,40.944607],[87.330577,40.948594],[87.314464,40.958604],[87.297374,40.97248],[87.278087,40.982001],[87.236095,40.97663],[87.213634,40.983507],[87.172862,41.002631],[87.146495,41.019599],[87.133556,41.023383],[87.118256,41.016221],[87.108409,41.027208],[87.094737,41.033393],[87.04184,41.038764],[87.034109,41.044745],[87.029307,41.05447],[87.003022,41.094794],[86.987804,41.149237],[86.974213,41.160264],[86.962494,41.164333],[86.937755,41.169745],[86.926524,41.174506],[86.917572,41.182074],[86.905365,41.200059],[86.898529,41.208075],[86.890391,41.212104],[86.868175,41.216986],[86.858165,41.221747],[86.849701,41.230007],[86.837983,41.247626],[86.830333,41.256456],[86.807872,41.269151],[86.785492,41.270941],[86.76295,41.268988],[86.740815,41.270128],[86.685151,41.317003],[86.678152,41.32628],[86.67335,41.338406],[86.64446,41.320258],[86.635346,41.317939],[86.623057,41.312567],[86.606456,41.28913],[86.597992,41.283759],[86.571707,41.278632],[86.540701,41.268907],[86.510916,41.263251],[86.487722,41.270128],[86.471446,41.262274],[86.419444,41.256456],[86.416515,41.2414],[86.411876,41.23489],[86.402354,41.239366],[86.395518,41.241645],[86.376557,41.2414],[86.371593,41.242784]]]}},{"type":"Feature","properties":{"kind":"rivers","name":"Tarim","source":"Natural Earth 1:10m"},"geometry":{"type":"MultiLineString","coordinates":[[[80.88795,40.467108],[80.923269,40.474433],[80.938731,40.482978],[80.963878,40.503485],[80.978445,40.512274],[81.072276,40.535753],[81.250987,40.527411],[81.264171,40.529161],[81.280203,40.537055],[81.299083,40.532416],[81.318614,40.544989],[81.379161,40.615587],[81.383556,40.618435],[81.388682,40.61933],[81.399913,40.619005],[81.403819,40.621527],[81.411876,40.647081],[81.412364,40.665107],[81.416596,40.673651],[81.424897,40.679389],[81.446056,40.686143],[81.472911,40.700751],[81.547537,40.721462],[81.571218,40.724799],[81.632904,40.715277],[81.748057,40.721218],[81.766368,40.724636],[81.783702,40.734076],[81.80421,40.752143],[81.811615,40.76081],[81.823009,40.777899],[81.831391,40.786933],[81.842459,40.792792],[81.882823,40.797797],[81.939057,40.836249],[81.954519,40.835028],[81.974701,40.826687],[82.000011,40.83161],[82.06308,40.860541],[82.086355,40.864447],[82.136648,40.865424],[82.159679,40.868842],[82.197195,40.886054],[82.240245,40.899848],[82.273529,40.919867],[82.285655,40.923204],[82.297374,40.917263],[82.307628,40.913764],[82.319916,40.917751],[82.33839,40.926866],[82.356456,40.930284],[82.363536,40.9383],[82.367442,40.947618],[82.376231,40.954779],[82.396495,40.954169],[82.421641,40.948554],[82.442882,40.948554],[82.451915,40.965033],[82.465343,40.974555],[82.548106,40.989569],[82.606619,41.019232],[82.63616,41.025702],[82.655935,41.034735],[82.667572,41.036729],[82.678233,41.034206],[82.712576,41.016221],[82.730072,41.033759],[82.757416,41.023301],[82.782725,41.000067],[82.793956,40.978705],[82.802013,40.975898],[82.848643,40.975287],[82.860362,40.967108],[82.872325,40.955675],[82.886241,40.945583],[82.903412,40.941189],[82.934581,40.941189],[82.937592,40.94005],[82.941905,40.937771],[82.947683,40.935411],[82.955089,40.934353],[82.96933,40.930365],[82.978526,40.921454],[82.985606,40.911933],[82.993175,40.906358],[83.008556,40.906806],[83.024099,40.912787],[83.036143,40.921658],[83.041026,40.930609],[83.04713,40.931586],[83.060557,40.923611],[83.082042,40.906358],[83.091726,40.911078],[83.108897,40.916693],[83.11614,40.920681],[83.122813,40.92768],[83.131847,40.942735],[83.137218,40.948594],[83.153331,40.957831],[83.172862,40.963935],[83.194265,40.967353],[83.216319,40.968451],[83.237397,40.962714],[83.247081,40.961615],[83.259044,40.964464],[83.267996,40.970893],[83.274913,40.977851],[83.281261,40.982123],[83.349539,40.992703],[83.357921,40.978705],[83.376882,40.981309],[83.407237,40.995795],[83.517182,40.999335],[83.535085,40.996283],[83.55128,40.985867],[83.566661,40.982978],[83.584972,40.990749],[83.602957,40.995063],[83.617117,40.982123],[83.636729,40.989325],[83.657725,40.991156],[83.675548,40.995225],[83.685313,41.009467],[83.691417,41.009467],[83.699229,41.000067],[83.707123,41.002631],[83.716319,41.010281],[83.72698,41.016221],[83.72755,41.013699],[83.751475,41.009101],[83.760346,41.009955],[83.765636,41.013048],[83.771576,41.014268],[83.780854,41.009467],[83.776785,41.008002],[83.77296,41.000678],[83.771495,40.990831],[83.774669,40.982123],[83.776866,40.984402],[83.796886,40.982856],[83.829275,40.975369],[83.842214,40.96955],[83.849864,40.961615],[83.856537,40.961615],[83.860362,40.97781],[83.866222,40.984442],[83.925385,40.99787],[83.958995,41.009467],[83.953543,41.010565],[83.938487,41.016221],[83.9546,41.029812],[83.989513,41.039903],[84.000011,41.057237],[83.993744,41.067979],[84.016368,41.089423],[84.014171,41.105658],[84.054698,41.107367],[84.072765,41.111396],[84.088796,41.11933],[84.11321,41.141547],[84.124034,41.146593],[84.135509,41.14586],[84.139171,41.139716],[84.142833,41.136298],[84.154552,41.1435],[84.243582,41.174506],[84.262787,41.178046],[84.287364,41.186794],[84.309581,41.197699],[84.322765,41.208075],[84.335867,41.193142],[84.354747,41.191677],[84.37558,41.19241],[84.394542,41.184149],[84.412527,41.178778],[84.486501,41.195014],[84.671479,41.180732],[84.703868,41.186876],[84.713145,41.187567],[84.72462,41.184923],[84.74879,41.176337],[84.757498,41.174506],[84.893484,41.164374],[84.937755,41.155707],[84.981212,41.140815],[85.021576,41.11933],[85.095876,41.064643],[85.124034,41.050401],[85.236827,41.033637],[85.254405,41.019965],[85.261485,41.009141],[85.27825,41.006537],[85.312755,41.009467],[85.327159,41.006374],[85.352306,40.992703],[85.436615,40.982978],[85.472179,40.974311],[85.501394,40.961615],[85.514171,40.967108],[85.542979,40.971381],[85.556651,40.975287],[85.593761,41.004991],[85.607188,41.009467],[85.631114,41.013536],[85.660655,41.02379],[85.688243,41.037055],[85.706147,41.050401],[85.717459,41.039252],[85.727061,41.035956],[85.734874,41.041571],[85.740326,41.057237],[85.752371,41.055976],[85.891775,41.077704],[85.894135,41.077419],[85.930919,41.07921],[85.964122,41.08515],[86.015391,41.077704],[86.029063,41.079901],[86.04713,41.089667],[86.056244,41.091986],[86.074962,41.088243],[86.100352,41.078681],[86.122569,41.06623],[86.142019,41.043077],[86.165294,41.036729],[86.259207,41.027045],[86.28712,41.028347],[86.320323,41.036322],[86.367442,41.037462],[86.450206,41.050808],[86.48349,41.051337],[86.5088,41.042914],[86.547862,41.055976],[86.562022,41.068183],[86.556651,41.091986],[86.54184,41.102973],[86.493337,41.117296],[86.47405,41.126085],[86.439952,41.152777],[86.431082,41.15644],[86.411143,41.157782],[86.398936,41.160264],[86.377045,41.168036],[86.354584,41.179023],[86.335541,41.194403],[86.323253,41.215522],[86.343761,41.229193],[86.351085,41.221747],[86.363373,41.232489],[86.368175,41.237738],[86.371593,41.242784],[86.371349,41.257595],[86.391124,41.279812],[86.385265,41.289984],[86.370209,41.291815],[86.350352,41.287299],[86.332286,41.27912],[86.323253,41.270128],[86.316987,41.270128],[86.31837,41.289903],[86.321707,41.30154],[86.317393,41.309394],[86.295909,41.317939],[86.279877,41.320095],[86.246104,41.320176],[86.233897,41.324774],[86.241222,41.331],[86.227631,41.333564],[86.225108,41.335028],[86.220795,41.338406],[86.207774,41.327216],[86.19752,41.330675],[86.185802,41.339545],[86.1692,41.344591],[86.150401,41.348212],[86.136648,41.357042],[86.111501,41.37934],[86.096446,41.379706],[86.070811,41.385932],[86.052013,41.387071],[86.056244,41.372504],[86.015391,41.386176],[86.008556,41.372504],[86.012218,41.368232],[86.013601,41.364936],[86.015391,41.352078],[86.000499,41.365587],[85.977061,41.399929],[85.960053,41.407294],[85.934988,41.401435],[85.918061,41.391181],[85.908376,41.391547],[85.905528,41.417182],[85.897472,41.434638],[85.878835,41.45128],[85.857188,41.463731],[85.840343,41.468777],[85.795095,41.509955],[85.787364,41.519843],[85.781993,41.530829],[85.775645,41.56684],[85.774913,41.613715],[85.782156,41.659288],[85.799327,41.69123],[85.826752,41.712917],[85.869721,41.738308],[85.917572,41.752956],[85.960053,41.742499],[85.985932,41.753201],[86.019623,41.755886],[86.114187,41.747748],[86.141205,41.751288],[86.166026,41.761908],[86.189464,41.780626],[86.196869,41.79206],[86.202403,41.815212],[86.207123,41.824408],[86.218028,41.830756],[86.235444,41.835964],[86.253347,41.83808],[86.265147,41.834988],[86.285655,41.823513],[86.339936,41.808214],[86.364757,41.797065],[86.396088,41.803331],[86.464692,41.770331],[86.495128,41.777208],[86.512299,41.769232],[86.524343,41.773546],[86.533621,41.783149],[86.542979,41.79088],[86.557628,41.7956],[86.56544,41.796698],[86.573985,41.797065],[86.586925,41.79503],[86.602061,41.786078],[86.611827,41.784044],[86.627533,41.787218],[86.658621,41.801337],[86.694916,41.80744],[86.729991,41.820665],[86.753429,41.825507]]]}},{"type":"Feature","properties":{"kind":"rivers","name":"Jhelum","source":"Natural Earth 1:10m"},"geometry":{"type":"MultiLineString","coordinates":[[[74.594168,34.379584],[74.594005,34.379706],[74.593842,34.37991],[74.585704,34.391059],[74.569021,34.398464],[74.549734,34.391384],[74.540538,34.374864],[74.549246,34.336453],[74.5442,34.314073],[74.531749,34.301622]],[[73.597748,33.32099],[73.600027,33.313829],[73.602061,33.301093],[73.601492,33.285102],[73.604503,33.266384],[73.612804,33.249294],[73.62558,33.230333],[73.641043,33.216986],[73.655365,33.205512],[73.6692,33.187812],[73.672862,33.16828],[73.657237,33.150662],[73.642996,33.142198]]]}},{"type":"Feature","properties":{"kind":"rivers","name":"Jhelum","source":"Natural Earth 1:10m"},"geometry":{"type":"MultiLineString","coordinates":[[[74.531749,34.301622],[74.40797,34.268907],[74.375906,34.249538],[74.35255,34.222113],[74.340343,34.214423],[74.29892,34.207343],[74.287527,34.197292],[74.279226,34.185899],[74.26946,34.177517],[74.259939,34.175849],[74.238292,34.178168],[74.228526,34.177517],[74.22047,34.173896],[74.194347,34.15705],[74.17392,34.150906],[74.118663,34.149604],[74.087901,34.13642],[74.053722,34.114325],[74.020437,34.098822],[73.991954,34.105251],[73.974864,34.111518],[73.912852,34.101833],[73.896251,34.105251],[73.880626,34.113837],[73.851736,34.136542],[73.818614,34.156033],[73.785167,34.166205],[73.707612,34.170681],[73.690929,34.174994],[73.660248,34.193712],[73.627452,34.202989],[73.610769,34.214871],[73.584076,34.238959],[73.539236,34.297431],[73.513438,34.324042],[73.481049,34.33515],[73.472585,34.335801],[73.466807,34.336982],[73.461192,34.337185],[73.453868,34.33515],[73.460216,34.319037],[73.487885,34.198025],[73.488862,34.180935],[73.486908,34.146186],[73.487885,34.129096],[73.50587,34.067939],[73.516124,34.007351],[73.577403,33.90998],[73.580089,33.876247],[73.564708,33.802924],[73.573985,33.776557],[73.586029,33.761746],[73.593354,33.74494],[73.596934,33.726833],[73.597748,33.707953],[73.593272,33.69477],[73.575125,33.662624],[73.573985,33.653347],[73.575857,33.646918],[73.570567,33.633002],[73.573985,33.625759],[73.601166,33.605251],[73.612234,33.592475],[73.622651,33.574774],[73.630463,33.556098],[73.632498,33.540066],[73.628673,33.530463],[73.622,33.527411],[73.615652,33.525458],[73.612234,33.518988],[73.612397,33.509345],[73.620209,33.476508],[73.623464,33.46894],[73.625906,33.460964],[73.625255,33.45128],[73.619884,33.447821],[73.610769,33.44599],[73.601736,33.440782],[73.592052,33.410915],[73.580333,33.398993],[73.5713,33.386583],[73.573985,33.36876],[73.584402,33.354682],[73.595876,33.342068],[73.600841,33.332099],[73.597748,33.32099]],[[75.366222,33.444444],[75.356944,33.47724],[75.35255,33.484809],[75.342784,33.492255],[75.324636,33.49669],[75.314708,33.502224],[75.249522,33.553738],[75.207612,33.569607],[75.188569,33.582872],[75.180593,33.605251],[75.174327,33.615587],[75.132823,33.669786],[75.109955,33.69538],[75.105479,33.704535],[75.106456,33.717393],[75.110932,33.726101],[75.116222,33.733344],[75.118582,33.742377],[75.116222,33.763454],[75.110037,33.782986],[75.101573,33.800238],[75.091889,33.814399],[75.085216,33.820665],[75.066661,33.833767],[75.019542,33.879584],[75.007335,33.898505],[74.994151,33.935899],[74.982595,33.950954],[74.963796,33.957628],[74.916433,33.964911],[74.90683,33.975165],[74.905528,34.000027],[74.900483,34.014919],[74.890147,34.026068],[74.717459,34.140163],[74.639415,34.238959],[74.625499,34.251532],[74.620697,34.25849],[74.618744,34.270046],[74.621023,34.28205],[74.630382,34.302029],[74.632498,34.310981],[74.629649,34.333075],[74.622,34.347602],[74.593842,34.37991]],[[73.642996,33.142198],[73.620046,33.123562],[73.638113,33.102322],[73.670421,33.083848],[73.729747,33.061632],[73.761241,33.044704],[73.777924,33.018175],[73.769786,32.977729],[73.763682,32.969509],[73.754161,32.960395],[73.743907,32.95246],[73.735362,32.947333],[73.727957,32.94005],[73.712901,32.915798],[73.700776,32.906317],[73.687755,32.89879],[73.680268,32.891466],[73.674571,32.88406],[73.66684,32.875922],[73.62379,32.850613],[73.612234,32.841173],[73.602061,32.820421],[73.590343,32.770616],[73.577403,32.755479],[73.563243,32.747097],[73.556244,32.738837],[73.551362,32.729438],[73.543224,32.717637],[73.532725,32.707099],[73.522227,32.700141],[73.468842,32.677436],[73.418549,32.648261],[73.37672,32.640326],[73.346934,32.630479],[73.330333,32.628241],[73.285167,32.635525],[73.26946,32.635118],[73.266612,32.607449],[73.228119,32.596991],[73.065684,32.581122],[73.026541,32.572333],[72.99171,32.54975],[72.976085,32.543728],[72.933035,32.543158],[72.916026,32.536444],[72.884858,32.511786],[72.774832,32.455878],[72.73349,32.442003],[72.693451,32.436469],[72.611339,32.436469],[72.603933,32.433621],[72.591726,32.419013],[72.583914,32.412909],[72.572358,32.409125],[72.535818,32.402371],[72.503917,32.381415],[72.484467,32.356553],[72.46339,32.335883],[72.42628,32.327257],[72.399913,32.315863],[72.372813,32.288886],[72.350108,32.257148],[72.336518,32.231635],[72.306082,32.13821],[72.302419,32.10753],[72.293956,32.078192],[72.25351,32.032823],[72.240326,32.005723],[72.240733,31.987494],[72.251882,31.948554],[72.2553,31.919053],[72.257091,31.911404],[72.265066,31.895209],[72.266856,31.885077],[72.263194,31.876899],[72.258067,31.869249],[72.254649,31.861111],[72.250906,31.829291],[72.247488,31.815863],[72.232921,31.785956],[72.223155,31.770819],[72.211681,31.757188],[72.199718,31.748114],[72.180919,31.728827],[72.167247,31.697455],[72.142589,31.569281],[72.137625,31.498481],[72.13144,31.479804],[72.124929,31.467393],[72.126475,31.45954],[72.129893,31.451239],[72.131765,31.443061],[72.132823,31.433458],[72.137625,31.417304],[72.138601,31.409247],[72.134939,31.398993],[72.12672,31.393622],[72.117442,31.389187],[72.111339,31.381293],[72.11085,31.366563],[72.124929,31.313056],[72.124929,31.280707],[72.129324,31.265652],[72.142019,31.24787],[72.155528,31.235541],[72.158295,31.229438],[72.15919,31.217108],[72.155854,31.20954],[72.141694,31.200507],[72.138601,31.192939],[72.138764,31.183295]]]}},{"type":"Feature","properties":{"kind":"rivers","name":"Ile","source":"Natural Earth 1:10m"},"geometry":{"type":"MultiLineString","coordinates":[[[77.133881,43.908067],[77.17099,43.887519],[77.219656,43.875312],[77.269054,43.867743],[77.404389,43.865261],[77.545909,43.850287],[77.609386,43.837755],[77.673757,43.827948],[77.745942,43.827948],[77.81894,43.824286],[77.879893,43.817572],[77.944347,43.819281],[78.022553,43.849066],[78.058604,43.855902],[78.111827,43.862128],[78.154063,43.870185],[78.176036,43.867051]]]}},{"type":"Feature","properties":{"kind":"rivers","name":"Ile","source":"Natural Earth 1:10m"},"geometry":{"type":"MultiLineString","coordinates":[[[77.133881,43.908067],[77.114513,43.921454],[77.052257,43.953315],[77.038992,43.973212],[77.040131,43.982042],[77.043549,43.988552],[77.055105,44.0008],[77.05657,44.007107],[77.052664,44.013007],[77.047293,44.018093],[77.038992,44.027777],[77.012462,44.047309],[77.004161,44.058865],[77.009288,44.072943],[77.010509,44.096788],[77.007742,44.121283],[77.000499,44.137397],[76.972748,44.165351],[76.963959,44.169949],[76.943289,44.171942],[76.935313,44.175605],[76.926524,44.19241],[76.911062,44.235216],[76.897472,44.243842],[76.804291,44.243842],[76.784679,44.248114],[76.762462,44.258409],[76.744151,44.27265],[76.72462,44.311062],[76.671886,44.338243],[76.660411,44.360541],[76.66505,44.363145],[76.684988,44.388861],[76.688243,44.394639],[76.700857,44.396023],[76.714447,44.393866],[76.725352,44.394802],[76.729747,44.405219],[76.727631,44.429877],[76.72047,44.445136],[76.677664,44.489081],[76.654796,44.52501],[76.65089,44.528022],[76.637625,44.535915],[76.634288,44.538642],[76.633311,44.547431],[76.638194,44.564399],[76.637625,44.569688],[76.605724,44.605902],[76.600108,44.610378],[76.592865,44.617947],[76.544932,44.634304],[76.517182,44.655341],[76.503347,44.662177],[76.497,44.663153],[76.483002,44.661648],[76.476573,44.662177],[76.468028,44.667182],[76.455496,44.68004],[76.445567,44.682685],[76.436534,44.680487],[76.427989,44.676581],[76.419363,44.67475],[76.410737,44.6789],[76.395112,44.694037],[76.3803,44.701768],[76.370616,44.714301],[76.365245,44.728095],[76.36671,44.737331],[76.36671,44.744086],[76.334972,44.752875],[76.325206,44.757758],[76.306651,44.781317],[76.300873,44.785102],[76.292898,44.786811],[76.280203,44.791083],[76.268158,44.796698],[76.263113,44.802436],[76.256847,44.811306],[76.242198,44.811469],[76.215343,44.80622],[76.205089,44.808783],[76.183686,44.817939],[76.174327,44.820502],[76.157807,44.820339],[76.128998,44.814521],[76.112641,44.813056],[76.104503,44.817247],[76.086029,44.836046],[76.075613,44.840277],[76.041026,44.838568],[76.030935,44.840277],[75.966238,44.887722],[75.95517,44.891547],[75.950694,44.899237],[75.940196,44.901882],[75.90089,44.901557],[75.889578,44.90351],[75.879161,44.907782],[75.865815,44.915391],[75.856049,44.923122],[75.831635,44.94953],[75.820567,44.955349],[75.797293,44.961208],[75.787364,44.966905],[75.777843,44.970526],[75.755382,44.96955],[75.746349,44.973822],[75.726329,44.998155],[75.716238,45.004828],[75.697276,45.009101],[75.596446,45.014268],[75.551036,45.028835],[75.503347,45.037909],[75.465831,45.064765],[75.448171,45.073065],[75.398204,45.069444],[75.373953,45.071804],[75.358816,45.087348],[75.333914,45.082099],[75.269216,45.085273],[75.256358,45.083604],[75.232188,45.117743],[75.219249,45.122016],[75.188894,45.117011],[75.173757,45.120876],[75.175873,45.132514],[75.168468,45.139431],[75.158702,45.144843],[75.153901,45.152208],[75.150401,45.166287],[75.141368,45.168158],[75.119151,45.161811],[75.072358,45.166693],[75.047374,45.172146],[75.036632,45.1789],[75.034923,45.191474],[75.029877,45.196479],[75.020518,45.197089],[75.00644,45.196601],[74.996511,45.19953],[74.996349,45.206895],[75.000418,45.216864],[75.003022,45.227322],[74.991222,45.237982],[74.964773,45.232937],[74.92392,45.216498],[74.783376,45.231472],[74.76295,45.237576],[74.761974,45.240994],[74.763601,45.254096],[74.76295,45.258083],[74.758556,45.259141],[74.747,45.257432],[74.742442,45.258083],[74.740001,45.260565],[74.737315,45.264472],[74.733979,45.268581],[74.728608,45.271674],[74.722748,45.271796],[74.714122,45.265326],[74.708263,45.264919],[74.673432,45.285346],[74.669363,45.293158],[74.668875,45.301215],[74.665619,45.308173],[74.653087,45.31269],[74.646902,45.299628],[74.640391,45.304958],[74.633556,45.313992],[74.630626,45.322537],[74.635916,45.326361],[74.640066,45.328152],[74.639089,45.332343],[74.635671,45.337104],[74.632498,45.340603],[74.626964,45.341498],[74.611908,45.335028],[74.605235,45.333808],[74.605398,45.335313],[74.599864,45.342841],[74.598399,45.344021],[74.595225,45.348822],[74.58782,45.347113],[74.574229,45.340603],[74.568451,45.343614],[74.557384,45.367296],[74.546967,45.380561],[74.536713,45.390733],[74.524913,45.399685],[74.508881,45.408881],[74.505626,45.413194],[74.5053,45.417589],[74.502696,45.421169],[74.170014,45.422553],[74.161876,45.415107],[74.140554,45.382188],[74.128835,45.374783],[74.122569,45.372016],[74.118744,45.36579],[74.115815,45.358913],[74.111827,45.354275],[74.102061,45.350287],[74.092214,45.347846],[74.081635,45.346951],[74.075206,45.344794]],[[81.752452,43.620673],[81.739513,43.628485],[81.714366,43.651679],[81.697276,43.660997],[81.649669,43.674628],[81.636322,43.682156],[81.643158,43.688992],[81.621186,43.70246],[81.607514,43.719794],[81.597179,43.738105],[81.585216,43.754462],[81.565929,43.768622],[81.499278,43.798204],[81.482839,43.81155],[81.468272,43.827501],[81.452891,43.840928],[81.423106,43.849799],[81.402354,43.863878],[81.392833,43.867051],[81.348399,43.874538],[81.235932,43.915351],[81.190033,43.921698],[81.164154,43.920193],[81.115245,43.910427],[81.069835,43.908149],[81.031261,43.911078],[80.929454,43.941433],[80.885916,43.947618],[80.841889,43.942206],[80.823253,43.93122],[80.78948,43.900702],[80.769216,43.894395],[80.746593,43.890204],[80.724864,43.879828],[80.705658,43.866278],[80.69044,43.852851],[80.677338,43.834662],[80.669526,43.827948],[80.656261,43.825507],[80.655772,43.828681],[80.652192,43.835801],[80.647227,43.843085],[80.642589,43.846625],[80.635265,43.846055],[80.624115,43.84101],[80.600352,43.837104],[80.546153,43.821112],[80.525971,43.811835],[80.495128,43.791775],[80.480968,43.786404],[80.461436,43.784491],[80.454845,43.786689],[80.448416,43.791327],[80.443614,43.796088],[80.440522,43.798204],[80.424734,43.797187],[80.415131,43.794298],[80.3956,43.784491],[80.374278,43.777452],[80.352794,43.773383],[80.283783,43.768175],[80.246104,43.757758],[80.224213,43.75788],[80.212006,43.762397],[80.206065,43.769151],[80.204112,43.775417],[80.203868,43.778347],[80.192556,43.796251],[80.184255,43.801337],[80.164073,43.789578],[80.151541,43.786444],[80.140391,43.787543],[80.135671,43.794786],[80.129975,43.795681],[80.105968,43.792548],[80.101329,43.791327],[80.092052,43.795193],[80.076752,43.806505],[80.066661,43.811835],[80.048269,43.815782],[80.035411,43.813178],[80.023692,43.808214],[80.008311,43.805609],[79.999766,43.810329],[79.99171,43.818915],[79.981863,43.82335],[79.956472,43.80919],[79.943126,43.808173],[79.922781,43.811835],[79.92213,43.813666],[79.918956,43.817939],[79.91448,43.822618],[79.909679,43.825507],[79.902924,43.826239],[79.889089,43.824978],[79.857432,43.830349],[79.845714,43.835232],[79.84075,43.843126],[79.831391,43.854193],[79.730886,43.908067],[79.72934,43.911566],[79.725352,43.925605],[79.72405,43.929145],[79.718272,43.930487],[79.70574,43.929551],[79.700206,43.932237],[79.682709,43.943061],[79.57545,43.972927],[79.53004,43.968207],[79.437266,43.93537],[79.362641,43.910834],[79.32545,43.906806],[79.311941,43.903266],[79.299083,43.897895],[79.276378,43.880561],[79.268321,43.879014],[79.259369,43.880886],[79.244884,43.880723],[79.219737,43.871934],[79.174083,43.845323],[79.148692,43.839789],[79.0949,43.838894],[79.069753,43.834744],[79.045665,43.825507],[79.02296,43.839219],[78.998057,43.842882],[78.872081,43.843085],[78.698009,43.820502],[78.604015,43.822537],[78.441417,43.863064],[78.255056,43.881944],[78.236908,43.880723],[78.19394,43.86697],[78.176036,43.867051]]]}},{"type":"Feature","properties":{"kind":"rivers","name":"Künes","source":"Natural Earth 1:10m"},"geometry":{"type":"MultiLineString","coordinates":[[[84.959565,43.366807],[84.944347,43.37641],[84.926199,43.371527],[84.90919,43.359198],[84.898041,43.346381],[84.886974,43.316921],[84.881358,43.308783],[84.870616,43.299343],[84.865001,43.295966],[84.806082,43.280382],[84.790538,43.273261],[84.755626,43.251288],[84.738699,43.244167],[84.720795,43.241767],[84.671479,43.24787],[84.60255,43.262641],[84.460704,43.270941],[84.435639,43.268744],[84.386974,43.258124],[84.361339,43.257188],[84.146495,43.311469],[84.028087,43.321112],[83.844493,43.381781],[83.823253,43.392605],[83.748057,43.447577],[83.725515,43.455756],[83.701671,43.459988],[83.556407,43.46662],[83.516775,43.475043],[83.416026,43.511746],[83.380382,43.51557],[83.297455,43.513007],[83.233653,43.528591],[83.160167,43.537218],[83.092703,43.535671],[83.032644,43.523464],[82.83196,43.521104],[82.650645,43.554145],[82.554861,43.594306],[82.535818,43.598253],[82.483979,43.601264],[82.417247,43.613837],[82.368175,43.613593],[82.268321,43.595526],[82.219249,43.593329],[82.201182,43.596259],[82.116303,43.627997],[82.098074,43.632148],[82.038097,43.637966],[82.016531,43.6435],[82.00294,43.651394],[81.986908,43.656521],[81.873464,43.641181],[81.792003,43.617255],[81.752452,43.620673]]]}},{"type":"Feature","properties":{"kind":"rivers","name":"Indus","source":"Natural Earth 1:10m"},"geometry":{"type":"MultiLineString","coordinates":[[[72.70696,34.085517],[72.667491,34.05919],[72.651866,34.043524],[72.645763,34.023261],[72.63323,34.01378],[72.604991,34.013373],[72.509532,34.02265],[72.467459,34.020453],[72.430675,34.011298],[72.398692,33.993191],[72.36671,33.969346],[72.348399,33.961005],[72.254975,33.944403],[72.240326,33.937934],[72.225841,33.901231],[72.241303,33.804796],[72.23406,33.765977],[72.223155,33.774237],[72.210867,33.776475],[72.198253,33.773505],[72.186453,33.765977],[72.171886,33.773057],[72.152599,33.777289],[72.114757,33.779649],[72.087413,33.789903],[72.082937,33.788153],[72.062918,33.765977],[72.052826,33.76085],[72.031749,33.753974],[72.021902,33.746161],[72.010183,33.71601],[72.004893,33.711371],[71.999034,33.703437],[71.97934,33.664496],[71.974132,33.64997],[71.971772,33.598212],[71.953136,33.570502],[71.953054,33.559882],[71.955577,33.547146],[71.953054,33.526435],[71.944753,33.515652],[71.901785,33.488552],[71.897065,33.481635],[71.892507,33.467963],[71.888194,33.461249],[71.879405,33.45185],[71.873546,33.443468],[71.872569,33.434516],[71.87794,33.423407],[71.867768,33.420844],[71.863373,33.41531],[71.859386,33.408759],[71.850597,33.40351],[71.841807,33.402167],[71.812755,33.40351],[71.796804,33.40001],[71.740733,33.375556],[71.723155,33.355251],[71.722341,33.336127],[71.725027,33.318671],[71.716889,33.303575],[71.704682,33.289618],[71.698985,33.272528],[71.703217,33.256537],[71.720876,33.245876],[71.712901,33.245876],[71.726573,33.231147],[71.740733,33.219428],[71.751069,33.20539],[71.754405,33.183783],[71.749522,33.163438],[71.740245,33.14997],[71.729584,33.139716],[71.720876,33.129177],[71.712901,33.110867],[71.710948,33.094306],[71.712901,33.054063],[71.718761,33.037177],[71.718435,33.029405],[71.699474,33.022813],[71.694021,33.015082],[71.690684,33.005968],[71.685476,32.998847],[71.649343,32.978624],[71.611095,32.964057],[71.599539,32.961859],[71.572765,32.960639],[71.549408,32.954169],[71.551687,32.955593],[71.541921,32.952948],[71.533783,32.949083],[71.526947,32.943386],[71.512706,32.920193],[71.506765,32.914822],[71.498139,32.910712],[71.461925,32.897976],[71.448009,32.887274],[71.437511,32.868964],[71.430268,32.842556],[71.426036,32.83454],[71.409109,32.816433],[71.40504,32.808946],[71.403087,32.790107],[71.412852,32.753119],[71.414073,32.734402],[71.411713,32.725653],[71.407725,32.718777],[71.402436,32.713324],[71.396088,32.709011],[71.364187,32.695014],[71.354503,32.68891],[71.340587,32.673692],[71.331472,32.656073],[71.325857,32.636786],[71.322765,32.616482],[71.323416,32.593573],[71.329682,32.574286],[71.348074,32.535264],[71.350841,32.52501],[71.346609,32.432318],[71.340587,32.415107],[71.331472,32.399278],[71.293875,32.356147],[71.283376,32.339911],[71.278738,32.322333],[71.278331,32.302029],[71.276459,32.292589],[71.271902,32.282823],[71.251964,32.254503],[71.247162,32.243516],[71.236501,32.20185],[71.22877,32.181749],[71.215587,32.165473],[71.206716,32.159695],[71.177664,32.147162],[71.167898,32.140815],[71.132091,32.105821],[71.123464,32.094062],[71.117198,32.081122],[71.114675,32.066514],[71.11435,32.047471],[71.112315,32.039008],[71.106944,32.030544],[71.070242,31.999091],[71.054698,31.982204],[71.036876,31.940212],[71.023041,31.925849],[71.007335,31.912909],[70.992768,31.897895],[70.983409,31.879259],[70.973888,31.83869],[70.966807,31.818915],[70.923595,31.744452],[70.905772,31.721462],[70.899343,31.709581],[70.899343,31.695136],[70.904226,31.678819],[70.904714,31.672919],[70.903331,31.663682],[70.826752,31.489447],[70.801036,31.453681],[70.795421,31.440945],[70.791433,31.426337],[70.788178,31.379665],[70.767507,31.263983],[70.768077,31.249823],[70.771495,31.235948],[70.781668,31.209296],[70.784434,31.195136],[70.788829,31.138251],[70.793386,31.125434],[70.814057,31.09162],[70.818614,31.078152],[70.835867,30.977607],[70.835216,30.948269],[70.829031,30.919867],[70.819347,30.883857],[70.814708,30.872667],[70.796886,30.846747],[70.765554,30.813056],[70.757253,30.801703],[70.75172,30.789008],[70.750011,30.774441],[70.751231,30.766425],[70.759939,30.74433],[70.762136,30.736843],[70.765717,30.695095],[70.771414,30.677314],[70.780772,30.661322],[70.814464,30.625434],[70.830333,30.599433],[70.841726,30.57099],[70.848074,30.542019],[70.849701,30.522325],[70.84905,30.502997],[70.84547,30.484076],[70.835541,30.456977],[70.829845,30.416571],[70.815196,30.363959],[70.811046,30.356147],[70.805186,30.349718],[70.785085,30.33747],[70.779552,30.331366],[70.774018,30.315863],[70.775076,30.298448],[70.780528,30.28144],[70.80185,30.237657],[70.812266,30.225653],[70.815929,30.219509],[70.817312,30.210517],[70.816417,30.20246],[70.805431,30.171007],[70.803722,30.162299],[70.80185,30.109442],[70.806163,30.093533],[70.835053,30.053412],[70.838878,30.018378],[70.834239,29.946885],[70.83546,29.938666],[70.843272,29.916571],[70.844737,29.908026],[70.844168,29.89997],[70.830007,29.854763],[70.823741,29.841417],[70.812999,29.829413],[70.805431,29.824978],[70.788503,29.819119],[70.780772,29.814521],[70.775076,29.808905],[70.770763,29.802436],[70.76767,29.795274],[70.763194,29.771674],[70.760509,29.765001],[70.755056,29.758124],[70.728282,29.732123],[70.701182,29.696641],[70.689138,29.686143],[70.668956,29.673367],[70.663097,29.66828],[70.658702,29.661241],[70.653412,29.637274],[70.635346,29.600653],[70.6338,29.591986],[70.633556,29.582465],[70.635753,29.564073],[70.644542,29.545966],[70.659434,29.53738],[70.676768,29.531358],[70.692882,29.521186],[70.700287,29.506049],[70.702159,29.486151],[70.700206,29.448188],[70.701182,29.438422],[70.704112,29.431098],[70.714692,29.416612],[70.718842,29.40823],[70.720307,29.399604],[70.719249,29.390733],[70.716319,29.381456],[70.708751,29.366645],[70.680593,29.32453],[70.67628,29.307644],[70.675385,29.272406],[70.67213,29.254706],[70.668712,29.248074],[70.659434,29.236436],[70.648204,29.215115],[70.649343,29.187283],[70.651947,29.173896],[70.661632,29.14822],[70.667898,29.123603],[70.667898,29.083808],[70.665294,29.070624],[70.660167,29.058783],[70.652192,29.049669],[70.641856,29.043809],[70.630382,29.040351],[70.59075,29.033637],[70.577566,29.029649],[70.565033,29.023261],[70.555268,29.015408],[70.525971,28.975898],[70.476003,28.922675],[70.466075,28.916124],[70.436534,28.911566],[70.404063,28.915595],[70.373627,28.914618],[70.350108,28.895128],[70.34547,28.883409],[70.339122,28.858954],[70.333914,28.84752],[70.326264,28.837958],[70.276378,28.792507],[70.252371,28.777615],[70.156749,28.745429],[70.144135,28.738959],[70.132742,28.728949],[70.107351,28.69241],[70.095795,28.682644],[70.054698,28.666612],[70.043061,28.659247],[70.037364,28.650255],[70.035574,28.639268],[70.03655,28.625922],[70.028575,28.597927],[70.003022,28.586737],[69.940929,28.581651],[69.926768,28.576972],[69.91505,28.569525],[69.893565,28.550116],[69.882498,28.542263],[69.871186,28.538438],[69.82366,28.533515],[69.801768,28.528428],[69.781016,28.520453],[69.762218,28.509101],[69.752533,28.499864],[69.746349,28.489773],[69.724701,28.416083],[69.716563,28.40119],[69.708263,28.391872],[69.678315,28.37462],[69.6692,28.366034],[69.66269,28.355496],[69.652599,28.332384],[69.64503,28.320624],[69.585378,28.258612],[69.573334,28.250271],[69.561127,28.245673],[69.535737,28.239691],[69.523529,28.234971],[69.500011,28.220811],[69.487804,28.21601],[69.473888,28.215399],[69.432709,28.231879],[69.419526,28.232449],[69.410574,28.225775],[69.405691,28.214179],[69.400483,28.189643],[69.395763,28.176052],[69.388764,28.16295],[69.378998,28.152371],[69.365896,28.146308],[69.338308,28.150458],[69.312022,28.164008],[69.288097,28.169745],[69.2671,28.150702],[69.259369,28.138129],[69.25058,28.12934],[69.23935,28.124091],[69.224376,28.121934],[69.194835,28.121894],[69.180756,28.11876],[69.1692,28.110175],[69.162852,28.098497],[69.153331,28.073432],[69.144786,28.062812],[69.131358,28.056179],[69.116954,28.054999],[69.074311,28.064276],[69.06129,28.065619],[69.048432,28.065131],[69.034923,28.06269],[69.036225,28.034939],[69.035574,28.030585],[69.026134,28.001776],[69.021902,27.992499],[69.016124,27.984076],[68.998953,27.972113],[68.980886,27.970974],[68.932872,27.985907],[68.927826,27.986518],[68.922537,27.98432],[68.918712,27.979682],[68.917491,27.974229],[68.918224,27.968451],[68.920421,27.962917],[68.926768,27.952989],[68.942963,27.936143],[68.949636,27.926296],[68.953624,27.915229],[68.955089,27.903754],[68.953543,27.880439],[68.949962,27.868272],[68.943126,27.86164],[68.933197,27.858588],[68.895112,27.853705],[68.882742,27.849433],[68.87322,27.842597],[68.870372,27.837917],[68.862641,27.820014],[68.860932,27.813585],[68.860769,27.807563],[68.863048,27.794989],[68.87794,27.782538],[68.884044,27.782416],[68.890717,27.780219],[68.896088,27.77615],[68.898204,27.770535],[68.917898,27.766425],[68.940684,27.758653],[68.955577,27.745876],[68.951752,27.726426],[68.932628,27.710273],[68.882091,27.691474],[68.835867,27.667996],[68.813406,27.663113],[68.791026,27.666938],[68.768891,27.680732],[68.749929,27.699734],[68.734386,27.721706],[68.717052,27.766872],[68.699229,27.784857],[68.676524,27.790351],[68.65797,27.781684],[68.65211,27.757188],[68.655284,27.732733],[68.653738,27.721137],[68.646576,27.711046],[68.635671,27.705268],[68.623057,27.703192],[68.609955,27.703803],[68.575857,27.710069],[68.565522,27.70954],[68.554698,27.705512],[68.542572,27.696397],[68.522065,27.674262],[68.510671,27.66474],[68.48878,27.662462],[68.468191,27.672187],[68.449718,27.676581],[68.433849,27.658026],[68.424327,27.635443],[68.416596,27.627387],[68.404552,27.623603],[68.37794,27.624538],[68.365164,27.623399],[68.352794,27.617743],[68.344737,27.609646],[68.332612,27.590155],[68.325287,27.581366],[68.29835,27.56448],[68.291108,27.556912],[68.289236,27.534613],[68.326182,27.499294],[68.331472,27.477647],[68.324962,27.464789],[68.305675,27.442328],[68.29835,27.429796],[68.296967,27.418769],[68.300873,27.409532],[68.315684,27.393622],[68.326671,27.374132],[68.316987,27.364081],[68.296641,27.361151],[68.274832,27.362738],[68.247081,27.368354],[68.232921,27.369656],[68.219249,27.367865],[68.20989,27.363105],[68.15325,27.300727],[68.146495,27.27912],[68.162201,27.259792],[68.19752,27.244818],[68.205496,27.235948],[68.206716,27.224677],[68.201671,27.214871],[68.192393,27.207221],[68.182384,27.202257],[68.161388,27.200548],[68.134288,27.201524],[68.108979,27.198757],[68.094168,27.185858],[68.094249,27.175727],[68.099213,27.165473],[68.111746,27.147162],[68.117768,27.133979],[68.120697,27.120632],[68.119558,27.107245],[68.113292,27.094102],[68.074474,27.053412],[68.051036,27.021918],[68.040945,27.013373],[68.000011,26.991563],[67.976085,26.969672],[67.966726,26.964423],[67.955333,26.962348],[67.943858,26.963731],[67.92213,26.972032],[67.913015,26.965644],[67.908702,26.957058],[67.908132,26.947089],[67.917003,26.914374],[67.917084,26.90294],[67.914236,26.891181],[67.904714,26.867051],[67.901785,26.861762],[67.894623,26.852078],[67.892589,26.846544],[67.891694,26.83279],[67.902599,26.794135],[67.905284,26.768256],[67.904714,26.742051],[67.902436,26.717393],[67.900645,26.711127],[67.890554,26.694363],[67.884939,26.681952],[67.881358,26.669867],[67.879405,26.657335],[67.878998,26.643826],[67.88087,26.63349],[67.884858,26.624538],[67.891124,26.616523],[67.911225,26.598253],[67.920421,26.586778],[67.926036,26.573676],[67.927338,26.557929],[67.922862,26.537177],[67.922374,26.530056],[67.924734,26.505723],[67.927013,26.498969],[67.919526,26.471706],[67.918712,26.46129],[67.91684,26.451443],[67.913503,26.442003],[67.908295,26.432929],[67.88974,26.410468],[67.886322,26.401801],[67.889903,26.385688],[67.917084,26.358222],[67.927419,26.34394],[67.931895,26.325548],[67.9345,26.287218],[67.939057,26.26907],[67.952566,26.255194],[67.972341,26.24962],[67.993744,26.246121],[68.012136,26.238145],[68.018565,26.230902],[68.02239,26.222683],[68.02825,26.204861],[68.033214,26.19656],[68.039968,26.190741],[68.047944,26.186713],[68.094168,26.174587],[68.110362,26.166327],[68.124115,26.152371],[68.128998,26.143744],[68.132091,26.134711],[68.133393,26.125271],[68.133311,26.115424],[68.127208,26.088324],[68.127208,26.079291],[68.13616,26.062079],[68.153331,26.047146],[68.207286,26.012519],[68.221446,25.999823],[68.233002,25.98489],[68.241954,25.966173],[68.252533,25.932644],[68.259939,25.916693],[68.271088,25.903266],[68.28655,25.893378],[68.318451,25.878241],[68.331554,25.865505],[68.341401,25.852891],[68.347097,25.847846],[68.35434,25.843573],[68.38323,25.832587],[68.391368,25.82685],[68.397716,25.809597],[68.385753,25.795274],[68.365815,25.784288],[68.349132,25.777289],[68.331391,25.765815],[68.321869,25.750515],[68.322683,25.732937],[68.33489,25.714789],[68.353445,25.702908],[68.396495,25.689276],[68.41627,25.678656],[68.426362,25.661241],[68.416108,25.646837],[68.39739,25.633979],[68.382335,25.621161],[68.378835,25.603461],[68.393972,25.567816],[68.39267,25.54918],[68.380382,25.535346],[68.362397,25.527045],[68.343191,25.520779],[68.325857,25.512885],[68.314464,25.498806],[68.315033,25.48371],[68.327891,25.451036],[68.326264,25.435411],[68.310639,25.409288],[68.309825,25.395331],[68.315522,25.385281],[68.332042,25.371609],[68.339447,25.363593],[68.344168,25.352851],[68.349132,25.279324],[68.347179,25.272081],[68.343516,25.265977],[68.332774,25.25495],[68.313569,25.241482],[68.30836,25.236029],[68.304291,25.228054],[68.301768,25.218329],[68.301199,25.208319],[68.302745,25.19953],[68.311615,25.188178],[68.355561,25.16474],[68.360769,25.160264],[68.365896,25.154812],[68.369884,25.148464],[68.370535,25.141791],[68.366222,25.134833],[68.358002,25.131619],[68.348643,25.130968],[68.32252,25.134955],[68.306651,25.135606],[68.294688,25.129096],[68.28948,25.110622],[68.288666,25.10102],[68.287039,25.093126],[68.283702,25.085801],[68.272553,25.070014],[68.268565,25.06212],[68.266368,25.053656],[68.266531,25.044053],[68.273448,25.00963],[68.273692,24.992743],[68.2671,24.976345],[68.260834,24.969265],[68.253347,24.964545],[68.245128,24.963731],[68.237071,24.968207],[68.231212,24.976426],[68.222585,24.995225],[68.215424,25.002631],[68.197765,25.006374],[68.180593,24.998236],[68.165457,24.98432],[68.142589,24.956488],[68.134776,24.941474],[68.132253,24.925238],[68.136811,24.907416],[68.144135,24.895209],[68.146495,24.888861],[68.145518,24.881619],[68.140636,24.874091],[68.133067,24.869005],[68.123953,24.866278],[68.115001,24.86579],[68.078705,24.875922],[68.060639,24.877305],[68.044037,24.868354],[68.037527,24.853461],[68.042247,24.839138],[68.050222,24.824734],[68.053315,24.809516],[68.047455,24.790717],[68.036062,24.77497],[68.009207,24.746161],[68.001069,24.732245],[67.986827,24.687567],[67.970307,24.656317],[67.968761,24.64114],[67.978445,24.625067],[68.003998,24.601142],[68.010509,24.587348],[68.006765,24.569892],[68.002045,24.562323],[67.996593,24.555976],[67.990245,24.550727],[67.966889,24.53852],[67.960948,24.532823],[67.957937,24.524482],[67.958263,24.516547],[67.967377,24.494167],[67.97169,24.479438],[67.974132,24.464301],[67.974213,24.45657],[67.973074,24.44953],[67.970307,24.442898],[67.966319,24.436306],[67.956716,24.43122],[67.943858,24.432196],[67.920095,24.436713],[67.915294,24.435248],[67.900645,24.427069],[67.877208,24.420681],[67.858897,24.418809],[67.849539,24.416612],[67.843354,24.411892],[67.842052,24.403388],[67.846202,24.396104],[67.858653,24.383857],[67.863536,24.375841],[67.867931,24.366034],[67.870535,24.35578],[67.870046,24.346462],[67.854747,24.333319],[67.830333,24.339138],[67.805431,24.348456],[67.788097,24.3463],[67.784679,24.336046],[67.78769,24.325019],[67.794363,24.314724],[67.801524,24.306667],[67.819021,24.29267],[67.826101,24.284857],[67.830333,24.273871],[67.8296,24.263536],[67.824799,24.255194],[67.816824,24.2508],[67.80657,24.252387],[67.788097,24.266547],[67.778087,24.271308],[67.766531,24.269314],[67.758067,24.261013],[67.755626,24.250271],[67.756358,24.227159],[67.753184,24.20539],[67.749929,24.19477],[67.745209,24.185085],[67.737804,24.17414],[67.729747,24.166571],[67.719819,24.163682],[67.707042,24.166612],[67.687022,24.174872],[67.676768,24.175605],[67.666026,24.171576],[67.659679,24.166124],[67.65504,24.159125],[67.652273,24.15115],[67.651296,24.14289],[67.653331,24.132839],[67.661632,24.114447],[67.663585,24.106431]],[[79.437266,32.738105],[79.422374,32.752712],[79.399343,32.792751],[79.356944,32.850694],[79.336436,32.860419],[79.327403,32.868476],[79.317882,32.908271],[79.308604,32.928168],[79.289236,32.936794],[79.284272,32.94005],[79.273692,32.954617],[79.268891,32.957831],[79.224376,32.970893],[79.181895,32.989325],[79.152354,33.015408],[79.100841,33.080756],[78.955333,33.201239],[78.935802,33.211127],[78.924083,33.212836],[78.91505,33.210395],[78.906993,33.206732],[78.898529,33.204901],[78.797781,33.153103],[78.78655,33.14997],[78.771902,33.149685],[78.760834,33.152289],[78.734386,33.163275],[78.710948,33.165351],[78.592377,33.207872],[78.576671,33.211127],[78.570567,33.216498],[78.559093,33.240424],[78.548757,33.245876],[78.538259,33.247585],[78.511241,33.259548],[78.433523,33.282416],[78.406261,33.299425],[78.366303,33.344062],[78.353038,33.354682],[78.335867,33.360297],[78.3095,33.361925],[78.291026,33.365505],[78.276541,33.374294],[78.25172,33.396674],[78.195811,33.432888],[78.162608,33.461859],[78.152273,33.46894],[78.149099,33.479844],[78.158376,33.525336],[78.157807,33.54796],[78.149832,33.566514],[78.131358,33.574246],[78.100841,33.577826],[78.092459,33.588406],[78.090831,33.605536],[78.079845,33.628852],[78.066987,33.638129],[78.022472,33.659451],[78.007823,33.663601],[77.996511,33.673936],[77.958751,33.722846],[77.942556,33.738715],[77.884207,33.769151],[77.870372,33.773464],[77.858409,33.780382],[77.733897,33.921983],[77.660411,34.029324],[77.593272,34.088162],[77.556163,34.113471],[77.53419,34.124538],[77.5053,34.131212],[77.497569,34.135077],[77.488862,34.136908],[77.466563,34.130439],[77.433604,34.128485],[77.421316,34.129096],[77.339366,34.160183],[77.333751,34.1824],[77.319591,34.196153],[77.299571,34.202989],[77.277354,34.20421],[77.272716,34.202012],[77.269135,34.193386],[77.263682,34.191189],[77.257091,34.19184],[77.252208,34.193915],[77.248057,34.196234],[77.23349,34.20128],[77.217052,34.209906],[77.196788,34.212958],[77.184093,34.216498],[77.172862,34.221991],[77.167979,34.229031],[77.164073,34.237372],[77.154714,34.23725],[77.143484,34.233913],[77.133881,34.232123],[77.112722,34.237576],[77.07073,34.255561],[77.043386,34.26199],[77.036143,34.268866],[77.032481,34.278835],[77.031505,34.290798],[76.990001,34.307888],[76.904307,34.307888],[76.887706,34.311143],[76.842784,34.330349],[76.788585,34.37169],[76.772716,34.389512],[76.770274,34.403428],[76.737722,34.424262],[76.694021,34.44123],[76.6845,34.447821],[76.625092,34.518826],[76.611827,34.54267],[76.600108,34.554267],[76.584402,34.5633],[76.538097,34.574774],[76.523448,34.582628],[76.490245,34.608913],[76.449474,34.631415],[76.435069,34.636827],[76.387462,34.64411],[76.372976,34.649848],[76.372976,34.643622],[76.334239,34.657986],[76.316824,34.667792],[76.300873,34.680854],[76.242686,34.746039],[76.234386,34.752305],[76.220876,34.760321],[76.215343,34.766547],[76.210378,34.777371],[76.203217,34.802558],[76.189871,34.829901],[76.190359,34.853054],[76.195404,34.87519],[76.201671,34.890692],[76.206391,34.897081],[76.218028,34.908515],[76.222748,34.917344],[76.224864,34.931423],[76.221934,34.941026],[76.217459,34.948188],[76.215343,34.954901],[76.210216,34.95893],[76.185802,34.965115],[76.177745,34.968858],[76.15032,34.989285],[76.12322,35.016384],[76.075613,35.051134],[76.06129,35.066474],[76.052664,35.072577],[76.041108,35.075019],[76.038259,35.077012],[76.03655,35.087592],[76.034272,35.092393],[76.027436,35.096055],[76.011241,35.09455],[76.003673,35.096137],[75.957449,35.148261],[75.945323,35.157009],[75.921641,35.165554],[75.914968,35.185614],[75.915619,35.208564],[75.914236,35.225857],[75.90797,35.234442],[75.90089,35.238471],[75.893565,35.241278],[75.886974,35.246365],[75.882498,35.254259],[75.874604,35.275946],[75.859386,35.303046],[75.85377,35.324042],[75.843272,35.341376],[75.817963,35.349392],[75.79713,35.34337],[75.768077,35.31448],[75.746349,35.307807],[75.726492,35.308051],[75.721283,35.311062],[75.712169,35.318386],[75.699962,35.322862],[75.689138,35.319159],[75.67864,35.312323],[75.667247,35.307807],[75.635916,35.314154],[75.486095,35.415595],[75.46933,35.431098],[75.462413,35.448065],[75.451752,35.46015],[75.427175,35.471137],[75.399506,35.476671],[75.379812,35.472276],[75.362804,35.485907],[75.352468,35.505316],[75.347097,35.527859],[75.345714,35.551093],[75.339366,35.575303],[75.323253,35.585639],[75.105479,35.602607],[75.085948,35.601752],[75.080007,35.603583],[75.07073,35.609442],[75.061534,35.618842],[75.055756,35.627875],[75.048269,35.63463],[75.033214,35.637315],[74.989268,35.640082],[74.967296,35.644314],[74.948334,35.650987],[74.938569,35.657172],[74.920502,35.678331],[74.88974,35.701931],[74.872488,35.711737],[74.850108,35.716864],[74.772716,35.717963],[74.76295,35.719306],[74.745209,35.724148],[74.739757,35.728339],[74.742442,35.749701],[74.747488,35.768663],[74.747081,35.777167],[74.72462,35.785997],[74.722911,35.798285],[74.728608,35.822333],[74.726573,35.836371],[74.72462,35.841579],[74.656749,35.842841],[74.638927,35.836371],[74.630463,35.820868],[74.629161,35.802436],[74.632498,35.786933],[74.639171,35.777371],[74.64503,35.77558],[74.648204,35.772895],[74.646902,35.760281],[74.641205,35.759467],[74.629487,35.749538],[74.621674,35.737901],[74.629161,35.732367],[74.635183,35.728705],[74.644054,35.720079],[74.650483,35.710028],[74.649913,35.701931],[74.611339,35.671495],[74.609467,35.660509],[74.611339,35.649522],[74.624278,35.620144],[74.628673,35.613715],[74.631602,35.606228],[74.632498,35.527452],[74.607188,35.495795],[74.564708,35.483669],[74.516694,35.478135],[74.474864,35.466091],[74.459565,35.453559],[74.443614,35.437445],[74.42571,35.423529],[74.403575,35.41767],[74.317882,35.41767],[74.27003,35.427558],[74.246674,35.426703],[74.207042,35.404893],[74.183442,35.402655],[74.15919,35.405341],[74.139659,35.410834],[74.129324,35.417182],[74.10906,35.433539],[74.098155,35.438178],[74.087576,35.437852],[74.046886,35.431342],[74.029796,35.434272],[73.967784,35.458604],[73.923106,35.489691],[73.910818,35.494086],[73.862315,35.492743],[73.836925,35.49726],[73.756114,35.527452],[73.627208,35.543484],[73.563569,35.542304],[73.502371,35.534369],[73.463145,35.558132],[73.439952,35.562201],[73.395925,35.543524],[73.344005,35.548936],[73.323416,35.548041],[73.312429,35.541571],[73.307709,35.533515],[73.303722,35.513251],[73.304128,35.512071],[73.29835,35.486274],[73.296886,35.482856],[73.294688,35.473944],[73.285411,35.453437],[73.283214,35.44123],[73.280284,35.434841],[73.266694,35.414171],[73.262706,35.403998],[73.262706,35.343126],[73.260183,35.337429],[73.251069,35.324978],[73.249034,35.318386],[73.258556,35.306586],[73.276134,35.298163],[73.285411,35.285224],[73.26946,35.260037],[73.250662,35.248725],[73.201915,35.233262],[73.118663,35.184882],[73.053233,35.126532],[73.038829,35.116523],[73.003998,35.099066],[72.988292,35.08869],[72.950857,35.050727],[72.927989,35.034939],[72.90919,35.037787],[72.899506,35.042507],[72.892019,35.036973],[72.887136,35.026679],[72.885265,35.016669],[72.888113,35.008979],[72.893891,35.00198],[72.898855,34.992784],[72.898936,34.978827],[72.891368,34.961859],[72.869395,34.929023],[72.864838,34.906806],[72.872325,34.892035],[72.890636,34.884711],[72.933604,34.87641],[72.969168,34.856553],[72.986339,34.840115],[72.98463,34.824897],[72.975597,34.821885],[72.962901,34.82038],[72.951671,34.817694],[72.946788,34.81155],[72.943777,34.806586],[72.927175,34.787543],[72.919444,34.780829],[72.888113,34.771511],[72.854747,34.769314],[72.824474,34.76081],[72.802745,34.732449],[72.80071,34.717231],[72.809581,34.674099],[72.804861,34.657172],[72.785411,34.637478],[72.781668,34.622504]],[[79.73463,32.443915],[79.719656,32.45246],[79.67628,32.511583],[79.461518,32.707384],[79.429779,32.744981]],[[67.663585,24.106431],[67.661388,24.1081]],[[67.663585,24.106431],[67.664073,24.104763],[67.658132,24.083808],[67.63974,24.070828],[67.616466,24.065212],[67.573171,24.068549],[67.552338,24.066596],[67.532319,24.060492]],[[67.71339,24.066433],[67.701915,24.078559],[67.663585,24.106431]],[[67.71339,24.066433],[67.723725,24.062934],[67.737885,24.056952],[67.753673,24.054145],[67.760183,24.052843]],[[67.925873,23.982449],[67.9428,23.986518],[67.95574,23.994493],[67.954845,24.004421],[67.945079,24.017361],[67.932628,24.045518],[67.924246,24.055976],[67.911143,24.063096],[67.868907,24.076443],[67.853526,24.075466],[67.828298,24.065294],[67.811127,24.062771],[67.794688,24.06623],[67.777924,24.071641],[67.764903,24.071845],[67.759695,24.059353],[67.7671,24.023017],[67.786713,24.002956],[67.815196,23.994737],[67.883311,23.993964],[67.900645,23.990912],[67.913992,23.983954],[67.925548,23.982367],[67.925873,23.982449]],[[67.925873,23.982449],[67.926768,23.984931]],[[68.024506,23.933661],[68.022065,23.949327],[68.016368,23.968085],[68.016612,23.978949],[68.02003,23.994574],[68.018891,24.001492],[68.013927,24.00963],[68.007091,24.015937],[67.999278,24.018744],[67.990733,24.018581],[67.981456,24.015937],[67.973155,24.010932],[67.966726,24.005235],[67.956391,23.999457]],[[67.65089,23.93122],[67.668712,23.943712],[67.707612,23.947455],[67.725515,23.953559],[67.731375,23.965155],[67.728933,23.980333],[67.722667,23.997382],[67.719249,24.015001],[67.719819,24.049994],[67.71339,24.066433]],[[67.857514,23.909491],[67.857514,23.915351],[67.86085,23.9324],[67.862722,23.938015],[67.868175,23.944525],[67.875662,23.949083],[67.884044,23.952175],[67.910167,23.957709],[67.915538,23.960883],[67.919526,23.965115],[67.925873,23.982449]]]}},{"type":"Feature","properties":{"kind":"rivers","name":"Huang","source":"Natural Earth 1:10m"},"geometry":{"type":"MultiLineString","coordinates":[[[96.164154,35.129665],[96.22877,35.111762],[96.249278,35.109198],[96.483165,35.105658],[96.53419,35.096137],[96.654877,35.050116],[96.705496,35.047716],[96.747651,35.053249],[96.81129,35.061347],[96.829275,35.0539],[96.867931,35.0185],[96.889903,35.006781],[96.946707,34.999701],[96.97462,34.991645],[96.986746,34.975694],[96.994884,34.94835],[97.015391,34.937445],[97.042084,34.932807],[97.072032,34.930609]],[[97.762787,35.08808],[97.795909,35.111111],[97.848888,35.11225],[97.951752,35.096137],[97.991628,35.080593],[98.018484,35.049425],[98.042979,35.012315],[98.075857,34.978827],[98.10849,34.953884],[98.124441,34.937038],[98.131277,34.920762],[98.131114,34.91002],[98.132416,34.900255],[98.137299,34.893378],[98.147553,34.890692],[98.161794,34.889228],[98.192149,34.87641],[98.263682,34.860785],[98.275076,34.852159],[98.284679,34.842108],[98.306651,34.835517],[98.34962,34.827989],[98.37794,34.815294],[98.391775,34.79682],[98.396251,34.773627],[98.395763,34.74669],[98.395112,34.719835],[98.402192,34.666775],[98.401459,34.649278],[98.394786,34.634874],[98.380951,34.619167],[98.361908,34.610419],[98.34075,34.606757],[98.326671,34.598171],[98.329845,34.574774],[98.345144,34.563259],[98.394786,34.547431],[98.405528,34.537218],[98.413503,34.526638],[98.452159,34.503282],[98.466319,34.492214],[98.467296,34.488064],[98.46575,34.476874],[98.466319,34.472357],[98.469249,34.468614],[98.478445,34.459744],[98.479991,34.458686],[98.490164,34.424384],[98.497081,34.414008],[98.51474,34.40119],[98.627371,34.357449],[98.641124,34.355048],[98.709727,34.355048],[98.724294,34.368598],[98.724294,34.399522],[98.720714,34.433214],[98.723643,34.454942],[98.733979,34.457872],[98.78297,34.451239],[98.797862,34.455675],[98.836925,34.479193],[98.867931,34.478705],[98.928233,34.45307],[98.952891,34.458686],[98.970876,34.446845],[98.97934,34.439399],[98.986501,34.430772],[99.002045,34.436876],[99.016205,34.432644],[99.04184,34.410264],[99.044688,34.409695],[99.053233,34.410997],[99.056082,34.410264],[99.057221,34.406358],[99.056895,34.397244],[99.062266,34.387152],[99.069591,34.362494],[99.045909,34.321153],[99.037852,34.300645],[99.034923,34.270046],[99.036713,34.253607],[99.041596,34.243516],[99.056082,34.225898],[99.063569,34.213935],[99.067556,34.205024],[99.069347,34.194403],[99.069591,34.177517],[99.070567,34.171088],[99.074962,34.16002],[99.075776,34.153347],[99.073741,34.146186],[99.064382,34.132595],[99.062266,34.125678],[99.060069,34.112901],[99.050792,34.083441],[99.048595,34.071357],[99.048432,34.046007],[99.050385,34.034776],[99.056082,34.019843],[99.067393,33.998847],[99.068777,33.986884],[99.062266,33.971462],[99.081472,33.966824],[99.096772,33.950141],[99.106944,33.929633],[99.110606,33.913398],[99.119233,33.906684],[99.17213,33.875841],[99.248057,33.784369],[99.281993,33.759141],[99.306163,33.746609],[99.322846,33.743232],[99.361095,33.746161],[99.369233,33.74787],[99.376882,33.752753],[99.382335,33.760199],[99.384288,33.769721],[99.386485,33.775417],[99.390147,33.779608],[99.392019,33.783962],[99.384858,33.794257],[99.381114,33.801459],[99.378429,33.809027],[99.378184,33.814399],[99.395274,33.827216],[99.42213,33.82807],[99.480479,33.818468],[99.501231,33.809109],[99.525483,33.802802],[99.531749,33.793077],[99.535492,33.781928],[99.542003,33.773464],[99.569347,33.765977],[99.586436,33.76793],[99.645763,33.765652],[99.658702,33.769721],[99.692475,33.795478],[99.694347,33.800116],[99.697276,33.804796],[99.703298,33.806952],[99.72755,33.806952],[99.771495,33.799994],[99.792247,33.79267],[99.814952,33.778388],[99.837006,33.775662],[99.847341,33.769721],[99.857839,33.761298],[99.875662,33.752753],[99.885916,33.746161],[99.892345,33.73904],[99.901459,33.723415],[99.905772,33.718207],[99.915538,33.713243],[99.92392,33.712104],[99.933035,33.709744],[99.959239,33.690619],[99.999115,33.675645],[100.015636,33.663601],[100.013764,33.663845],[100.015636,33.657335],[100.019135,33.648953],[100.022472,33.643134],[100.048269,33.618354],[100.053152,33.61518],[100.064138,33.610907],[100.070567,33.601508],[100.074962,33.592108],[100.080089,33.587917],[100.124929,33.581651],[100.148692,33.573594],[100.158946,33.574246],[100.16684,33.578681],[100.171397,33.585557],[100.174083,33.591905],[100.175955,33.594672],[100.187266,33.599473],[100.226166,33.623358],[100.237804,33.632514],[100.280691,33.677314],[100.288666,33.691514],[100.286143,33.706488],[100.27589,33.719835],[100.263438,33.732611],[100.254649,33.746161],[100.240896,33.738715],[100.245616,33.760321],[100.267182,33.761908],[100.316742,33.746161],[100.323334,33.757595],[100.357839,33.756415],[100.375011,33.762559],[100.404796,33.786933],[100.421641,33.796739],[100.436697,33.800727],[100.449148,33.806098],[100.479991,33.829535],[100.498546,33.834906],[100.516775,33.837714],[100.564952,33.854804],[100.58074,33.865302],[100.604503,33.889187],[100.632091,33.910468],[100.663992,33.925564],[100.700206,33.930487],[100.766043,33.928168],[100.782237,33.924262],[100.791026,33.912706],[100.801524,33.893826],[100.814545,33.879828],[100.830577,33.883328],[100.836518,33.861518],[100.850352,33.833564],[100.869884,33.807969],[100.8921,33.79328],[100.896983,33.799831],[100.898204,33.802802],[100.899506,33.806952],[100.903901,33.789618],[100.912039,33.78559],[100.920421,33.787136],[100.926199,33.786444],[100.930186,33.77794],[100.928722,33.770941],[100.922374,33.764919],[100.912527,33.759141],[100.958995,33.738064],[100.97991,33.737494],[100.995697,33.751736],[100.99464,33.742743],[100.996104,33.733466],[101.000662,33.726589],[101.009369,33.725043],[101.016531,33.7296],[101.019542,33.73782],[101.021495,33.74726],[101.034434,33.771755],[101.034434,33.791083],[101.028331,33.809841],[101.019054,33.824327],[101.015636,33.831366],[101.01474,33.84044],[101.015636,33.858507],[101.018321,33.871934],[101.025483,33.876899],[101.034597,33.87698],[101.043468,33.875841],[101.063975,33.863796],[101.074229,33.861599],[101.10255,33.862576],[101.111827,33.861599],[101.139089,33.844428],[101.182872,33.786078],[101.236257,33.75963],[101.260753,33.732123],[101.288178,33.711371],[101.323334,33.718207],[101.335541,33.708197],[101.356619,33.703721],[101.376557,33.69713],[101.385509,33.680691],[101.389659,33.676622],[101.399099,33.677843],[101.408376,33.682196],[101.417735,33.694525],[101.42921,33.692165],[101.442963,33.686632],[101.454275,33.684109],[101.46282,33.687323],[101.483897,33.700385],[101.495372,33.704535],[101.508718,33.704779],[101.54005,33.697781],[101.545502,33.694525],[101.563406,33.680447],[101.574229,33.677273],[101.586029,33.675808],[101.606619,33.670193],[101.618907,33.669786],[101.687022,33.682318],[101.737315,33.683458],[101.753673,33.680243],[101.766775,33.672065],[101.820323,33.625067],[101.837576,33.605984],[101.844737,33.584784],[101.851736,33.572943],[101.8838,33.54621],[101.892589,33.526435],[101.891124,33.517524],[101.887625,33.507514],[101.885753,33.497423],[101.889171,33.488552],[101.974539,33.40351],[102.009288,33.376288],[102.052257,33.354356],[102.09669,33.339911],[102.165538,33.333197],[102.174327,33.334581],[102.183197,33.340522],[102.202078,33.358222],[102.211518,33.361925],[102.221121,33.369737],[102.256358,33.413153],[102.266531,33.419013],[102.288992,33.416083],[102.321381,33.406602],[102.333507,33.41352],[102.343191,33.411648],[102.349294,33.40644],[102.35198,33.40351],[102.361257,33.404324],[102.375499,33.408271],[102.385916,33.409735],[102.439382,33.448513],[102.461843,33.457546],[102.458995,33.461493],[102.454194,33.471788],[102.467296,33.469916],[102.471202,33.468695],[102.476085,33.464952],[102.481619,33.464952],[102.465343,33.486274],[102.458507,33.498725],[102.454194,33.512763],[102.452729,33.523261],[102.453298,33.535509],[102.45989,33.541571],[102.476085,33.533271],[102.481619,33.540066],[102.423432,33.576239],[102.413259,33.577948],[102.402599,33.594021],[102.355724,33.60932],[102.345144,33.625759],[102.341889,33.632025],[102.327729,33.646104],[102.324474,33.653347],[102.326427,33.676134],[102.331391,33.697781],[102.336518,33.709174],[102.341889,33.717312],[102.342865,33.725124],[102.334727,33.735622],[102.327403,33.734483],[102.317393,33.726386],[102.304861,33.720242],[102.290457,33.725043],[102.298106,33.734402],[102.305919,33.739936],[102.314545,33.744656],[102.324474,33.751736],[102.314138,33.767442],[102.299327,33.780707],[102.280772,33.789903],[102.259776,33.79328],[102.247081,33.797553],[102.243744,33.806952],[102.248464,33.816352],[102.259776,33.820624],[102.263927,33.826036],[102.257253,33.837999],[102.194347,33.919257],[102.166515,33.945828],[102.132823,33.965196],[102.109955,33.953721],[102.069591,33.968451],[102.050304,33.957831],[102.027192,33.979071],[101.98642,34.000271],[101.943451,34.010565],[101.913097,33.999376],[101.858409,34.03974],[101.829845,34.052069],[101.816417,34.060167],[101.803233,34.075059],[101.785085,34.066189],[101.759532,34.072699],[101.737315,34.088813],[101.72877,34.108588],[101.718435,34.103298],[101.714773,34.10578],[101.712576,34.111518],[101.707612,34.116034],[101.680919,34.12226],[101.646983,34.135932],[101.635753,34.145209],[101.639252,34.15705],[101.630789,34.166042],[101.621755,34.171454],[101.614757,34.178249],[101.611339,34.191189],[101.569591,34.208075],[101.529389,34.218451],[101.517019,34.219306],[101.496104,34.218044],[101.488455,34.218451],[101.480479,34.221625],[101.472748,34.226264],[101.46339,34.230333],[101.425385,34.234239],[101.365001,34.252631],[101.334239,34.256537],[101.323334,34.259467],[101.314952,34.26496],[101.307872,34.27204],[101.299246,34.27794],[101.286143,34.280544],[101.279714,34.283637],[101.265717,34.297309],[101.255789,34.300401],[101.242686,34.299994],[101.233979,34.300727],[101.22934,34.305609],[101.226573,34.327826],[101.222341,34.335273],[101.215017,34.339789],[101.204194,34.341376],[101.197276,34.34516],[101.195567,34.354438],[101.195811,34.36579],[101.194265,34.376166],[101.196056,34.383816],[101.196381,34.38996],[101.194265,34.396023],[101.19044,34.396918],[101.177745,34.395087],[101.173839,34.396023],[101.165701,34.406358],[101.164073,34.410956],[101.165294,34.415839],[101.166433,34.427354],[101.163992,34.443223],[101.149018,34.481635],[101.139659,34.49962],[101.060557,34.505886],[101.052175,34.509304],[101.042491,34.524197],[101.03297,34.527615],[101.020518,34.530097],[101.014089,34.535915],[101.009044,34.542304],[101.001964,34.54682],[100.950694,34.546942],[100.928966,34.551825],[100.919932,34.571641],[100.91684,34.595771],[100.908702,34.613878],[100.885834,34.649848],[100.870616,34.708808],[100.861339,34.718126],[100.835867,34.714911],[100.817556,34.706651],[100.782237,34.684597],[100.763438,34.677843],[100.742931,34.673692],[100.696788,34.670966],[100.674815,34.675727],[100.635671,34.692898],[100.618256,34.691474],[100.573985,34.739814],[100.559093,34.745307],[100.539561,34.758083],[100.522553,34.772773],[100.515229,34.783962],[100.49464,34.805487],[100.447195,34.818956],[100.354503,34.827989],[100.336355,34.833848],[100.327729,34.848253],[100.316742,34.883246],[100.309255,34.892157],[100.2942,34.906928],[100.288666,34.917344],[100.285818,34.929389],[100.288666,34.958319],[100.285818,34.984565],[100.278331,34.999376],[100.254649,35.027208],[100.249034,35.04621],[100.249034,35.089219],[100.240896,35.109198],[100.247651,35.13288],[100.247162,35.173611],[100.238455,35.214911],[100.22047,35.240668],[100.230235,35.253852],[100.241954,35.26203],[100.253347,35.26793],[100.261974,35.274766],[100.272227,35.289496],[100.271251,35.295437],[100.248464,35.302069],[100.2199,35.316433],[100.205333,35.330634],[100.203705,35.349799],[100.214285,35.378445],[100.193126,35.370958],[100.191173,35.402289],[100.168386,35.428656],[100.142345,35.450222],[100.131114,35.466579],[100.135916,35.472113],[100.154796,35.479438],[100.158946,35.483954],[100.15797,35.507839],[100.158946,35.51496],[100.166433,35.532782],[100.174815,35.542344],[100.199962,35.562812],[100.207612,35.574042],[100.240652,35.661689],[100.282481,35.723944],[100.295828,35.751288],[100.296153,35.771674],[100.337169,35.771674],[100.348399,35.774766],[100.360444,35.790961],[100.371186,35.798407],[100.390554,35.800564],[100.411225,35.795722],[100.447032,35.77912],[100.442556,35.800849],[100.444347,35.818183],[100.455089,35.829657],[100.477794,35.833767],[100.497081,35.841579],[100.529226,35.877875],[100.543061,35.888983],[100.554698,35.890448],[100.579275,35.888007],[100.590912,35.888983],[100.601085,35.893866],[100.617931,35.906358],[100.628835,35.908881],[100.637787,35.913113],[100.638927,35.922471],[100.638276,35.931912],[100.6421,35.936143],[100.704112,35.975898],[100.72047,35.989081],[100.72755,36.001288],[100.727631,36.03144],[100.730886,36.052802],[100.74171,36.070868],[100.815929,36.13227],[100.842377,36.140082],[100.900971,36.132758],[100.938406,36.139757],[100.9581,36.140245],[100.992686,36.132636],[101.004893,36.132432],[101.012706,36.134589],[101.029796,36.142279],[101.038015,36.144843],[101.064138,36.14643],[101.0796,36.139675],[101.087576,36.124538],[101.091807,36.100898],[101.105479,36.100938],[101.135183,36.115587],[101.150645,36.119574],[101.16627,36.118476],[101.179861,36.113593],[101.189057,36.103787],[101.191173,36.087592],[101.205496,36.086127],[101.234386,36.092475],[101.249604,36.093207],[101.262136,36.091173],[101.273692,36.087958],[101.327078,36.061591],[101.358816,36.053494],[101.392019,36.051093],[101.427257,36.052924],[101.456472,36.057725],[101.478526,36.065945],[101.631277,36.153998],[101.653819,36.173774],[101.666433,36.181586],[101.681082,36.185655],[101.697195,36.184353],[101.782725,36.146064],[101.789236,36.144965],[101.811941,36.146348],[101.826589,36.144395],[101.839936,36.140652],[101.852306,36.134345],[101.905772,36.088406],[101.913097,36.086982],[101.912852,36.068427],[101.958425,36.053249],[101.947765,36.038601],[101.985606,36.020819],[102.016124,35.991563],[102.036632,35.956122],[102.044037,35.919379],[102.048106,35.912299],[102.066498,35.894721],[102.07073,35.885281],[102.071788,35.864122],[102.073985,35.855251],[102.078136,35.847439],[102.098888,35.830146],[102.121511,35.827094],[102.163585,35.833767],[102.182384,35.840155],[102.225597,35.868272],[102.246104,35.874701],[102.345144,35.874701],[102.41741,35.887722],[102.441498,35.887763],[102.458425,35.882921],[102.489187,35.866889],[102.506277,35.86168],[102.554861,35.857042],[102.604584,35.842108],[102.636485,35.83865],[102.704845,35.839464],[102.716807,35.837348],[102.725597,35.833197],[102.735037,35.830349],[102.749766,35.831977],[102.759532,35.83751],[102.787201,35.859931],[102.837332,35.860663],[102.858897,35.85696],[102.872569,35.846259],[102.899506,35.84988],[103.009207,35.825792],[103.116466,35.778184],[103.133311,35.781114],[103.138194,35.791612],[103.149832,35.798041],[103.164236,35.803656],[103.18629,35.817084],[103.196788,35.820339],[103.219005,35.822333],[103.22934,35.825507],[103.244558,35.839667],[103.253184,35.842841],[103.26767,35.845974],[103.28712,35.853827],[103.30421,35.863878],[103.311453,35.873847],[103.317312,35.885199],[103.359304,35.911689],[103.270518,35.938422],[103.263682,35.941718],[103.250255,35.952012],[103.242931,35.955675],[103.235932,35.956855],[103.221934,35.95661],[103.215261,35.957465],[103.203624,35.961453],[103.194021,35.967393],[103.188731,35.976508],[103.189138,35.989773],[103.194021,35.999335],[103.202403,36.007107],[103.220714,36.020575],[103.250418,36.055487],[103.261322,36.065619],[103.392345,36.131049],[103.422944,36.156073],[103.424734,36.161566],[103.430675,36.165839],[103.446788,36.184638],[103.454845,36.18891],[103.492768,36.184923],[103.502615,36.182074],[103.515147,36.169786],[103.541026,36.134223],[103.554454,36.126817],[103.574636,36.130316],[103.610444,36.145209],[103.634288,36.147895],[103.646251,36.146511],[103.654552,36.143337],[103.667735,36.133653],[103.695567,36.103868],[103.698416,36.098904],[103.748953,36.094672],[103.876475,36.064643],[103.921804,36.060981],[104.012787,36.071967],[104.034679,36.078477],[104.043956,36.088935],[104.045421,36.110053],[104.044688,36.121934],[104.040701,36.123725],[104.047944,36.136501],[104.041433,36.14289],[104.023367,36.147895],[104.018647,36.182237],[104.047944,36.205024],[104.090912,36.22309],[104.126964,36.243516],[104.132335,36.251044],[104.140147,36.277045],[104.157237,36.299994],[104.191498,36.335273],[104.232595,36.368354],[104.259532,36.378689],[104.317312,36.382595],[104.345144,36.390326],[104.364268,36.404364],[104.399018,36.439399],[104.420014,36.450507],[104.445323,36.454128],[104.469819,36.455024],[104.493907,36.459662],[104.517589,36.474677],[104.546153,36.503445],[104.559093,36.51081],[104.592784,36.52143],[104.607921,36.528998],[104.620046,36.542548],[104.631358,36.564154],[104.638927,36.571641],[104.652761,36.579169],[104.684825,36.58865],[104.694916,36.592963],[104.710378,36.606024],[104.713796,36.620795],[104.709239,36.664618],[104.711436,36.669745],[104.716075,36.674831],[104.720714,36.681708],[104.722992,36.692247],[104.719168,36.697333],[104.691905,36.718451],[104.684093,36.721625],[104.681244,36.723334],[104.677175,36.728461],[104.672537,36.73904],[104.668224,36.74376],[104.612804,36.772569],[104.604747,36.792182],[104.600027,36.81505],[104.592459,36.833116],[104.579112,36.839179],[104.560802,36.841579],[104.544363,36.847235],[104.537364,36.863308],[104.527843,36.871934],[104.482026,36.884304],[104.466238,36.890896],[104.44752,36.894884],[104.408702,36.882025],[104.401378,36.890896],[104.393077,36.905829],[104.373953,36.907742],[104.335948,36.900824],[104.330007,36.909857],[104.328705,36.930528],[104.337494,37.006781],[104.332123,37.019843],[104.305186,37.055935],[104.298432,37.067247],[104.298595,37.079657],[104.305186,37.100043],[104.317149,37.122626],[104.328298,37.127794],[104.341726,37.127794],[104.359793,37.134833],[104.351329,37.141425],[104.338796,37.147895],[104.325613,37.152696],[104.305919,37.157009],[104.306163,37.162299],[104.311046,37.16824],[104.31544,37.17239],[104.323985,37.17654],[104.332286,37.174425],[104.339773,37.170478],[104.346121,37.168972],[104.406749,37.194688],[104.438975,37.203437],[104.469656,37.195665],[104.492686,37.208564],[104.578217,37.324083],[104.603119,37.339667],[104.627208,37.343695],[104.678966,37.344102],[104.696218,37.349433],[104.728282,37.366034],[104.745616,37.371121],[104.800955,37.37169],[104.819021,37.377875],[104.83253,37.38821],[104.843435,37.399115],[104.856944,37.407823],[104.877452,37.411404],[104.919363,37.407823],[104.938731,37.408515],[104.95696,37.415391],[104.992605,37.44245],[104.997162,37.452663],[104.995535,37.463324],[104.993663,37.469509],[104.997325,37.473253],[105.011485,37.476833],[105.020112,37.473741],[105.041515,37.456855],[105.052419,37.453559],[105.063243,37.457099],[105.08546,37.469997],[105.096202,37.472724],[105.102061,37.474962],[105.111095,37.484809],[105.11671,37.487006],[105.122976,37.485907],[105.132253,37.481269],[105.137218,37.48017],[105.150971,37.481269],[105.174897,37.485907],[105.188487,37.487006],[105.198171,37.485867],[105.218354,37.48078],[105.229991,37.48017],[105.243256,37.4831],[105.261811,37.492458],[105.274669,37.494452],[105.547862,37.497626],[105.573253,37.500678],[105.62794,37.524522],[105.69394,37.53559],[105.78419,37.568874],[105.857921,37.578721],[105.876069,37.586046],[105.889089,37.598822],[105.917979,37.642279],[105.94044,37.688015],[105.943289,37.695868],[105.946056,37.712429],[105.958995,37.753038],[105.963145,37.774441],[105.961843,37.805976],[105.963145,37.815985],[105.975597,37.842475],[105.977306,37.854193],[105.992686,37.885037],[106.029063,37.922227],[106.071056,37.95364],[106.104015,37.966864],[106.121511,37.971462],[106.139578,37.98253],[106.1692,38.007758],[106.18214,38.022773],[106.202729,38.058295],[106.220632,38.082302],[106.223562,38.091824],[106.223725,38.113959],[106.226329,38.127468],[106.232351,38.136908],[106.239187,38.144395],[106.244151,38.151801],[106.247,38.16059],[106.248464,38.175971],[106.250418,38.185899],[106.270925,38.223822],[106.278087,38.233262],[106.40797,38.36225],[106.49879,38.411729],[106.517019,38.426866],[106.539236,38.474636],[106.564708,38.50434],[106.572765,38.526557],[106.535655,38.535346],[106.521007,38.564399],[106.518565,38.573269],[106.520763,38.584418],[106.540457,38.621446],[106.594249,38.666327],[106.582042,38.680935],[106.575694,38.690253],[106.573416,38.698676],[106.573171,38.710395],[106.577159,38.712958],[106.596934,38.719591],[106.604096,38.720974],[106.607514,38.724799],[106.60849,38.733751],[106.607921,38.751654],[106.648936,38.803534],[106.665538,38.820258],[106.717784,38.858181],[106.840343,38.987616],[106.859386,39.013617],[106.866222,39.043158],[106.85377,39.077216],[106.881602,39.10456],[106.848155,39.163886],[106.836681,39.172797],[106.819591,39.180487],[106.808035,39.19892],[106.80128,39.221625],[106.799083,39.241726],[106.809093,39.309272],[106.802419,39.327094],[106.797781,39.334906],[106.793468,39.352891],[106.788829,39.360907],[106.780365,39.368354],[106.765147,39.378363],[106.7588,39.385077],[106.749929,39.418809],[106.752452,39.465522],[106.77532,39.559272],[106.778575,39.584337],[106.778331,39.595486],[106.773529,39.616563],[106.772472,39.62873],[106.776541,39.652452],[106.783621,39.664333],[106.785085,39.674628],[106.772472,39.693549],[106.767345,39.69599],[106.760509,39.696885],[106.754487,39.698798],[106.751964,39.704169],[106.75294,39.713731],[106.757498,39.729682],[106.7588,39.738593],[106.759939,39.742133],[106.762706,39.747178],[106.765147,39.753933],[106.765636,39.762519],[106.763194,39.772325],[106.754893,39.788357],[106.751964,39.796658],[106.744558,39.854926],[106.739757,39.862738],[106.717377,39.886176],[106.710378,39.898993],[106.738292,39.919501],[106.738455,39.929755],[106.733653,39.93891],[106.730235,39.947781],[106.73463,39.957343],[106.738048,39.971503],[106.733002,39.990302],[106.724539,40.007392],[106.717784,40.016303],[106.709076,40.038113],[106.727143,40.062608],[106.858653,40.179755],[106.870128,40.183621],[106.874278,40.166571],[106.977306,40.241645],[106.999034,40.251085],[107.007091,40.257148],[107.01474,40.269314],[107.02589,40.30268],[107.03183,40.310492],[107.057872,40.33279],[107.06601,40.337836],[107.080984,40.341742],[107.113862,40.345567],[107.128022,40.351508],[107.151541,40.376044],[107.158702,40.402045],[107.154063,40.428331],[107.141694,40.453925],[107.147227,40.462226],[107.163259,40.47724],[107.169688,40.481879],[107.179861,40.486396],[107.20574,40.494412],[107.214366,40.499213],[107.220225,40.512397],[107.20517,40.540229],[107.203868,40.563788],[107.211843,40.582709],[107.224864,40.59516],[107.2553,40.615587],[107.26295,40.625434],[107.266124,40.632921],[107.270763,40.637803],[107.282644,40.639472],[107.309825,40.640082],[107.322195,40.642279],[107.348562,40.652452],[107.380056,40.656684],[107.39503,40.66059],[107.440359,40.701606],[107.466563,40.709906],[107.490245,40.72663],[107.513927,40.739203],[107.539073,40.735053],[107.561453,40.73725],[107.573985,40.746853],[107.583507,40.757432],[107.643972,40.774766],[107.663097,40.776068],[107.694591,40.768866],[107.706635,40.77143],[107.711436,40.786933],[107.706716,40.801581],[107.699636,40.816596],[107.699799,40.829779],[107.717703,40.838731],[107.732432,40.851264],[107.758393,40.859483],[107.862071,40.8699],[107.885183,40.867499],[107.905528,40.85517],[107.91627,40.850165],[107.928315,40.851752],[107.95045,40.858588],[108.011974,40.858588],[108.086681,40.847724],[108.115001,40.851752],[108.1421,40.870551],[108.156749,40.877143],[108.173269,40.879706],[108.178803,40.874579],[108.19752,40.838731],[108.208751,40.827908],[108.224213,40.817939],[108.240815,40.81391],[108.268891,40.826687],[108.283702,40.822943],[108.306733,40.810818],[108.33782,40.810167],[108.404796,40.820583],[108.437755,40.817003],[108.451752,40.808539],[108.467296,40.793321],[108.479747,40.775458],[108.484874,40.758979],[108.492605,40.752509],[108.52825,40.739773],[108.550873,40.717963],[108.576264,40.682725],[108.581065,40.670233],[108.590831,40.661566],[108.612885,40.65412],[108.670421,40.642646],[108.680268,40.632636],[108.687592,40.621039],[108.697195,40.612169],[108.713959,40.609931],[108.748057,40.617987],[108.766124,40.612169],[108.757091,40.58808],[108.763601,40.573188],[108.779796,40.564032],[108.81129,40.551866],[108.820323,40.546739],[108.830007,40.54328],[108.842377,40.54328],[108.848399,40.546942],[108.856456,40.5539],[108.86671,40.560736],[108.879405,40.563788],[108.88323,40.558417],[108.886648,40.546698],[108.891612,40.53498],[108.900401,40.529608],[108.913097,40.531684],[108.921397,40.534695],[108.929454,40.534369],[108.94101,40.526231],[108.950694,40.522162],[108.963796,40.521348],[108.989268,40.522773],[109.000255,40.526313],[109.004405,40.53498],[109.005626,40.556952],[109.015391,40.547431],[109.02589,40.545193],[109.03655,40.548855],[109.046641,40.556952],[109.046397,40.540635],[109.049897,40.528673],[109.057872,40.52501],[109.087332,40.546658],[109.098155,40.547227],[109.122325,40.529608],[109.150076,40.523708],[109.185069,40.520697],[109.207286,40.511908],[109.19752,40.488715],[109.222341,40.492051],[109.286713,40.522773],[109.279552,40.490424],[109.28712,40.488227],[109.335134,40.487331],[109.355479,40.483425],[109.396576,40.468207],[109.413097,40.477362],[109.459483,40.489814],[109.472341,40.502305],[109.460704,40.502305],[109.450043,40.504503],[109.439952,40.508857],[109.430919,40.515326],[109.447032,40.520819],[109.482514,40.524604],[109.499034,40.529608],[109.50587,40.51671],[109.519216,40.52265],[109.53655,40.535509],[109.554454,40.54328],[109.572846,40.542263],[109.582042,40.53913],[109.590831,40.539984],[109.608328,40.550727],[109.665131,40.496772],[109.69044,40.484687],[109.700857,40.477607],[109.71339,40.475287],[109.737641,40.492458],[109.749034,40.497829],[109.762299,40.501166],[109.789561,40.504014],[109.828054,40.515326],[109.883311,40.515326],[109.892507,40.519965],[109.901378,40.52265],[109.910655,40.522773],[109.916026,40.52029],[109.924246,40.512397],[109.931163,40.509141],[109.941498,40.505886],[109.952891,40.503974],[109.963634,40.508124],[109.972097,40.522773],[109.988292,40.511583],[109.999604,40.512803],[110.010183,40.51907],[110.023936,40.522773],[110.039643,40.520575],[110.054779,40.51671],[110.069021,40.515977],[110.08253,40.522773],[110.095225,40.510688],[110.102306,40.505398],[110.109874,40.502305],[110.122813,40.502875],[110.142589,40.512885],[110.153331,40.515326],[110.154307,40.518907],[110.167572,40.540229],[110.175141,40.541571],[110.202566,40.539618],[110.211681,40.537055],[110.223155,40.522773],[110.237804,40.482733],[110.246104,40.474433],[110.286388,40.483913],[110.30364,40.481391],[110.293549,40.461371],[110.306651,40.453192],[110.347097,40.453152],[110.355724,40.450792],[110.362071,40.4442],[110.403412,40.420437],[110.4192,40.398383],[110.430268,40.388495],[110.441417,40.38935],[110.456391,40.397081],[110.467377,40.394599],[110.475027,40.385077],[110.479096,40.372016],[110.486501,40.372016],[110.506847,40.381374],[110.542979,40.360541],[110.58074,40.331855],[110.606049,40.31741],[110.638194,40.32213],[110.658132,40.321804],[110.688487,40.305732],[110.727306,40.296739],[110.746104,40.290066],[110.76588,40.280341],[110.779796,40.276068],[110.814952,40.276435],[110.834402,40.273708],[110.864838,40.258816],[110.879893,40.255316],[110.941335,40.253282],[110.964854,40.262641],[110.987397,40.261664],[110.996593,40.265896],[111.014903,40.283393],[111.034679,40.296902],[111.061046,40.267198],[111.184825,40.208116],[111.209565,40.180447],[111.219737,40.172716],[111.231293,40.168972],[111.254975,40.166775],[111.277192,40.160753],[111.290701,40.159044],[111.302745,40.156073],[111.328298,40.11872],[111.33839,40.110663],[111.361339,40.097968],[111.369884,40.090847],[111.379893,40.062445],[111.380789,40.057318],[111.39739,40.047919],[111.405365,40.025824],[111.411388,39.981553],[111.436534,39.917304],[111.435313,39.90644],[111.423432,39.895941],[111.397227,39.830756],[111.365245,39.777533],[111.359467,39.750434],[111.369884,39.721503],[111.417572,39.683661],[111.420095,39.672431],[111.426768,39.658881],[111.435639,39.646593],[111.445567,39.638983],[111.463145,39.620185],[111.453624,39.617255],[111.425141,39.625312],[111.424246,39.617214],[111.425141,39.535956],[111.420909,39.52204],[111.372488,39.489081],[111.342377,39.444363],[111.316987,39.429389],[111.284109,39.424872],[111.199148,39.427069],[111.163992,39.423163],[111.134288,39.410509],[111.109874,39.385077],[111.118175,39.376044],[111.141205,39.367255],[111.150808,39.357123],[111.16684,39.364691],[111.174571,39.356757],[111.17921,39.342353],[111.184825,39.33043],[111.200206,39.320909],[111.214773,39.316352],[111.22462,39.310492],[111.226573,39.296942],[111.221609,39.283393],[111.158214,39.172797],[111.134207,39.099433],[111.117686,39.067328],[111.088634,39.042507],[111.021902,39.018581],[110.99464,39.00377],[110.972585,38.974189],[110.994151,38.937201],[111.00351,38.916083],[111.003429,38.902533],[110.994151,38.885281],[110.979991,38.816514],[110.969005,38.798855],[110.95753,38.785264],[110.948334,38.771104],[110.9428,38.739366],[110.937511,38.731553],[110.921397,38.717231],[110.91505,38.708441],[110.904307,38.679389],[110.871511,38.621283],[110.87322,38.61168],[110.875255,38.607489],[110.900645,38.58039],[110.901296,38.573676],[110.899018,38.545356],[110.896983,38.535346],[110.890717,38.525092],[110.876475,38.509955],[110.870128,38.501817],[110.865326,38.490302],[110.859467,38.467963],[110.85255,38.457099],[110.833751,38.445828],[110.792084,38.439561],[110.774018,38.426093],[110.755626,38.390408],[110.746104,38.377712],[110.711192,38.356798],[110.705089,38.354438],[110.700694,38.346747],[110.67099,38.316921],[110.659679,38.310004],[110.647472,38.305609],[110.634288,38.30329],[110.60434,38.301378],[110.589854,38.296698],[110.579275,38.287218],[110.568614,38.232204],[110.568614,38.226874],[110.559255,38.216905],[110.54713,38.210883],[110.532807,38.207872],[110.517019,38.207058],[110.510916,38.202094],[110.499604,38.166042],[110.509288,38.144965],[110.509044,38.128038],[110.499604,38.090359],[110.507091,38.011542],[110.507823,38.008653],[110.511648,38.005072],[110.513276,38.001003],[110.513601,37.98253],[110.513276,37.980496],[110.514171,37.97016],[110.51295,37.961249],[110.514903,37.954901],[110.524099,37.952501],[110.545095,37.949652],[110.562511,37.942003],[110.576915,37.93126],[110.588959,37.919013],[110.653087,37.813096],[110.674408,37.796169],[110.728933,37.773546],[110.742686,37.764757],[110.752859,37.745673],[110.743744,37.732449],[110.705089,37.713568],[110.727061,37.700263],[110.778901,37.67829],[110.794444,37.658311],[110.78769,37.652411],[110.770437,37.641181],[110.766612,37.637885],[110.766043,37.623969],[110.771007,37.613349],[110.777192,37.603868],[110.786713,37.573513],[110.788585,37.561347],[110.783702,37.555935],[110.775808,37.551866],[110.76946,37.542344],[110.746104,37.48017],[110.738455,37.469428],[110.715343,37.449774],[110.696218,37.439399],[110.653331,37.433905],[110.636729,37.418158],[110.630056,37.396552],[110.633311,37.379218],[110.646251,37.367703],[110.667898,37.363552],[110.687104,37.357123],[110.687511,37.342108],[110.67099,37.309516],[110.669363,37.301093],[110.670014,37.295722],[110.669688,37.290391],[110.664806,37.282172],[110.660818,37.2803],[110.647634,37.276638],[110.643565,37.274726],[110.64088,37.269639],[110.636729,37.256374],[110.633718,37.250841],[110.568614,37.178534],[110.536794,37.155382],[110.527599,37.144395],[110.516368,37.115017],[110.508718,37.101589],[110.496186,37.095974],[110.489268,37.091824],[110.478933,37.081651],[110.469493,37.069403],[110.465587,37.058783],[110.45989,37.051134],[110.446381,37.044257],[110.417735,37.035183],[110.417735,37.027696],[110.425385,37.027045],[110.445079,37.021511],[110.427257,37.010199],[110.40797,37.014757],[110.389171,37.021837],[110.373057,37.017768],[110.372813,37.00727],[110.3838,36.994981],[110.397878,36.984809],[110.407156,36.980536],[110.417979,36.967231],[110.412527,36.937527],[110.394786,36.906928],[110.369233,36.891181],[110.37672,36.878485],[110.400808,36.861111],[110.410818,36.849555],[110.403819,36.837266],[110.407237,36.829942],[110.414236,36.824001],[110.417735,36.816026],[110.414968,36.805121],[110.409109,36.795762],[110.397227,36.781317],[110.393077,36.780707],[110.385753,36.781033],[110.378998,36.779893],[110.37672,36.775092],[110.379893,36.769965],[110.3921,36.765001],[110.397227,36.76081],[110.399913,36.760525],[110.417735,36.753974],[110.412201,36.753689],[110.413097,36.745307],[110.416108,36.736151],[110.417735,36.733507],[110.439057,36.742255],[110.44101,36.726426],[110.432058,36.703966],[110.421153,36.692572],[110.410574,36.695014],[110.400483,36.698839],[110.392833,36.698554],[110.38974,36.688788],[110.393565,36.682318],[110.482921,36.592882],[110.489757,36.577338],[110.498546,36.524482],[110.499604,36.507595],[110.495942,36.483995],[110.482188,36.448554],[110.476329,36.404853],[110.458751,36.349311],[110.459076,36.327094],[110.470144,36.28616],[110.472992,36.263699],[110.469005,36.243232],[110.450613,36.206855],[110.445079,36.185411],[110.446869,36.141791],[110.497488,35.9796],[110.500662,35.933132],[110.505951,35.911973],[110.507091,35.900824],[110.510753,35.886786],[110.519542,35.885077],[110.530691,35.88703],[110.54127,35.883816],[110.560151,35.849148],[110.57545,35.71247],[110.611339,35.637722],[110.61964,35.597195],[110.602631,35.554226],[110.572765,35.52794],[110.555919,35.50849],[110.558442,35.499579],[110.562755,35.490749],[110.559255,35.470811],[110.552745,35.449897],[110.547455,35.438178],[110.537527,35.427761],[110.523448,35.416571],[110.5088,35.40766],[110.496186,35.403998],[110.468272,35.356024],[110.458751,35.343126],[110.444835,35.335028],[110.437104,35.322333],[110.431651,35.307807],[110.424571,35.294135],[110.417247,35.286404],[110.372569,35.255316],[110.357595,35.238227],[110.335134,35.197943],[110.326182,35.149197],[110.316905,35.125678],[110.310476,35.090888],[110.29184,35.05036],[110.284597,35.00963],[110.268647,34.959418],[110.259369,34.944688],[110.271007,34.913438],[110.272227,34.881456],[110.262706,34.851182],[110.242442,34.824897],[110.237234,34.801337],[110.241628,34.71894],[110.251964,34.663153],[110.269949,34.637274]],[[97.288178,34.835476],[97.301199,34.817979],[97.315929,34.81684],[97.352794,34.821804],[97.406342,34.817939],[97.424815,34.821804],[97.437266,34.828437],[97.484955,34.871283],[97.50172,34.876247],[97.546967,34.876003]]]}},{"type":"Feature","properties":{"kind":"rivers","name":"Qumar","source":"Natural Earth 1:10m"},"geometry":{"type":"MultiLineString","coordinates":[[[92.298595,35.222968],[92.201915,35.221706],[92.159434,35.225206],[92.141368,35.231147],[92.112234,35.235175],[92.08017,35.230414],[92.067475,35.219346]]]}},{"type":"Feature","properties":{"kind":"rivers","name":"Qumar","source":"Natural Earth 1:10m"},"geometry":{"type":"MultiLineString","coordinates":[[[90.949229,35.244696],[90.996593,35.23664],[91.158783,35.2449],[91.24171,35.233751],[91.276866,35.216376],[91.298595,35.209296],[91.341889,35.20543],[91.471934,35.208686],[91.601654,35.185574],[91.72226,35.180935],[91.739513,35.184027],[91.773367,35.194281],[91.790457,35.196723],[91.806163,35.19477],[91.846121,35.175808],[91.910655,35.160102],[91.977061,35.154731],[91.992198,35.156195],[92.0053,35.15998],[92.014578,35.1671],[92.017996,35.178982],[92.024913,35.191759],[92.056733,35.20246],[92.067475,35.219346]],[[92.298595,35.222968],[92.31601,35.223456],[92.33489,35.220893],[92.352794,35.215928],[92.367605,35.209296],[92.382823,35.215847],[92.401866,35.217841],[92.453705,35.214545],[92.488292,35.204779],[92.508067,35.202501],[92.573253,35.209296],[92.590017,35.204128],[92.609793,35.181016],[92.624522,35.175808],[92.650076,35.185492],[92.670665,35.206326],[92.694753,35.22545],[92.731212,35.230414],[92.768891,35.217353],[92.785737,35.216742],[92.911143,35.255479],[92.974132,35.260199],[93.011729,35.271348],[93.086192,35.281806],[93.10434,35.288764],[93.120616,35.298774],[93.138764,35.303738],[93.274343,35.310736],[93.31544,35.319037],[93.35434,35.332831],[93.361257,35.33869],[93.369884,35.34809],[93.380382,35.356879],[93.392019,35.360785],[93.402354,35.358669],[93.420421,35.349229],[93.425792,35.347113],[93.438731,35.345323],[93.47047,35.332831],[93.482351,35.331977],[93.506358,35.333604],[93.518321,35.332831],[93.633311,35.296576],[93.675792,35.291856],[93.768647,35.299343],[93.786632,35.295193],[93.826915,35.273505],[93.876475,35.23371],[93.896088,35.221625],[93.919851,35.216742],[94.011729,35.222968],[94.104747,35.216742],[94.129242,35.211982],[94.148367,35.199897],[94.221283,35.140245],[94.244151,35.126492],[94.28419,35.113064],[94.30421,35.096015],[94.321056,35.077582],[94.334483,35.065985],[94.376964,35.052273],[94.534109,35.034003],[94.557628,35.028347],[94.5796,35.020046],[94.597992,35.00727],[94.609386,35.002265],[94.621104,35.005968],[94.642345,35.018175],[94.654307,35.020209],[94.732595,35.017768],[94.752208,35.011257],[94.760265,34.993964],[94.769786,34.979193],[94.814138,34.957872],[94.827891,34.944688],[94.899425,34.9206],[94.929861,34.905137],[94.930186,34.883246],[94.946218,34.862128],[94.958914,34.836615],[94.965912,34.806952],[94.955496,34.718573],[94.944916,34.695014],[94.924083,34.677191]]]}},{"type":"Feature","properties":{"kind":"rivers","name":null,"source":"Natural Earth 1:10m"},"geometry":{"type":"MultiLineString","coordinates":[[[86.011974,34.390977],[86.031993,34.38703],[86.070811,34.368842],[86.090424,34.363715],[86.141205,34.36579],[86.167735,34.371161],[86.17921,34.380439],[86.181407,34.388048],[86.187266,34.393337],[86.196218,34.39643],[86.207042,34.397813],[86.240245,34.395697],[86.343272,34.368109],[86.386729,34.362982],[86.433116,34.363715],[86.513927,34.382595],[86.550141,34.378038],[86.618663,34.410915],[86.654063,34.416327],[86.786876,34.416815],[86.819835,34.410346],[86.837169,34.410915],[86.848399,34.416042],[86.85906,34.424262],[86.872813,34.431098],[86.884939,34.431952],[86.912527,34.425889],[86.934174,34.426825],[86.94866,34.439805],[86.953868,34.469835],[86.961192,34.470242],[86.976329,34.478787],[86.989838,34.488634],[86.99171,34.493435],[87.005463,34.499823],[87.006765,34.513861],[87.003673,34.52794],[87.005382,34.534369],[87.006847,34.535264],[87.022716,34.541815],[87.029389,34.543484],[87.112071,34.541815],[87.1692,34.534044],[87.188731,34.541775],[87.19394,34.569159]]]}},{"type":"Feature","properties":{"kind":"rivers","name":null,"source":"Natural Earth 1:10m"},"geometry":{"type":"MultiLineString","coordinates":[[[90.661143,36.406277],[90.608409,36.407416],[90.580577,36.404812],[90.542003,36.388251],[90.5171,36.394232],[90.469493,36.413682],[90.446869,36.415961],[90.284434,36.413682],[90.265066,36.421251],[90.223074,36.443223],[90.205333,36.447821],[90.183849,36.450385],[90.120046,36.46894],[90.088145,36.471381],[90.078298,36.475165],[90.070567,36.4831],[90.066173,36.492051],[90.060151,36.499457],[90.047944,36.502509],[90.003429,36.505927],[89.962332,36.51614],[89.853282,36.559638],[89.811534,36.570746],[89.742279,36.566107],[89.725841,36.572455],[89.715343,36.589382],[89.682872,36.70893],[89.681163,36.730089],[89.678152,36.73961],[89.664236,36.752712],[89.661225,36.764228],[89.661876,36.776719],[89.663666,36.788357],[89.667735,36.799099],[89.674327,36.808621],[89.685802,36.817003],[89.726085,36.838446],[89.740164,36.8428],[89.746511,36.854315],[89.756847,36.925889],[89.756277,36.948839],[89.73878,37.020331],[89.736746,37.037299],[89.737234,37.054551],[89.74114,37.072089],[89.749441,37.089789],[89.763927,37.106635],[89.782319,37.123358],[89.797944,37.141384],[89.809825,37.183702],[89.823009,37.203152],[89.924815,37.291815],[89.942882,37.304226],[90.010753,37.329372],[90.050304,37.358466],[90.061697,37.389919],[90.047537,37.418647],[90.010753,37.439236],[89.825206,37.487006],[89.812999,37.493028],[89.792572,37.508857],[89.780772,37.512071],[89.759207,37.508734],[89.748953,37.508328],[89.736339,37.512071],[89.656505,37.564032]]]}},{"type":"Feature","properties":{"kind":"rivers","name":"Yurungkax","source":"Natural Earth 1:10m"},"geometry":{"type":"MultiLineString","coordinates":[[[81.506928,35.469997],[81.491954,35.514187],[81.49464,35.563544],[81.485606,35.601915],[81.436046,35.612901],[81.374278,35.597032],[81.278738,35.583808],[81.258881,35.576483],[81.247325,35.575385],[81.229747,35.577989],[81.179291,35.596259],[81.161143,35.607367],[81.131928,35.635037],[81.115652,35.647244],[81.091075,35.655097],[81.038503,35.658515],[81.014415,35.668972],[80.985606,35.704698],[80.945242,35.79621],[80.915945,35.831977],[80.901378,35.839464],[80.864757,35.853542],[80.850678,35.863349],[80.822765,35.873114],[80.692475,35.872911],[80.67921,35.877305],[80.6456,35.896511],[80.559662,35.921413],[80.502208,35.951524],[80.480479,35.955512],[80.438975,35.957628],[80.417979,35.961941],[80.401378,35.969794],[80.395112,35.962348],[80.387706,35.969794],[80.369151,35.956],[80.344656,35.954861],[80.295339,35.962348],[80.273204,35.961249],[80.261974,35.962226],[80.220714,35.980292],[80.217052,35.982774],[80.197765,35.979682],[80.176687,35.971625],[80.155772,35.966824],[80.116628,35.982489],[80.061453,35.985419],[80.037608,35.990261],[80.004161,36.010769],[80.002696,36.021064],[80.004405,36.034695],[80.003347,36.046576],[79.977143,36.059353],[79.966726,36.077094],[79.958995,36.097602],[79.949474,36.113145],[79.929861,36.125434],[79.884044,36.143826],[79.836192,36.178656],[79.829682,36.186591],[79.812266,36.216173],[79.800548,36.227118],[79.784597,36.238349],[79.770518,36.25141],[79.764578,36.267686],[79.762787,36.289659],[79.75172,36.333319],[79.744151,36.35338],[79.733409,36.371772],[79.729991,36.380805],[79.729747,36.394355],[79.733816,36.405707],[79.747325,36.421413],[79.754893,36.444892],[79.804291,36.513048],[79.816417,36.52379],[79.832286,36.529731],[79.880056,36.534125],[79.904307,36.543036],[79.92099,36.559841],[79.92213,36.586127],[79.913097,36.599718],[79.899099,36.612982],[79.886322,36.628974],[79.874766,36.671942],[79.873057,36.683458],[79.877208,36.688544],[79.889903,36.690741],[79.900645,36.696641],[79.90919,36.705512],[79.915294,36.716498],[79.916596,36.724189],[79.916433,36.733832],[79.917491,36.745063],[79.92213,36.757432],[79.927745,36.763251],[79.9345,36.7685],[79.940196,36.775987],[79.942556,36.788438],[79.937999,36.810492],[79.926768,36.824246],[79.913259,36.836127],[79.901785,36.853054],[79.893077,36.896918],[79.899913,36.941107],[79.916108,36.982489],[79.9428,37.03087],[79.949474,37.048651],[79.954275,37.069037],[79.959565,37.111029],[79.971202,37.1553],[79.9699,37.175808],[79.934174,37.230984],[79.928315,37.247829],[79.929861,37.286566],[79.934174,37.303005],[79.971121,37.365912],[79.973725,37.374376],[79.979991,37.385688],[79.990489,37.456366],[80.015147,37.485216],[80.126964,37.545111],[80.204112,37.598334],[80.353282,37.672309],[80.371023,37.685981],[80.400971,37.721015],[80.414236,37.740668],[80.422455,37.758002],[80.424083,37.768175],[80.422455,37.802354],[80.424083,37.811347],[80.432221,37.823269],[80.435557,37.833075]]]}},{"type":"Feature","properties":{"kind":"rivers","name":"Toxkan","source":"Natural Earth 1:10m"},"geometry":{"type":"MultiLineString","coordinates":[[[75.983165,40.423855],[75.982432,40.436103],[75.972585,40.489366],[75.968272,40.564968],[75.963308,40.58393],[75.962006,40.59516],[75.958751,40.607001],[75.941987,40.621894],[75.934662,40.632636],[75.930919,40.671332],[75.946218,40.703233],[75.971772,40.729804],[75.99879,40.752305],[76.027192,40.777533],[76.047537,40.790839],[76.070893,40.80036],[76.096202,40.803982],[76.115896,40.811062],[76.167491,40.858588],[76.17921,40.864691],[76.222748,40.879706],[76.229015,40.87226],[76.254161,40.883368],[76.281749,40.891954],[76.311127,40.897528],[76.431895,40.905382],[76.460216,40.910468],[76.47226,40.91474],[76.490164,40.925849],[76.50172,40.930976],[76.518484,40.934434],[76.582123,40.928656],[76.605072,40.921413],[76.619884,40.908515],[76.617768,40.889431],[76.890391,40.883734],[77.023529,40.850938],[77.070567,40.853949],[77.165945,40.875759],[77.182546,40.875556],[77.214285,40.865424],[77.230235,40.862657],[77.286876,40.867133],[77.306407,40.86579],[77.332286,40.855902],[77.388438,40.815945],[77.40919,40.796902],[77.424897,40.770087],[77.429698,40.765896],[77.442882,40.76789],[77.467459,40.777045],[77.481212,40.779568],[77.492605,40.778917],[77.522716,40.77265],[77.527192,40.771104],[77.531261,40.768378],[77.536143,40.766059],[77.542735,40.765896],[77.548269,40.768581],[77.557058,40.777533],[77.560069,40.779568],[77.569428,40.782782],[77.582286,40.797309],[77.625092,40.821112],[77.651134,40.842108],[77.668386,40.851752],[77.756928,40.868476],[77.81894,40.891669],[77.86321,40.902899],[77.909923,40.907416],[78.030284,40.894355],[78.046641,40.885932],[78.076427,40.877468],[78.119884,40.886054],[78.231375,40.925971],[78.249766,40.930121],[78.269135,40.93122],[78.320893,40.928778],[78.345144,40.93122],[78.371755,40.939724],[78.431651,40.966173],[78.462901,40.973822],[78.495372,40.971951],[78.535818,40.958767],[78.556082,40.955186],[78.577159,40.958604],[78.674815,41.005968],[78.728608,41.043036],[78.749766,41.051825],[78.808604,41.062608],[78.820811,41.068142],[78.848888,41.091132],[78.866222,41.099962],[78.924571,41.11282],[78.949718,41.122992],[79.04713,41.19123],[79.069835,41.218614],[79.08074,41.228095],[79.192149,41.281806],[79.306163,41.353095],[79.351329,41.363837],[79.39796,41.360053],[79.443451,41.338406],[79.475027,41.312201],[79.493256,41.301703],[79.558849,41.292426],[79.64088,41.271552],[79.674408,41.251573],[79.768321,41.173163],[79.808523,41.151882],[79.853119,41.134955],[79.895925,41.126085],[79.948416,41.128119],[79.99171,41.141791],[80.042979,41.173122]]]}},{"type":"Feature","properties":{"kind":"rivers","name":"Aksu","source":"Natural Earth 1:10m"},"geometry":{"type":"MultiLineString","coordinates":[[[80.042979,41.173122],[80.066661,41.187567],[80.091238,41.17711],[80.101329,41.171495],[80.149099,41.132921],[80.162608,41.130439],[80.17571,41.130805],[80.188487,41.129706],[80.20045,41.122667],[80.211436,41.112982],[80.221446,41.107856],[80.232839,41.105984],[80.248546,41.105658],[80.271414,41.097846],[80.287364,41.078396],[80.296886,41.052924],[80.302257,41.012559],[80.312022,40.993191],[80.313731,40.982123],[80.310313,40.969306],[80.303233,40.95954],[80.285737,40.941189],[80.305593,40.905382],[80.311534,40.887397],[80.313731,40.862006],[80.321056,40.849433],[80.368907,40.810818],[80.374604,40.803778],[80.384369,40.788845],[80.389415,40.783515],[80.399832,40.778144],[80.418712,40.772325],[80.452159,40.746283],[80.454194,40.742499],[80.484955,40.721462],[80.51295,40.694159],[80.517182,40.693183],[80.529226,40.695095],[80.533376,40.694159],[80.536143,40.689276],[80.540131,40.675482],[80.543386,40.670233],[80.575857,40.650906],[80.580577,40.643256],[80.582286,40.632676],[80.60491,40.577216],[80.617279,40.567003],[80.634776,40.56391],[80.659679,40.563788],[80.670828,40.560492],[80.676687,40.552558],[80.680756,40.542548],[80.686697,40.533393],[80.698009,40.525702],[80.7081,40.524197],[80.719168,40.524685],[80.732026,40.522773],[80.837169,40.471788],[80.882253,40.468207]]]}}]}